mapa,spot_andar,npc_id,mob_level,exp_base,mob_name
Cidade Arruinada da Babilônia,Área 4,3435420,98,204876,Arremessador Carmesim
Cidade Arruinada da Babilônia,Área 4,3435418,98,204876,Cão Carmesim
Cidade Arruinada da Babilônia,Área 4,3435401,98,2560950,Gigas
Cidade Arruinada da Babilônia,Área 4,3435419,98,204876,Larva Infernal Carmesim
Cidade Arruinada da Babilônia,Área 4,3435402,98,2560950,Morposi
Cidade Arruinada da Babilônia,Área 1,3435120,86,87486,Arremessador Carmesim
Cidade Arruinada da Babilônia,Área 1,3435118,86,87486,Cão Carmesim
Cidade Arruinada da Babilônia,Área 1,3435101,86,1345950,Gigas
Cidade Arruinada da Babilônia,Área 1,3435119,86,87486,Larva Infernal Carmesim
Cidade Arruinada da Babilônia,Área 1,3435102,86,1345950,Morposi
Cidade Arruinada da Babilônia,Área 2,3435220,90,111211,Arremessador Carmesim
Cidade Arruinada da Babilônia,Área 2,3435218,90,111211,Cão Carmesim
Cidade Arruinada da Babilônia,Área 2,3435201,90,1710950,Gigas
Cidade Arruinada da Babilônia,Área 2,3435219,90,111211,Larva Infernal Carmesim
Cidade Arruinada da Babilônia,Área 2,3435202,90,1710950,Morposi
Cidade Arruinada da Babilônia,Área 3,3435320,94,154888,Arremessador Carmesim
Cidade Arruinada da Babilônia,Área 3,3435318,94,154888,Cão Carmesim
Cidade Arruinada da Babilônia,Área 3,3435301,94,2115950,Gigas
Cidade Arruinada da Babilônia,Área 3,3435319,94,154888,Larva Infernal Carmesim
Cidade Arruinada da Babilônia,Área 3,3435302,94,2115950,Morposi
Arsenal de Beltran,Depósito de Suprimentos do Arsenal de Beltran,305914,11,11,Lutador de Facas Fora da Lei Beltran
Arsenal de Beltran,Perímetro Externo do Arsenal de Beltran,305903,10,10,Beltran Fora da Lei Incendiário
Arsenal de Beltran,Perímetro Externo do Arsenal de Beltran,305902,10,10,Combatente Mecânico Beltran
Arsenal de Beltran,Perímetro Externo do Arsenal de Beltran,305901,10,10,Guarda de Fronteira Beltran
Arsenal de Beltran,Perímetro Externo do Arsenal de Beltran,305905,11,11,Beltran Bork Laser
Arsenal de Beltran,Perímetro Externo do Arsenal de Beltran,305904,11,11,Lutador de Facas Fora da Lei Beltran
Arsenal de Beltran,Perímetro Externo do Arsenal de Beltran,305907,12,12,Beltran Soma Tropas de Choque
Arsenal de Beltran,Perímetro Externo do Arsenal de Beltran,305908,12,12,Drone de Patrulha Beltran
Arsenal de Beltran,Ruína do Arsenal de Beltran,305906,11,11,Sentinela Soma Beltran
Arsenal de Beltran,Ruína do Arsenal de Beltran,305907,12,12,Beltran Soma Tropas de Choque
Arsenal de Beltran,Sede do Arsenal de Beltran,305909,12,12,Sentinela Beltran
Arsenal de Beltran,Sede do Arsenal de Beltran,305912,13,14,Beltran Passer Alpha
Arsenal de Beltran,Sede do Arsenal de Beltran,305911,13,14,Cavalaria Pesada Beltran
Arsenal de Beltran,Sede do Arsenal de Beltran,305913,13,14,Mercenário Beltran Crawler
Arsenal de Beltran,Sede do Arsenal de Beltran,305910,13,14,Super Soldado Beltran
Instalação de Suprimento Orbital,Doca A-02,4504029,94,50719,Bork de Assalto Desenfreado
Instalação de Suprimento Orbital,Doca A-02,4504021,94,50719,Guerreiro Mecânico A02
Instalação de Suprimento Orbital,Doca A-02,4504022,94,50719,Gunner Mecânico A02
Instalação de Suprimento Orbital,Doca A-03,4504039,94,50719,Bork de Assalto Desenfreado
Instalação de Suprimento Orbital,Doca A-03,4504031,94,50719,Guerreiro Mecânico A03
Instalação de Suprimento Orbital,Doca A-03,4504032,94,50719,Gunner de Mech A03
Instalação de Suprimento Orbital,Doca A-04,4504041,99,64469,Assaltante A04 Snatcher
Instalação de Suprimento Orbital,Doca A-04,4504049,99,64469,Pathfinder Desenfreado
Instalação de Suprimento Orbital,Doca A-04,4504042,99,64469,Sniper A04 Snatcher
Instalação de Suprimento Orbital,Doca A-05,4504051,99,64469,A05 Saqueador Snatcher
Instalação de Suprimento Orbital,Doca A-05,4504059,99,64469,Pathfinder Desenfreado
Instalação de Suprimento Orbital,Doca A-05,4504052,99,64469,Sniper A05 Snatcher
Instalação de Suprimento Orbital,Doca A-06,4504061,99,64469,A06 Saqueador Snatcher
Instalação de Suprimento Orbital,Doca A-06,4504069,99,64469,Pathfinder Desenfreado
Instalação de Suprimento Orbital,Doca A-06,4504062,99,64469,Sniper A06 Snatcher
Instalação de Suprimento Orbital,Doca A-06,4504064,99,64469,Soldado de Cerco Vafer A06
Instalação de Suprimento Orbital,Doca A-06,4504063,99,64469,Tropa Pesada Vafer A06
Instalação de Suprimento Orbital,Doca A-07,4504071,104,80719,A07 Guerreiro Nether
Instalação de Suprimento Orbital,Doca A-07,4504079,104,80719,Fantasma Blindado Enfurecido
Instalação de Suprimento Orbital,Doca A-07,4504072,104,80719,Sentinela Nether A07
Instalação de Suprimento Orbital,Doca A-08,4504081,104,80719,A08 Guerreiro Nether
Instalação de Suprimento Orbital,Doca A-08,4504083,104,80719,Aniquilador Nether A08
Instalação de Suprimento Orbital,Doca A-08,4504089,104,80719,Fantasma Blindado Enfurecido
Instalação de Suprimento Orbital,Doca A-08,4504082,104,80719,Sentinela Nether A08
Instalação de Suprimento Orbital,Doca A-09,4504091,104,80719,A09 Guerreiro Nether
Instalação de Suprimento Orbital,Doca A-09,4504092,104,80719,A09 Sentinela Nether
Instalação de Suprimento Orbital,Doca A-09,4504093,104,80719,Aniquilador Nether A09
Instalação de Suprimento Orbital,Doca A-09,4504099,104,80719,Fantasma Blindado Enfurecido
Instalação de Suprimento Orbital,Doca B-02,4504122,94,50719,B02 Artilheiro Mecânico
Instalação de Suprimento Orbital,Doca B-02,4504129,94,50719,Bork de Assalto Desenfreado
Instalação de Suprimento Orbital,Doca B-02,4504121,94,50719,Guerreiro Mecânico B02
Instalação de Suprimento Orbital,Doca B-03,4504139,94,50719,Bork de Assalto Desenfreado
Instalação de Suprimento Orbital,Doca B-03,4504131,94,50719,Guerreiro Mecânico B03
Instalação de Suprimento Orbital,Doca B-03,4504132,94,50719,Gunner Mech B03
Instalação de Suprimento Orbital,Doca B-04,4504141,99,64469,B04 Saqueador Snatcher
Instalação de Suprimento Orbital,Doca B-04,4504149,99,64469,Pathfinder Desenfreado
Instalação de Suprimento Orbital,Doca B-04,4504142,99,64469,Sniper B04 Snatcher
Instalação de Suprimento Orbital,Doca B-05,4504151,99,64469,B05 Saqueador Snatcher
Instalação de Suprimento Orbital,Doca B-05,4504159,99,64469,Pathfinder Desenfreado
Instalação de Suprimento Orbital,Doca B-05,4504152,99,64469,Sniper B05 Snatcher
Instalação de Suprimento Orbital,Doca B-06,4504161,99,64469,B06 Saqueador Snatcher
Instalação de Suprimento Orbital,Doca B-06,4504164,99,64469,B06 Vafer Soldado de Cerco
Instalação de Suprimento Orbital,Doca B-06,4504163,99,64469,B06 Vafer Soldado Pesado
Instalação de Suprimento Orbital,Doca B-06,4504169,99,64469,Pathfinder Desenfreado
Instalação de Suprimento Orbital,Doca B-06,4504162,99,64469,Sniper B06 Snatcher
Instalação de Suprimento Orbital,Doca B-07,4504172,104,80719,B07 Sentinela Nether
Instalação de Suprimento Orbital,Doca B-07,4504179,104,80719,Fantasma Blindado Enfurecido
Instalação de Suprimento Orbital,Doca B-07,4504171,104,80719,Guerreiro Nether B07
Instalação de Suprimento Orbital,Doca B-08,4504183,104,80719,B08 Aniquilador Nether
Instalação de Suprimento Orbital,Doca B-08,4504181,104,80719,B08 Guerreiro Nether
Instalação de Suprimento Orbital,Doca B-08,4504182,104,80719,B08 Sentinela Nether
Instalação de Suprimento Orbital,Doca B-08,4504189,104,80719,Fantasma Blindado Enfurecido
Instalação de Suprimento Orbital,Doca B-09,4504193,104,80719,B09 Aniquilador Nether
Instalação de Suprimento Orbital,Doca B-09,4504199,104,80719,Fantasma Blindado Enfurecido
Instalação de Suprimento Orbital,Doca B-09,4504191,104,80719,Guerreiro Nether B09
Instalação de Suprimento Orbital,Doca B-09,4504192,104,80719,Sentinela Nether B09
Instalação de Suprimento Orbital,Doca C-02,4504222,94,50719,Artilheiro Mecânico C02
Instalação de Suprimento Orbital,Doca C-02,4504229,94,50719,Bork de Assalto Desenfreado
Instalação de Suprimento Orbital,Doca C-02,4504221,94,50719,Guerreiro Mecânico C02
Instalação de Suprimento Orbital,Doca C-03,4504239,94,50719,Bork de Assalto Desenfreado
Instalação de Suprimento Orbital,Doca C-03,4504232,94,50719,C03 Artilheiro Mecânico
Instalação de Suprimento Orbital,Doca C-03,4504231,94,50719,Guerreiro Mecânico C03
Instalação de Suprimento Orbital,Doca C-04,4504241,99,64469,C04 Saqueador Snatcher
Instalação de Suprimento Orbital,Doca C-04,4504242,99,64469,C04 Sniper Snatcher
Instalação de Suprimento Orbital,Doca C-04,4504249,99,64469,Pathfinder Desenfreado
Instalação de Suprimento Orbital,Doca C-05,4504251,99,64469,C05 Saqueador Snatcher
Instalação de Suprimento Orbital,Doca C-05,4504252,99,64469,C05 Sniper Snatcher
Instalação de Suprimento Orbital,Doca C-05,4504259,99,64469,Pathfinder Desenfreado
Instalação de Suprimento Orbital,Doca C-06,4504261,99,64469,C06 Saqueador Snatcher
Instalação de Suprimento Orbital,Doca C-06,4504262,99,64469,C06 Sniper Snatcher
Instalação de Suprimento Orbital,Doca C-06,4504264,99,64469,C06 Vafer Soldado de Cerco
Instalação de Suprimento Orbital,Doca C-06,4504263,99,64469,C06 Vafer Soldado Pesado
Instalação de Suprimento Orbital,Doca C-06,4504269,99,64469,Pathfinder Desenfreado
Instalação de Suprimento Orbital,Doca C-07,4504271,104,80719,C07 Guerreiro Nether
Instalação de Suprimento Orbital,Doca C-07,4504272,104,80719,C07 Sentinela Nether
Instalação de Suprimento Orbital,Doca C-07,4504279,104,80719,Fantasma Blindado Enfurecido
Instalação de Suprimento Orbital,Doca C-08,4504283,104,80719,Aniquilador Nether C08
Instalação de Suprimento Orbital,Doca C-08,4504281,104,80719,C08 Guerreiro Nether
Instalação de Suprimento Orbital,Doca C-08,4504282,104,80719,C08 Sentinela Nether
Instalação de Suprimento Orbital,Doca C-08,4504289,104,80719,Fantasma Blindado Enfurecido
Instalação de Suprimento Orbital,Doca C-09,4504293,104,80719,Aniquilador Nether C09
Instalação de Suprimento Orbital,Doca C-09,4504291,104,80719,C09 Guerreiro Nether
Instalação de Suprimento Orbital,Doca C-09,4504299,104,80719,Fantasma Blindado Enfurecido
Instalação de Suprimento Orbital,Doca C-09,4504292,104,80719,Sentinela Nether C09
Instalação de Suprimento Orbital,Doca S-01,4504329,106,95519,Invasor de Elite Desenfreado
Instalação de Suprimento Orbital,Doca S-01,4504321,106,95519,Recon Hiveguard
Instalação de Suprimento Orbital,Doca S-01,4504322,106,95519,Striker Hiveguard
Instalação de Suprimento Orbital,Doca S-01,4504323,106,95519,Vanguarda Hiveguard
Instalação de Suprimento Orbital,Doca S-02,4504332,106,95519,EOD Striker
Instalação de Suprimento Orbital,Doca S-02,4504339,106,95519,Invasor de Elite Desenfreado
Instalação de Suprimento Orbital,Doca S-02,4504331,106,95519,Recon EOD
Instalação de Suprimento Orbital,Doca S-02,4504333,106,95519,Vanguarda EOD
Instalação de Suprimento Orbital,Doca S-03,4504342,106,95519,Guarda do Cemitério Striker
Instalação de Suprimento Orbital,Doca S-03,4504341,106,95519,Recon de Guarda do Cemitério
Instalação de Suprimento Orbital,Doca S-03,4504349,106,95519,Saqueador de Elite Enfurecido
Instalação de Suprimento Orbital,Doca S-03,4504343,106,95519,Vanguarda de Guarda do Cemitério
Instalação de Suprimento Orbital,Forja Celeste,4504311,106,95519,Recon Nestkeeper
Instalação de Suprimento Orbital,Forja Celeste,4504319,106,95519,Saqueador de Elite Enfurecido
Instalação de Suprimento Orbital,Forja Celeste,4504312,106,95519,Striker Guardião do Ninho
Instalação de Suprimento Orbital,Forja Celeste,4504313,106,95519,Vanguarda Nestkeeper
Instalação de Suprimento Orbital,Plataforma do Portão A-01,4504019,94,50719,Bork de Assalto Desenfreado
Instalação de Suprimento Orbital,Plataforma do Portão A-01,4504011,94,50719,Guerreiro Mecânico A01
Instalação de Suprimento Orbital,Plataforma do Portão A-01,4504012,94,50719,Gunner Mecânico A01
Instalação de Suprimento Orbital,Plataforma do Portão B-01,4504112,94,50719,Artilheiro Mecânico B01
Instalação de Suprimento Orbital,Plataforma do Portão B-01,4504119,94,50719,Bork de Assalto Desenfreado
Instalação de Suprimento Orbital,Plataforma do Portão B-01,4504111,94,50719,Guerreiro Mech B01
Instalação de Suprimento Orbital,Plataforma do Portão C-01,4504212,94,50719,Artilheiro Mecânico C01
Instalação de Suprimento Orbital,Plataforma do Portão C-01,4504219,94,50719,Bork de Assalto Desenfreado
Instalação de Suprimento Orbital,Plataforma do Portão C-01,4504211,94,50719,Guerreiro Mecânico C01
Mundo Novus,Base de Perfuração Byrosa,308103,22,41,Criador de Rosetta Mahr
Mundo Novus,Base de Perfuração Byrosa,308102,22,41,Rosetta Catus
Mundo Novus,Base de Perfuração Byrosa,308101,22,41,Rosetta Silex
Mundo Novus,Base de Perfuração Byrosa,308104,23,45,Anfitrião Rosetta Mahr
Mundo Novus,Base de Perfuração Byrosa,308106,23,45,Rosetta Atirador Predo
Mundo Novus,Base de Perfuração Byrosa,308105,23,45,Rosetta Saqueador Predo
Mundo Novus,Base de Perfuração Byrosa,308107,23,45,Saqueador Equesian Rosetta
Mundo Novus,Base de Perfuração Byrosa,308108,24,50,Rosetta Atirador Equesian
Mundo Novus,Base de Perfuração Byrosa,308109,24,50,Rosetta Guerreiro Crawler
Mundo Novus,Base de Perfuração Byrosa,308110,24,50,Sentinela Rosetta Crawler
Mundo Novus,Base de Pesquisa Severin,313203,80,17469,Cavalaria Pesada de Vergen
Mundo Novus,Base de Pesquisa Severin,313297,80,17469,Pathfinder Desenfreado
Mundo Novus,Base de Pesquisa Severin,313201,80,17469,Sentinela Vergen
Mundo Novus,Base de Pesquisa Severin,313202,80,17469,Super Soldado Vergen
Mundo Novus,Base de Pesquisa Severin,313204,80,17469,Vergen Chuti
Mundo Novus,Base de Pesquisa Severin,313298,81,18919,Estilhaçador Selvagem
Mundo Novus,Base de Pesquisa Severin,313206,81,18919,Rastreador Vergen Ferinky
Mundo Novus,Base de Pesquisa Severin,313205,81,18919,Sniper Vergen Ferinky
Mundo Novus,Base de Pesquisa Severin,313207,81,18919,Vergen Ferinky Lutador
Mundo Novus,Base de Pesquisa Severin,313299,82,20419,Fantasma Blindado Enfurecido
Mundo Novus,Base de Pesquisa Severin,313211,82,20419,Feiticeiro Palid Vergen
Mundo Novus,Base de Pesquisa Severin,313209,82,20419,Guardião Palid Vergen
Mundo Novus,Base de Pesquisa Severin,313210,82,20419,Mentalista Palid Vergen
Mundo Novus,Base de Pesquisa Severin,313208,82,20419,Vergen Flem
Mundo Novus,Base Horizon,312905,76,12169,Artilheiro de Patrulha Ramon
Mundo Novus,Base Horizon,312902,76,12169,Drone de Patrulha Ramon
Mundo Novus,Base Horizon,312904,76,12169,Espadachim de Patrulha Ramon
Mundo Novus,Base Horizon,312901,76,12169,Passador de Patrulha Ramon
Mundo Novus,Base Horizon,312906,76,12169,Ramon Gladiador
Mundo Novus,Base Horizon,312908,76,12169,Ramon Sniper
Mundo Novus,Base Horizon,312999,77,13469,Bork de Assalto Desenfreado
Mundo Novus,Base Horizon,312910,77,13469,Drone Farejador Ramon
Mundo Novus,Base Horizon,312997,77,13469,Junker Enfurecido
Mundo Novus,Base Horizon,312998,77,13469,Pathfinder Desenfreado
Mundo Novus,Base Horizon,312913,77,13469,Ramon Artilheiro Mecânico
Mundo Novus,Base Horizon,312914,77,13469,Ramon Bork Laser
Mundo Novus,Base Horizon,312912,77,13469,Ramon Guerreiro Mech
Mundo Novus,Baía de Ropus,3110396,103,77269,Brutal Selvagem
Mundo Novus,Baía de Ropus,3110303,103,77269,Ropus Chuti
Mundo Novus,Baía de Ropus,3110301,103,77269,Ropus Ertelem
Mundo Novus,Baía de Ropus,3110302,103,77269,Ropus Flem
Mundo Novus,Baía de Ropus,3110304,103,77269,Ropus Symbi
Mundo Novus,Baía de Ropus,3110306,104,80719,Atirador Ropus Snatcher
Mundo Novus,Baía de Ropus,3110305,104,80719,Invasor Ropus Snatcher
Mundo Novus,Baía de Ropus,3110308,104,80719,Ropus Vafer Soldado de Cerco
Mundo Novus,Baía de Ropus,3110307,104,80719,Ropus Vafer Soldado Pesado
Mundo Novus,Baía de Ropus,3110397,104,80719,Simbiôntico Selvagem
Mundo Novus,Baía de Ropus,3110398,105,84269,Estilhaçador Selvagem
Mundo Novus,Baía de Ropus,3110310,105,84269,Ropus Anabola
Mundo Novus,Baía de Ropus,3110309,105,84269,Ropus Crook
Mundo Novus,Baía de Ropus,3110311,105,84269,Ropus Fezal
Mundo Novus,Baía de Ropus,3110312,105,84269,Ropus Infernal Draco
Mundo Novus,Baía de Ropus,3110399,106,87919,Canibal Selvagem
Mundo Novus,Baía de Ropus,3110315,106,87919,Ropus Catus
Mundo Novus,Baía de Ropus,3110316,106,87919,Ropus Fera de Guerra
Mundo Novus,Baía de Ropus,3110314,106,87919,Ropus Kaigar
Mundo Novus,Baía de Ropus,3110313,106,87919,Ropus Lapis
Mundo Novus,Campo de Mineração Nable,313501,89,32319,Ativar Bork de Combate
Mundo Novus,Campo de Mineração Nable,313504,89,32319,Ativar Médico Lydian
Mundo Novus,Campo de Mineração Nable,313597,89,32319,Fantasma Enfurecido
Mundo Novus,Campo de Mineração Nable,313502,89,32319,Habilitar Cirurgião Lydian
Mundo Novus,Campo de Mineração Nable,313503,89,32319,Portuário Lydian Nable
Mundo Novus,Campo de Mineração Nable,313598,90,34219,Fantasma Blindado Enfurecido
Mundo Novus,Campo de Mineração Nable,313507,90,34219,Guerreiro Crawler Nable
Mundo Novus,Campo de Mineração Nable,313505,90,34219,Mula Armada Nable
Mundo Novus,Campo de Mineração Nable,313506,90,34219,Navegador Nable
Mundo Novus,Campo de Mineração Nable,313508,90,34219,Sentinela Nable Crawler
Mundo Novus,Campo de Mineração Nable,313511,91,36169,Catador Nable
Mundo Novus,Campo de Mineração Nable,313510,91,36169,Guerreiro Mecânico Nable
Mundo Novus,Campo de Mineração Nable,313599,91,36169,Junker Desenfreado
Mundo Novus,Campo de Mineração Nable,313509,91,36169,Nable Bork de Assalto
Mundo Novus,Campo de Mineração Nable,313512,91,36169,Nable Passer Alpha
Mundo Novus,Campo de Treinamento de Mayazar,305705,33,103,Atirador Manequim do Campo de Treinamento
Mundo Novus,Campo de Treinamento de Mayazar,305701,33,103,Catador de Sucata do Campo de Treinamento
Mundo Novus,Campo de Treinamento de Mayazar,305703,33,103,G-Box do Campo de Treinamento
Mundo Novus,Campo de Treinamento de Mayazar,305704,33,103,Guerreiro Manequim do Campo de Treinamento
Mundo Novus,Campo de Treinamento de Mayazar,305702,33,103,Junker do Campo de Treinamento
Mundo Novus,Campo de Treinamento de Mayazar,305708,34,110,Campo de Treinamento Bork de Assalto
Mundo Novus,Campo de Treinamento de Mayazar,305707,34,110,Campo de Treinamento Bork Laser
Mundo Novus,Campo de Treinamento de Mayazar,305709,34,110,Campo de Treinamento Combate Bork
Mundo Novus,Campo de Treinamento de Mayazar,305710,34,110,Drone Farejador do Campo de Treinamento
Mundo Novus,Campo de Treinamento de Mayazar,305706,34,110,Mula Armada do Campo de Treinamento
Mundo Novus,Campo Nevado Stray,3113301,95,48269,Assassino Soma Perdido
Mundo Novus,Campo Nevado Stray,3113304,95,48269,Cirurgião Perdido
Mundo Novus,Campo Nevado Stray,3113302,95,48269,Guerreiro Pesado Soma Perdido
Mundo Novus,Campo Nevado Stray,3113397,95,48269,Pathfinder Desenfreado
Mundo Novus,Campo Nevado Stray,3113303,95,48269,Shockmancer Soma Perdido
Mundo Novus,Campo Nevado Stray,3113305,96,50719,Docker Perdido
Mundo Novus,Campo Nevado Stray,3113398,96,50719,Fantasma Blindado Enfurecido
Mundo Novus,Campo Nevado Stray,3113306,96,50719,Médico Perdido
Mundo Novus,Campo Nevado Stray,3113308,96,50719,Presa de Skorm Perdida
Mundo Novus,Campo Nevado Stray,3113307,96,50719,Skarz Skorm Perdido
Mundo Novus,Campo Nevado Stray,3113311,97,53269,Aniquilador Nether Perdido
Mundo Novus,Campo Nevado Stray,3113310,97,53269,Guerreiro Nether Perdido
Mundo Novus,Campo Nevado Stray,3113399,97,53269,Junker Desenfreado
Mundo Novus,Campo Nevado Stray,3113312,97,53269,Sentinela Nether Perdido
Mundo Novus,Campo Nevado Stray,3113309,97,53269,Skorm Novs Perdido
Mundo Novus,Colina de Cauldron,307505,41,179,Clod Cauldron
Mundo Novus,Colina de Cauldron,307509,41,179,Demolis Cauldron
Mundo Novus,Colina de Cauldron,307510,41,179,Nezad Cauldron
Mundo Novus,Colina de Cauldron,307506,41,179,Nyoka Cauldron
Mundo Novus,Colina de Cauldron,307508,41,179,Silex Cauldron
Mundo Novus,Colina de Cauldron,307595,42,209,Arghol Selvagem
Mundo Novus,Colina de Cauldron,307503,42,209,Atirador de Caldeirão
Mundo Novus,Colina de Cauldron,307598,42,209,Bork de Assalto Desenfreado
Mundo Novus,Colina de Cauldron,307596,42,209,Brutal Selvagem
Mundo Novus,Colina de Cauldron,307504,42,209,Brutamontes do Caldeirão
Mundo Novus,Colina de Cauldron,307597,42,209,Estilhaçador Selvagem
Mundo Novus,Colina de Cauldron,307502,42,209,Incendiário do Caldeirão
Mundo Novus,Colina de Cauldron,307599,42,209,Junker Desenfreado
Mundo Novus,Colina de Cauldron,307501,42,209,Rastreador de Caldeirão
Mundo Novus,Colina de Cauldron,307507,42,209,Ravenous Cauldron
Mundo Novus,Colina do Errante,306599,57,1469,Arghol Selvagem
Mundo Novus,Colina do Errante,306514,57,1469,Carcereiro Errante
Mundo Novus,Colina do Errante,306504,57,1469,Colina Lapis
Mundo Novus,Colina do Errante,306506,57,1469,Devorador de Colinas
Mundo Novus,Colina do Errante,306597,57,1469,Estilhaçador Selvagem
Mundo Novus,Colina do Errante,306503,57,1469,Executor Errante
Mundo Novus,Colina do Errante,306598,57,1469,Fantasma Enfurecido
Mundo Novus,Colina do Errante,306501,57,1469,Hill Arghol
Mundo Novus,Colina do Errante,306502,57,1469,Hill Ertelem
Mundo Novus,Colina do Errante,306511,57,1469,Hill Fezal
Mundo Novus,Colina do Errante,306510,57,1469,Hill Kaigar
Mundo Novus,Colina do Errante,306512,57,1469,Hill Limpo
Mundo Novus,Colina do Errante,306513,57,1469,Lanceiro Errante
Mundo Novus,Colina do Errante,306508,57,1469,Larva de Colina
Mundo Novus,Colina do Errante,306505,57,1469,Lápis Hill Rigor
Mundo Novus,Colina do Errante,306509,57,1469,Percevejo Fedorento Hill
Mundo Novus,Colina do Errante,306507,57,1469,Sacerdote de Batalha Errante
Mundo Novus,Colina do Pioneiro,306397,65,3369,Arghol Selvagem
Mundo Novus,Colina do Pioneiro,306306,65,3369,Arremessador Snatcher do Deserto
Mundo Novus,Colina do Pioneiro,306399,65,3369,Bork de Assalto Desenfreado
Mundo Novus,Colina do Pioneiro,306307,65,3369,Cavaleiro Snatcher do Deserto
Mundo Novus,Colina do Pioneiro,306310,65,3369,Cirurgião Desenfreado
Mundo Novus,Colina do Pioneiro,306301,65,3369,Devorador Faminto
Mundo Novus,Colina do Pioneiro,306309,65,3369,Docker Enfurecido
Mundo Novus,Colina do Pioneiro,306398,65,3369,Estilhaçador Selvagem
Mundo Novus,Colina do Pioneiro,306311,65,3369,G-Box Enfurecido
Mundo Novus,Colina do Pioneiro,306303,65,3369,Gafftail Faminto
Mundo Novus,Colina do Pioneiro,306302,65,3369,Klon do Deserto Faminto
Mundo Novus,Colina do Pioneiro,306304,65,3369,Lanceiro Snatcher do Deserto
Mundo Novus,Colina do Pioneiro,306305,65,3369,Machadista Snatcher do Deserto
Mundo Novus,Colina do Pioneiro,306308,65,3369,Médico Enfurecido
Mundo Novus,Colina dos Predadores,308301,27,65,Estilhaçador das Colinas
Mundo Novus,Colina dos Predadores,308304,27,65,Flem das Colinas
Mundo Novus,Colina dos Predadores,308302,27,65,Kaigar das Colinas
Mundo Novus,Colina dos Predadores,308307,27,65,Lunker das Colinas
Mundo Novus,Colina dos Predadores,308310,27,65,Mahr das Colinas
Mundo Novus,Colina dos Predadores,308303,27,65,Temizl das Colinas
Mundo Novus,Colina dos Predadores,308312,28,71,Atirador Predo das Colinas
Mundo Novus,Colina dos Predadores,308305,28,71,Gladiador Predo das Colinas
Mundo Novus,Colina dos Predadores,308308,28,71,Guerreiro Crawler das Colinas
Mundo Novus,Colina dos Predadores,308306,28,71,Infantaria Predo das Colinas
Mundo Novus,Colina dos Predadores,308311,28,71,Saqueador Predo das Colinas
Mundo Novus,Colina dos Predadores,308309,28,71,Sentinela Foothills Crawler
Mundo Novus,Colônia Saura,305104,78,14769,Artilheiro Mecânico Kphala
Mundo Novus,Colônia Saura,305105,78,14769,Guerreiro Kphala Elimar
Mundo Novus,Colônia Saura,305103,78,14769,Guerreiro Mecânico Kphala
Mundo Novus,Colônia Saura,305101,78,14769,Guerreiro Saura Kphala
Mundo Novus,Colônia Saura,305106,78,14769,Sentinela Kphala Elimar
Mundo Novus,Colônia Saura,305102,78,14769,Sentinela Kphala Saura
Mundo Novus,Colônia Saura,305198,79,16069,Bork de Assalto Desenfreado
Mundo Novus,Colônia Saura,305199,79,16069,Brutal Selvagem
Mundo Novus,Colônia Saura,305197,79,16069,Junker Desenfreado
Mundo Novus,Colônia Saura,305110,79,16069,Kphala Arghol
Mundo Novus,Colônia Saura,305107,79,16069,Kphala Grumble
Mundo Novus,Colônia Saura,305109,79,16069,Kphala Striker
Mundo Novus,Colônia Saura,305108,79,16069,Kphala Vanguarda
Mundo Novus,Complexo de Pesquisa Anakade,307602,29,77,Anakade Atirador Fora da Lei
Mundo Novus,Complexo de Pesquisa Anakade,307603,29,77,Anakade Fora da Lei Bruiser
Mundo Novus,Complexo de Pesquisa Anakade,307605,29,77,Bork de Assalto Anakade
Mundo Novus,Complexo de Pesquisa Anakade,307604,29,77,Bork Laser Anakade
Mundo Novus,Complexo de Pesquisa Anakade,307601,29,77,Lutador de Faca Fora da Lei Anakade
Mundo Novus,Complexo de Pesquisa Anakade,307609,30,83,Anakade Ferinky Lutador
Mundo Novus,Complexo de Pesquisa Anakade,307611,30,83,Cavalaria Pesada Anakade
Mundo Novus,Complexo de Pesquisa Anakade,307607,30,83,Combatente Mecânico Anakade
Mundo Novus,Complexo de Pesquisa Anakade,307610,30,83,Rastreador Ferinky de Anakade
Mundo Novus,Complexo de Pesquisa Anakade,307608,30,83,Sentinela Anakade
Mundo Novus,Deserto da Morte,307806,71,7269,Artilheiro de Mecha do Deserto
Mundo Novus,Deserto da Morte,307802,71,7269,Atirador Vagabundo do Deserto
Mundo Novus,Deserto da Morte,307804,71,7269,Berserker Vagabundo do Deserto
Mundo Novus,Deserto da Morte,307801,71,7269,Combatente Vagabundo do Deserto
Mundo Novus,Deserto da Morte,307805,71,7269,Espadachim Mech do Deserto
Mundo Novus,Deserto da Morte,307803,71,7269,Retalhador Vagabundo do Deserto
Mundo Novus,Deserto da Morte,307899,72,8069,Arghol Selvagem
Mundo Novus,Deserto da Morte,307897,72,8069,Bork de Assalto Desenfreado
Mundo Novus,Deserto da Morte,307808,72,8069,Deserto Nyoka
Mundo Novus,Deserto da Morte,307813,72,8069,Deserto Silex
Mundo Novus,Deserto da Morte,307810,72,8069,Deserto Yusigula
Mundo Novus,Deserto da Morte,307812,72,8069,Devorador do Deserto
Mundo Novus,Deserto da Morte,307807,72,8069,Drone Peep do Deserto
Mundo Novus,Deserto da Morte,307898,72,8069,Junker Desenfreado
Mundo Novus,Deserto da Morte,307809,72,8069,Torrão do Deserto
Mundo Novus,Deserto da Morte,307811,72,8069,Verme da Areia do Deserto
Mundo Novus,Deserto de Ramon,305213,75,10869,Arghol Selvagem
Mundo Novus,Deserto de Ramon,305211,75,10869,Assassino Ramon Soma
Mundo Novus,Deserto de Ramon,305204,75,10869,Caçador Ramon Ferinky
Mundo Novus,Deserto de Ramon,305209,75,10869,Destruidor Ramon Clops
Mundo Novus,Deserto de Ramon,305215,75,10869,Junker Desenfreado
Mundo Novus,Deserto de Ramon,305214,75,10869,Pathfinder Desenfreado
Mundo Novus,Deserto de Ramon,305202,75,10869,Ramon Clod
Mundo Novus,Deserto de Ramon,305208,75,10869,Ramon Clops Sniper
Mundo Novus,Deserto de Ramon,305203,75,10869,Ramon Dagan
Mundo Novus,Deserto de Ramon,305201,75,10869,Ramon Devorador
Mundo Novus,Deserto de Ramon,305205,75,10869,Ramon Ferinky Atirador de Elite
Mundo Novus,Deserto de Ramon,305206,75,10869,Ramon Ferinky Brigão
Mundo Novus,Deserto de Ramon,305210,75,10869,Ramon Soma Guerreiro Pesado
Mundo Novus,Deserto de Ramon,305212,75,10869,Ramon Soma Shockmancer
Mundo Novus,Deserto de Ramon,305207,75,10869,Rastreador Ramon Clops
Mundo Novus,Ermo de Somora,308507,31,89,Chuti Somora
Mundo Novus,Ermo de Somora,308504,31,89,Drone Farejador Somora
Mundo Novus,Ermo de Somora,308501,31,89,Drone Peep Somora
Mundo Novus,Ermo de Somora,308505,31,89,Espadachim Mecânico Somora
Mundo Novus,Ermo de Somora,308506,31,89,Lunker Somora
Mundo Novus,Ermo de Somora,308509,31,89,Ravenous Somora
Mundo Novus,Ermo de Somora,308508,31,89,Scud Pesado Somora
Mundo Novus,Ermo de Somora,308502,31,89,Somora Passer Alpha
Mundo Novus,Ermo de Somora,308503,31,89,Somora Passer Gamma
Mundo Novus,Ermo Rambler,305302,63,2469,Artilheiro Mecânico Rambler
Mundo Novus,Ermo Rambler,305305,63,2469,Atirador Vagabundo Rambler
Mundo Novus,Ermo Rambler,305307,63,2469,Berserker Vagabundo Rambler
Mundo Novus,Ermo Rambler,305398,63,2469,Bork de Assalto Desenfreado
Mundo Novus,Ermo Rambler,305304,63,2469,Combatente Vagabundo Rambler
Mundo Novus,Ermo Rambler,305303,63,2469,Drone Peep Rambler
Mundo Novus,Ermo Rambler,305301,63,2469,Espadachim Mech Rambler
Mundo Novus,Ermo Rambler,305399,63,2469,Estilhaçador Selvagem
Mundo Novus,Ermo Rambler,305310,63,2469,Glatt Rambler
Mundo Novus,Ermo Rambler,305309,63,2469,Grumble Gancho Rambler
Mundo Novus,Ermo Rambler,305308,63,2469,Grumble Rambler
Mundo Novus,Ermo Rambler,305397,63,2469,Junker Desenfreado
Mundo Novus,Ermo Rambler,305311,63,2469,Lapis Rambler
Mundo Novus,Ermo Rambler,305312,63,2469,Lunker Rambler
Mundo Novus,Ermo Rambler,305306,63,2469,Retalhador Vagabundo Rambler
Mundo Novus,Favelas de Seth,305599,66,3969,Arghol Selvagem
Mundo Novus,Favelas de Seth,305592,66,3969,Bork de Assalto Desenfreado
Mundo Novus,Favelas de Seth,305508,66,3969,Caçador Seth Crawler
Mundo Novus,Favelas de Seth,305507,66,3969,Chuti Seth
Mundo Novus,Favelas de Seth,305503,66,3969,Drone Peep Seth
Mundo Novus,Favelas de Seth,305504,66,3969,Fezal Seth
Mundo Novus,Favelas de Seth,305505,66,3969,Flem Seth
Mundo Novus,Favelas de Seth,305598,66,3969,Junker Desenfreado
Mundo Novus,Favelas de Seth,305506,66,3969,Lunker Seth
Mundo Novus,Favelas de Seth,305514,66,3969,Sentinela Seth Predo
Mundo Novus,Favelas de Seth,305501,66,3969,Seth Espadachim Mecânico
Mundo Novus,Favelas de Seth,305515,66,3969,Seth Predo Gladiador
Mundo Novus,Favelas de Seth,305511,66,3969,Seth Saqueador Predo
Mundo Novus,Ferro-Velho de Seth,312604,67,4569,Atirador do Ferro-Velho de Seth
Mundo Novus,Ferro-Velho de Seth,312605,67,4569,Ferro-Velho de Seth Lutador com Faca
Mundo Novus,Ferro-Velho de Seth,312602,67,4569,Incendiário do Ferro-Velho de Seth
Mundo Novus,Ferro-Velho de Seth,312601,67,4569,Nyoka Seth
Mundo Novus,Ferro-Velho de Seth,312603,67,4569,Rastreador do Ferro-Velho de Seth
Mundo Novus,Ferro-Velho de Seth,312606,67,4569,Ravenous Seth
Mundo Novus,Ferro-Velho de Seth,312699,68,5169,Bork de Assalto Enfurecido
Mundo Novus,Ferro-Velho de Seth,312697,68,5169,Estilhaçador Selvagem
Mundo Novus,Ferro-Velho de Seth,312698,68,5169,Junker Desenfreado
Mundo Novus,Ferro-Velho de Seth,312609,68,5169,Seth Atirador Vagabundo
Mundo Novus,Ferro-Velho de Seth,312611,68,5169,Seth Berserker Vagabundo
Mundo Novus,Ferro-Velho de Seth,312608,68,4569,Seth Combatente Vagabundo
Mundo Novus,Ferro-Velho de Seth,312610,68,5169,Seth Retalhador Vagabundo
Mundo Novus,Floresta Congelada de Ruvia,3115301,98,55919,Estilhaçador de Ruvia
Mundo Novus,Floresta Congelada de Ruvia,3115391,98,55919,Estilhaçador Selvagem
Mundo Novus,Floresta Congelada de Ruvia,3115302,98,55919,Lagarto Ruvia
Mundo Novus,Floresta Congelada de Ruvia,3115304,98,55919,Larva Ruvia Infectada
Mundo Novus,Floresta Congelada de Ruvia,3115303,98,55919,Ruvia Anabola
Mundo Novus,Floresta Congelada de Ruvia,3115392,99,58669,Canibal Selvagem
Mundo Novus,Floresta Congelada de Ruvia,3115305,99,58669,Estilhaçador Ruvia Infectado
Mundo Novus,Floresta Congelada de Ruvia,3115306,99,58669,Fera Selvagem Ruvia
Mundo Novus,Floresta Congelada de Ruvia,3115307,99,58669,Lagarto Ruvia Infectado
Mundo Novus,Floresta Congelada de Ruvia,3115308,99,58669,Talpa Ruvia Infectada
Mundo Novus,Floresta Congelada de Ruvia,3115393,100,61519,Brutal Selvagem
Mundo Novus,Floresta Congelada de Ruvia,3115312,100,61519,Ruvia Cão Carmesim
Mundo Novus,Floresta Congelada de Ruvia,3115311,100,61519,Ruvia Ferinky Lutador
Mundo Novus,Floresta Congelada de Ruvia,3115310,100,61519,Sniper Ruvia Ferinky
Mundo Novus,Floresta Congelada de Ruvia,3115309,100,61519,Soldado Ruvia Infectado
Mundo Novus,Floresta de Inewt,313605,78,14769,Cavalaria Pesada Inewt
Mundo Novus,Floresta de Inewt,313607,78,14769,Inewt Kaigar
Mundo Novus,Floresta de Inewt,313606,78,14769,Inewt Limpeza
Mundo Novus,Floresta de Inewt,313602,78,14769,Inewt Simbi
Mundo Novus,Floresta de Inewt,313601,78,14769,Lagarto Inewt
Mundo Novus,Floresta de Inewt,313696,78,14769,Savage Symbi
Mundo Novus,Floresta de Inewt,313604,79,16069,Combatente Mecânico Inewt
Mundo Novus,Floresta de Inewt,313697,79,16069,Estilhaçador Selvagem
Mundo Novus,Floresta de Inewt,313608,79,16069,Inewt Guerreiro Soma
Mundo Novus,Floresta de Inewt,313609,79,16069,Inewt Mago Soma
Mundo Novus,Floresta de Inewt,313610,79,16069,Inewt Ranger Soma
Mundo Novus,Floresta de Inewt,313603,79,16069,Super Soldado Inewt
Mundo Novus,Floresta de Inewt,313613,80,17469,Inewt Vafer Soldado de Cerco
Mundo Novus,Floresta de Inewt,313612,80,17469,Inewt Vafer Soldado Pesado
Mundo Novus,Floresta de Inewt,313611,80,17469,Invasor Capturador de Inewt
Mundo Novus,Floresta de Inewt,313698,80,17469,Junker Desenfreado
Mundo Novus,Floresta de Inewt,313616,81,18919,Inewt Atirador
Mundo Novus,Floresta de Inewt,313615,81,18919,Inewt Brutamontes
Mundo Novus,Floresta de Inewt,313699,81,18919,Pathfinder Desenfreado
Mundo Novus,Floresta de Inewt,313614,81,18919,Sniper Inewt Snatcher
Mundo Novus,Floresta de Lowed,305802,17,23,Ash Lowed
Mundo Novus,Floresta de Lowed,305801,17,23,Flem Lowed
Mundo Novus,Floresta de Lowed,305804,18,26,Lowed Rastreador Ferinky
Mundo Novus,Floresta de Lowed,305803,18,26,Symbi Lowed
Mundo Novus,Floresta de Lowed,305806,19,29,Lowed Ferinky Lutador
Mundo Novus,Floresta de Lowed,305805,19,29,Lowed Ferinky Sniper
Mundo Novus,Floresta de Mayazar,305612,32,96,Abraço de Mayazar
Mundo Novus,Floresta de Mayazar,305603,32,96,Assassino Soma Mayazar
Mundo Novus,Floresta de Mayazar,305606,32,96,Atirador da Gangue Mayazar
Mundo Novus,Floresta de Mayazar,305602,32,96,Brutamontes da Gangue Mayazar
Mundo Novus,Floresta de Mayazar,305611,32,96,Gaff de Mayazar
Mundo Novus,Floresta de Mayazar,305610,32,96,Lutador com Faca da Gangue Mayazar
Mundo Novus,Floresta de Mayazar,305605,32,96,Mayazar Anabola
Mundo Novus,Floresta de Mayazar,305608,32,96,Mayazar Kaigar
Mundo Novus,Floresta de Mayazar,305601,32,96,Mayazar Meevlan
Mundo Novus,Floresta de Mayazar,305604,32,96,Mayazar Soma Shockmancer
Mundo Novus,Floresta de Mayazar,305609,32,96,Mayazar Soma Shocktrooper
Mundo Novus,Floresta de Mayazar,305607,32,96,Mayazar Symbi
Mundo Novus,Floresta dos Exilados,306621,48,599,Abiectio Anabola
Mundo Novus,Floresta dos Exilados,306618,48,599,Abiectio Bork de Assalto
Mundo Novus,Floresta dos Exilados,306620,48,599,Abiectio Bork Laser
Mundo Novus,Floresta dos Exilados,306624,48,599,Abiectio Glatt
Mundo Novus,Floresta dos Exilados,306623,48,599,Abiectio Mahr
Mundo Novus,Floresta dos Exilados,306699,48,599,Arghol Selvagem
Mundo Novus,Floresta dos Exilados,306626,48,599,Arqueiro Abiectio
Mundo Novus,Floresta dos Exilados,306627,48,599,Arquivista Abiectio
Mundo Novus,Floresta dos Exilados,306619,48,599,Bot de Vigilância Abiectio
Mundo Novus,Floresta dos Exilados,306698,48,599,Canibal Selvagem
Mundo Novus,Floresta dos Exilados,306617,48,599,Controle Abiectio Bork
Mundo Novus,Floresta dos Exilados,306622,48,599,Demolição Abiectio
Mundo Novus,Floresta dos Exilados,306625,48,599,Exílio Infectado
Mundo Novus,Floresta dos Exilados,306697,48,599,Pathfinder Desenfreado
Mundo Novus,Floresta dos Mortos,306703,53,1069,Besouro Fedido Mortum
Mundo Novus,Floresta dos Mortos,306704,53,1069,Cinzas de Mortum
Mundo Novus,Floresta dos Mortos,306702,53,1069,Criador Mortum Mahr
Mundo Novus,Floresta dos Mortos,306706,53,1069,Mortum Grumble
Mundo Novus,Floresta dos Mortos,306701,53,1069,Mortum Mahr
Mundo Novus,Floresta dos Mortos,306705,53,1069,Mortum Meevlan
Mundo Novus,Floresta dos Mortos,306798,54,1169,Arghol Selvagem
Mundo Novus,Floresta dos Mortos,306708,54,1169,Atirador Predo Mortum
Mundo Novus,Floresta dos Mortos,306799,54,1169,Bork de Assalto Desenfreado
Mundo Novus,Floresta dos Mortos,306797,54,1169,Estilhaçador Selvagem
Mundo Novus,Floresta dos Mortos,306712,54,1169,Mortum Ferinky Lutador
Mundo Novus,Floresta dos Mortos,306709,54,1169,Mortum Gafftail
Mundo Novus,Floresta dos Mortos,306707,54,1169,Mortum Saqueador Predo
Mundo Novus,Floresta dos Mortos,306710,54,1169,Rastreador Mortum Ferinky
Mundo Novus,Floresta dos Mortos,306796,54,1169,Simbionte Selvagem
Mundo Novus,Floresta dos Mortos,306711,54,1169,Sniper Mortum Ferinky
Mundo Novus,Floresta Norte de Dorian,306005,39,149,Dorian Aniquilador Nether
Mundo Novus,Floresta Norte de Dorian,306003,39,149,Dorian Estilhaçador
Mundo Novus,Floresta Norte de Dorian,306004,39,149,Dorian Guerreiro Nether
Mundo Novus,Floresta Norte de Dorian,306001,39,149,Dorian Percevejo Fedorento
Mundo Novus,Floresta Norte de Dorian,306006,39,149,Dorian Sentinela Nether
Mundo Novus,Floresta Norte de Dorian,306009,39,149,Estilhaçador Dorian Infectado
Mundo Novus,Floresta Norte de Dorian,306007,39,149,Infectado Mutante
Mundo Novus,Floresta Norte de Dorian,306002,39,149,Lagarto Dorian
Mundo Novus,Floresta Norte de Dorian,306008,39,149,Lagarto Dorian Infectado
Mundo Novus,Floresta Norte de Dorian,306011,39,149,Soldado Accretia Infectado
Mundo Novus,Floresta Norte de Dorian,306010,39,149,Soldado Bellato Infectado
Mundo Novus,Floresta Sul de Dorian,306101,40,159,Assassino do Submundo Dorian
Mundo Novus,Floresta Sul de Dorian,306108,40,159,Canibal Dorian
Mundo Novus,Floresta Sul de Dorian,306105,40,159,Canibal Dorian Infectado
Mundo Novus,Floresta Sul de Dorian,306102,40,159,Destruidor de Submundo Dorian
Mundo Novus,Floresta Sul de Dorian,306103,40,159,Dorian Atirador de Elite Nether
Mundo Novus,Floresta Sul de Dorian,306109,40,159,Larva Dorian
Mundo Novus,Floresta Sul de Dorian,306106,40,159,Larva Dorian Infectada
Mundo Novus,Floresta Sul de Dorian,306110,40,159,Nezad Dorian
Mundo Novus,Floresta Sul de Dorian,306107,40,159,Sacerdote Cora Infectado
Mundo Novus,Fábrica de Munições Blackstone,312504,64,2869,Atirador Blackstone
Mundo Novus,Fábrica de Munições Blackstone,312501,64,2869,Blackstone Saura Shocktrooper
Mundo Novus,Fábrica de Munições Blackstone,312599,64,2869,Bork de Assalto Desenfreado
Mundo Novus,Fábrica de Munições Blackstone,312508,64,2869,Catus Blackstone
Mundo Novus,Fábrica de Munições Blackstone,312506,64,2869,Drone Farejador Blackstone
Mundo Novus,Fábrica de Munições Blackstone,312509,64,2869,Estilhaçador Blackstone
Mundo Novus,Fábrica de Munições Blackstone,312597,64,2869,Estilhaçador Selvagem
Mundo Novus,Fábrica de Munições Blackstone,312502,64,2869,Franco-atirador Saura de Blackstone
Mundo Novus,Fábrica de Munições Blackstone,312510,64,2869,Grumble de Blackstone
Mundo Novus,Fábrica de Munições Blackstone,312503,64,2869,Guerreiro Blackstone
Mundo Novus,Fábrica de Munições Blackstone,312513,64,2869,Guerreiro Saura de Blackstone
Mundo Novus,Fábrica de Munições Blackstone,312507,64,2869,Passer Alpha de Blackstone
Mundo Novus,Fábrica de Munições Blackstone,312598,64,2869,Pathfinder Desenfreado
Mundo Novus,Fábrica de Munições Blackstone,312512,64,2869,Rastreador Blackstone Saura
Mundo Novus,Ilha do Peregrino,307010,58,1569,Acolito Peregrino
Mundo Novus,Ilha do Peregrino,307097,58,1569,Arghol Selvagem
Mundo Novus,Ilha do Peregrino,307007,58,1569,Arqueiro Peregrino
Mundo Novus,Ilha do Peregrino,307009,58,1569,Arquivista Peregrino
Mundo Novus,Ilha do Peregrino,307008,58,1569,Carcereiro Peregrino
Mundo Novus,Ilha do Peregrino,307099,58,1569,Fantasma Blindado Enfurecido
Mundo Novus,Ilha do Peregrino,307098,58,1569,Fantasma Enfurecido
Mundo Novus,Ilha do Peregrino,307006,58,1569,Juiz Peregrino
Mundo Novus,Ilha do Peregrino,307003,58,1569,Lagarto Peregrino
Mundo Novus,Ilha do Peregrino,307004,58,1569,Peregrino Draco
Mundo Novus,Ilha do Peregrino,307005,58,1569,Peregrino Ertelem
Mundo Novus,Ilha do Peregrino,307001,58,1569,Peregrino Flem
Mundo Novus,Ilha do Peregrino,307002,58,1569,Peregrino Kaigar
Mundo Novus,Ilha do Peregrino,307096,58,1569,Simbiôntico Selvagem
Mundo Novus,Jardim dos Deuses,308709,49,689,Anabola Khran
Mundo Novus,Jardim dos Deuses,308716,49,689,Arghol Selvagem
Mundo Novus,Jardim dos Deuses,308717,49,689,Fantasma Enfurecido
Mundo Novus,Jardim dos Deuses,308712,49,689,Khran Mentalista Palid
Mundo Novus,Jardim dos Deuses,308708,49,689,Lapis Khran
Mundo Novus,Jardim dos Deuses,308707,49,689,Larva Óptica Khran
Mundo Novus,Jardim dos Deuses,308704,49,689,Nezad Khran
Mundo Novus,Jardim dos Deuses,308701,49,689,Percevejo Khran
Mundo Novus,Jardim dos Deuses,308715,49,689,Ravenous Khran
Mundo Novus,Jardim dos Deuses,308718,49,689,Simbiote Selvagem
Mundo Novus,Jardim dos Deuses,308711,50,779,Khran Atirador Equesian
Mundo Novus,Jardim dos Deuses,308706,50,779,Khran Atirador Predo
Mundo Novus,Jardim dos Deuses,308713,50,779,Khran Feiticeiro Palid
Mundo Novus,Jardim dos Deuses,308702,50,779,Khran Ferinky Lutador
Mundo Novus,Jardim dos Deuses,308714,50,779,Khran Guardião Palid
Mundo Novus,Jardim dos Deuses,308710,50,779,Khran Saqueador Equesian
Mundo Novus,Jardim dos Deuses,308705,50,779,Khran Saqueador Predo
Mundo Novus,Jardim dos Deuses,308703,50,779,Rastreador Khran Ferinky
Mundo Novus,Mina Diamant,3112304,92,40169,Auxiliar de Armas Chrome Trooper
Mundo Novus,Mina Diamant,3112391,92,40169,Bork de Assalto Desenfreado
Mundo Novus,Mina Diamant,3112303,92,40169,Chrome Arms Shocktrooper
Mundo Novus,Mina Diamant,3112301,92,40169,Drone de Braços Chrome
Mundo Novus,Mina Diamant,3112302,92,40169,Sentinela de Braços Chrome
Mundo Novus,Mina Diamant,3112307,93,43669,Assaltante de Diamante
Mundo Novus,Mina Diamant,3112306,93,43669,Diamante Vanguarda
Mundo Novus,Mina Diamant,3112392,93,43669,Junker Desenfreado
Mundo Novus,Mina Diamant,3112308,93,43669,Passer Alpha de Diamante
Mundo Novus,Mina Diamant,3112305,93,43669,Sniffer de Diamante
Mundo Novus,Mina Diamant,3112310,94,45919,Cavalaria Pesada White Fang
Mundo Novus,Mina Diamant,3112311,94,45919,Combatente Mech Presa Branca
Mundo Novus,Mina Diamant,3112393,94,45919,Pathfinder Desenfreado
Mundo Novus,Mina Diamant,3112309,94,45919,Sentinela Presa Branca
Mundo Novus,Mina Diamant,3112312,94,45919,Super Soldado Presa Branca
Mundo Novus,Planaltos de Numerus,307104,61,1969,Catus Numerus
Mundo Novus,Planaltos de Numerus,307103,61,1969,Caçador de Numerus Crawler
Mundo Novus,Planaltos de Numerus,307102,61,1969,Guerreiro Crawler Numerus
Mundo Novus,Planaltos de Numerus,307101,61,1969,Kaigar Numerus
Mundo Novus,Planaltos de Numerus,307105,61,1969,Lapis Numerus
Mundo Novus,Planaltos de Numerus,307106,61,1969,Lapis Rigor Numerus
Mundo Novus,Planaltos de Numerus,307111,62,2169,Acolyte de Numerus
Mundo Novus,Planaltos de Numerus,307109,62,2169,Arqueiro Numerus
Mundo Novus,Planaltos de Numerus,307199,62,2169,Fantasma Enfurecido
Mundo Novus,Planaltos de Numerus,307198,62,2169,Junker Enfurecido
Mundo Novus,Planaltos de Numerus,307108,62,2169,Numerus Atirador Equesian
Mundo Novus,Planaltos de Numerus,307107,62,2169,Numerus Bandido Equesiano
Mundo Novus,Planaltos de Numerus,307110,62,2169,Numerus Lanceiro
Mundo Novus,Planaltos de Numerus,307112,62,2169,Numerus Zelote
Mundo Novus,Planaltos de Numerus,307197,62,2169,Simbiôntico Selvagem
Mundo Novus,Planície Negra,306802,55,1269,Ancião Lagarto Onyx
Mundo Novus,Planície Negra,306809,55,1269,Arquivista Ônix
Mundo Novus,Planície Negra,306805,55,1269,Ash Onyx
Mundo Novus,Planície Negra,306806,55,1269,Ash Ígneo Onyx
Mundo Novus,Planície Negra,306804,55,1269,Canibal Rex Onyx
Mundo Novus,Planície Negra,306815,55,1269,Canibal Selvagem
Mundo Novus,Planície Negra,306814,55,1269,Estilhaçador Selvagem
Mundo Novus,Planície Negra,306816,55,1269,Fantasma Enfurecido
Mundo Novus,Planície Negra,306803,55,1269,Glatt Onyx
Mundo Novus,Planície Negra,306811,55,1269,Iniciador de Fogo Ônix
Mundo Novus,Planície Negra,306801,55,1269,Lagarto Onyx
Mundo Novus,Planície Negra,306807,55,1269,Larva Infernal Onyx
Mundo Novus,Planície Negra,306808,55,1269,Onyx Zealot
Mundo Novus,Planície Negra,306812,55,1269,Purificador de Ônix
Mundo Novus,Planícies de Spire,306497,47,509,Bork de Assalto Desenfreado
Mundo Novus,Planícies de Spire,306498,47,509,Brutal Selvagem
Mundo Novus,Planícies de Spire,306406,47,509,Cinzas da Spire
Mundo Novus,Planícies de Spire,306405,47,509,Fera Selvagem da Spire
Mundo Novus,Planícies de Spire,306407,47,509,Nipper Vafer Spire
Mundo Novus,Planícies de Spire,306499,47,509,Simbiote Selvagem
Mundo Novus,Planícies de Spire,306404,47,509,Spire Anabola
Mundo Novus,Planícies de Spire,306411,47,509,Spire Atirador Predo
Mundo Novus,Planícies de Spire,306401,47,509,Spire Brutal
Mundo Novus,Planícies de Spire,306402,47,509,Spire Infernal Draco
Mundo Novus,Planícies de Spire,306409,47,509,Spire Ladino Vafer
Mundo Novus,Planícies de Spire,306410,47,509,Spire Mortal Vafer
Mundo Novus,Planícies de Spire,306412,47,509,Spire Rex Vafer
Mundo Novus,Planícies de Spire,306408,47,509,Spire Saqueador Predo
Mundo Novus,Planícies de Spire,306403,47,509,Spire Symbi
Mundo Novus,Portão de Romulus,308602,69,5869,Assassino Romulus Soma
Mundo Novus,Portão de Romulus,308612,69,5869,Catador Romulus
Mundo Novus,Portão de Romulus,308601,69,5869,Cavaleiro Pesado Romulus Soma
Mundo Novus,Portão de Romulus,308610,69,5869,Destruidor Romulus Clops
Mundo Novus,Portão de Romulus,308604,69,5869,Espadachim Mecha Romulus
Mundo Novus,Portão de Romulus,308698,69,5869,Estilhaçador Selvagem
Mundo Novus,Portão de Romulus,308607,69,5869,Gafftail Romulus
Mundo Novus,Portão de Romulus,308608,69,5869,Grumble Gancho Romulus
Mundo Novus,Portão de Romulus,308697,69,5869,Junker Desenfreado
Mundo Novus,Portão de Romulus,308699,69,5869,Pathfinder Desenfreado
Mundo Novus,Portão de Romulus,308611,69,5869,Romulus Clops Sniper
Mundo Novus,Portão de Romulus,308605,69,5869,Romulus Drone Peep
Mundo Novus,Portão de Romulus,308613,69,5869,Romulus Junker
Mundo Novus,Portão de Romulus,308606,69,5869,Romulus Silex
Mundo Novus,Portão de Romulus,308603,69,5869,Romulus Soma Shockmancer
Mundo Novus,Posto Avançado de Lowed,308801,14,16,Lowed Cirurgião Lydian
Mundo Novus,Posto Avançado de Lowed,308802,14,16,Lowed Médico Lydian
Mundo Novus,Posto Avançado de Lowed,308803,15,18,Lowed Pathfinder
Mundo Novus,Posto Avançado de Lowed,308804,15,18,Lowed Sentinela
Mundo Novus,Posto Avançado de Lowed,308806,16,20,Lowed Mula Armada
Mundo Novus,Posto Avançado de Lowed,308805,16,20,Lowed Super Soldado
Mundo Novus,Praça do Grande Templo,307797,56,1369,Canibal Selvagem
Mundo Novus,Praça do Grande Templo,307704,56,1369,Estilhaçador Ferren Infectado
Mundo Novus,Praça do Grande Templo,307798,56,1369,Estilhaçador Selvagem
Mundo Novus,Praça do Grande Templo,307709,56,1369,Guarda Infectado
Mundo Novus,Praça do Grande Templo,307710,56,1369,Lagarto Ferren Infectado
Mundo Novus,Praça do Grande Templo,307703,56,1369,Larva Ferren Infectada
Mundo Novus,Praça do Grande Templo,307701,56,1369,Larva Infernal de Ferren
Mundo Novus,Praça do Grande Templo,307702,56,1369,Larva Óptica Ferren
Mundo Novus,Praça do Grande Templo,307705,56,1369,Sacerdote do Grande Templo Infectado
Mundo Novus,Praça do Grande Templo,307707,56,1369,Seguidor Infectado
Mundo Novus,Praça do Grande Templo,307708,56,1369,Seguidor Mutante Infectado
Mundo Novus,Praça do Grande Templo,307799,56,1369,Simbiôntico Selvagem
Mundo Novus,Praça do Grande Templo,307706,56,1369,Talpa Infectado Ascético
Mundo Novus,Pântano da Névoa,306905,51,869,Anabola do Pântano
Mundo Novus,Pântano da Névoa,306918,51,869,Arghol Selvagem
Mundo Novus,Pântano da Névoa,306908,51,869,Arremessador Snatcher do Pântano
Mundo Novus,Pântano da Névoa,306917,51,869,Brutal Selvagem
Mundo Novus,Pântano da Névoa,306901,51,869,Demolis do Pântano
Mundo Novus,Pântano da Névoa,306902,51,869,Demolis Infernal do Pântano
Mundo Novus,Pântano da Névoa,306916,51,869,Fantasma Blindado Enfurecido
Mundo Novus,Pântano da Névoa,306913,51,869,Fantasma Enfurecido
Mundo Novus,Pântano da Névoa,306909,51,869,Lanceiro Snatcher do Pântano
Mundo Novus,Pântano da Névoa,306912,51,869,Machadista Snatcher do Pântano
Mundo Novus,Pântano da Névoa,306910,52,969,Arquivista do Pântano
Mundo Novus,Pântano da Névoa,306907,52,969,Dagan do Pântano
Mundo Novus,Pântano da Névoa,306906,52,969,Ertelem do Pântano
Mundo Novus,Pântano da Névoa,306903,52,969,Ladino Vafer do Pântano
Mundo Novus,Pântano da Névoa,306911,52,969,Missionário do Pântano
Mundo Novus,Pântano da Névoa,306904,52,969,Pântano Mortal Vafer
Mundo Novus,Ruínas da Mina de Ghent,307303,43,249,Atirador Equesian de Ghent
Mundo Novus,Ruínas da Mina de Ghent,307302,43,249,Ghent Ferinky Lutador
Mundo Novus,Ruínas da Mina de Ghent,307307,43,249,Portuário Lydian Ghent
Mundo Novus,Ruínas da Mina de Ghent,307304,43,249,Saqueador Equesian de Ghent
Mundo Novus,Ruínas da Mina de Ghent,307301,43,249,Sniper Ghent Ferinky
Mundo Novus,Ruínas da Mina de Ghent,307313,44,299,Aniquilador Nether de Ghent
Mundo Novus,Ruínas da Mina de Ghent,307399,44,299,Bork de Assalto Desenfreado
Mundo Novus,Ruínas da Mina de Ghent,307308,44,299,Cirurgião Lydian de Ghent
Mundo Novus,Ruínas da Mina de Ghent,307309,44,299,Ghent Saura Tropas de Choque
Mundo Novus,Ruínas da Mina de Ghent,307311,44,299,Guerreiro Nether de Ghent
Mundo Novus,Ruínas da Mina de Ghent,307398,44,299,Junker Desenfreado
Mundo Novus,Ruínas da Mina de Ghent,307397,44,299,Pathfinder Enfurecido
Mundo Novus,Ruínas da Mina de Ghent,307312,44,299,Sentinela Nether de Ghent
Mundo Novus,Ruínas da Mina de Ghent,307310,44,299,Sniper Ghent Saura
Mundo Novus,Ruínas de Anteros,3116301,101,64469,Anteros Infectado Alpha
Mundo Novus,Ruínas de Anteros,3116302,101,64469,Anteros Infectado Beta
Mundo Novus,Ruínas de Anteros,3116304,101,64469,Anteros Shocktrooper
Mundo Novus,Ruínas de Anteros,3116313,101,64469,Canibal Infectado Selvagem
Mundo Novus,Ruínas de Anteros,3116303,101,64469,Estilhaçador Anteros
Mundo Novus,Ruínas de Anteros,3116306,102,67519,Anteros Limpar
Mundo Novus,Ruínas de Anteros,3116305,102,67519,Assassino Anteros
Mundo Novus,Ruínas de Anteros,3116314,102,67519,Estilhaçador Selvagem
Mundo Novus,Ruínas de Anteros,3116308,102,67519,Fantasma Anteros Sting
Mundo Novus,Ruínas de Anteros,3116307,102,67519,Fera Selvagem Anteros
Mundo Novus,Ruínas de Anteros,3116310,103,70669,Canhão Fantasma Anteros
Mundo Novus,Ruínas de Anteros,3116309,103,70669,Fantasma Blindado Anteros
Mundo Novus,Ruínas de Anteros,3116315,103,70669,Fantasma Enfurecido
Mundo Novus,Ruínas de Anteros,3116311,103,70669,Sniper Anteros
Mundo Novus,Ruínas de Anteros,3116312,103,70669,Tático Anteros
Mundo Novus,Ruínas Despedaçadas,312804,73,8869,Combatente Vagabundo das Ruínas
Mundo Novus,Ruínas Despedaçadas,312803,73,8869,Devorador de Ruínas
Mundo Novus,Ruínas Despedaçadas,312806,73,8869,Retalhador Vagabundo das Ruínas
Mundo Novus,Ruínas Despedaçadas,312805,73,8869,Ruínas Atirador Vagabundo
Mundo Novus,Ruínas Despedaçadas,312801,73,8869,Ruínas Grumble
Mundo Novus,Ruínas Despedaçadas,312802,73,8869,Ruínas Silex
Mundo Novus,Ruínas Despedaçadas,312899,74,9669,Arghol Selvagem
Mundo Novus,Ruínas Despedaçadas,312808,74,9669,Berserker Vagabundo das Ruínas
Mundo Novus,Ruínas Despedaçadas,312897,74,9669,Bork de Assalto Desenfreado
Mundo Novus,Ruínas Despedaçadas,312809,74,9669,Explorador de Ruínas
Mundo Novus,Ruínas Despedaçadas,312898,74,9669,Junker Desenfreado
Mundo Novus,Ruínas Despedaçadas,312807,74,9669,Mula Armada das Ruínas
Mundo Novus,Ruínas Despedaçadas,312812,74,9669,Ruínas Clod
Mundo Novus,Ruínas Despedaçadas,312810,74,9669,Ruínas Deserto Klon
Mundo Novus,Ruínas Despedaçadas,312811,74,9669,Scud Pesado das Ruínas
Mundo Novus,Templo em Ruínas,307204,59,1669,Arquivista Caído
Mundo Novus,Templo em Ruínas,307201,59,1669,Brutal Caído
Mundo Novus,Templo em Ruínas,307205,59,1669,Carcereiro Caído
Mundo Novus,Templo em Ruínas,307203,59,1669,Draco Infernal Caído
Mundo Novus,Templo em Ruínas,307207,59,1669,Executor Caído
Mundo Novus,Templo em Ruínas,307202,59,1669,Mahr Caído
Mundo Novus,Templo em Ruínas,307206,59,1669,Zelote Caído
Mundo Novus,Templo em Ruínas,307297,60,1769,Arghol Selvagem
Mundo Novus,Templo em Ruínas,307210,60,1769,Criador de Mahr Caído
Mundo Novus,Templo em Ruínas,307208,60,1769,Demolis Caído
Mundo Novus,Templo em Ruínas,307298,60,1769,Estilhaçador Selvagem
Mundo Novus,Templo em Ruínas,307299,60,1769,Fantasma Enfurecido
Mundo Novus,Templo em Ruínas,307209,60,1769,Inquisidor Caído
Mundo Novus,Templo em Ruínas,307211,60,1769,Meevlan Caído
Mundo Novus,Terra do Descanso,307997,70,6569,Arghol Selvagem
Mundo Novus,Terra do Descanso,307999,70,6569,Estilhaçador Selvagem
Mundo Novus,Terra do Descanso,307998,70,6569,Junker Desenfreado
Mundo Novus,Terra do Descanso,307908,70,6569,Requiétĭo Arremessador Snatcher
Mundo Novus,Terra do Descanso,307903,70,6569,Requiétĭo Atirador Predo
Mundo Novus,Terra do Descanso,307904,70,6569,Requiétĭo Cavaleiro Snatcher
Mundo Novus,Terra do Descanso,307906,70,6569,Requiétĭo Fezal
Mundo Novus,Terra do Descanso,307907,70,6569,Requiétĭo Klon do Deserto
Mundo Novus,Terra do Descanso,307905,70,6569,Requiétĭo Lanceiro Snatcher
Mundo Novus,Terra do Descanso,307909,70,6569,Requiétĭo Machadista Snatcher
Mundo Novus,Terra do Descanso,307901,70,6569,Requiétĭo Nyoka
Mundo Novus,Terra do Descanso,307910,70,6569,Requiétĭo Saqueador Predo
Mundo Novus,Terra do Descanso,307902,70,6569,Requiétĭo Silex
Mundo Novus,Terras Submersas de Galio,307409,45,359,Estilhaçador Galio Infectado
Mundo Novus,Terras Submersas de Galio,307401,45,359,Galio Guerreiro Nether
Mundo Novus,Terras Submersas de Galio,307405,45,359,Galio Nezad Infectado
Mundo Novus,Terras Submersas de Galio,307406,45,359,Lagarto Galio Infectado
Mundo Novus,Terras Submersas de Galio,307411,45,359,Larva de Galio Infectada
Mundo Novus,Terras Submersas de Galio,307421,46,429,Canibal Selvagem
Mundo Novus,Terras Submersas de Galio,307414,46,429,Estilhaçador Selvagem
Mundo Novus,Terras Submersas de Galio,307422,46,429,Fantasma Blindado Enfurecido
Mundo Novus,Terras Submersas de Galio,307404,46,429,Galio Aniquilador Nether
Mundo Novus,Terras Submersas de Galio,307410,46,429,Galio Canibal Infectado
Mundo Novus,Terras Submersas de Galio,307403,46,429,Galio Sentinela Nether
Mundo Novus,Terras Submersas de Galio,307407,46,429,Sacerdote Infectado
Mundo Novus,Terras Submersas de Galio,307420,46,429,Soldado Accretia Infectado
Mundo Novus,Terras Submersas de Galio,307408,46,429,Talpa Infectado
Mundo Novus,Vale de Skadi,305407,37,133,Cavalaria Pesada Skadi Helas
Mundo Novus,Vale de Skadi,305401,37,133,Lagarto Skadi
Mundo Novus,Vale de Skadi,305405,37,133,Sentinela Skadi Helas
Mundo Novus,Vale de Skadi,305403,37,133,Skadi Fera de Guerra
Mundo Novus,Vale de Skadi,305402,37,133,Skadi Fezal
Mundo Novus,Vale de Skadi,305406,37,133,Skadi Helas Combatente Mecânico
Mundo Novus,Vale de Skadi,305410,38,141,Deserto de Skadi Klon
Mundo Novus,Vale de Skadi,305404,38,141,Estilhaçador Skadi
Mundo Novus,Vale de Skadi,305411,38,141,Fera Selvagem Skadi
Mundo Novus,Vale de Skadi,305412,38,141,Skadi Dagan
Mundo Novus,Vale de Skadi,305409,38,141,Skadi Lunker
Mundo Novus,Vale de Skadi,305408,38,141,Skadi Vafer
Mundo Novus,Vale dos Gritos,313004,78,14769,Arremessador Snatcher Bale
Mundo Novus,Vale dos Gritos,313015,78,14769,Assassino Bale Soma
Mundo Novus,Vale dos Gritos,313012,78,14769,Atirador Bale Clops
Mundo Novus,Vale dos Gritos,313007,78,14769,Bale Bork de Assalto
Mundo Novus,Vale dos Gritos,313011,78,14769,Bale Pathfinder
Mundo Novus,Vale dos Gritos,313009,78,14769,Bale Reitor
Mundo Novus,Vale dos Gritos,313016,78,14769,Bale Soma Shockmancer
Mundo Novus,Vale dos Gritos,313098,78,14769,Bork de Assalto Desenfreado
Mundo Novus,Vale dos Gritos,313003,78,14769,Catador de Sucata Bale
Mundo Novus,Vale dos Gritos,313014,78,14769,Guerreiro Pesado Bale Soma
Mundo Novus,Vale dos Gritos,313097,78,14769,Junker Desenfreado
Mundo Novus,Vale dos Gritos,313005,78,14769,Lanceiro Snatcher Bale
Mundo Novus,Vale dos Gritos,313010,78,14769,Mula Armada Bale
Mundo Novus,Vale dos Gritos,313099,78,14769,Pathfinder Desenfreado
Mundo Novus,Vale dos Gritos,313013,78,14769,Rastreador Bale Clops
Mundo Novus,Vale dos Gritos,313001,78,14769,Rastreador Bale Ferinky
Mundo Novus,Vale dos Gritos,313002,78,14769,Sniper Bale Ferinky
Mundo Novus,Vale dos Gritos,313008,78,14769,Venda Cirurgião Lydian
Mundo Novus,Vale Esquecido,308208,25,55,Lutador de Facas Fora da Lei Veris
Mundo Novus,Vale Esquecido,308211,25,55,Veris Atirador Fora da Lei
Mundo Novus,Vale Esquecido,308212,25,55,Veris Fora da Lei Bruiser
Mundo Novus,Vale Esquecido,308214,25,55,Veris Meevlan
Mundo Novus,Vale Esquecido,308217,26,60,Percevejo Veris
Mundo Novus,Vale Esquecido,308201,26,60,Veris Gafftail
Mundo Novus,Vale Esquecido,308215,26,60,Veris Grumble
Mundo Novus,Vale Esquecido,308216,26,60,Veris Grumble Oul
Mundo Novus,Vale Karma,313402,86,26919,Atirador Karma Clops
Mundo Novus,Vale Karma,313403,86,26919,Destruidor Karma Clops
Mundo Novus,Vale Karma,313404,86,26919,Karma Bork Laser
Mundo Novus,Vale Karma,313497,86,26919,Pathfinder Desenfreado
Mundo Novus,Vale Karma,313401,86,26919,Rastreador Karma Clops
Mundo Novus,Vale Karma,313408,87,28669,Guerreiro Calliana Karma
Mundo Novus,Vale Karma,313498,87,28669,Junker Desenfreado
Mundo Novus,Vale Karma,313405,87,28669,Recon de Karma
Mundo Novus,Vale Karma,313407,87,28669,Striker de Karma
Mundo Novus,Vale Karma,313406,87,28669,Vanguarda Karma
Mundo Novus,Vale Karma,313412,88,30469,Aniquilador Nether Karma
Mundo Novus,Vale Karma,313409,88,30469,Atirador Calliana Karma
Mundo Novus,Vale Karma,313499,88,30469,Fantasma Blindado Enfurecido
Mundo Novus,Vale Karma,313411,88,30469,Guerreiro Nether Karma
Mundo Novus,Vale Karma,313410,88,30469,Sentinela Nether Karma
Mundo Novus,Vale Vulcan,308409,35,117,Catus Vulcan
Mundo Novus,Vale Vulcan,308405,35,117,Sentinela Crawler Vulcan
Mundo Novus,Vale Vulcan,308408,35,117,Vulcan Arghol
Mundo Novus,Vale Vulcan,308407,35,117,Vulcan Flem
Mundo Novus,Vale Vulcan,308410,35,117,Vulcan Gafftail
Mundo Novus,Vale Vulcan,308406,36,125,Guerreiro Crawler Vulcan
Mundo Novus,Vale Vulcan,308403,36,125,Invasor Vulcan Ferinky
Mundo Novus,Vale Vulcan,308404,36,125,Portuário Lydian Vulcan
Mundo Novus,Vale Vulcan,308401,36,125,Rastreador Vulcan Ferinky
Mundo Novus,Vale Vulcan,308402,36,125,Sentinela Vulcan Ferinky
Mundo Novus,Vale Vulcan,308411,36,125,Vulcan Clod
Mundo Novus,Velha Fronteira,306202,20,33,Destruidor de Clops da Fronteira
Mundo Novus,Velha Fronteira,306203,20,33,Frontal Clops Sniper
Mundo Novus,Velha Fronteira,306201,20,33,Rastreador de Clops da Fronteira
Mundo Novus,Velha Fronteira,306206,21,37,Choqueiro Fora-da-lei da Fronteira
Mundo Novus,Velha Fronteira,306205,21,37,Incendiário Fora-da-Lei da Fronteira
Mundo Novus,Velha Fronteira,306204,21,37,Lutador de Facas Fora da Lei da Fronteira
Mundo Novus,Zona de Quarentena Pumus,313306,83,21969,Atirador da Gangue Pumus
Mundo Novus,Zona de Quarentena Pumus,313303,83,21969,Capanga Forte da Gangue Pumus
Mundo Novus,Zona de Quarentena Pumus,313314,83,21969,Estilhaçador Selvagem
Mundo Novus,Zona de Quarentena Pumus,313302,83,21969,Fera Selvagem Pumus
Mundo Novus,Zona de Quarentena Pumus,313304,83,21969,Pumus Ranger Soma
Mundo Novus,Zona de Quarentena Pumus,313301,83,21969,Pumus Silex
Mundo Novus,Zona de Quarentena Pumus,313315,84,23569,Bork de Assalto Enfurecido
Mundo Novus,Zona de Quarentena Pumus,313307,84,23569,Pumus Cirurgião Lydian
Mundo Novus,Zona de Quarentena Pumus,313317,84,23569,Pumus Guerreiro Soma
Mundo Novus,Zona de Quarentena Pumus,313305,84,23569,Pumus Mago Soma
Mundo Novus,Zona de Quarentena Pumus,313308,84,23569,Pumus Médico Lydian
Mundo Novus,Zona de Quarentena Pumus,313309,84,23569,Pumus Portuário Lydian
Mundo Novus,Zona de Quarentena Pumus,313310,85,25219,Brutamontes da Gangue Pumus
Mundo Novus,Zona de Quarentena Pumus,313313,85,25219,Estilhaçador Pumus
Mundo Novus,Zona de Quarentena Pumus,313316,85,25219,Fantasma Enfurecido
Mundo Novus,Zona de Quarentena Pumus,313312,85,25219,Pumus Adiar
Mundo Novus,Zona de Quarentena Pumus,313311,85,25219,Pumus Vafer Soldado de Cerco
Novus Mundo 2,Cratera Cordis,3120396,115,172669,Arghol Selvagem
Novus Mundo 2,Cratera Cordis,3120303,115,172669,Cordis Gafftail
Novus Mundo 2,Cratera Cordis,3120302,115,172669,Cordis Meevlan
Novus Mundo 2,Cratera Cordis,3120301,115,172669,Cordis Nyoka
Novus Mundo 2,Cratera Cordis,3120304,116,181669,Cordis Mortal Vafer
Novus Mundo 2,Cratera Cordis,3120305,116,181669,Cordis Rex Vafer
Novus Mundo 2,Cratera Cordis,3120397,116,181669,Criminoso Selvagem
Novus Mundo 2,Cratera Cordis,3120306,116,181669,Lançador Furtivo Cordis
Novus Mundo 2,Cratera Cordis,3120309,117,190919,Controle Cordis Bork
Novus Mundo 2,Cratera Cordis,3120308,117,190919,Cordis Passer Alpha
Novus Mundo 2,Cratera Cordis,3120307,117,190919,Cordis Portuário Lydian
Novus Mundo 2,Cratera Cordis,3120398,117,190919,Pinça Mecha Desenfreada
Novus Mundo 2,Cratera Cordis,3120310,118,200419,Cordis Grumble Oul
Novus Mundo 2,Cratera Cordis,3120312,118,200419,Cordis Kadal
Novus Mundo 2,Cratera Cordis,3120311,118,200419,Cordis Lapis
Novus Mundo 2,Cratera Cordis,3120399,118,200419,Fantasma Blindado Enfurecido
Novus Mundo 2,Ermo Credo,3122302,104,80869,Credo Batedor Crawler
Novus Mundo 2,Ermo Credo,3122304,104,80869,Credo Estilhaçador
Novus Mundo 2,Ermo Credo,3122303,104,80869,Credo Fera Selvagem
Novus Mundo 2,Ermo Credo,3122301,104,80869,Credo Guerreiro Crawler
Novus Mundo 2,Ermo Credo,3122397,104,80869,Estilhaçador Selvagem
Novus Mundo 2,Ermo Credo,3122307,105,84169,Credo Brutamontes Clops
Novus Mundo 2,Ermo Credo,3122305,105,84169,Credo Buscador Clops
Novus Mundo 2,Ermo Credo,3122306,105,84169,Credo Enganador Clops
Novus Mundo 2,Ermo Credo,3122308,105,84169,Credo Ladino Vafer
Novus Mundo 2,Ermo Credo,3122398,105,84169,Pathfinder Desenfreado
Novus Mundo 2,Ermo Credo,3122312,106,90169,Credo Glatt
Novus Mundo 2,Ermo Credo,3122309,106,90169,Credo Mortal Vafer
Novus Mundo 2,Ermo Credo,3122310,106,90169,Credo Rex Vafer
Novus Mundo 2,Ermo Credo,3122311,106,90169,Credo Vafer Assassino
Novus Mundo 2,Ermo Credo,3122399,106,90169,Criminoso Selvagem
Novus Mundo 2,Ilha Vulcânica de Chaldea,3123304,107,96419,Atirador Vagabundo
Novus Mundo 2,Ilha Vulcânica de Chaldea,3123391,107,96419,Bork de Assalto Desenfreado
Novus Mundo 2,Ilha Vulcânica de Chaldea,3123301,107,96419,Cirurgião Glossa
Novus Mundo 2,Ilha Vulcânica de Chaldea,3123303,107,96419,Combatente Vagabundo
Novus Mundo 2,Ilha Vulcânica de Chaldea,3123302,107,96419,Glossa Médica
Novus Mundo 2,Ilha Vulcânica de Chaldea,3123308,108,102919,Berserker Vagabundo
Novus Mundo 2,Ilha Vulcânica de Chaldea,3123305,108,102919,Gaff de Cristal Glossa
Novus Mundo 2,Ilha Vulcânica de Chaldea,3123307,108,102919,Glossa Recon
Novus Mundo 2,Ilha Vulcânica de Chaldea,3123306,108,102919,Glossa Scavenger
Novus Mundo 2,Ilha Vulcânica de Chaldea,3123392,108,102919,Junker Desenfreado
Novus Mundo 2,Ilha Vulcânica de Chaldea,3123311,109,109669,Catus de Cristal Glossa
Novus Mundo 2,Ilha Vulcânica de Chaldea,3123312,109,109669,Glossa Cristal Temizl
Novus Mundo 2,Ilha Vulcânica de Chaldea,3123309,109,109669,Glossa Vanguarda
Novus Mundo 2,Ilha Vulcânica de Chaldea,3123310,109,109669,Glossa Walker
Novus Mundo 2,Ilha Vulcânica de Chaldea,3123393,109,109669,Pathfinder Desenfreado
Novus Mundo 2,Penhascos de Limen,3125303,110,116669,Devorador de Limen
Novus Mundo 2,Penhascos de Limen,3125397,110,116669,Estilhaçador Selvagem
Novus Mundo 2,Penhascos de Limen,3125302,110,116669,Limen Fezal
Novus Mundo 2,Penhascos de Limen,3125301,110,116669,Limen Silex
Novus Mundo 2,Penhascos de Limen,3125304,110,116669,Purificador Thermit Limen
Novus Mundo 2,Penhascos de Limen,3125398,111,123919,Canibal Selvagem
Novus Mundo 2,Penhascos de Limen,3125308,111,123919,Catus de Cristal Limen
Novus Mundo 2,Penhascos de Limen,3125305,111,123919,Cavaleiro Limen Thermit
Novus Mundo 2,Penhascos de Limen,3125307,111,123919,Cristal Limen Temizl
Novus Mundo 2,Penhascos de Limen,3125306,111,123919,Limen Hyburn Baria
Novus Mundo 2,Penhascos de Limen,3125309,112,131419,Cristal Limen Gafftail
Novus Mundo 2,Penhascos de Limen,3125310,112,131419,Equus Limen Hyburn
Novus Mundo 2,Penhascos de Limen,3125311,112,131419,Limen Hyburn Nepa
Novus Mundo 2,Penhascos de Limen,3125312,112,131419,Limen Juiz Thermit
Novus Mundo 2,Penhascos de Limen,3125399,112,131419,Pathfinder Desenfreado
Novus Mundo 2,Ruínas de Sacer,3126313,113,139169,Fantasma Enfurecido
Novus Mundo 2,Ruínas de Sacer,3126303,113,139169,Lanceiro Snatcher Sacer
Novus Mundo 2,Ruínas de Sacer,3126304,113,147169,Sacer Arremessador Snatcher
Novus Mundo 2,Ruínas de Sacer,3126301,113,139169,Sacer Mortal Vafer
Novus Mundo 2,Ruínas de Sacer,3126302,113,139169,Sacer Rex Vafer
Novus Mundo 2,Ruínas de Sacer,3126308,114,147169,Feiticeiro Palid Sacer
Novus Mundo 2,Ruínas de Sacer,3126306,114,147169,Sacer Batedor Crawler
Novus Mundo 2,Ruínas de Sacer,3126305,114,147169,Sacer Guerreiro Crawler
Novus Mundo 2,Ruínas de Sacer,3126307,114,147169,Sacer Mentalista Palid
Novus Mundo 2,Ruínas de Sacer,3126314,114,147169,Simbiôntico Selvagem
Novus Mundo 2,Ruínas de Sacer,3126309,115,155419,Catus de Cristal Sacer
Novus Mundo 2,Ruínas de Sacer,3126312,115,155419,Chifre de Grumble de Cristal Sagrado
Novus Mundo 2,Ruínas de Sacer,3126315,115,155419,Estilhaçador Selvagem
Novus Mundo 2,Ruínas de Sacer,3126310,115,155419,Gaff de Cristal Sacer
Novus Mundo 2,Ruínas de Sacer,3126311,115,155419,Lápis de Cristal Sacer
Base de Lançamento em Órbita Alta,Campo de Batalha dos Gigantes,358090,85,28669,Pathfinder Desenfreado
Base de Lançamento em Órbita Alta,Campo de Batalha dos Gigantes,358001,85,28669,Recon de Vanguarda
Base de Lançamento em Órbita Alta,Campo de Batalha dos Gigantes,358002,85,28669,Striker de Ponta
Base de Lançamento em Órbita Alta,Campo de Batalha dos Gigantes,358003,85,28669,Vanguarda de Ponta
Base de Lançamento em Órbita Alta,Doca A-01,358103,75,13469,A01 Cirurgião Lydian
Base de Lançamento em Órbita Alta,Doca A-01,358102,75,13469,A01 Saqueador Snatcher
Base de Lançamento em Órbita Alta,Doca A-01,358190,75,13469,Bork de Assalto Desenfreado
Base de Lançamento em Órbita Alta,Doca A-01,358101,75,13469,Sniper A01 Snatcher
Base de Lançamento em Órbita Alta,Doca A-02,358502,75,13469,Assaltante A02 Snatcher
Base de Lançamento em Órbita Alta,Doca A-02,358590,75,13469,Bork de Assalto Desenfreado
Base de Lançamento em Órbita Alta,Doca A-02,358503,75,13469,Cirurgião Lydian A02
Base de Lançamento em Órbita Alta,Doca A-02,358501,75,13469,Sniper A02 Snatcher
Base de Lançamento em Órbita Alta,Doca A-03,358703,75,13469,A03 Cirurgião Lydian
Base de Lançamento em Órbita Alta,Doca A-03,358702,75,13469,A03 Saqueador Snatcher
Base de Lançamento em Órbita Alta,Doca A-03,358790,75,13469,Bork de Assalto Enfurecido
Base de Lançamento em Órbita Alta,Doca A-03,358701,75,13469,Sniper A03 Snatcher
Base de Lançamento em Órbita Alta,Doca A-04,359102,75,13469,Assaltante A04 Snatcher
Base de Lançamento em Órbita Alta,Doca A-04,359190,75,13469,Bork de Assalto Desenfreado
Base de Lançamento em Órbita Alta,Doca A-04,359103,75,13469,Cirurgião Lydian A04
Base de Lançamento em Órbita Alta,Doca A-04,359101,75,13469,Sniper A04 Snatcher
Base de Lançamento em Órbita Alta,Doca A-05,359203,75,13469,A05 Cirurgião Lydian
Base de Lançamento em Órbita Alta,Doca A-05,359202,75,13469,A05 Saqueador Snatcher
Base de Lançamento em Órbita Alta,Doca A-05,359290,75,13469,Bork de Assalto Desenfreado
Base de Lançamento em Órbita Alta,Doca A-05,359201,75,13469,Sniper A05 Snatcher
Base de Lançamento em Órbita Alta,Doca A-06,359703,75,13469,A06 Cirurgião Lydian
Base de Lançamento em Órbita Alta,Doca A-06,359702,75,13469,A06 Saqueador Snatcher
Base de Lançamento em Órbita Alta,Doca A-06,359790,75,13469,Bork de Assalto Desenfreado
Base de Lançamento em Órbita Alta,Doca A-06,359701,75,13469,Sniper A06 Snatcher
Base de Lançamento em Órbita Alta,Doca B-01,358401,85,28669,B01 Recon
Base de Lançamento em Órbita Alta,Doca B-01,358403,85,28669,B01 Vanguarda
Base de Lançamento em Órbita Alta,Doca B-01,358490,85,28669,Pathfinder Desenfreado
Base de Lançamento em Órbita Alta,Doca B-01,358402,85,28669,Striker B01
Base de Lançamento em Órbita Alta,Doca B-02,359090,85,28669,Pathfinder Desenfreado
Base de Lançamento em Órbita Alta,Doca B-02,359001,85,28669,Recon B02
Base de Lançamento em Órbita Alta,Doca B-02,359002,85,28669,Striker B02
Base de Lançamento em Órbita Alta,Doca B-02,359003,85,28669,Vanguarda B02
Base de Lançamento em Órbita Alta,Doca B-03,359601,85,28669,B03 Recon
Base de Lançamento em Órbita Alta,Doca B-03,359603,85,28669,B03 Vanguarda
Base de Lançamento em Órbita Alta,Doca B-03,359690,85,28669,Pathfinder Desenfreado
Base de Lançamento em Órbita Alta,Doca B-03,359602,85,28669,Striker B03
Base de Lançamento em Órbita Alta,Doca C-01,358203,80,20419,C01 Bork Laser
Base de Lançamento em Órbita Alta,Doca C-01,358205,80,20419,C01 Guerreiro Saura
Base de Lançamento em Órbita Alta,Doca C-01,358204,80,20419,C01 Médico Lydian
Base de Lançamento em Órbita Alta,Doca C-01,358206,80,20419,C01 Saura Shocktrooper
Base de Lançamento em Órbita Alta,Doca C-01,358207,80,20419,C01 Saura Sniper
Base de Lançamento em Órbita Alta,Doca C-01,358202,80,20419,C01 Soldado de Cerco Vafer
Base de Lançamento em Órbita Alta,Doca C-01,358201,80,20419,C01 Vafer Soldado Pesado
Base de Lançamento em Órbita Alta,Doca C-01,358290,80,20419,Junker Desenfreado
Base de Lançamento em Órbita Alta,Doca C-01,358291,80,20419,Junker Desenfreado
Base de Lançamento em Órbita Alta,Doca C-02,358803,80,20419,Bork Laser C02
Base de Lançamento em Órbita Alta,Doca C-02,358804,80,20419,C02 Médico Lydian
Base de Lançamento em Órbita Alta,Doca C-02,358806,80,20419,C02 Saura Shocktrooper
Base de Lançamento em Órbita Alta,Doca C-02,358807,80,20419,C02 Saura Sniper
Base de Lançamento em Órbita Alta,Doca C-02,358802,80,20419,C02 Vafer Soldado de Cerco
Base de Lançamento em Órbita Alta,Doca C-02,358801,80,20419,C02 Vafer Soldado Pesado
Base de Lançamento em Órbita Alta,Doca C-02,358805,80,20419,Guerreiro Saura C02
Base de Lançamento em Órbita Alta,Doca C-02,358890,80,20419,Junker Desenfreado
Base de Lançamento em Órbita Alta,Doca C-02,358891,80,20419,Junker Desenfreado
Base de Lançamento em Órbita Alta,Doca C-03,359403,80,20419,Bork Laser C03
Base de Lançamento em Órbita Alta,Doca C-03,359404,80,20419,C03 Médico Lydian
Base de Lançamento em Órbita Alta,Doca C-03,359406,80,20419,C03 Saura Shocktrooper
Base de Lançamento em Órbita Alta,Doca C-03,359407,80,20419,C03 Saura Sniper
Base de Lançamento em Órbita Alta,Doca C-03,359402,80,20419,C03 Vafer Soldado de Cerco
Base de Lançamento em Órbita Alta,Doca C-03,359401,80,20419,C03 Vafer Tropa Pesada
Base de Lançamento em Órbita Alta,Doca C-03,359405,80,20419,Guerreiro Saura C03
Base de Lançamento em Órbita Alta,Doca C-03,359490,80,20419,Junker Desenfreado
Base de Lançamento em Órbita Alta,Doca C-03,359491,80,20419,Junker Desenfreado
Base de Lançamento em Órbita Alta,Doca C-11,358303,85,28669,C11 Vanguarda
Base de Lançamento em Órbita Alta,Doca C-11,358304,85,28669,Drone Peep C11
Base de Lançamento em Órbita Alta,Doca C-11,358390,85,28669,Pathfinder Desenfreado
Base de Lançamento em Órbita Alta,Doca C-11,358301,85,28669,Recon C11
Base de Lançamento em Órbita Alta,Doca C-11,358302,85,28669,Striker C11
Base de Lançamento em Órbita Alta,Doca C-12,358903,85,28669,C12 Vanguarda
Base de Lançamento em Órbita Alta,Doca C-12,358904,85,28669,Drone Peep C12
Base de Lançamento em Órbita Alta,Doca C-12,358990,85,28669,Pathfinder Desenfreado
Base de Lançamento em Órbita Alta,Doca C-12,358901,85,28669,Recon C12
Base de Lançamento em Órbita Alta,Doca C-12,358902,85,28669,Striker C12
Base de Lançamento em Órbita Alta,Doca C-13,359503,85,28669,C13 Vanguarda
Base de Lançamento em Órbita Alta,Doca C-13,359504,85,28669,Drone Peep C13
Base de Lançamento em Órbita Alta,Doca C-13,359590,85,28669,Pathfinder Desenfreado
Base de Lançamento em Órbita Alta,Doca C-13,359501,85,28669,Recon C13
Base de Lançamento em Órbita Alta,Doca C-13,359502,85,28669,Striker C13
Base de Lançamento em Órbita Alta,Plataforma de Atracação A-00,357703,75,13469,A00 Cirurgião Lydian
Base de Lançamento em Órbita Alta,Plataforma de Atracação A-00,357702,75,13469,A00 Saqueador Snatcher
Base de Lançamento em Órbita Alta,Plataforma de Atracação A-00,357790,75,13469,Bork de Assalto Desenfreado
Base de Lançamento em Órbita Alta,Plataforma de Atracação A-00,357701,75,13469,Sniper A00 Snatcher
Base de Lançamento em Órbita Alta,Plataforma de Atracação B-00,357802,75,13469,Assaltante B00 Snatcher
Base de Lançamento em Órbita Alta,Plataforma de Atracação B-00,357803,75,13469,B00 Cirurgião Lydian
Base de Lançamento em Órbita Alta,Plataforma de Atracação B-00,357890,75,13469,Bork de Assalto Desenfreado
Base de Lançamento em Órbita Alta,Plataforma de Atracação B-00,357801,75,13469,Sniper B00 Snatcher
Base de Lançamento em Órbita Alta,Plataforma de Atracação C-00,357990,75,13469,Bork de Assalto Desenfreado
Base de Lançamento em Órbita Alta,Plataforma de Atracação C-00,357903,75,13469,C00 Cirurgião Lydian
Base de Lançamento em Órbita Alta,Plataforma de Atracação C-00,357902,75,13469,C00 Saqueador Raider
Base de Lançamento em Órbita Alta,Plataforma de Atracação C-00,357901,75,13469,C00 Snatcher Sniper
Base de Lançamento em Órbita Alta,Terreno de Caça do Piromaníaco,358690,85,28669,Pathfinder Desenfreado
Base de Lançamento em Órbita Alta,Terreno de Caça do Piromaníaco,358601,85,28669,Recon de Firewatch
Base de Lançamento em Órbita Alta,Terreno de Caça do Piromaníaco,358602,85,28669,Striker de Vigilância de Incêndios
Base de Lançamento em Órbita Alta,Terreno de Caça do Piromaníaco,358603,85,28669,Vanguarda de Firewatch
Base de Lançamento em Órbita Alta,Torre Central,359802,90,38169,Atirador Calliana
Base de Lançamento em Órbita Alta,Torre Central,359890,90,38169,Fantasma Enfurecido
Base de Lançamento em Órbita Alta,Torre Central,359801,90,38169,Guerreiro Calliana
Base de Lançamento em Órbita Alta,Torre Central,359804,90,38169,Portuário Lydian
Base de Lançamento em Órbita Alta,Torre Central,359803,90,38169,Tanque Calliana
Base de Lançamento em Órbita Alta,Traços do Pulverizador,359301,85,28669,Defensor Recon
Base de Lançamento em Órbita Alta,Traços do Pulverizador,359302,85,28669,Defensor Striker
Base de Lançamento em Órbita Alta,Traços do Pulverizador,359303,85,28669,Defensor Vanguarda
Base de Lançamento em Órbita Alta,Traços do Pulverizador,359390,85,28669,Pathfinder Desenfreado
Cânion Atlas,Ninho do Mecha Lapis,350405,55,1469,Atirador Predo Kilika
Cânion Atlas,Ninho do Mecha Lapis,350406,55,1469,Bork de Assalto Desenfreado
Cânion Atlas,Ninho do Mecha Lapis,350401,55,1469,Kilika Arghol
Cânion Atlas,Ninho do Mecha Lapis,350402,55,1469,Kilika Gafftail
Cânion Atlas,Ninho do Mecha Lapis,350407,55,1469,Pathfinder Desenfreado
Cânion Atlas,Ninho do Mecha Lapis,350404,55,1469,Saqueador Predo Kilika
Cânion Atlas,Ninho do Mecha Nyoka,351606,55,1469,Bork de Assalto Desenfreado
Cânion Atlas,Ninho do Mecha Nyoka,351601,55,1469,Lerneh Arghol
Cânion Atlas,Ninho do Mecha Nyoka,351605,55,1469,Lerneh Atirador Predo
Cânion Atlas,Ninho do Mecha Nyoka,351602,55,1469,Lerneh Gafftail
Cânion Atlas,Ninho do Mecha Nyoka,351604,55,1469,Lerneh Saqueador Predo
Cânion Atlas,Ninho do Mecha Nyoka,351607,55,1469,Pathfinder Desenfreado
Cânion Atlas,Ninho do Mecha Silex,351006,55,1469,Bork de Assalto Desenfreado
Cânion Atlas,Ninho do Mecha Silex,351001,55,1469,Minos Arghol
Cânion Atlas,Ninho do Mecha Silex,351005,55,1469,Minos Atirador Predo
Cânion Atlas,Ninho do Mecha Silex,351002,55,1469,Minos Gafftail
Cânion Atlas,Ninho do Mecha Silex,351004,55,1469,Minos Saqueador Predo
Cânion Atlas,Ninho do Mecha Silex,351007,55,1469,Pathfinder Desenfreado
Cânion Atlas,Ponto de Engajamento: Garras da Besta,350502,50,969,Atirador Equesian Talos
Cânion Atlas,Ponto de Engajamento: Garras da Besta,350302,50,969,Atirador Equesian Titã
Cânion Atlas,Ponto de Engajamento: Garras da Besta,350306,50,969,Atirador Predo Titã
Cânion Atlas,Ponto de Engajamento: Garras da Besta,350308,50,969,Bork de Assalto Desenfreado
Cânion Atlas,Ponto de Engajamento: Garras da Besta,350508,50,969,Bork de Assalto Desenfreado
Cânion Atlas,Ponto de Engajamento: Garras da Besta,350503,50,969,Catador de Talos
Cânion Atlas,Ponto de Engajamento: Garras da Besta,350303,50,969,Catador de Titã
Cânion Atlas,Ponto de Engajamento: Garras da Besta,350307,50,969,Fantasma Enfurecido
Cânion Atlas,Ponto de Engajamento: Garras da Besta,350507,50,969,Fantasma Enfurecido
Cânion Atlas,Ponto de Engajamento: Garras da Besta,350304,50,969,Junker Desenfreado
Cânion Atlas,Ponto de Engajamento: Garras da Besta,350504,50,969,Junker Enfurecido
Cânion Atlas,Ponto de Engajamento: Garras da Besta,350309,50,969,Pathfinder Desenfreado
Cânion Atlas,Ponto de Engajamento: Garras da Besta,350509,50,969,Pathfinder Desenfreado
Cânion Atlas,Ponto de Engajamento: Garras da Besta,350301,50,969,Saqueador Equesian Titã
Cânion Atlas,Ponto de Engajamento: Garras da Besta,350305,50,969,Saqueador Predo Titã
Cânion Atlas,Ponto de Engajamento: Garras da Besta,350506,50,969,Talos Atirador Predo
Cânion Atlas,Ponto de Engajamento: Garras da Besta,350501,50,969,Talos Saqueador Equesian
Cânion Atlas,Ponto de Engajamento: Garras da Besta,350505,50,969,Talos Saqueador Predo
Cânion Atlas,Ponto de Engajamento: Rockjaw,350906,50,969,Argo Atirador Predo
Cânion Atlas,Ponto de Engajamento: Rockjaw,350903,50,969,Argo Catador
Cânion Atlas,Ponto de Engajamento: Rockjaw,350905,50,969,Argo Saqueador Predo
Cânion Atlas,Ponto de Engajamento: Rockjaw,350902,50,969,Atirador Equesian Argo
Cânion Atlas,Ponto de Engajamento: Rockjaw,351102,50,969,Atirador Equesian de Ottos
Cânion Atlas,Ponto de Engajamento: Rockjaw,351106,50,969,Atirador Predo de Ottos
Cânion Atlas,Ponto de Engajamento: Rockjaw,350908,50,969,Bork de Assalto Desenfreado
Cânion Atlas,Ponto de Engajamento: Rockjaw,351108,50,969,Bork de Assalto Desenfreado
Cânion Atlas,Ponto de Engajamento: Rockjaw,350907,50,969,Fantasma Enfurecido
Cânion Atlas,Ponto de Engajamento: Rockjaw,351107,50,969,Fantasma Enfurecido
Cânion Atlas,Ponto de Engajamento: Rockjaw,350904,50,969,Junker Desenfreado
Cânion Atlas,Ponto de Engajamento: Rockjaw,351104,50,969,Junker Desenfreado
Cânion Atlas,Ponto de Engajamento: Rockjaw,351103,50,969,Ottos Catador
Cânion Atlas,Ponto de Engajamento: Rockjaw,350909,50,969,Pathfinder Desenfreado
Cânion Atlas,Ponto de Engajamento: Rockjaw,351109,50,969,Pathfinder Desenfreado
Cânion Atlas,Ponto de Engajamento: Rockjaw,350901,50,969,Saqueador Equesian Argo
Cânion Atlas,Ponto de Engajamento: Rockjaw,351101,50,969,Saqueador Equesian de Ottos
Cânion Atlas,Ponto de Engajamento: Rockjaw,351105,50,969,Saqueador Predo Ottos
Cânion Atlas,Ponto de Engajamento: Serpent Spine,351502,50,969,Atirador Equesian Gerryon
Cânion Atlas,Ponto de Engajamento: Serpent Spine,351508,50,969,Bork de Assalto Desenfreado
Cânion Atlas,Ponto de Engajamento: Serpent Spine,351708,50,969,Bork de Assalto Desenfreado
Cânion Atlas,Ponto de Engajamento: Serpent Spine,351507,50,969,Fantasma Enfurecido
Cânion Atlas,Ponto de Engajamento: Serpent Spine,351707,50,969,Fantasma Enfurecido
Cânion Atlas,Ponto de Engajamento: Serpent Spine,351506,50,969,Gerryon Atirador Predo
Cânion Atlas,Ponto de Engajamento: Serpent Spine,351503,50,969,Gerryon Catador
Cânion Atlas,Ponto de Engajamento: Serpent Spine,351504,50,969,Junker Desenfreado
Cânion Atlas,Ponto de Engajamento: Serpent Spine,351704,50,969,Junker Desenfreado
Cânion Atlas,Ponto de Engajamento: Serpent Spine,351702,50,969,Ouros Atirador Equesian
Cânion Atlas,Ponto de Engajamento: Serpent Spine,351706,50,969,Ouros Atirador Predo
Cânion Atlas,Ponto de Engajamento: Serpent Spine,351701,50,969,Ouros Saqueador Equesian
Cânion Atlas,Ponto de Engajamento: Serpent Spine,351705,50,969,Ouros Saqueador Predo
Cânion Atlas,Ponto de Engajamento: Serpent Spine,351509,50,969,Pathfinder Desenfreado
Cânion Atlas,Ponto de Engajamento: Serpent Spine,351709,50,969,Pathfinder Desenfreado
Cânion Atlas,Ponto de Engajamento: Serpent Spine,351501,50,969,Saqueador Equesian Gerryon
Cânion Atlas,Ponto de Engajamento: Serpent Spine,351505,50,969,Saqueador Predo Gerryon
Cânion Atlas,Ponto de Engajamento: Serpent Spine,351703,50,969,Scavenger de Ouros
Cânion Atlas,Território da Aliança,351206,45,509,Brutal Selvagem
Cânion Atlas,Território da Aliança,351406,45,509,Brutal Selvagem
Cânion Atlas,Território da Aliança,351403,45,509,Devorador Gerryon
Cânion Atlas,Território da Aliança,351203,45,509,Devourer de Ottos
Cânion Atlas,Território da Aliança,351405,45,509,Draco Infernal de Gerryon
Cânion Atlas,Território da Aliança,351205,45,509,Draco Infernal de Otto
Cânion Atlas,Território da Aliança,351201,45,509,Estilhaçador de Ottos
Cânion Atlas,Território da Aliança,351401,45,509,Estilhaçador Gerryon
Cânion Atlas,Território da Aliança,351402,45,509,Gerryon Symbi
Cânion Atlas,Território da Aliança,351204,45,509,Larva Óptica de Ottos
Cânion Atlas,Território da Aliança,351404,45,509,Larva Óptica Gerryon
Cânion Atlas,Território da Aliança,351202,45,509,Ottos Symbi
Cânion Atlas,Território da Federação,350802,45,509,Argo Simbi
Cânion Atlas,Território da Federação,350606,45,509,Brutal Selvagem
Cânion Atlas,Território da Federação,350806,45,509,Brutal Selvagem
Cânion Atlas,Território da Federação,350803,45,509,Devorador Argo
Cânion Atlas,Território da Federação,350603,45,509,Devorador Talos
Cânion Atlas,Território da Federação,350805,45,509,Draco Infernal Argo
Cânion Atlas,Território da Federação,350801,45,509,Estilhaçador Argo
Cânion Atlas,Território da Federação,350601,45,509,Estilhaçador Talos
Cânion Atlas,Território da Federação,350804,45,509,Larva Óptica Argo
Cânion Atlas,Território da Federação,350604,45,509,Larva Óptica de Talos
Cânion Atlas,Território da Federação,350605,45,509,Talos Draco Infernal
Cânion Atlas,Território da Federação,350602,45,509,Talos Símio
Cânion Atlas,Território Imperial,350206,45,509,Brutal Selvagem
Cânion Atlas,Território Imperial,351806,45,509,Brutal Selvagem
Cânion Atlas,Território Imperial,351803,45,509,Devorador de Ouros
Cânion Atlas,Território Imperial,350203,45,509,Devorador de Titãs
Cânion Atlas,Território Imperial,351805,45,509,Draco Infernal de Ouros
Cânion Atlas,Território Imperial,350205,45,509,Draco Infernal Titânico
Cânion Atlas,Território Imperial,350201,45,509,Estilhaçador Titan
Cânion Atlas,Território Imperial,351804,45,509,Larva Óptica de Ouros
Cânion Atlas,Território Imperial,350204,45,509,Larva Óptica Titan
Cânion Atlas,Território Imperial,351801,45,509,Ouros Estilhaçador
Cânion Atlas,Território Imperial,351802,45,509,Ouros Symbi
Cânion Atlas,Território Imperial,350202,45,509,Simbionte Titã
Elevador Orbital Crag,Doca A-01,355502,60,2169,A01 Explorador
Elevador Orbital Crag,Doca A-01,355504,60,2169,Bork de Assalto Desenfreado
Elevador Orbital Crag,Doca A-01,355503,60,2169,Mula Armada A01
Elevador Orbital Crag,Doca A-01,355501,60,2169,Rastreador A01 Clops
Elevador Orbital Crag,Doca A-02,355902,60,2169,A02 Explorador
Elevador Orbital Crag,Doca A-02,355904,60,2169,Bork de Assalto Desenfreado
Elevador Orbital Crag,Doca A-02,355903,60,2169,Mula Armada A02
Elevador Orbital Crag,Doca A-02,355901,60,2169,Sniper Clops A02
Elevador Orbital Crag,Doca A-03,356101,60,2169,A03 Clops Sniper
Elevador Orbital Crag,Doca A-03,356102,60,2169,A03 Explorador
Elevador Orbital Crag,Doca A-03,356104,60,2169,Bork de Assalto Desenfreado
Elevador Orbital Crag,Doca A-03,356103,60,2169,Mula Armada A03
Elevador Orbital Crag,Doca A-04,356502,60,2169,A04 Explorador
Elevador Orbital Crag,Doca A-04,356504,60,2169,Bork de Assalto Desenfreado
Elevador Orbital Crag,Doca A-04,356501,60,2169,Destruidor Clops A04
Elevador Orbital Crag,Doca A-04,356503,60,2169,Mula Armada A04
Elevador Orbital Crag,Doca A-05,356602,60,2169,A05 Explorador
Elevador Orbital Crag,Doca A-05,356604,60,2169,Bork de Assalto Desenfreado
Elevador Orbital Crag,Doca A-05,356601,60,2169,Destruidor Clops A05
Elevador Orbital Crag,Doca A-05,356603,60,2169,Mula Armada A05
Elevador Orbital Crag,Doca A-06,357102,60,2169,A06 Explorador
Elevador Orbital Crag,Doca A-06,357104,60,2169,Bork de Assalto Desenfreado
Elevador Orbital Crag,Doca A-06,357101,60,2169,Destruidor Clops A06
Elevador Orbital Crag,Doca A-06,357103,60,2169,Mula Armada A06
Elevador Orbital Crag,Doca B-01,355803,65,4569,B01 Cirurgião Lydian
Elevador Orbital Crag,Doca B-01,355804,65,4569,Bork de Assalto Desenfreado
Elevador Orbital Crag,Doca B-01,355802,65,4569,Destruidor Clops B01
Elevador Orbital Crag,Doca B-01,355801,65,4569,Rastreador B01 Clops
Elevador Orbital Crag,Doca B-02,356402,65,4569,B02 Sniper Clops
Elevador Orbital Crag,Doca B-02,356403,65,4569,Destruidor B02 Clops
Elevador Orbital Crag,Doca B-02,356404,65,4569,Junker Desenfreado
Elevador Orbital Crag,Doca B-02,356401,65,4569,Rastreador B02 Clops
Elevador Orbital Crag,Doca B-03,357003,65,4569,B03 Explorador
Elevador Orbital Crag,Doca B-03,357004,65,4569,Fantasma Enfurecido
Elevador Orbital Crag,Doca B-03,357001,65,4569,Rastreador B03 Clops
Elevador Orbital Crag,Doca B-03,357002,65,4569,Sniper B03 Clops
Elevador Orbital Crag,Doca C-01,355606,65,4569,Bork de Assalto Desenfreado
Elevador Orbital Crag,Doca C-01,355605,65,4569,C01 Explorador
Elevador Orbital Crag,Doca C-01,355602,65,4569,C01 Sniper Clops
Elevador Orbital Crag,Doca C-01,355603,65,4569,Destruidor C01 Clops
Elevador Orbital Crag,Doca C-01,355608,65,4569,Fantasma Enfurecido
Elevador Orbital Crag,Doca C-01,355607,65,4569,Junker Desenfreado
Elevador Orbital Crag,Doca C-01,355604,65,4569,Mula Armada C01
Elevador Orbital Crag,Doca C-01,355601,65,4569,Rastreador C01 Clops
Elevador Orbital Crag,Doca C-02,356206,65,4569,Bork de Assalto Enfurecido
Elevador Orbital Crag,Doca C-02,356202,65,4569,C02 Clops Sniper
Elevador Orbital Crag,Doca C-02,356205,65,4569,C02 Explorador
Elevador Orbital Crag,Doca C-02,356203,65,4569,Destruidor C02 Clops
Elevador Orbital Crag,Doca C-02,356208,65,4569,Fantasma Enfurecido
Elevador Orbital Crag,Doca C-02,356207,65,4569,Junker Enfurecido
Elevador Orbital Crag,Doca C-02,356204,65,4569,Mula Armada C02
Elevador Orbital Crag,Doca C-02,356201,65,4569,Rastreador C02 Clops
Elevador Orbital Crag,Doca C-03,356806,65,4569,Bork de Assalto Desenfreado
Elevador Orbital Crag,Doca C-03,356805,65,4569,Caminho C03
Elevador Orbital Crag,Doca C-03,356803,65,4569,Destruidor C03 Clops
Elevador Orbital Crag,Doca C-03,356808,65,4569,Fantasma Enfurecido
Elevador Orbital Crag,Doca C-03,356807,65,4569,Junker Desenfreado
Elevador Orbital Crag,Doca C-03,356804,65,4569,Mula Armada C03
Elevador Orbital Crag,Doca C-03,356801,65,4569,Rastreador C03 Clops
Elevador Orbital Crag,Doca C-03,356802,65,4569,Sniper C03 Clops
Elevador Orbital Crag,Doca C-11,355705,70,8069,C11 Clops Sniper
Elevador Orbital Crag,Doca C-11,355701,70,8069,C11 Soma Guerreiro Pesado
Elevador Orbital Crag,Doca C-11,355703,70,8069,C11 Soma Shockmancer
Elevador Orbital Crag,Doca C-11,355706,70,8069,Destruidor C11 Clops
Elevador Orbital Crag,Doca C-11,355707,70,8069,Junker Enfurecido
Elevador Orbital Crag,Doca C-11,355708,70,8069,Pathfinder Desenfreado
Elevador Orbital Crag,Doca C-11,355704,70,8069,Rastreador C11 Clops
Elevador Orbital Crag,Doca C-11,355702,70,8069,Sentinela Soma C11
Elevador Orbital Crag,Doca C-12,356305,70,8069,C12 Clops Sniper
Elevador Orbital Crag,Doca C-12,356301,70,8069,C12 Soma Guerreiro Pesado
Elevador Orbital Crag,Doca C-12,356303,70,8069,C12 Soma Shockmancer
Elevador Orbital Crag,Doca C-12,356306,70,8069,Destruidor C12 Clops
Elevador Orbital Crag,Doca C-12,356307,70,8069,Junker Desenfreado
Elevador Orbital Crag,Doca C-12,356308,70,8069,Pathfinder Desenfreado
Elevador Orbital Crag,Doca C-12,356304,70,8069,Rastreador C12 Clops
Elevador Orbital Crag,Doca C-12,356302,70,8069,Sentinela Soma C12
Elevador Orbital Crag,Doca C-13,356901,70,8069,C13 Guerreiro Pesado Soma
Elevador Orbital Crag,Doca C-13,356903,70,8069,C13 Soma Shockmancer
Elevador Orbital Crag,Doca C-13,356906,70,8069,Destruidor C13 Clops
Elevador Orbital Crag,Doca C-13,356907,70,8069,Junker Desenfreado
Elevador Orbital Crag,Doca C-13,356908,70,8069,Pathfinder Desenfreado
Elevador Orbital Crag,Doca C-13,356904,70,8069,Rastreador C13 Clops
Elevador Orbital Crag,Doca C-13,356902,70,8069,Sentinela Soma C13
Elevador Orbital Crag,Doca C-13,356905,70,8069,Sniper C13 Clops
Elevador Orbital Crag,Estrada Danificada,355403,70,8069,Destruidores Clops Sniper
Elevador Orbital Crag,Estrada Danificada,355401,70,8069,Destruidores Soma Guerreiro Pesado
Elevador Orbital Crag,Estrada Danificada,355404,70,8069,Junker Desenfreado
Elevador Orbital Crag,Estrada Danificada,355402,70,8069,Rastreador de Destroyers Clops
Elevador Orbital Crag,Local de Fúria,356702,70,8069,Guerreiro Pesado Soma Rushers
Elevador Orbital Crag,Local de Fúria,356704,70,8069,Pathfinder Desenfreado
Elevador Orbital Crag,Local de Fúria,356703,70,8069,Rastreadores Clops Rushers
Elevador Orbital Crag,Local de Fúria,356701,70,8069,Rushers Soma Shockmancer
Elevador Orbital Crag,Plataforma de Atracação A-00,355102,60,2169,A00 Explorador
Elevador Orbital Crag,Plataforma de Atracação A-00,355104,60,2169,Bork de Assalto Desenfreado
Elevador Orbital Crag,Plataforma de Atracação A-00,355103,60,2169,Mula Armada A00
Elevador Orbital Crag,Plataforma de Atracação A-00,355101,60,2169,Rastreador A00 Clops
Elevador Orbital Crag,Plataforma de Atracação B-00,355302,60,2169,B00 Explorador
Elevador Orbital Crag,Plataforma de Atracação B-00,355304,60,2169,Bork de Assalto Desenfreado
Elevador Orbital Crag,Plataforma de Atracação B-00,355301,60,2169,Destruidor B00 Clops
Elevador Orbital Crag,Plataforma de Atracação B-00,355303,60,2169,Mula Armada B00
Elevador Orbital Crag,Plataforma de Atracação C-00,355204,60,2169,Bork de Assalto Enfurecido
Elevador Orbital Crag,Plataforma de Atracação C-00,355201,60,2169,C00 Clops Sniper
Elevador Orbital Crag,Plataforma de Atracação C-00,355202,60,2169,C00 Explorador
Elevador Orbital Crag,Plataforma de Atracação C-00,355203,60,2169,Mula Armada C00
Elevador Orbital Crag,Plataforma Queimada,356003,70,8069,Destruidor Clops Incendiários
Elevador Orbital Crag,Plataforma Queimada,356001,70,8069,Guerreiro Pesado Soma dos Incendiários
Elevador Orbital Crag,Plataforma Queimada,356004,70,8069,Junker Desenfreado
Elevador Orbital Crag,Plataforma Queimada,356002,70,8069,Sentinela Soma de Incendiários
Elevador Orbital Crag,Torre Central,357203,70,8069,Fantasma Blindado de Towerguard
Elevador Orbital Crag,Torre Central,357204,70,8069,Fantasma Blindado Enfurecido
Elevador Orbital Crag,Torre Central,357201,70,8069,Fantasma da Torre de Guarda
Elevador Orbital Crag,Torre Central,357202,70,8069,Fantasma de Picada do Guardião da Torre
Instalação de Defesa Orbital,Instalação de Defesa Orbital,4504901,102,30459500,Fantasma da Cidadela
Instalação de Defesa Orbital,Colmeia,4504329,106,95519,Invasor de Elite Desenfreado
Instalação de Defesa Orbital,Colmeia,4504321,106,95519,Recon Hiveguard
Instalação de Defesa Orbital,Colmeia,4504322,106,95519,Striker Hiveguard
Instalação de Defesa Orbital,Colmeia,4504323,106,95519,Vanguarda Hiveguard
Instalação de Defesa Orbital,Colmeia,4554328,106,13469,Vespa Dançante
Instalação de Defesa Orbital,Doca A-02,4504029,94,50719,Bork de Assalto Desenfreado
Instalação de Defesa Orbital,Doca A-02,4504021,94,50719,Guerreiro Mecânico A02
Instalação de Defesa Orbital,Doca A-02,4504022,94,50719,Gunner Mecânico A02
Instalação de Defesa Orbital,Doca A-03,4504039,94,50719,Bork de Assalto Desenfreado
Instalação de Defesa Orbital,Doca A-03,4504031,94,50719,Guerreiro Mecânico A03
Instalação de Defesa Orbital,Doca A-03,4504032,94,50719,Gunner de Mech A03
Instalação de Defesa Orbital,Doca A-04,4504041,99,64469,Assaltante A04 Snatcher
Instalação de Defesa Orbital,Doca A-04,4504049,99,64469,Pathfinder Desenfreado
Instalação de Defesa Orbital,Doca A-04,4504042,99,64469,Sniper A04 Snatcher
Instalação de Defesa Orbital,Doca A-05,4504051,99,64469,A05 Saqueador Snatcher
Instalação de Defesa Orbital,Doca A-05,4504059,99,64469,Pathfinder Desenfreado
Instalação de Defesa Orbital,Doca A-05,4504052,99,64469,Sniper A05 Snatcher
Instalação de Defesa Orbital,Doca A-06,4504061,99,64469,A06 Saqueador Snatcher
Instalação de Defesa Orbital,Doca A-06,4504069,99,64469,Pathfinder Desenfreado
Instalação de Defesa Orbital,Doca A-06,4504062,99,64469,Sniper A06 Snatcher
Instalação de Defesa Orbital,Doca A-06,4504064,99,64469,Soldado de Cerco Vafer A06
Instalação de Defesa Orbital,Doca A-06,4504063,99,64469,Tropa Pesada Vafer A06
Instalação de Defesa Orbital,Doca A-07,4504071,104,80719,A07 Guerreiro Nether
Instalação de Defesa Orbital,Doca A-07,4504079,104,80719,Fantasma Blindado Enfurecido
Instalação de Defesa Orbital,Doca A-07,4504072,104,80719,Sentinela Nether A07
Instalação de Defesa Orbital,Doca A-08,4504081,104,80719,A08 Guerreiro Nether
Instalação de Defesa Orbital,Doca A-08,4504083,104,80719,Aniquilador Nether A08
Instalação de Defesa Orbital,Doca A-08,4504089,104,80719,Fantasma Blindado Enfurecido
Instalação de Defesa Orbital,Doca A-08,4504082,104,80719,Sentinela Nether A08
Instalação de Defesa Orbital,Doca A-09,4504091,104,80719,A09 Guerreiro Nether
Instalação de Defesa Orbital,Doca A-09,4504092,104,80719,A09 Sentinela Nether
Instalação de Defesa Orbital,Doca A-09,4504093,104,80719,Aniquilador Nether A09
Instalação de Defesa Orbital,Doca A-09,4504099,104,80719,Fantasma Blindado Enfurecido
Instalação de Defesa Orbital,Doca B-02,4504122,94,50719,B02 Artilheiro Mecânico
Instalação de Defesa Orbital,Doca B-02,4504129,94,50719,Bork de Assalto Desenfreado
Instalação de Defesa Orbital,Doca B-02,4504121,94,50719,Guerreiro Mecânico B02
Instalação de Defesa Orbital,Doca B-03,4504139,94,50719,Bork de Assalto Desenfreado
Instalação de Defesa Orbital,Doca B-03,4504131,94,50719,Guerreiro Mecânico B03
Instalação de Defesa Orbital,Doca B-03,4504132,94,50719,Gunner Mech B03
Instalação de Defesa Orbital,Doca B-04,4504141,99,64469,B04 Saqueador Snatcher
Instalação de Defesa Orbital,Doca B-04,4504149,99,64469,Pathfinder Desenfreado
Instalação de Defesa Orbital,Doca B-04,4504142,99,64469,Sniper B04 Snatcher
Instalação de Defesa Orbital,Doca B-05,4504151,99,64469,B05 Saqueador Snatcher
Instalação de Defesa Orbital,Doca B-05,4504159,99,64469,Pathfinder Desenfreado
Instalação de Defesa Orbital,Doca B-05,4504152,99,64469,Sniper B05 Snatcher
Instalação de Defesa Orbital,Doca B-06,4504161,99,64469,B06 Saqueador Snatcher
Instalação de Defesa Orbital,Doca B-06,4504164,99,64469,B06 Vafer Soldado de Cerco
Instalação de Defesa Orbital,Doca B-06,4504163,99,64469,B06 Vafer Soldado Pesado
Instalação de Defesa Orbital,Doca B-06,4504169,99,64469,Pathfinder Desenfreado
Instalação de Defesa Orbital,Doca B-06,4504162,99,64469,Sniper B06 Snatcher
Instalação de Defesa Orbital,Doca B-07,4504172,104,80719,B07 Sentinela Nether
Instalação de Defesa Orbital,Doca B-07,4504179,104,80719,Fantasma Blindado Enfurecido
Instalação de Defesa Orbital,Doca B-07,4504171,104,80719,Guerreiro Nether B07
Instalação de Defesa Orbital,Doca B-08,4504183,104,80719,B08 Aniquilador Nether
Instalação de Defesa Orbital,Doca B-08,4504181,104,80719,B08 Guerreiro Nether
Instalação de Defesa Orbital,Doca B-08,4504182,104,80719,B08 Sentinela Nether
Instalação de Defesa Orbital,Doca B-08,4504189,104,80719,Fantasma Blindado Enfurecido
Instalação de Defesa Orbital,Doca B-09,4504193,104,80719,B09 Aniquilador Nether
Instalação de Defesa Orbital,Doca B-09,4504199,104,80719,Fantasma Blindado Enfurecido
Instalação de Defesa Orbital,Doca B-09,4504191,104,80719,Guerreiro Nether B09
Instalação de Defesa Orbital,Doca B-09,4504192,104,80719,Sentinela Nether B09
Instalação de Defesa Orbital,Doca C-02,4504222,94,50719,Artilheiro Mecânico C02
Instalação de Defesa Orbital,Doca C-02,4504229,94,50719,Bork de Assalto Desenfreado
Instalação de Defesa Orbital,Doca C-02,4504221,94,50719,Guerreiro Mecânico C02
Instalação de Defesa Orbital,Doca C-03,4504239,94,50719,Bork de Assalto Desenfreado
Instalação de Defesa Orbital,Doca C-03,4504232,94,50719,C03 Artilheiro Mecânico
Instalação de Defesa Orbital,Doca C-03,4504231,94,50719,Guerreiro Mecânico C03
Instalação de Defesa Orbital,Doca C-04,4504241,99,64469,C04 Saqueador Snatcher
Instalação de Defesa Orbital,Doca C-04,4504242,99,64469,C04 Sniper Snatcher
Instalação de Defesa Orbital,Doca C-04,4504249,99,64469,Pathfinder Desenfreado
Instalação de Defesa Orbital,Doca C-05,4504251,99,64469,C05 Saqueador Snatcher
Instalação de Defesa Orbital,Doca C-05,4504252,99,64469,C05 Sniper Snatcher
Instalação de Defesa Orbital,Doca C-05,4504259,99,64469,Pathfinder Desenfreado
Instalação de Defesa Orbital,Doca C-06,4504261,99,64469,C06 Saqueador Snatcher
Instalação de Defesa Orbital,Doca C-06,4504262,99,64469,C06 Sniper Snatcher
Instalação de Defesa Orbital,Doca C-06,4504264,99,64469,C06 Vafer Soldado de Cerco
Instalação de Defesa Orbital,Doca C-06,4504263,99,64469,C06 Vafer Soldado Pesado
Instalação de Defesa Orbital,Doca C-06,4504269,99,64469,Pathfinder Desenfreado
Instalação de Defesa Orbital,Doca C-07,4504271,104,80719,C07 Guerreiro Nether
Instalação de Defesa Orbital,Doca C-07,4504272,104,80719,C07 Sentinela Nether
Instalação de Defesa Orbital,Doca C-07,4504279,104,80719,Fantasma Blindado Enfurecido
Instalação de Defesa Orbital,Doca C-08,4504283,104,80719,Aniquilador Nether C08
Instalação de Defesa Orbital,Doca C-08,4504281,104,80719,C08 Guerreiro Nether
Instalação de Defesa Orbital,Doca C-08,4504282,104,80719,C08 Sentinela Nether
Instalação de Defesa Orbital,Doca C-08,4504289,104,80719,Fantasma Blindado Enfurecido
Instalação de Defesa Orbital,Doca C-09,4504293,104,80719,Aniquilador Nether C09
Instalação de Defesa Orbital,Doca C-09,4504291,104,80719,C09 Guerreiro Nether
Instalação de Defesa Orbital,Doca C-09,4504299,104,80719,Fantasma Blindado Enfurecido
Instalação de Defesa Orbital,Doca C-09,4504292,104,80719,Sentinela Nether C09
Instalação de Defesa Orbital,Ground Zero,4554338,102,13469,Bombardeiro Louco
Instalação de Defesa Orbital,Ground Zero,4504332,106,95519,EOD Striker
Instalação de Defesa Orbital,Ground Zero,4504339,106,95519,Invasor de Elite Desenfreado
Instalação de Defesa Orbital,Ground Zero,4504331,106,95519,Recon EOD
Instalação de Defesa Orbital,Ground Zero,4504333,106,95519,Vanguarda EOD
Instalação de Defesa Orbital,Ninho do Sentinela,4504311,106,95519,Recon Nestkeeper
Instalação de Defesa Orbital,Ninho do Sentinela,4504319,106,95519,Saqueador de Elite Enfurecido
Instalação de Defesa Orbital,Ninho do Sentinela,4504312,106,95519,Striker Guardião do Ninho
Instalação de Defesa Orbital,Ninho do Sentinela,4504313,106,95519,Vanguarda Nestkeeper
Instalação de Defesa Orbital,Ninho do Sentinela,4554318,108,13469,Sentinela Orbital
Instalação de Defesa Orbital,Plataforma de Portão B-01,4504112,94,50719,Artilheiro Mecânico B01
Instalação de Defesa Orbital,Plataforma de Portão B-01,4504119,94,50719,Bork de Assalto Desenfreado
Instalação de Defesa Orbital,Plataforma de Portão B-01,4504111,94,50719,Guerreiro Mech B01
Instalação de Defesa Orbital,Plataforma do Portão A-01,4504019,94,50719,Bork de Assalto Desenfreado
Instalação de Defesa Orbital,Plataforma do Portão A-01,4504011,94,50719,Guerreiro Mecânico A01
Instalação de Defesa Orbital,Plataforma do Portão A-01,4504012,94,50719,Gunner Mecânico A01
Instalação de Defesa Orbital,Plataforma do Portão C-01,4504212,94,50719,Artilheiro Mecânico C01
Instalação de Defesa Orbital,Plataforma do Portão C-01,4504219,94,50719,Bork de Assalto Desenfreado
Instalação de Defesa Orbital,Plataforma do Portão C-01,4504211,94,50719,Guerreiro Mecânico C01
Instalação de Defesa Orbital,Túmulo dos Gigantes,4554348,104,13469,Grande Caçador
Instalação de Defesa Orbital,Túmulo dos Gigantes,4504342,106,95519,Guarda do Cemitério Striker
Instalação de Defesa Orbital,Túmulo dos Gigantes,4504341,106,95519,Recon de Guarda do Cemitério
Instalação de Defesa Orbital,Túmulo dos Gigantes,4504349,106,95519,Saqueador de Elite Enfurecido
Instalação de Defesa Orbital,Túmulo dos Gigantes,4504343,106,95519,Vanguarda de Guarda do Cemitério
Zona de Guerra Albern,Ianthe A,376300,99,16775700,Pulverizador do Nether
Zona de Guerra Albern,Ianthe A,376006,106,87919,Ianthe Cão Carmesim
Zona de Guerra Albern,Ianthe A,376014,106,87919,Ianthe Regenerador Carmesim
Zona de Guerra Albern,Ianthe A,376099,106,87919,Lagarto Infectado Selvagem
Zona de Guerra Albern,Ianthe B,376300,99,16775700,Pulverizador do Nether
Zona de Guerra Albern,Ianthe B,376098,102,73919,Estilhaçador Infectado Selvagem
Zona de Guerra Albern,Ianthe B,376013,102,73919,Ianthe Arremessador Carmesim
Zona de Guerra Albern,Ianthe B,376008,102,73919,Ianthe Lambedor
Zona de Guerra Albern,Ianthe B,376007,102,73919,Ianthe Turkan Sniper
Zona de Guerra Albern,Ianthe C,376010,96,55919,Ianthe Saura Sniper
Zona de Guerra Albern,Ianthe C,376011,96,55919,Ianthe Turkan Raider
Zona de Guerra Albern,Ianthe C,376003,96,55919,Ianthe Turkan Tropa Pesada
Zona de Guerra Albern,Ianthe C,376097,96,55919,Pathfinder Desenfreado
Zona de Guerra Albern,Ianthe C,376300,99,16775700,Pulverizador do Nether
Zona de Guerra Albern,Ianthe D,376005,90,38169,Ianthe Guerreiro Nether
Zona de Guerra Albern,Ianthe D,376002,90,38169,Ianthe Malpas Gancho
Zona de Guerra Albern,Ianthe D,376012,90,38169,Ianthe Sentinela Nether
Zona de Guerra Albern,Ianthe D,376004,90,38169,Ianthe Turkan Soldado de Cerco
Zona de Guerra Albern,Ianthe D,376096,90,38169,Junker Desenfreado
Zona de Guerra Albern,Ianthe D,376300,99,16775700,Pulverizador do Nether
Zona de Guerra Albern,Ianthe E,376009,82,23569,Ianthe Malpas Spitter
Zona de Guerra Albern,Ianthe E,376001,82,23569,Ianthe Saura Tropa de Choque
Zona de Guerra Albern,Ianthe E,376095,82,23569,Larva Selvagem
Zona de Guerra Albern,Ianthe E,376300,99,16775700,Pulverizador do Nether
Zona de Guerra Albern,Phero A,376300,99,16775700,Pulverizador do Nether
Zona de Guerra Albern,Phero A,376099,106,87919,Lagarto Infectado Selvagem
Zona de Guerra Albern,Phero A,376206,106,87919,Phero Cão Carmesim
Zona de Guerra Albern,Phero A,376214,106,87919,Regenerador Carmesim Phero
Zona de Guerra Albern,Phero B,376300,99,16775700,Pulverizador do Nether
Zona de Guerra Albern,Phero B,376098,102,73919,Estilhaçador Infectado Selvagem
Zona de Guerra Albern,Phero B,376208,102,73919,Lambedor de Phero
Zona de Guerra Albern,Phero B,376213,102,73919,Phero Arremessador Carmesim
Zona de Guerra Albern,Phero B,376207,102,73919,Sniper Phero Turkan
Zona de Guerra Albern,Phero C,376097,96,55919,Pathfinder Desenfreado
Zona de Guerra Albern,Phero C,376210,96,55919,Phero Saura Sniper
Zona de Guerra Albern,Phero C,376211,96,55919,Phero Turkan Raider
Zona de Guerra Albern,Phero C,376203,96,55919,Soldado Pesado Phero Turkan
Zona de Guerra Albern,Phero C,376300,99,16775700,Pulverizador do Nether
Zona de Guerra Albern,Phero D,376202,90,38169,Gancho Phero Malpas
Zona de Guerra Albern,Phero D,376096,90,38169,Junker Desenfreado
Zona de Guerra Albern,Phero D,376205,90,38169,Phero Guerreiro Nether
Zona de Guerra Albern,Phero D,376212,90,38169,Sentinela Nether Phero
Zona de Guerra Albern,Phero D,376204,90,38169,Tropa de Cerco Phero Turkan
Zona de Guerra Albern,Phero D,376300,99,16775700,Pulverizador do Nether
Zona de Guerra Albern,Phero E,376209,82,23569,Cuspidor Phero Malpas
Zona de Guerra Albern,Phero E,376095,82,23569,Larva Selvagem
Zona de Guerra Albern,Phero E,376201,82,23569,Phero Saura Shocktrooper
Zona de Guerra Albern,Phero E,376300,99,16775700,Pulverizador do Nether
Zona de Guerra Albern,Ponto de Ancoragem,376098,102,73919,Estilhaçador Infectado Selvagem
Zona de Guerra Albern,Ponto de Ancoragem,376054,102,73919,Guerreiro Nether
Zona de Guerra Albern,Ponto de Ancoragem,376055,106,87919,Aniquilador Nether
Zona de Guerra Albern,Ponto de Ancoragem,376099,106,87919,Lagarto Infectado Selvagem
Zona de Guerra Albern,Xanthe A,376300,99,16775700,Pulverizador do Nether
Zona de Guerra Albern,Xanthe A,376106,106,87919,Cão Carmesim Xanthe
Zona de Guerra Albern,Xanthe A,376099,106,87919,Lagarto Infectado Selvagem
Zona de Guerra Albern,Xanthe A,376114,106,87919,Regenerador Carmesim Xanthe
Zona de Guerra Albern,Xanthe B,376300,99,16775700,Pulverizador do Nether
Zona de Guerra Albern,Xanthe B,376113,102,73919,Arremessador Carmesim Xanthe
Zona de Guerra Albern,Xanthe B,376098,102,73919,Estilhaçador Infectado Selvagem
Zona de Guerra Albern,Xanthe B,376108,102,73919,Xanthe Licker
Zona de Guerra Albern,Xanthe B,376107,102,73919,Xanthe Turkan Atirador de Elite
Zona de Guerra Albern,Xanthe C,376097,96,55919,Pathfinder Desenfreado
Zona de Guerra Albern,Xanthe C,376110,96,55919,Xanthe Saura Atirador
Zona de Guerra Albern,Xanthe C,376111,96,55919,Xanthe Turkan Raider
Zona de Guerra Albern,Xanthe C,376103,96,55919,Xanthe Turkan Soldado Pesado
Zona de Guerra Albern,Xanthe C,376300,99,16775700,Pulverizador do Nether
Zona de Guerra Albern,Xanthe D,376102,90,38169,Gancho Xanthe Malpas
Zona de Guerra Albern,Xanthe D,376096,90,38169,Junker Desenfreado
Zona de Guerra Albern,Xanthe D,376112,90,38169,Sentinela Nether Xanthe
Zona de Guerra Albern,Xanthe D,376104,90,38169,Soldado de Cerco Xanthe Turkan
Zona de Guerra Albern,Xanthe D,376105,90,38169,Xanthe Guerreiro Nether
Zona de Guerra Albern,Xanthe D,376300,99,16775700,Pulverizador do Nether
Zona de Guerra Albern,Xanthe E,376095,82,23569,Larva Selvagem
Zona de Guerra Albern,Xanthe E,376109,82,23569,Xanthe Malpas Cuspide
Zona de Guerra Albern,Xanthe E,376101,82,23569,Xanthe Saura Tropas de Choque
Zona de Guerra Albern,Xanthe E,376300,99,16775700,Pulverizador do Nether
Armazém do Papai Noel,Armazém do Papai Noel Nv. 1,3910103,40,477,Arremessador de Bola de Neve
Armazém do Papai Noel,Armazém do Papai Noel Nv. 1,3910113,40,477,Boneco de Neve de Dois Níveis Furioso
Armazém do Papai Noel,Armazém do Papai Noel Nv. 1,3910109,40,477,Boneco de Neve de Terror de Três Camadas
Armazém do Papai Noel,Armazém do Papai Noel Nv. 1,3910106,40,477,Caixa de Presente Fugitiva
Armazém do Papai Noel,Armazém do Papai Noel Nv. 1,3910101,40,477,Caçador de Presentes
Armazém do Papai Noel,Armazém do Papai Noel Nv. 1,3910102,40,477,Caçador Delinquente
Armazém do Papai Noel,Armazém do Papai Noel Nv. 1,3910114,40,477,Decoração de Árvore Ardente
Armazém do Papai Noel,Armazém do Papai Noel Nv. 1,3910108,40,477,Decoração de Árvore Brilhante
Armazém do Papai Noel,Armazém do Papai Noel Nv. 1,3910110,40,477,Decoração de Árvore Furiosa
Armazém do Papai Noel,Armazém do Papai Noel Nv. 1,3910112,40,477,Decoração de Árvore Furiosa
Armazém do Papai Noel,Armazém do Papai Noel Nv. 1,3910111,40,477,Espectador Flem
Armazém do Papai Noel,Armazém do Papai Noel Nv. 1,3910104,40,477,Ladrão de Doces
Armazém do Papai Noel,Armazém do Papai Noel Nv. 1,3910116,40,477,Rena Fugitiva
Armazém do Papai Noel,Armazém do Papai Noel Nv. 1,3910107,40,477,Renas em Greve
Armazém do Papai Noel,Armazém do Papai Noel Nv. 1,3910115,40,477,Vítima Chuti
Armazém do Papai Noel,Armazém do Papai Noel Nv. 1,3910105,40,477,Árvore Excessivamente Próspera
Armazém do Papai Noel,Armazém do Papai Noel Nv. 5,3910503,60,5307,Arremessador de Bola de Neve
Armazém do Papai Noel,Armazém do Papai Noel Nv. 5,3910513,60,5307,Boneco de Neve de Dois Níveis Furioso
Armazém do Papai Noel,Armazém do Papai Noel Nv. 5,3910509,60,5307,Boneco de Neve de Terror de Três Camadas
Armazém do Papai Noel,Armazém do Papai Noel Nv. 5,3910506,60,5307,Caixa de Presente Fugitiva
Armazém do Papai Noel,Armazém do Papai Noel Nv. 5,3910501,60,5307,Caçador de Presentes
Armazém do Papai Noel,Armazém do Papai Noel Nv. 5,3910502,60,5307,Caçador Delinquente
Armazém do Papai Noel,Armazém do Papai Noel Nv. 5,3910514,60,5307,Decoração de Árvore Ardente
Armazém do Papai Noel,Armazém do Papai Noel Nv. 5,3910508,60,5307,Decoração de Árvore Brilhante
Armazém do Papai Noel,Armazém do Papai Noel Nv. 5,3910510,60,5307,Decoração de Árvore Furiosa
Armazém do Papai Noel,Armazém do Papai Noel Nv. 5,3910512,60,5307,Decoração de Árvore Furiosa
Armazém do Papai Noel,Armazém do Papai Noel Nv. 5,3910511,60,5307,Espectador Flem
Armazém do Papai Noel,Armazém do Papai Noel Nv. 5,3910504,60,5307,Ladrão de Doces
Armazém do Papai Noel,Armazém do Papai Noel Nv. 5,3910516,60,5307,Rena Fugitiva
Armazém do Papai Noel,Armazém do Papai Noel Nv. 5,3910507,60,5307,Renas em Greve
Armazém do Papai Noel,Armazém do Papai Noel Nv. 5,3910515,60,5307,Vítima Chuti
Armazém do Papai Noel,Armazém do Papai Noel Nv. 5,3910505,60,5307,Árvore Excessivamente Próspera
Armazém do Papai Noel,Armazém do Papai Noel Nv. 6,3910603,65,10107,Arremessador de Bola de Neve
Armazém do Papai Noel,Armazém do Papai Noel Nv. 6,3910613,65,10107,Boneco de Neve de Dois Níveis Furioso
Armazém do Papai Noel,Armazém do Papai Noel Nv. 6,3910609,65,10107,Boneco de Neve de Terror de Três Camadas
Armazém do Papai Noel,Armazém do Papai Noel Nv. 6,3910606,65,10107,Caixa de Presente Fugitiva
Armazém do Papai Noel,Armazém do Papai Noel Nv. 6,3910601,65,10107,Caçador de Presentes
Armazém do Papai Noel,Armazém do Papai Noel Nv. 6,3910602,65,10107,Caçador Delinquente
Armazém do Papai Noel,Armazém do Papai Noel Nv. 6,3910614,65,10107,Decoração de Árvore Ardente
Armazém do Papai Noel,Armazém do Papai Noel Nv. 6,3910608,65,10107,Decoração de Árvore Brilhante
Armazém do Papai Noel,Armazém do Papai Noel Nv. 6,3910610,65,10107,Decoração de Árvore Furiosa
Armazém do Papai Noel,Armazém do Papai Noel Nv. 6,3910612,65,10107,Decoração de Árvore Furiosa
Armazém do Papai Noel,Armazém do Papai Noel Nv. 6,3910611,65,10107,Espectador Flem
Armazém do Papai Noel,Armazém do Papai Noel Nv. 6,3910604,65,10107,Ladrão de Doces
Armazém do Papai Noel,Armazém do Papai Noel Nv. 6,3910616,65,10107,Rena Fugitiva
Armazém do Papai Noel,Armazém do Papai Noel Nv. 6,3910607,65,10107,Renas em Greve
Armazém do Papai Noel,Armazém do Papai Noel Nv. 6,3910615,65,10107,Vítima Chuti
Armazém do Papai Noel,Armazém do Papai Noel Nv. 6,3910605,65,10107,Árvore Excessivamente Próspera
Armazém do Papai Noel,Armazém do Papai Noel Lv. 7,3910703,70,19707,Arremessador de Bola de Neve
Armazém do Papai Noel,Armazém do Papai Noel Lv. 7,3910713,70,19707,Boneco de Neve de Dois Níveis Furioso
Armazém do Papai Noel,Armazém do Papai Noel Lv. 7,3910709,70,19707,Boneco de Neve de Terror de Três Camadas
Armazém do Papai Noel,Armazém do Papai Noel Lv. 7,3910706,70,19707,Caixa de Presente Fugitiva
Armazém do Papai Noel,Armazém do Papai Noel Lv. 7,3910701,70,19707,Caçador de Presentes
Armazém do Papai Noel,Armazém do Papai Noel Lv. 7,3910702,70,19707,Caçador Delinquente
Armazém do Papai Noel,Armazém do Papai Noel Lv. 7,3910714,70,19707,Decoração de Árvore Ardente
Armazém do Papai Noel,Armazém do Papai Noel Lv. 7,3910708,70,19707,Decoração de Árvore Brilhante
Armazém do Papai Noel,Armazém do Papai Noel Lv. 7,3910710,70,19707,Decoração de Árvore Furiosa
Armazém do Papai Noel,Armazém do Papai Noel Lv. 7,3910712,70,19707,Decoração de Árvore Furiosa
Armazém do Papai Noel,Armazém do Papai Noel Lv. 7,3910711,70,19707,Espectador Flem
Armazém do Papai Noel,Armazém do Papai Noel Lv. 7,3910704,70,19707,Ladrão de Doces
Armazém do Papai Noel,Armazém do Papai Noel Lv. 7,3910716,70,19707,Rena Fugitiva
Armazém do Papai Noel,Armazém do Papai Noel Lv. 7,3910707,70,19707,Renas em Greve
Armazém do Papai Noel,Armazém do Papai Noel Lv. 7,3910715,70,19707,Vítima Chuti
Armazém do Papai Noel,Armazém do Papai Noel Lv. 7,3910705,70,19707,Árvore Excessivamente Próspera
Armazém do Papai Noel,Armazém do Papai Noel Lv. 8,3910803,75,32607,Arremessador de Bola de Neve
Armazém do Papai Noel,Armazém do Papai Noel Lv. 8,3910813,75,32607,Boneco de Neve de Dois Níveis Furioso
Armazém do Papai Noel,Armazém do Papai Noel Lv. 8,3910809,75,32607,Boneco de Neve de Terror de Três Camadas
Armazém do Papai Noel,Armazém do Papai Noel Lv. 8,3910806,75,32607,Caixa de Presente Fugitiva
Armazém do Papai Noel,Armazém do Papai Noel Lv. 8,3910801,75,32607,Caçador de Presentes
Armazém do Papai Noel,Armazém do Papai Noel Lv. 8,3910802,75,32607,Caçador Delinquente
Armazém do Papai Noel,Armazém do Papai Noel Lv. 8,3910814,75,32607,Decoração de Árvore Ardente
Armazém do Papai Noel,Armazém do Papai Noel Lv. 8,3910808,75,32607,Decoração de Árvore Brilhante
Armazém do Papai Noel,Armazém do Papai Noel Lv. 8,3910810,75,32607,Decoração de Árvore Furiosa
Armazém do Papai Noel,Armazém do Papai Noel Lv. 8,3910812,75,32607,Decoração de Árvore Furiosa
Armazém do Papai Noel,Armazém do Papai Noel Lv. 8,3910811,75,32607,Espectador Flem
Armazém do Papai Noel,Armazém do Papai Noel Lv. 8,3910804,75,32607,Ladrão de Doces
Armazém do Papai Noel,Armazém do Papai Noel Lv. 8,3910816,75,32607,Rena Fugitiva
Armazém do Papai Noel,Armazém do Papai Noel Lv. 8,3910807,75,32607,Renas em Greve
Armazém do Papai Noel,Armazém do Papai Noel Lv. 8,3910815,75,32607,Vítima Chuti
Armazém do Papai Noel,Armazém do Papai Noel Lv. 8,3910805,75,32607,Árvore Excessivamente Próspera
Armazém do Papai Noel,Armazém do Papai Noel Lv. 9,3910903,80,52407,Arremessador de Bola de Neve
Armazém do Papai Noel,Armazém do Papai Noel Lv. 9,3910913,80,52407,Boneco de Neve de Dois Níveis Furioso
Armazém do Papai Noel,Armazém do Papai Noel Lv. 9,3910909,80,52407,Boneco de Neve de Terror de Três Camadas
Armazém do Papai Noel,Armazém do Papai Noel Lv. 9,3910906,80,52407,Caixa de Presente Fugitiva
Armazém do Papai Noel,Armazém do Papai Noel Lv. 9,3910901,80,52407,Caçador de Presentes
Armazém do Papai Noel,Armazém do Papai Noel Lv. 9,3910902,80,52407,Caçador Delinquente
Armazém do Papai Noel,Armazém do Papai Noel Lv. 9,3910914,80,52407,Decoração de Árvore Ardente
Armazém do Papai Noel,Armazém do Papai Noel Lv. 9,3910908,80,52407,Decoração de Árvore Brilhante
Armazém do Papai Noel,Armazém do Papai Noel Lv. 9,3910910,80,52407,Decoração de Árvore Furiosa
Armazém do Papai Noel,Armazém do Papai Noel Lv. 9,3910912,80,52407,Decoração de Árvore Furiosa
Armazém do Papai Noel,Armazém do Papai Noel Lv. 9,3910911,80,52407,Espectador Flem
Armazém do Papai Noel,Armazém do Papai Noel Lv. 9,3910904,80,52407,Ladrão de Doces
Armazém do Papai Noel,Armazém do Papai Noel Lv. 9,3910916,80,52407,Rena Fugitiva
Armazém do Papai Noel,Armazém do Papai Noel Lv. 9,3910907,80,52407,Renas em Greve
Armazém do Papai Noel,Armazém do Papai Noel Lv. 9,3910915,80,52407,Vítima Chuti
Armazém do Papai Noel,Armazém do Papai Noel Lv. 9,3910905,80,52407,Árvore Excessivamente Próspera
Armazém do Papai Noel,Armazém do Papai Noel Nv. 10,3911003,85,75657,Arremessador de Bola de Neve
Armazém do Papai Noel,Armazém do Papai Noel Nv. 10,3911013,85,75657,Boneco de Neve de Dois Níveis Furioso
Armazém do Papai Noel,Armazém do Papai Noel Nv. 10,3911009,85,75657,Boneco de Neve de Terror de Três Camadas
Armazém do Papai Noel,Armazém do Papai Noel Nv. 10,3911006,85,75657,Caixa de Presente Fugitiva
Armazém do Papai Noel,Armazém do Papai Noel Nv. 10,3911001,85,75657,Caçador de Presentes
Armazém do Papai Noel,Armazém do Papai Noel Nv. 10,3911002,85,75657,Caçador Delinquente
Armazém do Papai Noel,Armazém do Papai Noel Nv. 10,3911014,85,75657,Decoração de Árvore Ardente
Armazém do Papai Noel,Armazém do Papai Noel Nv. 10,3911008,85,75657,Decoração de Árvore Brilhante
Armazém do Papai Noel,Armazém do Papai Noel Nv. 10,3911010,85,75657,Decoração de Árvore Furiosa
Armazém do Papai Noel,Armazém do Papai Noel Nv. 10,3911012,85,75657,Decoração de Árvore Furiosa
Armazém do Papai Noel,Armazém do Papai Noel Nv. 10,3911011,85,75657,Espectador Flem
Armazém do Papai Noel,Armazém do Papai Noel Nv. 10,3911004,85,75657,Ladrão de Doces
Armazém do Papai Noel,Armazém do Papai Noel Nv. 10,3911016,85,75657,Rena Fugitiva
Armazém do Papai Noel,Armazém do Papai Noel Nv. 10,3911007,85,75657,Renas em Greve
Armazém do Papai Noel,Armazém do Papai Noel Nv. 10,3911015,85,75657,Vítima Chuti
Armazém do Papai Noel,Armazém do Papai Noel Nv. 10,3911005,85,75657,Árvore Excessivamente Próspera
Armazém do Papai Noel,Armazém do Papai Noel Nv. 11,3911103,90,102657,Arremessador de Bola de Neve
Armazém do Papai Noel,Armazém do Papai Noel Nv. 11,3911113,90,102657,Boneco de Neve de Dois Níveis Furioso
Armazém do Papai Noel,Armazém do Papai Noel Nv. 11,3911109,90,102657,Boneco de Neve de Terror de Três Camadas
Armazém do Papai Noel,Armazém do Papai Noel Nv. 11,3911106,90,102657,Caixa de Presente Fugitiva
Armazém do Papai Noel,Armazém do Papai Noel Nv. 11,3911101,90,102657,Caçador de Presentes
Armazém do Papai Noel,Armazém do Papai Noel Nv. 11,3911102,90,102657,Caçador Delinquente
Armazém do Papai Noel,Armazém do Papai Noel Nv. 11,3911114,90,102657,Decoração de Árvore Ardente
Armazém do Papai Noel,Armazém do Papai Noel Nv. 11,3911108,90,102657,Decoração de Árvore Brilhante
Armazém do Papai Noel,Armazém do Papai Noel Nv. 11,3911110,90,102657,Decoração de Árvore Furiosa
Armazém do Papai Noel,Armazém do Papai Noel Nv. 11,3911112,90,102657,Decoração de Árvore Furiosa
Armazém do Papai Noel,Armazém do Papai Noel Nv. 11,3911111,90,102657,Espectador Flem
Armazém do Papai Noel,Armazém do Papai Noel Nv. 11,3911104,90,102657,Ladrão de Doces
Armazém do Papai Noel,Armazém do Papai Noel Nv. 11,3911116,90,102657,Rena Fugitiva
Armazém do Papai Noel,Armazém do Papai Noel Nv. 11,3911107,90,102657,Renas em Greve
Armazém do Papai Noel,Armazém do Papai Noel Nv. 11,3911115,90,102657,Vítima Chuti
Armazém do Papai Noel,Armazém do Papai Noel Nv. 11,3911105,90,102657,Árvore Excessivamente Próspera
Armazém do Papai Noel,Armazém do Papai Noel Lv. 2,3910203,45,1077,Arremessador de Bola de Neve
Armazém do Papai Noel,Armazém do Papai Noel Lv. 2,3910213,45,1077,Boneco de Neve de Dois Níveis Furioso
Armazém do Papai Noel,Armazém do Papai Noel Lv. 2,3910209,45,1077,Boneco de Neve de Terror de Três Camadas
Armazém do Papai Noel,Armazém do Papai Noel Lv. 2,3910206,45,1077,Caixa de Presente Fugitiva
Armazém do Papai Noel,Armazém do Papai Noel Lv. 2,3910201,45,1077,Caçador de Presentes
Armazém do Papai Noel,Armazém do Papai Noel Lv. 2,3910202,45,1077,Caçador Delinquente
Armazém do Papai Noel,Armazém do Papai Noel Lv. 2,3910214,45,1077,Decoração de Árvore Ardente
Armazém do Papai Noel,Armazém do Papai Noel Lv. 2,3910208,45,1077,Decoração de Árvore Brilhante
Armazém do Papai Noel,Armazém do Papai Noel Lv. 2,3910210,45,1077,Decoração de Árvore Furiosa
Armazém do Papai Noel,Armazém do Papai Noel Lv. 2,3910212,45,1077,Decoração de Árvore Furiosa
Armazém do Papai Noel,Armazém do Papai Noel Lv. 2,3910211,45,1077,Espectador Flem
Armazém do Papai Noel,Armazém do Papai Noel Lv. 2,3910204,45,1077,Ladrão de Doces
Armazém do Papai Noel,Armazém do Papai Noel Lv. 2,3910216,45,1077,Rena Fugitiva
Armazém do Papai Noel,Armazém do Papai Noel Lv. 2,3910207,45,1077,Renas em Greve
Armazém do Papai Noel,Armazém do Papai Noel Lv. 2,3910215,45,1077,Vítima Chuti
Armazém do Papai Noel,Armazém do Papai Noel Lv. 2,3910205,45,1077,Árvore Excessivamente Próspera
Armazém do Papai Noel,Armazém do Papai Noel Nv. 3,3910303,50,2337,Arremessador de Bola de Neve
Armazém do Papai Noel,Armazém do Papai Noel Nv. 3,3910313,50,2337,Boneco de Neve de Dois Níveis Furioso
Armazém do Papai Noel,Armazém do Papai Noel Nv. 3,3910309,50,2337,Boneco de Neve de Terror de Três Camadas
Armazém do Papai Noel,Armazém do Papai Noel Nv. 3,3910306,50,2337,Caixa de Presente Fugitiva
Armazém do Papai Noel,Armazém do Papai Noel Nv. 3,3910301,50,2337,Caçador de Presentes
Armazém do Papai Noel,Armazém do Papai Noel Nv. 3,3910302,50,2337,Caçador Delinquente
Armazém do Papai Noel,Armazém do Papai Noel Nv. 3,3910314,50,2337,Decoração de Árvore Ardente
Armazém do Papai Noel,Armazém do Papai Noel Nv. 3,3910308,50,2337,Decoração de Árvore Brilhante
Armazém do Papai Noel,Armazém do Papai Noel Nv. 3,3910310,50,2337,Decoração de Árvore Furiosa
Armazém do Papai Noel,Armazém do Papai Noel Nv. 3,3910312,50,2337,Decoração de Árvore Furiosa
Armazém do Papai Noel,Armazém do Papai Noel Nv. 3,3910311,50,2337,Espectador Flem
Armazém do Papai Noel,Armazém do Papai Noel Nv. 3,3910304,50,2337,Ladrão de Doces
Armazém do Papai Noel,Armazém do Papai Noel Nv. 3,3910316,50,2337,Rena Fugitiva
Armazém do Papai Noel,Armazém do Papai Noel Nv. 3,3910307,50,2337,Renas em Greve
Armazém do Papai Noel,Armazém do Papai Noel Nv. 3,3910315,50,2337,Vítima Chuti
Armazém do Papai Noel,Armazém do Papai Noel Nv. 3,3910305,50,2337,Árvore Excessivamente Próspera
Armazém do Papai Noel,Armazém do Papai Noel Nv. 4,3910403,55,3807,Arremessador de Bola de Neve
Armazém do Papai Noel,Armazém do Papai Noel Nv. 4,3910413,55,3807,Boneco de Neve de Dois Níveis Furioso
Armazém do Papai Noel,Armazém do Papai Noel Nv. 4,3910409,55,3807,Boneco de Neve de Terror de Três Camadas
Armazém do Papai Noel,Armazém do Papai Noel Nv. 4,3910406,55,3807,Caixa de Presente Fugitiva
Armazém do Papai Noel,Armazém do Papai Noel Nv. 4,3910401,55,3807,Caçador de Presentes
Armazém do Papai Noel,Armazém do Papai Noel Nv. 4,3910402,55,3807,Caçador Delinquente
Armazém do Papai Noel,Armazém do Papai Noel Nv. 4,3910414,55,3807,Decoração de Árvore Ardente
Armazém do Papai Noel,Armazém do Papai Noel Nv. 4,3910408,55,3807,Decoração de Árvore Brilhante
Armazém do Papai Noel,Armazém do Papai Noel Nv. 4,3910410,55,3807,Decoração de Árvore Furiosa
Armazém do Papai Noel,Armazém do Papai Noel Nv. 4,3910412,55,3807,Decoração de Árvore Furiosa
Armazém do Papai Noel,Armazém do Papai Noel Nv. 4,3910411,55,3807,Espectador Flem
Armazém do Papai Noel,Armazém do Papai Noel Nv. 4,3910404,55,3807,Ladrão de Doces
Armazém do Papai Noel,Armazém do Papai Noel Nv. 4,3910416,55,3807,Rena Fugitiva
Armazém do Papai Noel,Armazém do Papai Noel Nv. 4,3910407,55,3807,Renas em Greve
Armazém do Papai Noel,Armazém do Papai Noel Nv. 4,3910415,55,3807,Vítima Chuti
Armazém do Papai Noel,Armazém do Papai Noel Nv. 4,3910405,55,3807,Árvore Excessivamente Próspera
Base Nemesis Secreta,Base Secreta Nemesis 1º Andar,340302,45,689,Artilheiro Mecânico
Base Nemesis Secreta,Base Secreta Nemesis 1º Andar,340310,45,689,Bork de Assalto
Base Nemesis Secreta,Base Secreta Nemesis 1º Andar,340309,45,689,Bork Laser
Base Nemesis Secreta,Base Secreta Nemesis 1º Andar,340311,45,689,Controle Bork
Base Nemesis Secreta,Base Secreta Nemesis 1º Andar,340303,45,689,Espadachim Mecânico
Base Nemesis Secreta,Base Secreta Nemesis 1º Andar,340306,45,689,Grande Guerreiro Magnum
Base Nemesis Secreta,Base Secreta Nemesis 1º Andar,340301,45,689,Guerreiro Mecânico
Base Nemesis Secreta,Base Secreta Nemesis 1º Andar,340304,45,689,Mech Ranger
Base Nemesis Secreta,Base Secreta Nemesis 1º Andar,340305,45,689,Sentinela Big Magnum
Base Nemesis Secreta,Base Secreta Nemesis 1º Andar,340332,50,1169,Artilheiro Mecânico
Base Nemesis Secreta,Base Secreta Nemesis 1º Andar,340340,50,1169,Bork de Assalto
Base Nemesis Secreta,Base Secreta Nemesis 1º Andar,340339,50,1169,Bork Laser
Base Nemesis Secreta,Base Secreta Nemesis 1º Andar,340341,50,1169,Controle Bork
Base Nemesis Secreta,Base Secreta Nemesis 1º Andar,340333,50,1169,Espadachim Mecânico
Base Nemesis Secreta,Base Secreta Nemesis 1º Andar,340342,50,1169,Fantasma Enfurecido
Base Nemesis Secreta,Base Secreta Nemesis 1º Andar,340336,50,1169,Grande Guerreiro Magnum
Base Nemesis Secreta,Base Secreta Nemesis 1º Andar,340335,50,1169,Grande Sentinela Magnum
Base Nemesis Secreta,Base Secreta Nemesis 1º Andar,340331,50,1169,Guerreiro Mecânico
Base Nemesis Secreta,Base Secreta Nemesis 1º Andar,340334,50,1169,Mech Ranger
Base Nemesis Secreta,Base Secreta Nemesis 1º Andar,340362,55,1669,Atirador de Mecha
Base Nemesis Secreta,Base Secreta Nemesis 1º Andar,340370,55,1669,Bork de Assalto
Base Nemesis Secreta,Base Secreta Nemesis 1º Andar,340369,55,1669,Bork Laser
Base Nemesis Secreta,Base Secreta Nemesis 1º Andar,340371,55,1669,Controle Bork
Base Nemesis Secreta,Base Secreta Nemesis 1º Andar,340363,55,1669,Espadachim Mecânico
Base Nemesis Secreta,Base Secreta Nemesis 1º Andar,340372,55,1669,Fantasma Enfurecido
Base Nemesis Secreta,Base Secreta Nemesis 1º Andar,340366,55,1669,Grande Guerreiro Magnum
Base Nemesis Secreta,Base Secreta Nemesis 1º Andar,340361,55,1669,Guerreiro Mech
Base Nemesis Secreta,Base Secreta Nemesis 1º Andar,340364,55,1669,Mech Ranger
Base Nemesis Secreta,Base Secreta Nemesis 1º Andar,340365,55,1669,Sentinela Big Magnum
Base Nemesis Secreta,Base Secreta Nemesis 2º Andar,340402,60,2869,Artilheiro Mecânico
Base Nemesis Secreta,Base Secreta Nemesis 2º Andar,340408,60,2869,Comandante Artilheiro
Base Nemesis Secreta,Base Secreta Nemesis 2º Andar,340407,60,2869,Comandante da Espada
Base Nemesis Secreta,Base Secreta Nemesis 2º Andar,340403,60,2869,Espadachim Mecânico
Base Nemesis Secreta,Base Secreta Nemesis 2º Andar,340412,60,2869,Fantasma Enfurecido
Base Nemesis Secreta,Base Secreta Nemesis 2º Andar,340406,60,2869,Grande Guerreiro Magnum
Base Nemesis Secreta,Base Secreta Nemesis 2º Andar,340405,60,2869,Grande Sentinela Magnum
Base Nemesis Secreta,Base Secreta Nemesis 2º Andar,340401,60,2869,Guerreiro Mecânico
Base Nemesis Secreta,Base Secreta Nemesis 2º Andar,340404,60,2869,Mech Ranger
Base Nemesis Secreta,Base Secreta Nemesis 2º Andar,340410,60,2869,Mula Armada
Base Nemesis Secreta,Base Secreta Nemesis 2º Andar,340432,64,5169,Atirador Mecânico
Base Nemesis Secreta,Base Secreta Nemesis 2º Andar,340438,64,5169,Comandante Artilheiro
Base Nemesis Secreta,Base Secreta Nemesis 2º Andar,340437,64,5169,Comandante da Espada
Base Nemesis Secreta,Base Secreta Nemesis 2º Andar,340433,64,5169,Espadachim Mecânico
Base Nemesis Secreta,Base Secreta Nemesis 2º Andar,340442,64,5169,Fantasma Enfurecido
Base Nemesis Secreta,Base Secreta Nemesis 2º Andar,340436,64,5169,Grande Guerreiro Magnum
Base Nemesis Secreta,Base Secreta Nemesis 2º Andar,340431,64,5169,Guerreiro Mecânico
Base Nemesis Secreta,Base Secreta Nemesis 2º Andar,340434,64,5169,Mech Ranger
Base Nemesis Secreta,Base Secreta Nemesis 2º Andar,340440,64,5169,Mula Armada
Base Nemesis Secreta,Base Secreta Nemesis 2º Andar,340441,64,5169,Passador Delta
Base Nemesis Secreta,Base Secreta Nemesis 2º Andar,340439,64,5169,Passer Alpha
Base Nemesis Secreta,Base Secreta Nemesis 2º Andar,340435,64,5169,Sentinela Big Magnum
Base Nemesis Secreta,Base Secreta Nemesis 2º Andar,340462,68,8069,Atirador de Mechas
Base Nemesis Secreta,Base Secreta Nemesis 2º Andar,340468,68,8069,Comandante Artilheiro
Base Nemesis Secreta,Base Secreta Nemesis 2º Andar,340467,68,8069,Comandante de Espada
Base Nemesis Secreta,Base Secreta Nemesis 2º Andar,340463,68,8069,Espadachim Mecânico
Base Nemesis Secreta,Base Secreta Nemesis 2º Andar,340472,68,8069,Fantasma Enfurecido
Base Nemesis Secreta,Base Secreta Nemesis 2º Andar,340466,68,8069,Grande Guerreiro Magnum
Base Nemesis Secreta,Base Secreta Nemesis 2º Andar,340465,68,8069,Grande Sentinela Magnum
Base Nemesis Secreta,Base Secreta Nemesis 2º Andar,340461,68,8069,Guerreiro Mecânico
Base Nemesis Secreta,Base Secreta Nemesis 2º Andar,340464,68,8069,Mech Ranger
Base Nemesis Secreta,Base Secreta Nemesis 2º Andar,340470,68,8069,Mula Armada
Base Nemesis Secreta,Base Secreta Nemesis 2º Andar,340471,68,8069,Passador Delta
Base Nemesis Secreta,Base Secreta Nemesis 2º Andar,340469,68,8069,Passer Alpha
Base Nemesis Secreta,Base Secreta Nemesis 3º Andar,340502,72,12169,Artilheiro Mecânico
Base Nemesis Secreta,Base Secreta Nemesis 3º Andar,340503,72,12169,Espadachim Mecânico
Base Nemesis Secreta,Base Secreta Nemesis 3º Andar,340513,72,12169,Fantasma Enfurecido
Base Nemesis Secreta,Base Secreta Nemesis 3º Andar,340506,72,12169,Grande Guerreiro Magnum
Base Nemesis Secreta,Base Secreta Nemesis 3º Andar,340505,72,12169,Grande Sentinela Magnum
Base Nemesis Secreta,Base Secreta Nemesis 3º Andar,340507,72,12169,Guerreiro Crawler
Base Nemesis Secreta,Base Secreta Nemesis 3º Andar,340501,72,12169,Guerreiro Mecânico
Base Nemesis Secreta,Base Secreta Nemesis 3º Andar,340504,72,12169,Mech Ranger
Base Nemesis Secreta,Base Secreta Nemesis 3º Andar,340509,72,12169,Recon
Base Nemesis Secreta,Base Secreta Nemesis 3º Andar,340508,72,12169,Sentinela Crawler
Base Nemesis Secreta,Base Secreta Nemesis 3º Andar,340510,72,12169,Striker
Base Nemesis Secreta,Base Secreta Nemesis 3º Andar,340511,72,12169,Vanguarda
Base Nemesis Secreta,Base Secreta Nemesis 3º Andar,340532,75,16069,Atirador Mecânico
Base Nemesis Secreta,Base Secreta Nemesis 3º Andar,340533,75,16069,Espadachim Mecânico
Base Nemesis Secreta,Base Secreta Nemesis 3º Andar,340543,75,16069,Fantasma Enfurecido
Base Nemesis Secreta,Base Secreta Nemesis 3º Andar,340537,75,16069,Guerreiro Crawler
Base Nemesis Secreta,Base Secreta Nemesis 3º Andar,340531,75,16069,Guerreiro Mech
Base Nemesis Secreta,Base Secreta Nemesis 3º Andar,340534,75,16069,Ranger Mecânico
Base Nemesis Secreta,Base Secreta Nemesis 3º Andar,340539,75,16069,Recon
Base Nemesis Secreta,Base Secreta Nemesis 3º Andar,340538,75,16069,Sentinela Crawler
Base Nemesis Secreta,Base Secreta Nemesis 3º Andar,340540,75,16069,Striker
Base Nemesis Secreta,Base Secreta Nemesis 3º Andar,340541,75,16069,Vanguarda
Base Nemesis Secreta,Base Secreta Nemesis 3º Andar,340562,78,20419,Artilheiro Mecânico
Base Nemesis Secreta,Base Secreta Nemesis 3º Andar,340563,78,20419,Espadachim Mecânico
Base Nemesis Secreta,Base Secreta Nemesis 3º Andar,340572,78,20419,Fantasma Enfurecido
Base Nemesis Secreta,Base Secreta Nemesis 3º Andar,340566,78,20419,Grande Guerreiro Magnum
Base Nemesis Secreta,Base Secreta Nemesis 3º Andar,340567,78,20419,Guerreiro Crawler
Base Nemesis Secreta,Base Secreta Nemesis 3º Andar,340561,78,20419,Guerreiro Mech
Base Nemesis Secreta,Base Secreta Nemesis 3º Andar,340564,78,20419,Mech Ranger
Base Nemesis Secreta,Base Secreta Nemesis 3º Andar,340569,78,20419,Recon
Base Nemesis Secreta,Base Secreta Nemesis 3º Andar,340565,78,20419,Sentinela Big Magnum
Base Nemesis Secreta,Base Secreta Nemesis 3º Andar,340568,78,20419,Sentinela Crawler
Base Nemesis Secreta,Base Secreta Nemesis 3º Andar,340570,78,20419,Striker
Base Nemesis Secreta,Base Secreta Nemesis 3º Andar,340571,78,20419,Vanguarda
Base Nemesis Secreta,Base Secreta Nemesis 4F,340602,82,26919,Atirador de Mecha
Base Nemesis Secreta,Base Secreta Nemesis 4F,340603,82,26919,Espadachim Mecânico
Base Nemesis Secreta,Base Secreta Nemesis 4F,340612,82,26919,Fantasma Enfurecido
Base Nemesis Secreta,Base Secreta Nemesis 4F,340606,82,26919,Grande Guerreiro Magnum
Base Nemesis Secreta,Base Secreta Nemesis 4F,340601,82,26919,Guerreiro Mech
Base Nemesis Secreta,Base Secreta Nemesis 4F,340610,82,26919,Guerreiro Soma
Base Nemesis Secreta,Base Secreta Nemesis 4F,340611,82,26919,Mago Soma
Base Nemesis Secreta,Base Secreta Nemesis 4F,340604,82,26919,Mech Ranger
Base Nemesis Secreta,Base Secreta Nemesis 4F,340607,82,26919,Médico Lydian
Base Nemesis Secreta,Base Secreta Nemesis 4F,340608,82,26919,Portuário Lydian
Base Nemesis Secreta,Base Secreta Nemesis 4F,340609,82,26919,Ranger Soma
Base Nemesis Secreta,Base Secreta Nemesis 4F,340605,82,26919,Sentinela Big Magnum
Base Nemesis Secreta,Base Secreta Nemesis 4F,340632,86,34219,Atirador Mecânico
Base Nemesis Secreta,Base Secreta Nemesis 4F,340633,86,34219,Espadachim Mecânico
Base Nemesis Secreta,Base Secreta Nemesis 4F,340642,86,34219,Fantasma Enfurecido
Base Nemesis Secreta,Base Secreta Nemesis 4F,340636,86,34219,Grande Guerreiro Magnum
Base Nemesis Secreta,Base Secreta Nemesis 4F,340635,86,34219,Grande Sentinela Magnum
Base Nemesis Secreta,Base Secreta Nemesis 4F,340631,86,34219,Guerreiro Mecânico
Base Nemesis Secreta,Base Secreta Nemesis 4F,340640,86,34219,Guerreiro Soma
Base Nemesis Secreta,Base Secreta Nemesis 4F,340641,86,34219,Mago Soma
Base Nemesis Secreta,Base Secreta Nemesis 4F,340634,86,34219,Mech Ranger
Base Nemesis Secreta,Base Secreta Nemesis 4F,340637,86,34219,Médico Lydian
Base Nemesis Secreta,Base Secreta Nemesis 4F,340638,86,34219,Portuário Lydian
Base Nemesis Secreta,Base Secreta Nemesis 4F,340639,86,34219,Ranger Soma
Base Nemesis Secreta,Base Secreta Nemesis 4F,340662,90,42319,Artilheiro Mecânico
Base Nemesis Secreta,Base Secreta Nemesis 4F,340663,90,42319,Espadachim Mecânico
Base Nemesis Secreta,Base Secreta Nemesis 4F,340672,90,42319,Fantasma Enfurecido
Base Nemesis Secreta,Base Secreta Nemesis 4F,340666,90,42319,Grande Guerreiro Magnum
Base Nemesis Secreta,Base Secreta Nemesis 4F,340665,90,42319,Grande Sentinela Magnum
Base Nemesis Secreta,Base Secreta Nemesis 4F,340661,90,42319,Guerreiro Mecânico
Base Nemesis Secreta,Base Secreta Nemesis 4F,340670,90,42319,Guerreiro Soma
Base Nemesis Secreta,Base Secreta Nemesis 4F,340671,90,42319,Mago Soma
Base Nemesis Secreta,Base Secreta Nemesis 4F,340664,90,42319,Mech Ranger
Base Nemesis Secreta,Base Secreta Nemesis 4F,340667,90,42319,Médico Lydian
Base Nemesis Secreta,Base Secreta Nemesis 4F,340668,90,42319,Portuário Lydian
Base Nemesis Secreta,Base Secreta Nemesis 4F,340669,90,42319,Ranger Soma
Base Nemesis Secreta,Base Secreta Nemesis 5F,340702,95,58669,Artilheiro Mecânico
Base Nemesis Secreta,Base Secreta Nemesis 5F,340706,95,58669,Bork de Assalto
Base Nemesis Secreta,Base Secreta Nemesis 5F,340705,95,58669,Controle Bork
Base Nemesis Secreta,Base Secreta Nemesis 5F,340703,95,58669,Espadachim Mecânico
Base Nemesis Secreta,Base Secreta Nemesis 5F,340712,95,58669,Fantasma Enfurecido
Base Nemesis Secreta,Base Secreta Nemesis 5F,340701,95,58669,Guerreiro Mecânico
Base Nemesis Secreta,Base Secreta Nemesis 5F,340710,95,58669,Guerreiro Soma
Base Nemesis Secreta,Base Secreta Nemesis 5F,340704,95,58669,Mech Ranger
Base Nemesis Secreta,Base Secreta Nemesis 5F,340707,95,58669,Médico Lydian
Base Nemesis Secreta,Base Secreta Nemesis 5F,340708,95,58669,Portuário Lydian
Base Nemesis Secreta,Base Secreta Nemesis 5F,340709,95,58669,Ranger Soma
Base Nemesis Secreta,Base Secreta Nemesis 5F,340711,95,58669,Sniffer
Base Nemesis Secreta,Base Secreta Nemesis 5F,340732,100,80869,Atirador de Mecha
Base Nemesis Secreta,Base Secreta Nemesis 5F,340736,100,80869,Bork de Assalto
Base Nemesis Secreta,Base Secreta Nemesis 5F,340735,100,80869,Controle Bork
Base Nemesis Secreta,Base Secreta Nemesis 5F,340733,100,80869,Espadachim Mecânico
Base Nemesis Secreta,Base Secreta Nemesis 5F,340742,100,80869,Fantasma Enfurecido
Base Nemesis Secreta,Base Secreta Nemesis 5F,340731,100,80869,Guerreiro Mecânico
Base Nemesis Secreta,Base Secreta Nemesis 5F,340740,100,80869,Guerreiro Soma
Base Nemesis Secreta,Base Secreta Nemesis 5F,340741,100,80869,Mago Soma
Base Nemesis Secreta,Base Secreta Nemesis 5F,340734,100,80869,Mech Ranger
Base Nemesis Secreta,Base Secreta Nemesis 5F,340737,100,80869,Médico Lydian
Base Nemesis Secreta,Base Secreta Nemesis 5F,340738,100,80869,Portuário Lydian
Base Nemesis Secreta,Base Secreta Nemesis 5F,340739,100,80869,Sniffer
Base Nemesis Secreta,Base Secreta Nemesis 5F,340762,105,109669,Atirador de Mecha
Base Nemesis Secreta,Base Secreta Nemesis 5F,340763,105,109669,Espadachim Mecânico
Base Nemesis Secreta,Base Secreta Nemesis 5F,340772,105,109669,Fantasma Enfurecido
Base Nemesis Secreta,Base Secreta Nemesis 5F,340761,105,109669,Guerreiro Mecânico
Base Nemesis Secreta,Base Secreta Nemesis 5F,340766,105,109669,Junker
Base Nemesis Secreta,Base Secreta Nemesis 5F,340764,105,109669,Mech Ranger
Base Nemesis Secreta,Base Secreta Nemesis 5F,340767,105,109669,Médico Lydian
Base Nemesis Secreta,Base Secreta Nemesis 5F,340765,105,109669,Passer Alpha
Base Nemesis Secreta,Base Secreta Nemesis 5F,340768,105,109669,Portuário Lydian
Base Nemesis Secreta,Base Secreta Nemesis 5F,340769,105,109669,Recon
Base Nemesis Secreta,Base Secreta Nemesis 5F,340771,105,109669,Striker
Base Nemesis Secreta,Base Secreta Nemesis 5F,340770,105,109669,Vanguarda
Campo de Mineração Exclusivo,Campo de Mineração Exclusivo 1F,361013,60,2869,Fantasma do Pesadelo
Campo de Mineração Exclusivo,Campo de Mineração Exclusivo 1F,361002,60,2869,Gafftail de Mina
Campo de Mineração Exclusivo,Campo de Mineração Exclusivo 1F,361004,60,2869,Minar Grumble Oul
Campo de Mineração Exclusivo,Campo de Mineração Exclusivo 1F,361003,60,2869,Minar Scud Pesado
Campo de Mineração Exclusivo,Campo de Mineração Exclusivo 1F,361001,60,2869,Minar Silex
Campo de Mineração Exclusivo,Campo de Mineração Exclusivo 1F,361009,70,9669,Buscador da Pedra Sagrada
Campo de Mineração Exclusivo,Campo de Mineração Exclusivo 1F,361012,70,9669,Fantasma Blindado de Pesadelo
Campo de Mineração Exclusivo,Campo de Mineração Exclusivo 1F,361008,70,9669,Guardião da Pedra Sagrada
Campo de Mineração Exclusivo,Campo de Mineração Exclusivo 1F,361007,70,9669,Mina Clod
Campo de Mineração Exclusivo,Campo de Mineração Exclusivo 1F,361005,70,9669,Minar Grumble
Campo de Mineração Exclusivo,Campo de Mineração Exclusivo 1F,361006,70,9669,Minha Arghol
Campo de Mineração Exclusivo,Campo de Mineração Exclusivo 1F,361010,70,9669,Purificador da Pedra Sagrada
Campo de Mineração Exclusivo,Campo de Mineração Exclusivo 2F,363005,82,26919,Fantasma do Pesadelo
Campo de Mineração Exclusivo,Campo de Mineração Exclusivo 2F,363002,82,26919,Gafftail de Mina
Campo de Mineração Exclusivo,Campo de Mineração Exclusivo 2F,363004,82,26919,Minar Grumble Oul
Campo de Mineração Exclusivo,Campo de Mineração Exclusivo 2F,363003,82,26919,Minar Scud Pesado
Campo de Mineração Exclusivo,Campo de Mineração Exclusivo 2F,363001,82,26919,Minar Silex
Campo de Mineração Exclusivo,Campo de Mineração Exclusivo 2F,363015,90,42319,Buscador da Pedra Sagrada
Campo de Mineração Exclusivo,Campo de Mineração Exclusivo 2F,363017,90,42319,Fantasma Blindado de Pesadelo
Campo de Mineração Exclusivo,Campo de Mineração Exclusivo 2F,363014,90,42319,Guardião da Pedra Sagrada
Campo de Mineração Exclusivo,Campo de Mineração Exclusivo 2F,363013,90,42319,Mina Clod
Campo de Mineração Exclusivo,Campo de Mineração Exclusivo 2F,363011,90,42319,Minar Grumble
Campo de Mineração Exclusivo,Campo de Mineração Exclusivo 2F,363012,90,42319,Minas Arghol
Campo de Mineração Exclusivo,Campo de Mineração Exclusivo 2F,363016,90,42319,Purificador da Pedra Sagrada
Campo de Mineração Exclusivo,Campo de Mineração Exclusivo 3F,3460305,95,58669,Fantasma do Pesadelo
Campo de Mineração Exclusivo,Campo de Mineração Exclusivo 3F,3460302,95,58669,Gafftail de Mina
Campo de Mineração Exclusivo,Campo de Mineração Exclusivo 3F,3460304,95,58669,Minar Grumble Oul
Campo de Mineração Exclusivo,Campo de Mineração Exclusivo 3F,3460303,95,58669,Minar Scud Pesado
Campo de Mineração Exclusivo,Campo de Mineração Exclusivo 3F,3460301,95,58669,Minar Silex
Campo de Mineração Exclusivo,Campo de Mineração Exclusivo 3F,3460310,105,109669,Buscador da Pedra Sagrada
Campo de Mineração Exclusivo,Campo de Mineração Exclusivo 3F,3460312,105,109669,Fantasma Blindado de Pesadelo
Campo de Mineração Exclusivo,Campo de Mineração Exclusivo 3F,3460309,105,109669,Guardião da Pedra Sagrada
Campo de Mineração Exclusivo,Campo de Mineração Exclusivo 3F,3460308,105,109669,Mina Clod
Campo de Mineração Exclusivo,Campo de Mineração Exclusivo 3F,3460306,105,109669,Minar Grumble
Campo de Mineração Exclusivo,Campo de Mineração Exclusivo 3F,3460307,105,109669,Minas Arghol
Campo de Mineração Exclusivo,Campo de Mineração Exclusivo 3F,3460311,105,109669,Purificador da Pedra Sagrada
Campo de Mineração Público,Campo de Mineração Público 1º Andar,361106,50,1169,Estação de Classificação Arghol
Campo de Mineração Público,Campo de Mineração Público 1º Andar,361110,50,1169,Estação de Classificação Buscador da Pedra Sagrada
Campo de Mineração Público,Campo de Mineração Público 1º Andar,361107,50,1169,Estação de Classificação Clod
Campo de Mineração Público,Campo de Mineração Público 1º Andar,361102,50,1169,Estação de Classificação Gafftail
Campo de Mineração Público,Campo de Mineração Público 1º Andar,361104,50,1169,Estação de Classificação Grumble
Campo de Mineração Público,Campo de Mineração Público 1º Andar,361105,50,1169,Estação de Classificação Grumble Oul
Campo de Mineração Público,Campo de Mineração Público 1º Andar,361108,50,1169,Estação de Classificação Guardião da Pedra Sagrada
Campo de Mineração Público,Campo de Mineração Público 1º Andar,361111,50,1169,Estação de Classificação Purificador da Pedra Sagrada
Campo de Mineração Público,Campo de Mineração Público 1º Andar,361101,50,1169,Estação de Classificação Silex
Campo de Mineração Público,Campo de Mineração Público 1º Andar,361103,50,1169,Estação de Triagem Scud Pesado
Campo de Mineração Público,Campo de Mineração Público 1º Andar,361109,50,1169,Fantasma do Pesadelo
Campo de Mineração Público,Campo de Mineração Público 1º Andar,361139,54,1569,Fantasma do Pesadelo
Campo de Mineração Público,Campo de Mineração Público 1º Andar,361136,54,1569,Refinaria Arghol
Campo de Mineração Público,Campo de Mineração Público 1º Andar,361140,54,1569,Refinaria Buscador da Pedra Sagrada
Campo de Mineração Público,Campo de Mineração Público 1º Andar,361132,54,1569,Refinaria Gafftail
Campo de Mineração Público,Campo de Mineração Público 1º Andar,361134,54,1569,Refinaria Grumble
Campo de Mineração Público,Campo de Mineração Público 1º Andar,361135,54,1569,Refinaria Grumble Oul
Campo de Mineração Público,Campo de Mineração Público 1º Andar,361138,54,1569,Refinaria Guardião da Pedra Sagrada
Campo de Mineração Público,Campo de Mineração Público 1º Andar,361141,54,1569,Refinaria Purificador da Pedra Sagrada
Campo de Mineração Público,Campo de Mineração Público 1º Andar,361133,54,1569,Refinaria Scud Pesado
Campo de Mineração Público,Campo de Mineração Público 1º Andar,361131,54,1569,Refinaria Silex
Campo de Mineração Público,Campo de Mineração Público 1º Andar,361137,54,1569,Torrão de Refinaria
Campo de Mineração Público,Campo de Mineração Público 1º Andar,361169,58,2169,Fantasma do Pesadelo
Campo de Mineração Público,Campo de Mineração Público 1º Andar,361166,58,2169,Fundidor Arghol
Campo de Mineração Público,Campo de Mineração Público 1º Andar,361170,58,2169,Fundidor Buscador da Pedra Sagrada
Campo de Mineração Público,Campo de Mineração Público 1º Andar,361164,58,2169,Fundidor Grumble
Campo de Mineração Público,Campo de Mineração Público 1º Andar,361165,58,2169,Fundidor Grumble Oul
Campo de Mineração Público,Campo de Mineração Público 1º Andar,361168,58,2169,Fundidor Guardião da Pedra Sagrada
Campo de Mineração Público,Campo de Mineração Público 1º Andar,361171,58,2169,Fundidor Purificador da Pedra Sagrada
Campo de Mineração Público,Campo de Mineração Público 1º Andar,361162,58,2169,Gafftail de Fundição
Campo de Mineração Público,Campo de Mineração Público 1º Andar,361163,58,2169,Scud Pesado de Fundição
Campo de Mineração Público,Campo de Mineração Público 1º Andar,361161,58,2169,Silex de Fundição
Campo de Mineração Público,Campo de Mineração Público 1º Andar,361167,58,2169,Torrão de Fundição
Campo de Mineração Público,Campo de Mineração Público 2º Andar,361206,62,3969,Estação de Classificação Arghol
Campo de Mineração Público,Campo de Mineração Público 2º Andar,361208,62,3969,Estação de Classificação Buscador da Pedra Sagrada
Campo de Mineração Público,Campo de Mineração Público 2º Andar,361207,62,3969,Estação de Classificação Clod
Campo de Mineração Público,Campo de Mineração Público 2º Andar,361202,62,3969,Estação de Classificação Gafftail
Campo de Mineração Público,Campo de Mineração Público 2º Andar,361204,62,3969,Estação de Classificação Grumble
Campo de Mineração Público,Campo de Mineração Público 2º Andar,361205,62,3969,Estação de Classificação Grumble Oul
Campo de Mineração Público,Campo de Mineração Público 2º Andar,361210,62,3969,Estação de Classificação Guardião da Pedra Sagrada
Campo de Mineração Público,Campo de Mineração Público 2º Andar,361211,62,3969,Estação de Classificação Purificador da Pedra Sagrada
Campo de Mineração Público,Campo de Mineração Público 2º Andar,361201,62,3969,Estação de Classificação Silex
Campo de Mineração Público,Campo de Mineração Público 2º Andar,361203,62,3969,Estação de Triagem Scud Pesado
Campo de Mineração Público,Campo de Mineração Público 2º Andar,361209,62,3969,Fantasma do Pesadelo
Campo de Mineração Público,Campo de Mineração Público 2º Andar,361239,66,6569,Fantasma do Pesadelo
Campo de Mineração Público,Campo de Mineração Público 2º Andar,361236,66,6569,Refinaria Arghol
Campo de Mineração Público,Campo de Mineração Público 2º Andar,361238,66,6569,Refinaria Buscador da Pedra Sagrada
Campo de Mineração Público,Campo de Mineração Público 2º Andar,361232,66,6569,Refinaria Gafftail
Campo de Mineração Público,Campo de Mineração Público 2º Andar,361234,66,6569,Refinaria Grumble
Campo de Mineração Público,Campo de Mineração Público 2º Andar,361235,66,6569,Refinaria Grumble Oul
Campo de Mineração Público,Campo de Mineração Público 2º Andar,361240,66,6569,Refinaria Guardião da Pedra Sagrada
Campo de Mineração Público,Campo de Mineração Público 2º Andar,361241,66,6569,Refinaria Purificador da Pedra Sagrada
Campo de Mineração Público,Campo de Mineração Público 2º Andar,361233,66,6569,Refinaria Scud Pesado
Campo de Mineração Público,Campo de Mineração Público 2º Andar,361231,66,6569,Refinaria Silex
Campo de Mineração Público,Campo de Mineração Público 2º Andar,361237,66,6569,Torrão de Refinaria
Campo de Mineração Público,Campo de Mineração Público 2º Andar,361269,70,9669,Fantasma do Pesadelo
Campo de Mineração Público,Campo de Mineração Público 2º Andar,361266,70,9669,Fundidor Arghol
Campo de Mineração Público,Campo de Mineração Público 2º Andar,361268,70,9669,Fundidor Buscador da Pedra Sagrada
Campo de Mineração Público,Campo de Mineração Público 2º Andar,361265,70,9669,Fundidor Grumble Oul
Campo de Mineração Público,Campo de Mineração Público 2º Andar,361270,70,9669,Fundidor Guardião da Pedra Sagrada
Campo de Mineração Público,Campo de Mineração Público 2º Andar,361271,70,9669,Fundidor Purificador da Pedra Sagrada
Campo de Mineração Público,Campo de Mineração Público 2º Andar,361264,70,9669,Fundição Grumble
Campo de Mineração Público,Campo de Mineração Público 2º Andar,361262,70,9669,Gafftail de Fundição
Campo de Mineração Público,Campo de Mineração Público 2º Andar,361263,70,9669,Scud Pesado de Fundição
Campo de Mineração Público,Campo de Mineração Público 2º Andar,361261,70,9669,Silex de Fundição
Campo de Mineração Público,Campo de Mineração Público 2º Andar,361267,70,9669,Smelter Clod
Campo de Mineração Público,Campo de Mineração Público 3º Andar,361306,74,14769,Estação de Classificação Arghol
Campo de Mineração Público,Campo de Mineração Público 3º Andar,361312,74,14769,Estação de Classificação Buscador da Pedra Sagrada
Campo de Mineração Público,Campo de Mineração Público 3º Andar,361307,74,14769,Estação de Classificação Clod
Campo de Mineração Público,Campo de Mineração Público 3º Andar,361302,74,14769,Estação de Classificação Gafftail
Campo de Mineração Público,Campo de Mineração Público 3º Andar,361304,74,14769,Estação de Classificação Grumble
Campo de Mineração Público,Campo de Mineração Público 3º Andar,361305,74,14769,Estação de Classificação Grumble Oul
Campo de Mineração Público,Campo de Mineração Público 3º Andar,361311,74,14769,Estação de Classificação Guardião da Pedra Sagrada
Campo de Mineração Público,Campo de Mineração Público 3º Andar,361308,74,14769,Estação de Classificação Purificador da Pedra Sagrada
Campo de Mineração Público,Campo de Mineração Público 3º Andar,361301,74,14769,Estação de Classificação Silex
Campo de Mineração Público,Campo de Mineração Público 3º Andar,361303,74,14769,Estação de Triagem Scud Pesado
Campo de Mineração Público,Campo de Mineração Público 3º Andar,361310,74,14769,Fantasma do Pesadelo
Campo de Mineração Público,Campo de Mineração Público 3º Andar,361340,77,18919,Fantasma do Pesadelo
Campo de Mineração Público,Campo de Mineração Público 3º Andar,361332,77,18919,Gafftail da Refinaria
Campo de Mineração Público,Campo de Mineração Público 3º Andar,361336,77,18919,Refinaria Arghol
Campo de Mineração Público,Campo de Mineração Público 3º Andar,361342,77,18919,Refinaria Buscador da Pedra Sagrada
Campo de Mineração Público,Campo de Mineração Público 3º Andar,361334,77,18919,Refinaria Grumble
Campo de Mineração Público,Campo de Mineração Público 3º Andar,361335,77,18919,Refinaria Grumble Oul
Campo de Mineração Público,Campo de Mineração Público 3º Andar,361341,77,18919,Refinaria Guardião da Pedra Sagrada
Campo de Mineração Público,Campo de Mineração Público 3º Andar,361338,77,18919,Refinaria Purificador da Pedra Sagrada
Campo de Mineração Público,Campo de Mineração Público 3º Andar,361331,77,18919,Refinaria Silex
Campo de Mineração Público,Campo de Mineração Público 3º Andar,361333,77,18919,Scud Pesado da Refinaria
Campo de Mineração Público,Campo de Mineração Público 3º Andar,361337,77,18919,Torrão de Refinaria
Campo de Mineração Público,Campo de Mineração Público 3º Andar,361370,80,23569,Fantasma do Pesadelo
Campo de Mineração Público,Campo de Mineração Público 3º Andar,361366,80,23569,Fundidor Arghol
Campo de Mineração Público,Campo de Mineração Público 3º Andar,361372,80,23569,Fundidor Buscador da Pedra Sagrada
Campo de Mineração Público,Campo de Mineração Público 3º Andar,361364,80,23569,Fundidor Grumble
Campo de Mineração Público,Campo de Mineração Público 3º Andar,361365,80,23569,Fundidor Grumble Oul
Campo de Mineração Público,Campo de Mineração Público 3º Andar,361371,80,23569,Fundidor Guardião da Pedra Sagrada
Campo de Mineração Público,Campo de Mineração Público 3º Andar,361368,80,23569,Fundidor Purificador da Pedra Sagrada
Campo de Mineração Público,Campo de Mineração Público 3º Andar,361362,80,23569,Gafftail de Fundição
Campo de Mineração Público,Campo de Mineração Público 3º Andar,361363,80,23569,Scud Pesado de Fundição
Campo de Mineração Público,Campo de Mineração Público 3º Andar,361361,80,23569,Silex de Fundição
Campo de Mineração Público,Campo de Mineração Público 3º Andar,361367,80,23569,Torrão de Fundição
Campo de Mineração Público,Campo de Mineração Público 4F,362006,84,30469,Estação de Classificação Arghol
Campo de Mineração Público,Campo de Mineração Público 4F,362010,84,30469,Estação de Classificação Buscador da Pedra Sagrada
Campo de Mineração Público,Campo de Mineração Público 4F,362007,84,30469,Estação de Classificação Clod
Campo de Mineração Público,Campo de Mineração Público 4F,362002,84,30469,Estação de Classificação Gafftail
Campo de Mineração Público,Campo de Mineração Público 4F,362004,84,30469,Estação de Classificação Grumble
Campo de Mineração Público,Campo de Mineração Público 4F,362005,84,30469,Estação de Classificação Grumble Oul
Campo de Mineração Público,Campo de Mineração Público 4F,362009,84,30469,Estação de Classificação Guardião da Pedra Sagrada
Campo de Mineração Público,Campo de Mineração Público 4F,362008,84,30469,Estação de Classificação Purificador da Pedra Sagrada
Campo de Mineração Público,Campo de Mineração Público 4F,362003,84,30469,Estação de Classificação Scud Pesado
Campo de Mineração Público,Campo de Mineração Público 4F,362001,84,30469,Estação de Classificação Silex
Campo de Mineração Público,Campo de Mineração Público 4F,362019,84,30469,Fantasma do Pesadelo
Campo de Mineração Público,Campo de Mineração Público 4F,362049,88,38169,Fantasma do Pesadelo
Campo de Mineração Público,Campo de Mineração Público 4F,362036,88,38169,Refinaria Arghol
Campo de Mineração Público,Campo de Mineração Público 4F,362040,88,38169,Refinaria Buscador da Pedra Sagrada
Campo de Mineração Público,Campo de Mineração Público 4F,362032,88,38169,Refinaria Gafftail
Campo de Mineração Público,Campo de Mineração Público 4F,362034,88,38169,Refinaria Grumble
Campo de Mineração Público,Campo de Mineração Público 4F,362035,88,38169,Refinaria Grumble Oul
Campo de Mineração Público,Campo de Mineração Público 4F,362039,88,38169,Refinaria Guardião da Pedra Sagrada
Campo de Mineração Público,Campo de Mineração Público 4F,362038,88,38169,Refinaria Purificador da Pedra Sagrada
Campo de Mineração Público,Campo de Mineração Público 4F,362033,88,38169,Refinaria Scud Pesado
Campo de Mineração Público,Campo de Mineração Público 4F,362031,88,38169,Refinaria Silex
Campo de Mineração Público,Campo de Mineração Público 4F,362037,88,38169,Torrão de Refinaria
Campo de Mineração Público,Campo de Mineração Público 4F,362079,92,46669,Fantasma do Pesadelo
Campo de Mineração Público,Campo de Mineração Público 4F,362066,92,46669,Fundidor Arghol
Campo de Mineração Público,Campo de Mineração Público 4F,362070,92,46669,Fundidor Buscador da Pedra Sagrada
Campo de Mineração Público,Campo de Mineração Público 4F,362064,92,46669,Fundidor Grumble
Campo de Mineração Público,Campo de Mineração Público 4F,362065,92,46669,Fundidor Grumble Oul
Campo de Mineração Público,Campo de Mineração Público 4F,362069,92,46669,Fundidor Guardião da Pedra Sagrada
Campo de Mineração Público,Campo de Mineração Público 4F,362068,92,46669,Fundidor Purificador da Pedra Sagrada
Campo de Mineração Público,Campo de Mineração Público 4F,362062,92,46669,Gafftail de Fundição
Campo de Mineração Público,Campo de Mineração Público 4F,362063,92,46669,Scud Pesado de Fundição
Campo de Mineração Público,Campo de Mineração Público 4F,362061,92,46669,Silex de Fundição
Campo de Mineração Público,Campo de Mineração Público 4F,362067,92,46669,Smelter Clod
Campo de Mineração Público,Campo de Mineração Público 5F,3462506,96,61519,Estação de Classificação Arghol
Campo de Mineração Público,Campo de Mineração Público 5F,3462510,96,61519,Estação de Classificação Buscador da Pedra Sagrada
Campo de Mineração Público,Campo de Mineração Público 5F,3462507,96,61519,Estação de Classificação Clod
Campo de Mineração Público,Campo de Mineração Público 5F,3462502,96,61519,Estação de Classificação Gafftail
Campo de Mineração Público,Campo de Mineração Público 5F,3462504,96,61519,Estação de Classificação Grumble
Campo de Mineração Público,Campo de Mineração Público 5F,3462505,96,61519,Estação de Classificação Grumble Oul
Campo de Mineração Público,Campo de Mineração Público 5F,3462509,96,61519,Estação de Classificação Guardião da Pedra Sagrada
Campo de Mineração Público,Campo de Mineração Público 5F,3462508,96,61519,Estação de Classificação Purificador da Pedra Sagrada
Campo de Mineração Público,Campo de Mineração Público 5F,3462503,96,61519,Estação de Classificação Scud Pesado
Campo de Mineração Público,Campo de Mineração Público 5F,3462501,96,61519,Estação de Classificação Silex
Campo de Mineração Público,Campo de Mineração Público 5F,3462511,96,61519,Fantasma do Pesadelo
Campo de Mineração Público,Campo de Mineração Público 5F,3462531,101,84169,Fantasma do Pesadelo
Campo de Mineração Público,Campo de Mineração Público 5F,3462522,101,84169,Gafftail da Refinaria
Campo de Mineração Público,Campo de Mineração Público 5F,3462526,101,84169,Refinaria Arghol
Campo de Mineração Público,Campo de Mineração Público 5F,3462530,101,84169,Refinaria Buscador da Pedra Sagrada
Campo de Mineração Público,Campo de Mineração Público 5F,3462524,101,84169,Refinaria Grumble
Campo de Mineração Público,Campo de Mineração Público 5F,3462525,101,84169,Refinaria Grumble Oul
Campo de Mineração Público,Campo de Mineração Público 5F,3462529,101,84169,Refinaria Guardião da Pedra Sagrada
Campo de Mineração Público,Campo de Mineração Público 5F,3462528,101,84169,Refinaria Purificador da Pedra Sagrada
Campo de Mineração Público,Campo de Mineração Público 5F,3462523,101,84169,Refinaria Scud Pesado
Campo de Mineração Público,Campo de Mineração Público 5F,3462521,101,84169,Refinaria Silex
Campo de Mineração Público,Campo de Mineração Público 5F,3462527,101,84169,Torrão de Refinaria
Campo de Mineração Público,Campo de Mineração Público 5F,3462551,106,116669,Fantasma do Pesadelo
Campo de Mineração Público,Campo de Mineração Público 5F,3462546,106,116669,Fundidor Arghol
Campo de Mineração Público,Campo de Mineração Público 5F,3462550,106,116669,Fundidor Buscador da Pedra Sagrada
Campo de Mineração Público,Campo de Mineração Público 5F,3462544,106,116669,Fundidor Grumble
Campo de Mineração Público,Campo de Mineração Público 5F,3462545,106,116669,Fundidor Grumble Oul
Campo de Mineração Público,Campo de Mineração Público 5F,3462549,106,116669,Fundidor Guardião da Pedra Sagrada
Campo de Mineração Público,Campo de Mineração Público 5F,3462548,106,116669,Fundidor Purificador da Pedra Sagrada
Campo de Mineração Público,Campo de Mineração Público 5F,3462542,106,116669,Gafftail de Fundição
Campo de Mineração Público,Campo de Mineração Público 5F,3462543,106,116669,Scud Pesado de Fundição
Campo de Mineração Público,Campo de Mineração Público 5F,3462541,106,116669,Silex de Fundição
Campo de Mineração Público,Campo de Mineração Público 5F,3462547,106,116669,Smelter Clod
Costa do Navio do Tesouro,Costa do Navio do Tesouro Nv. 2,3930201,45,2907,Caçador de Tesouros
Costa do Navio do Tesouro,Costa do Navio do Tesouro Nv. 2,3930202,45,2907,Fora da Lei do Litoral
Costa do Navio do Tesouro,Costa do Navio do Tesouro Nv. 2,3930206,45,2907,Lagarto das Profundezas do Mar
Costa do Navio do Tesouro,Costa do Navio do Tesouro Nv. 2,3930209,45,2907,Mula Armada Waterplay
Costa do Navio do Tesouro,Costa do Navio do Tesouro Nv. 2,3930204,45,2907,Novs de Água-viva
Costa do Navio do Tesouro,Costa do Navio do Tesouro Nv. 2,3930208,45,2907,Octolator
Costa do Navio do Tesouro,Costa do Navio do Tesouro Nv. 2,3930207,45,2907,Parasol Bork
Costa do Navio do Tesouro,Costa do Navio do Tesouro Nv. 2,3930205,45,2907,Pinça Verde
Costa do Navio do Tesouro,Costa do Navio do Tesouro Nv. 2,3930203,45,2907,Sucateador de Navios
Costa do Navio do Tesouro,Costa do Navio do Tesouro Nv. 3,3930301,55,6507,Caçador de Tesouros
Costa do Navio do Tesouro,Costa do Navio do Tesouro Nv. 3,3930302,55,6507,Fora da Lei do Litoral
Costa do Navio do Tesouro,Costa do Navio do Tesouro Nv. 3,3930306,55,6507,Lagarto das Profundezas do Mar
Costa do Navio do Tesouro,Costa do Navio do Tesouro Nv. 3,3930309,55,6507,Mula Armada Waterplay
Costa do Navio do Tesouro,Costa do Navio do Tesouro Nv. 3,3930304,55,6507,Novs de Água-viva
Costa do Navio do Tesouro,Costa do Navio do Tesouro Nv. 3,3930308,55,6507,Octolator
Costa do Navio do Tesouro,Costa do Navio do Tesouro Nv. 3,3930307,55,6507,Parasol Bork
Costa do Navio do Tesouro,Costa do Navio do Tesouro Nv. 3,3930305,55,6507,Pinça Verde
Costa do Navio do Tesouro,Costa do Navio do Tesouro Nv. 3,3930303,55,6507,Sucateador de Navios
Costa do Navio do Tesouro,Costa do Navio do Tesouro Nv. 5,3930501,75,61257,Caçador de Tesouros
Costa do Navio do Tesouro,Costa do Navio do Tesouro Nv. 5,3930502,75,61257,Fora da Lei do Litoral
Costa do Navio do Tesouro,Costa do Navio do Tesouro Nv. 5,3930506,75,61257,Lagarto das Profundezas do Mar
Costa do Navio do Tesouro,Costa do Navio do Tesouro Nv. 5,3930509,75,61257,Mula Armada Waterplay
Costa do Navio do Tesouro,Costa do Navio do Tesouro Nv. 5,3930504,75,61257,Novs de Água-viva
Costa do Navio do Tesouro,Costa do Navio do Tesouro Nv. 5,3930508,75,61257,Octolator
Costa do Navio do Tesouro,Costa do Navio do Tesouro Nv. 5,3930507,75,61257,Parasol Bork
Costa do Navio do Tesouro,Costa do Navio do Tesouro Nv. 5,3930505,75,61257,Pinça Verde
Costa do Navio do Tesouro,Costa do Navio do Tesouro Nv. 5,3930503,75,61257,Sucateador de Navios
Costa do Navio do Tesouro,Costa do Navio do Tesouro Lv. 6,3930601,85,120507,Caçador de Tesouros
Costa do Navio do Tesouro,Costa do Navio do Tesouro Lv. 6,3930602,85,120507,Fora da Lei do Litoral
Costa do Navio do Tesouro,Costa do Navio do Tesouro Lv. 6,3930606,85,120507,Lagarto das Profundezas do Mar
Costa do Navio do Tesouro,Costa do Navio do Tesouro Lv. 6,3930609,85,120507,Mula Armada Waterplay
Costa do Navio do Tesouro,Costa do Navio do Tesouro Lv. 6,3930604,85,120507,Novs de Água-viva
Costa do Navio do Tesouro,Costa do Navio do Tesouro Lv. 6,3930608,85,120507,Octolator
Costa do Navio do Tesouro,Costa do Navio do Tesouro Lv. 6,3930607,85,120507,Parasol Bork
Costa do Navio do Tesouro,Costa do Navio do Tesouro Lv. 6,3930605,85,120507,Pinça Verde
Costa do Navio do Tesouro,Costa do Navio do Tesouro Lv. 6,3930603,85,120507,Sucateador de Navios
Costa do Navio do Tesouro,Costa do Navio do Tesouro Lv. 7,3930701,90,159807,Caçador de Tesouros
Costa do Navio do Tesouro,Costa do Navio do Tesouro Lv. 7,3930702,90,159807,Fora da Lei do Litoral
Costa do Navio do Tesouro,Costa do Navio do Tesouro Lv. 7,3930706,90,159807,Lagarto das Profundezas do Mar
Costa do Navio do Tesouro,Costa do Navio do Tesouro Lv. 7,3930709,90,159807,Mula Armada Waterplay
Costa do Navio do Tesouro,Costa do Navio do Tesouro Lv. 7,3930704,90,159807,Novs de Água-viva
Costa do Navio do Tesouro,Costa do Navio do Tesouro Lv. 7,3930708,90,159807,Octolator
Costa do Navio do Tesouro,Costa do Navio do Tesouro Lv. 7,3930707,90,159807,Parasol Bork
Costa do Navio do Tesouro,Costa do Navio do Tesouro Lv. 7,3930705,90,159807,Pinça Verde
Costa do Navio do Tesouro,Costa do Navio do Tesouro Lv. 7,3930703,90,159807,Sucateador de Navios
Costa do Navio do Tesouro,Costa do Navio do Tesouro Nv. 8,3930801,95,220557,Caçador de Tesouros
Costa do Navio do Tesouro,Costa do Navio do Tesouro Nv. 8,3930802,95,220557,Fora da Lei do Litoral
Costa do Navio do Tesouro,Costa do Navio do Tesouro Nv. 8,3930806,95,220557,Lagarto das Profundezas do Mar
Costa do Navio do Tesouro,Costa do Navio do Tesouro Nv. 8,3930809,95,220557,Mula Armada Waterplay
Costa do Navio do Tesouro,Costa do Navio do Tesouro Nv. 8,3930804,95,220557,Novs de Água-viva
Costa do Navio do Tesouro,Costa do Navio do Tesouro Nv. 8,3930808,95,220557,Octolator
Costa do Navio do Tesouro,Costa do Navio do Tesouro Nv. 8,3930807,95,220557,Parasol Bork
Costa do Navio do Tesouro,Costa do Navio do Tesouro Nv. 8,3930805,95,220557,Pinça Verde
Costa do Navio do Tesouro,Costa do Navio do Tesouro Nv. 8,3930803,95,220557,Sucateador de Navios
Costa do Navio do Tesouro,Costa do Navio do Tesouro Nv. 1,3930101,35,627,Caçador de Tesouros
Costa do Navio do Tesouro,Costa do Navio do Tesouro Nv. 1,3930102,35,627,Fora da Lei do Litoral
Costa do Navio do Tesouro,Costa do Navio do Tesouro Nv. 1,3930106,35,627,Lagarto das Profundezas do Mar
Costa do Navio do Tesouro,Costa do Navio do Tesouro Nv. 1,3930109,35,627,Mula Armada Waterplay
Costa do Navio do Tesouro,Costa do Navio do Tesouro Nv. 1,3930104,35,627,Novs de Água-viva
Costa do Navio do Tesouro,Costa do Navio do Tesouro Nv. 1,3930108,35,627,Octolator
Costa do Navio do Tesouro,Costa do Navio do Tesouro Nv. 1,3930107,35,627,Parasol Bork
Costa do Navio do Tesouro,Costa do Navio do Tesouro Nv. 1,3930105,35,627,Pinça Verde
Costa do Navio do Tesouro,Costa do Navio do Tesouro Nv. 1,3930103,35,627,Sucateador de Navios
Costa do Navio do Tesouro,Costa do Navio do Tesouro Lv. 4,3930401,65,24207,Caçador de Tesouros
Costa do Navio do Tesouro,Costa do Navio do Tesouro Lv. 4,3930402,65,24207,Fora da Lei do Litoral
Costa do Navio do Tesouro,Costa do Navio do Tesouro Lv. 4,3930406,65,24207,Lagarto das Profundezas do Mar
Costa do Navio do Tesouro,Costa do Navio do Tesouro Lv. 4,3930409,65,24207,Mula Armada Waterplay
Costa do Navio do Tesouro,Costa do Navio do Tesouro Lv. 4,3930404,65,24207,Novs de Água-viva
Costa do Navio do Tesouro,Costa do Navio do Tesouro Lv. 4,3930408,65,24207,Octolator
Costa do Navio do Tesouro,Costa do Navio do Tesouro Lv. 4,3930407,65,24207,Parasol Bork
Costa do Navio do Tesouro,Costa do Navio do Tesouro Lv. 4,3930405,65,24207,Pinça Verde
Costa do Navio do Tesouro,Costa do Navio do Tesouro Lv. 4,3930403,65,24207,Sucateador de Navios
Ferro-Velho de Androides,Ferro-Velho de Androides 10F,344004,80,52407,Choque de Android
Ferro-Velho de Androides,Ferro-Velho de Androides 10F,344007,80,52407,Comandante Android
Ferro-Velho de Androides,Ferro-Velho de Androides 10F,344002,80,52407,Defensor Android
Ferro-Velho de Androides,Ferro-Velho de Androides 10F,344006,80,52407,Escolta Android
Ferro-Velho de Androides,Ferro-Velho de Androides 10F,344003,80,52407,Fuzileiro Android
Ferro-Velho de Androides,Ferro-Velho de Androides 10F,344001,80,52407,Sentinela Android
Ferro-Velho de Androides,Ferro-Velho de Androides 10F,344005,80,52407,Sniper Android
Ferro-Velho de Androides,Ferro-Velho de Androides 11F,3421104,85,75657,Choque de Android
Ferro-Velho de Androides,Ferro-Velho de Androides 11F,3421107,85,75657,Comandante Android
Ferro-Velho de Androides,Ferro-Velho de Androides 11F,3421102,85,75657,Defensor Android
Ferro-Velho de Androides,Ferro-Velho de Androides 11F,3421106,85,75657,Escolta Android
Ferro-Velho de Androides,Ferro-Velho de Androides 11F,3421103,85,75657,Fuzileiro Android
Ferro-Velho de Androides,Ferro-Velho de Androides 11F,3421101,85,75657,Sentinela Android
Ferro-Velho de Androides,Ferro-Velho de Androides 11F,3421105,85,75657,Sniper Android
Ferro-Velho de Androides,Ferro-Velho de Androides 12F,3421204,90,102657,Choque de Android
Ferro-Velho de Androides,Ferro-Velho de Androides 12F,3421207,90,102657,Comandante Android
Ferro-Velho de Androides,Ferro-Velho de Androides 12F,3421202,90,102657,Defensor Android
Ferro-Velho de Androides,Ferro-Velho de Androides 12F,3421206,90,102657,Escolta Android
Ferro-Velho de Androides,Ferro-Velho de Androides 12F,3421203,90,102657,Fuzileiro Android
Ferro-Velho de Androides,Ferro-Velho de Androides 12F,3421201,90,102657,Sentinela Android
Ferro-Velho de Androides,Ferro-Velho de Androides 12F,3421205,90,102657,Sniper Android
Ferro-Velho de Androides,Ferro-Velho de Androides 13F,3421304,95,133407,Choque de Android
Ferro-Velho de Androides,Ferro-Velho de Androides 13F,3421307,95,133407,Comandante Android
Ferro-Velho de Androides,Ferro-Velho de Androides 13F,3421302,95,133407,Defensor Android
Ferro-Velho de Androides,Ferro-Velho de Androides 13F,3421306,95,133407,Escolta Android
Ferro-Velho de Androides,Ferro-Velho de Androides 13F,3421303,95,133407,Fuzileiro Android
Ferro-Velho de Androides,Ferro-Velho de Androides 13F,3421301,95,133407,Sentinela Android
Ferro-Velho de Androides,Ferro-Velho de Androides 13F,3421305,95,133407,Sniper Android
Ferro-Velho de Androides,Ferro-Velho de Androides 14F,3421404,100,184557,Choque de Android
Ferro-Velho de Androides,Ferro-Velho de Androides 14F,3421407,100,184557,Comandante Android
Ferro-Velho de Androides,Ferro-Velho de Androides 14F,3421402,100,184557,Defensor Android
Ferro-Velho de Androides,Ferro-Velho de Androides 14F,3421406,100,184557,Escolta Android
Ferro-Velho de Androides,Ferro-Velho de Androides 14F,3421403,100,184557,Fuzileiro Android
Ferro-Velho de Androides,Ferro-Velho de Androides 14F,3421401,100,184557,Sentinela Android
Ferro-Velho de Androides,Ferro-Velho de Androides 14F,3421405,100,184557,Sniper Android
Ferro-Velho de Androides,Ferro-Velho de Androides 1º Andar,343104,35,351,Choque de Android
Ferro-Velho de Androides,Ferro-Velho de Androides 1º Andar,343107,35,351,Comandante Android
Ferro-Velho de Androides,Ferro-Velho de Androides 1º Andar,343102,35,351,Defensor Android
Ferro-Velho de Androides,Ferro-Velho de Androides 1º Andar,343106,35,351,Escolta Android
Ferro-Velho de Androides,Ferro-Velho de Androides 1º Andar,343103,35,351,Fuzileiro Android
Ferro-Velho de Androides,Ferro-Velho de Androides 1º Andar,343101,35,351,Sentinela Android
Ferro-Velho de Androides,Ferro-Velho de Androides 1º Andar,343105,35,351,Sniper Android
Ferro-Velho de Androides,Ferro-Velho de Androides 2º Andar,343204,40,477,Choque de Android
Ferro-Velho de Androides,Ferro-Velho de Androides 2º Andar,343207,40,477,Comandante Android
Ferro-Velho de Androides,Ferro-Velho de Androides 2º Andar,343202,40,477,Defensor Android
Ferro-Velho de Androides,Ferro-Velho de Androides 2º Andar,343206,40,477,Escolta Android
Ferro-Velho de Androides,Ferro-Velho de Androides 2º Andar,343203,40,477,Fuzileiro Android
Ferro-Velho de Androides,Ferro-Velho de Androides 2º Andar,343201,40,477,Sentinela Android
Ferro-Velho de Androides,Ferro-Velho de Androides 2º Andar,343205,40,477,Sniper Android
Ferro-Velho de Androides,Ferro-Velho de Androides 3º Andar,343304,45,1077,Choque de Android
Ferro-Velho de Androides,Ferro-Velho de Androides 3º Andar,343307,45,1077,Comandante Android
Ferro-Velho de Androides,Ferro-Velho de Androides 3º Andar,343302,45,1077,Defensor Android
Ferro-Velho de Androides,Ferro-Velho de Androides 3º Andar,343306,45,1077,Escolta Android
Ferro-Velho de Androides,Ferro-Velho de Androides 3º Andar,343303,45,1077,Fuzileiro Android
Ferro-Velho de Androides,Ferro-Velho de Androides 3º Andar,343301,45,1077,Sentinela Android
Ferro-Velho de Androides,Ferro-Velho de Androides 3º Andar,343305,45,1077,Sniper Android
Ferro-Velho de Androides,Ferro-Velho de Androides 4º Andar,343404,50,2337,Choque de Android
Ferro-Velho de Androides,Ferro-Velho de Androides 4º Andar,343407,50,2337,Comandante Android
Ferro-Velho de Androides,Ferro-Velho de Androides 4º Andar,343402,50,2337,Defensor Android
Ferro-Velho de Androides,Ferro-Velho de Androides 4º Andar,343406,50,2337,Escolta Android
Ferro-Velho de Androides,Ferro-Velho de Androides 4º Andar,343403,50,2337,Fuzileiro Android
Ferro-Velho de Androides,Ferro-Velho de Androides 4º Andar,343401,50,2337,Sentinela Android
Ferro-Velho de Androides,Ferro-Velho de Androides 4º Andar,343405,50,2337,Sniper Android
Ferro-Velho de Androides,Ferro-Velho de Androides 5F,343504,55,3807,Choque de Android
Ferro-Velho de Androides,Ferro-Velho de Androides 5F,343507,55,3807,Comandante Android
Ferro-Velho de Androides,Ferro-Velho de Androides 5F,343502,55,3807,Defensor Android
Ferro-Velho de Androides,Ferro-Velho de Androides 5F,343506,55,3807,Escolta Android
Ferro-Velho de Androides,Ferro-Velho de Androides 5F,343503,55,3807,Fuzileiro Android
Ferro-Velho de Androides,Ferro-Velho de Androides 5F,343501,55,3807,Sentinela Android
Ferro-Velho de Androides,Ferro-Velho de Androides 5F,343505,55,3807,Sniper Android
Ferro-Velho de Androides,Ferro-Velho de Androides 6F,343604,60,5307,Choque de Android
Ferro-Velho de Androides,Ferro-Velho de Androides 6F,343607,60,5307,Comandante Android
Ferro-Velho de Androides,Ferro-Velho de Androides 6F,343602,60,5307,Defensor Android
Ferro-Velho de Androides,Ferro-Velho de Androides 6F,343606,60,5307,Escolta Android
Ferro-Velho de Androides,Ferro-Velho de Androides 6F,343603,60,5307,Fuzileiro Android
Ferro-Velho de Androides,Ferro-Velho de Androides 6F,343601,60,5307,Sentinela Android
Ferro-Velho de Androides,Ferro-Velho de Androides 6F,343605,60,5307,Sniper Android
Ferro-Velho de Androides,Ferro-Velho de Androides 7F,343704,65,10107,Choque de Android
Ferro-Velho de Androides,Ferro-Velho de Androides 7F,343707,65,10107,Comandante Android
Ferro-Velho de Androides,Ferro-Velho de Androides 7F,343702,65,10107,Defensor Android
Ferro-Velho de Androides,Ferro-Velho de Androides 7F,343706,65,10107,Escolta Android
Ferro-Velho de Androides,Ferro-Velho de Androides 7F,343703,65,10107,Fuzileiro Android
Ferro-Velho de Androides,Ferro-Velho de Androides 7F,343701,65,10107,Sentinela Android
Ferro-Velho de Androides,Ferro-Velho de Androides 7F,343705,65,10107,Sniper Android
Ferro-Velho de Androides,Ferro-Velho de Androides 8F,343804,70,19707,Choque de Android
Ferro-Velho de Androides,Ferro-Velho de Androides 8F,343807,70,19707,Comandante Android
Ferro-Velho de Androides,Ferro-Velho de Androides 8F,343802,70,19707,Defensor Android
Ferro-Velho de Androides,Ferro-Velho de Androides 8F,343806,70,19707,Escolta Android
Ferro-Velho de Androides,Ferro-Velho de Androides 8F,343803,70,19707,Fuzileiro Android
Ferro-Velho de Androides,Ferro-Velho de Androides 8F,343801,70,19707,Sentinela Android
Ferro-Velho de Androides,Ferro-Velho de Androides 8F,343805,70,19707,Sniper Android
Ferro-Velho de Androides,Ferro-Velho de Androides 9F,343904,75,32607,Choque de Android
Ferro-Velho de Androides,Ferro-Velho de Androides 9F,343907,75,32607,Comandante Android
Ferro-Velho de Androides,Ferro-Velho de Androides 9F,343902,75,32607,Defensor Android
Ferro-Velho de Androides,Ferro-Velho de Androides 9F,343906,75,32607,Escolta Android
Ferro-Velho de Androides,Ferro-Velho de Androides 9F,343903,75,32607,Fuzileiro Android
Ferro-Velho de Androides,Ferro-Velho de Androides 9F,343901,75,32607,Sentinela Android
Ferro-Velho de Androides,Ferro-Velho de Androides 9F,343905,75,32607,Sniper Android
Memórias da Primavera Nv. 1,Memórias da Primavera Nv. 1,3940106,45,2907,Assassino Nostálgico Karon
Memórias da Primavera Nv. 1,Memórias da Primavera Nv. 1,3940107,45,2907,Choque Nostálgico de Karon
Memórias da Primavera Nv. 1,Memórias da Primavera Nv. 1,3940108,45,2907,Executor Nostálgico Karon
Memórias da Primavera Nv. 1,Memórias da Primavera Nv. 1,3940103,45,2907,Fantasma Armadurado Roxo
Memórias da Primavera Nv. 1,Memórias da Primavera Nv. 1,3940101,45,2907,Fantasma de Artilharia Roxa
Memórias da Primavera Nv. 1,Memórias da Primavera Nv. 1,3940102,45,2907,Fantasma Roxo
Memórias da Primavera Nv. 1,Memórias da Primavera Nv. 1,3940112,45,2907,Malpas Roxo
Memórias da Primavera Nv. 1,Memórias da Primavera Nv. 1,3940111,45,2907,Meevlan com Aroma de Flor de Cerejeira
Memórias da Primavera Nv. 1,Memórias da Primavera Nv. 1,3940110,45,2907,Muda Arruinada
Memórias da Primavera Nv. 1,Memórias da Primavera Nv. 1,3940104,45,2907,Nezad Perfumado com Aroma de Flor de Cerejeira
Memórias da Primavera Nv. 1,Memórias da Primavera Nv. 1,3940105,45,2907,Sniper Nostálgico Karon
Memórias da Primavera Nv. 1,Memórias da Primavera Nv. 1,3940109,45,2907,Tático Nostálgico Karon
Memórias da Primavera Nv. 3,Memórias de Primavera Nv. 3,3940306,65,24207,Assassino Karon Nostálgico
Memórias da Primavera Nv. 3,Memórias de Primavera Nv. 3,3940308,65,24207,Executor Nostálgico Karon
Memórias da Primavera Nv. 3,Memórias de Primavera Nv. 3,3940303,65,24207,Fantasma Armadurado Roxo
Memórias da Primavera Nv. 3,Memórias de Primavera Nv. 3,3940301,65,24207,Fantasma de Artilharia Roxa
Memórias da Primavera Nv. 3,Memórias de Primavera Nv. 3,3940302,65,24207,Fantasma Roxo
Memórias da Primavera Nv. 3,Memórias de Primavera Nv. 3,3940307,65,24207,Karon Nostálgico Shocktrooper
Memórias da Primavera Nv. 3,Memórias de Primavera Nv. 3,3940312,65,24207,Malpas Roxo
Memórias da Primavera Nv. 3,Memórias de Primavera Nv. 3,3940311,65,24207,Meevlan Perfumado com Aroma de Flor de Cerejeira
Memórias da Primavera Nv. 3,Memórias de Primavera Nv. 3,3940310,65,24207,Muda Arruinada
Memórias da Primavera Nv. 3,Memórias de Primavera Nv. 3,3940304,65,24207,Nezad Perfumado com Aroma de Flor de Cerejeira
Memórias da Primavera Nv. 3,Memórias de Primavera Nv. 3,3940305,65,24207,Sniper Karon Nostálgico
Memórias da Primavera Nv. 3,Memórias de Primavera Nv. 3,3940309,65,24207,Tático Nostálgico Karon
Memórias da Primavera Nv. 4,Memórias da Primavera Nv. 4,3940406,75,61257,Assassino Karon Nostálgico
Memórias da Primavera Nv. 4,Memórias da Primavera Nv. 4,3940408,75,61257,Executor Nostálgico Karon
Memórias da Primavera Nv. 4,Memórias da Primavera Nv. 4,3940403,75,61257,Fantasma Armadurado Roxo
Memórias da Primavera Nv. 4,Memórias da Primavera Nv. 4,3940401,75,61257,Fantasma de Artilharia Roxa
Memórias da Primavera Nv. 4,Memórias da Primavera Nv. 4,3940402,75,61257,Fantasma Roxo
Memórias da Primavera Nv. 4,Memórias da Primavera Nv. 4,3940412,75,61257,Malpas Roxo
Memórias da Primavera Nv. 4,Memórias da Primavera Nv. 4,3940411,75,61257,Meevlan com Aroma de Flor de Cerejeira
Memórias da Primavera Nv. 4,Memórias da Primavera Nv. 4,3940410,75,61257,Muda Arruinada
Memórias da Primavera Nv. 4,Memórias da Primavera Nv. 4,3940404,75,61257,Nezad Perfumado com Aroma de Flor de Cerejeira
Memórias da Primavera Nv. 4,Memórias da Primavera Nv. 4,3940405,75,61257,Sniper Nostálgico Karon
Memórias da Primavera Nv. 4,Memórias da Primavera Nv. 4,3940407,75,61257,Soldado de Choque Karon Nostálgico
Memórias da Primavera Nv. 4,Memórias da Primavera Nv. 4,3940409,75,61257,Tático Nostálgico Karon
Memórias da Primavera Nv. 5,Memórias da Primavera Lv. 5,3940506,85,120507,Assassino Karon Nostálgico
Memórias da Primavera Nv. 5,Memórias da Primavera Lv. 5,3940507,85,120507,Choque Nostálgico de Karon
Memórias da Primavera Nv. 5,Memórias da Primavera Lv. 5,3940508,85,120507,Executor Nostálgico Karon
Memórias da Primavera Nv. 5,Memórias da Primavera Lv. 5,3940503,85,120507,Fantasma Armadurado Roxo
Memórias da Primavera Nv. 5,Memórias da Primavera Lv. 5,3940501,85,120507,Fantasma de Artilharia Roxa
Memórias da Primavera Nv. 5,Memórias da Primavera Lv. 5,3940502,85,120507,Fantasma Roxo
Memórias da Primavera Nv. 5,Memórias da Primavera Lv. 5,3940512,85,120507,Malpas Roxo
Memórias da Primavera Nv. 5,Memórias da Primavera Lv. 5,3940511,85,120507,Meevlan Perfumado com Aroma de Flor de Cerejeira
Memórias da Primavera Nv. 5,Memórias da Primavera Lv. 5,3940510,85,120507,Muda Arruinada
Memórias da Primavera Nv. 5,Memórias da Primavera Lv. 5,3940504,85,120507,Nezad Perfumado com Aroma de Flor de Cerejeira
Memórias da Primavera Nv. 5,Memórias da Primavera Lv. 5,3940505,85,120507,Sniper Karon Nostálgico
Memórias da Primavera Nv. 5,Memórias da Primavera Lv. 5,3940509,85,120507,Tático Nostálgico Karon
Memórias da Primavera Nv. 6,Memórias de Primavera Nv. 6,3940606,90,159807,Assassino Karon Nostálgico
Memórias da Primavera Nv. 6,Memórias de Primavera Nv. 6,3940608,90,159807,Executor Nostálgico Karon
Memórias da Primavera Nv. 6,Memórias de Primavera Nv. 6,3940603,90,159807,Fantasma Armadurado Roxo
Memórias da Primavera Nv. 6,Memórias de Primavera Nv. 6,3940601,90,159807,Fantasma de Artilharia Roxa
Memórias da Primavera Nv. 6,Memórias de Primavera Nv. 6,3940602,90,159807,Fantasma Roxo
Memórias da Primavera Nv. 6,Memórias de Primavera Nv. 6,3940607,90,159807,Karon Nostálgico Shocktrooper
Memórias da Primavera Nv. 6,Memórias de Primavera Nv. 6,3940612,90,159807,Malpas Roxo
Memórias da Primavera Nv. 6,Memórias de Primavera Nv. 6,3940611,90,159807,Meevlan Perfumado com Aroma de Flor de Cerejeira
Memórias da Primavera Nv. 6,Memórias de Primavera Nv. 6,3940610,90,159807,Muda Arruinada
Memórias da Primavera Nv. 6,Memórias de Primavera Nv. 6,3940604,90,159807,Nezad Perfumado com Aroma de Flor de Cerejeira
Memórias da Primavera Nv. 6,Memórias de Primavera Nv. 6,3940605,90,159807,Sniper Karon Nostálgico
Memórias da Primavera Nv. 6,Memórias de Primavera Nv. 6,3940609,90,159807,Tático Nostálgico Karon
Memórias de Primavera Nv. 2,Memórias da Primavera Nv. 2,3940206,55,6507,Assassino Karon Nostálgico
Memórias de Primavera Nv. 2,Memórias da Primavera Nv. 2,3940208,55,6507,Executor Nostálgico Karon
Memórias de Primavera Nv. 2,Memórias da Primavera Nv. 2,3940203,55,6507,Fantasma Armadurado Roxo
Memórias de Primavera Nv. 2,Memórias da Primavera Nv. 2,3940201,55,6507,Fantasma de Artilharia Roxa
Memórias de Primavera Nv. 2,Memórias da Primavera Nv. 2,3940202,55,6507,Fantasma Roxo
Memórias de Primavera Nv. 2,Memórias da Primavera Nv. 2,3940207,55,6507,Karon Nostálgico Shocktrooper
Memórias de Primavera Nv. 2,Memórias da Primavera Nv. 2,3940212,55,6507,Malpas Roxo
Memórias de Primavera Nv. 2,Memórias da Primavera Nv. 2,3940211,55,6507,Meevlan Perfumado com Aroma de Flor de Cerejeira
Memórias de Primavera Nv. 2,Memórias da Primavera Nv. 2,3940210,55,6507,Muda Arruinada
Memórias de Primavera Nv. 2,Memórias da Primavera Nv. 2,3940204,55,6507,Nezad Perfumado com Aroma de Flor de Cerejeira
Memórias de Primavera Nv. 2,Memórias da Primavera Nv. 2,3940205,55,6507,Sniper Karon Nostálgico
Memórias de Primavera Nv. 2,Memórias da Primavera Nv. 2,3940209,55,6507,Tático Nostálgico Karon
Ruínas Corroídas,Ruínas Corroídas Nv. 1,3920101,35,941,Erodido Temizl
Ruínas Corroídas,Ruínas Corroídas Nv. 1,3920102,35,941,Estilhaçador Erodido
Ruínas Corroídas,Ruínas Corroídas Nv. 1,3920103,35,941,Gafftail Erodido
Ruínas Corroídas,Ruínas Corroídas Nv. 1,3920104,35,941,Larva Óptica Erodida
Ruínas Corroídas,Ruínas Corroídas Nv. 2,3920201,45,4361,Erodido Temizl
Ruínas Corroídas,Ruínas Corroídas Nv. 2,3920202,45,4361,Estilhaçador Erodido
Ruínas Corroídas,Ruínas Corroídas Nv. 2,3920203,45,4361,Gafftail Erodido
Ruínas Corroídas,Ruínas Corroídas Nv. 2,3920204,45,4361,Larva Óptica Erodida
Ruínas Corroídas,Ruínas Corroídas Nv. 3,3920301,55,10411,Erodido Temizl
Ruínas Corroídas,Ruínas Corroídas Nv. 3,3920302,55,10411,Estilhaçador Erodido
Ruínas Corroídas,Ruínas Corroídas Nv. 3,3920303,55,10411,Gafftail Erodido
Ruínas Corroídas,Ruínas Corroídas Nv. 3,3920304,55,10411,Larva Óptica Erodida
Ruínas Corroídas,Ruínas Corroídas Nv. 4,3920401,65,41152,Erodido Temizl
Ruínas Corroídas,Ruínas Corroídas Nv. 4,3920402,65,41152,Estilhaçador Erodido
Ruínas Corroídas,Ruínas Corroídas Nv. 4,3920403,65,41152,Gafftail Erodido
Ruínas Corroídas,Ruínas Corroídas Nv. 4,3920404,65,41152,Larva Óptica Erodida
Ruínas Corroídas,Ruínas Corroídas Nv. 5,3920501,75,110263,Erodido Temizl
Ruínas Corroídas,Ruínas Corroídas Nv. 5,3920502,75,110263,Estilhaçador Erodido
Ruínas Corroídas,Ruínas Corroídas Nv. 5,3920503,75,110263,Gafftail Erodido
Ruínas Corroídas,Ruínas Corroídas Nv. 5,3920504,75,110263,Larva Óptica Erodida
Ruínas Corroídas,Ruínas Corroídas Nv. 6,3920601,85,228963,Erodido Temizl
Ruínas Corroídas,Ruínas Corroídas Nv. 6,3920602,85,228963,Estilhaçador Erodido
Ruínas Corroídas,Ruínas Corroídas Nv. 6,3920603,85,228963,Gafftail Erodido
Ruínas Corroídas,Ruínas Corroídas Nv. 6,3920604,85,228963,Larva Óptica Erodida
Ruínas Corroídas,Ruínas Corroídas Nv. 7,3920701,90,319614,Erodido Temizl
Ruínas Corroídas,Ruínas Corroídas Nv. 7,3920702,90,319614,Estilhaçador Erodido
Ruínas Corroídas,Ruínas Corroídas Nv. 7,3920703,90,319614,Gafftail Erodido
Ruínas Corroídas,Ruínas Corroídas Nv. 7,3920704,90,319614,Larva Óptica Erodida
Cratera Albern,Grande Âncora,375108,82,23569,Aniquilador Nether de Dione
Cratera Albern,Grande Âncora,375168,82,23569,Aniquilador Nether Nix
Cratera Albern,Grande Âncora,375115,82,23569,Fantasma Blindado Enfurecido
Cratera Albern,Grande Âncora,375145,82,23569,Fantasma Blindado Enfurecido
Cratera Albern,Grande Âncora,375160,82,23569,Fantasma Blindado Enfurecido
Cratera Albern,Grande Âncora,375175,82,23569,Fantasma Blindado Enfurecido
Cratera Albern,Grande Âncora,375190,82,23569,Fantasma Blindado Enfurecido
Cratera Albern,Grande Âncora,375138,82,23569,Leah Aniquilador Nether
Cratera Albern,Grande Âncora,375169,82,23569,Nix Sentinela Nether
Cratera Albern,Grande Âncora,375184,82,23569,Remos Sentinela Nether
Cratera Albern,Grande Âncora,375109,82,23569,Sentinela Nether de Dione
Cratera Albern,Grande Âncora,375154,82,23569,Tetos Sentinela Nether
Cratera Albern,Setor Dione,375101,58,1669,Dione Glatt
Cratera Albern,Setor Dione,375102,58,1669,Dione Malpas Clutcher
Cratera Albern,Setor Dione,375112,58,1669,Larva Selvagem
Cratera Albern,Setor Dione,375104,66,4569,Dione Lambedor
Cratera Albern,Setor Dione,375103,66,4569,Dione Malpas Spitter
Cratera Albern,Setor Dione,375113,66,4569,Lagarto Selvagem
Cratera Albern,Setor Dione,375106,74,12169,Dione Saura Atirador
Cratera Albern,Setor Dione,375105,74,12169,Guerreiro Pesado Dione Saura
Cratera Albern,Setor Dione,375114,74,12169,Pathfinder Desenfreado
Cratera Albern,Setor Dione,375108,82,23569,Aniquilador Nether de Dione
Cratera Albern,Setor Dione,375107,82,23569,Dione Guerreiro Nether
Cratera Albern,Setor Dione,375115,82,23569,Fantasma Blindado Enfurecido
Cratera Albern,Setor Dione,375109,82,23569,Sentinela Nether de Dione
Cratera Albern,Setor Leah,375142,58,1669,Larva Selvagem
Cratera Albern,Setor Leah,375131,58,1669,Leah Glatt
Cratera Albern,Setor Leah,375132,58,1669,Leah Malpas Clutcher
Cratera Albern,Setor Leah,375143,66,4569,Lagarto Selvagem
Cratera Albern,Setor Leah,375134,66,4569,Leah Licker
Cratera Albern,Setor Leah,375133,66,4569,Leah Malpas Cuspidor
Cratera Albern,Setor Leah,375136,74,12169,Leah Saura Atiradora de Elite
Cratera Albern,Setor Leah,375135,74,12169,Leah Saura Guerreira Pesada
Cratera Albern,Setor Leah,375144,74,12169,Pathfinder Desenfreado
Cratera Albern,Setor Leah,375145,82,23569,Fantasma Blindado Enfurecido
Cratera Albern,Setor Leah,375138,82,23569,Leah Aniquilador Nether
Cratera Albern,Setor Leah,375137,82,23569,Leah Guerreiro Nether
Cratera Albern,Setor Leah,375139,82,23569,Leah Sentinela Nether
Cratera Albern,Setor Nix,375172,58,1669,Larva Selvagem
Cratera Albern,Setor Nix,375161,58,1669,Nix Glatt
Cratera Albern,Setor Nix,375162,58,1669,Nix Malpas Clutcher
Cratera Albern,Setor Nix,375173,66,4569,Lagarto Selvagem
Cratera Albern,Setor Nix,375164,66,4569,Lambedor de Nix
Cratera Albern,Setor Nix,375163,66,4569,Nix Malpas Spitter
Cratera Albern,Setor Nix,375178,66,4569,Remos Malpas Spitter
Cratera Albern,Setor Nix,375165,74,12169,Guerreiro Pesado Nix Saura
Cratera Albern,Setor Nix,375174,74,12169,Pathfinder Desenfreado
Cratera Albern,Setor Nix,375166,74,12169,Sniper Nix Saura
Cratera Albern,Setor Nix,375168,82,23569,Aniquilador Nether Nix
Cratera Albern,Setor Nix,375175,82,23569,Fantasma Blindado Enfurecido
Cratera Albern,Setor Nix,375167,82,23569,Nix Guerreiro Nether
Cratera Albern,Setor Nix,375169,82,23569,Nix Sentinela Nether
Cratera Albern,Setor Remos,375187,58,1669,Larva Selvagem
Cratera Albern,Setor Remos,375176,58,1669,Remos Glatt
Cratera Albern,Setor Remos,375177,58,1669,Remos Malpas Clutcher
Cratera Albern,Setor Remos,375188,66,4569,Lagarto Selvagem
Cratera Albern,Setor Remos,375179,66,4569,Lambedor de Remos
Cratera Albern,Setor Remos,375178,66,4569,Remos Malpas Spitter
Cratera Albern,Setor Remos,375189,74,12169,Pathfinder Desenfreado
Cratera Albern,Setor Remos,375180,74,12169,Remos Saura Guerreiro Pesado
Cratera Albern,Setor Remos,375181,74,12169,Remos Saura Sniper
Cratera Albern,Setor Remos,375190,82,23569,Fantasma Blindado Enfurecido
Cratera Albern,Setor Remos,375183,82,23569,Remos Aniquilador Nether
Cratera Albern,Setor Remos,375182,82,23569,Remos Guerreiro Nether
Cratera Albern,Setor Remos,375184,82,23569,Remos Sentinela Nether
Cratera Albern,Setor Teia,375127,58,1669,Larva Selvagem
Cratera Albern,Setor Teia,375116,58,1669,Teia Glatt
Cratera Albern,Setor Teia,375117,58,1669,Teia Malpas Clutcher
Cratera Albern,Setor Teia,375128,66,4569,Lagarto Selvagem
Cratera Albern,Setor Teia,375119,66,4569,Teia Licker
Cratera Albern,Setor Teia,375118,66,4569,Teia Malpas Spitter
Cratera Albern,Setor Teia,375120,74,12169,Guerreiro Pesado Teia Saura
Cratera Albern,Setor Teia,375129,74,12169,Pathfinder Desenfreado
Cratera Albern,Setor Teia,375121,74,12169,Sniper Teia Saura
Cratera Albern,Setor Teia,375130,82,23569,Fantasma Blindado Enfurecido
Cratera Albern,Setor Teia,375123,82,23569,Teia Aniquilador Nether
Cratera Albern,Setor Teia,375122,82,23569,Teia Guerreiro Nether
Cratera Albern,Setor Teia,375124,82,23569,Teia Sentinela Nether
Cratera Albern,Setor Tetos,375147,58,1669,Clutcher de Tetos Malpas
Cratera Albern,Setor Tetos,375157,58,1669,Larva Selvagem
Cratera Albern,Setor Tetos,375146,58,1669,Tetos Glatt
Cratera Albern,Setor Tetos,375148,66,4569,Cuspideira Tetos Malpas
Cratera Albern,Setor Tetos,375158,66,4569,Lagarto Selvagem
Cratera Albern,Setor Tetos,375149,66,4569,Lambedor de Tetos
Cratera Albern,Setor Tetos,375150,74,12169,Guerreiro Pesado Tetos Saura
Cratera Albern,Setor Tetos,375159,74,12169,Pathfinder Desenfreado
Cratera Albern,Setor Tetos,375151,74,12169,Sniper Tetos Saura
Cratera Albern,Setor Tetos,375160,82,23569,Fantasma Blindado Enfurecido
Cratera Albern,Setor Tetos,375153,82,23569,Tetos Aniquilador Nether
Cratera Albern,Setor Tetos,375152,82,23569,Tetos Guerreiro Nether
Cratera Albern,Setor Tetos,375154,82,23569,Tetos Sentinela Nether
Cratera Albern,Setor Maia,375272,86,30469,Larva Selvagem
Cratera Albern,Setor Maia,375261,86,30469,Maia Cão
Cratera Albern,Setor Maia,375262,86,30469,Regenerador Maia Malpas
Cratera Albern,Setor Maia,375263,91,40219,Arremessador Maia Malpas
Cratera Albern,Setor Maia,375278,91,40219,Arremessador Notos Malpas
Cratera Albern,Setor Maia,375273,91,40219,Lagarto Selvagem
Cratera Albern,Setor Maia,375264,91,40219,Maia Lambedor
Cratera Albern,Setor Maia,375265,96,55919,Maia Vafer Guerreiro Pesado
Cratera Albern,Setor Maia,375266,96,55919,Maia Vafer Soldado de Cerco
Cratera Albern,Setor Maia,375274,96,55919,Pathfinder Desenfreado
Cratera Albern,Setor Maia,375275,101,70669,Fantasma Blindado Enfurecido
Cratera Albern,Setor Maia,375268,101,70669,Maia Aniquilador Nether
Cratera Albern,Setor Maia,375267,101,70669,Maia Guerreiro Nether
Cratera Albern,Setor Nike,375227,86,30469,Larva Selvagem
Cratera Albern,Setor Nike,375216,86,30469,Nike Hound
Cratera Albern,Setor Nike,375217,86,30469,Regenerador Nike Malpas
Cratera Albern,Setor Nike,375218,91,40219,Arremessador Nike Malpas
Cratera Albern,Setor Nike,375228,91,40219,Lagarto Selvagem
Cratera Albern,Setor Nike,375219,91,40219,Nike Licker
Cratera Albern,Setor Nike,375220,96,55919,Nike Vafer Guerreiro Pesado
Cratera Albern,Setor Nike,375221,96,55919,Nike Vafer Soldado de Cerco
Cratera Albern,Setor Nike,375229,96,55919,Pathfinder Desenfreado
Cratera Albern,Setor Nike,375230,101,70669,Fantasma Blindado Enfurecido
Cratera Albern,Setor Nike,375223,101,70669,Nike Aniquilador Nether
Cratera Albern,Setor Nike,375222,101,70669,Nike Guerreiro Nether
Cratera Albern,Setor Notos,375287,86,30469,Larva Selvagem
Cratera Albern,Setor Notos,375276,86,30469,Notos Hound
Cratera Albern,Setor Notos,375277,86,30469,Regenerador Notos Malpas
Cratera Albern,Setor Notos,375278,91,40219,Arremessador Notos Malpas
Cratera Albern,Setor Notos,375288,91,40219,Lagarto Selvagem
Cratera Albern,Setor Notos,375279,91,40219,Notos Licker
Cratera Albern,Setor Notos,375280,96,55919,Guerreiro Pesado Notos Vafer
Cratera Albern,Setor Notos,375289,96,55919,Pathfinder Desenfreado
Cratera Albern,Setor Notos,375281,96,55919,Tropa de Cerco Notos Vafer
Cratera Albern,Setor Notos,375283,101,70669,Aniquilador Nether Notos
Cratera Albern,Setor Notos,375290,101,70669,Fantasma Blindado Enfurecido
Cratera Albern,Setor Notos,375282,101,70669,Guerreiro Nether Notos
Cratera Albern,Setor Pallas,375212,86,30469,Larva Selvagem
Cratera Albern,Setor Pallas,375201,86,30469,Pallas Hound
Cratera Albern,Setor Pallas,375202,86,30469,Regenerador Pallas Malpas
Cratera Albern,Setor Pallas,375203,91,40219,Arremessador Pallas Malpas
Cratera Albern,Setor Pallas,375213,91,40219,Lagarto Selvagem
Cratera Albern,Setor Pallas,375204,91,40219,Lambedor de Pallas
Cratera Albern,Setor Pallas,375205,96,55919,Guerreiro Pesado Pallas Vafer
Cratera Albern,Setor Pallas,375214,96,55919,Pathfinder Desenfreado
Cratera Albern,Setor Pallas,375206,96,55919,Soldado de Cerco Pallas Vafer
Cratera Albern,Setor Pallas,375208,101,70669,Aniquilador Nether de Pallas
Cratera Albern,Setor Pallas,375215,101,70669,Fantasma Blindado Enfurecido
Cratera Albern,Setor Pallas,375207,101,70669,Pallas Guerreiro Nether
Cratera Albern,Setor Phaenon,375231,86,30469,Cão Phaenon
Cratera Albern,Setor Phaenon,375242,86,30469,Larva Selvagem
Cratera Albern,Setor Phaenon,375232,86,30469,Regenerador Phaenon Malpas
Cratera Albern,Setor Phaenon,375233,91,40219,Arremessador Phaenon Malpas
Cratera Albern,Setor Phaenon,375243,91,40219,Lagarto Selvagem
Cratera Albern,Setor Phaenon,375234,91,40219,Lambedor de Phaenon
Cratera Albern,Setor Phaenon,375235,96,55919,Guerreiro Pesado Phaenon Vafer
Cratera Albern,Setor Phaenon,375244,96,55919,Pathfinder Desenfreado
Cratera Albern,Setor Phaenon,375236,96,55919,Tropa de Cerco Phaenon Vafer
Cratera Albern,Setor Phaenon,375238,101,70669,Aniquilador Nether Phaenon
Cratera Albern,Setor Phaenon,375245,101,70669,Fantasma Blindado Enfurecido
Cratera Albern,Setor Phaenon,375237,101,70669,Phaenon Guerreiro Nether
Cratera Albern,Setor Zelus,375246,86,30469,Cão Zelus
Cratera Albern,Setor Zelus,375257,86,30469,Larva Selvagem
Cratera Albern,Setor Zelus,375247,86,30469,Regenerador Zelus Malpas
Cratera Albern,Setor Zelus,375248,91,40219,Arremessador Zelus Malpas
Cratera Albern,Setor Zelus,375258,91,40219,Lagarto Selvagem
Cratera Albern,Setor Zelus,375249,91,40219,Zelus Licker
Cratera Albern,Setor Zelus,375250,96,55919,Guerreiro Pesado Zelus Vafer
Cratera Albern,Setor Zelus,375259,96,55919,Pathfinder Desenfreado
Cratera Albern,Setor Zelus,375251,96,55919,Soldado de Cerco Zelus Vafer
Cratera Albern,Setor Zelus,375253,101,70669,Aniquilador Nether de Zelus
Cratera Albern,Setor Zelus,375260,101,70669,Fantasma Blindado Enfurecido
Cratera Albern,Setor Zelus,375252,101,70669,Zelus Guerreiro Nether
Cratera Albern,Setor Basiir,375346,104,90169,Basiir Infectado
Cratera Albern,Setor Basiir,375357,104,90169,Larva Selvagem
Cratera Albern,Setor Basiir,375347,104,90169,Regenerador Basiir
Cratera Albern,Setor Basiir,375349,108,116669,Basiir Malpas
Cratera Albern,Setor Basiir,375348,108,116669,Basiir Thanat
Cratera Albern,Setor Basiir,375358,108,116669,Lagarto Selvagem
Cratera Albern,Setor Basiir,375351,112,147169,Invasor Saqueador Basiir
Cratera Albern,Setor Basiir,375359,112,147169,Pathfinder Desenfreado
Cratera Albern,Setor Basiir,375350,112,147169,Sniper Ladrão Basiir
Cratera Albern,Setor Basiir,375354,116,181669,Basiir Aniquilador Nether
Cratera Albern,Setor Basiir,375352,116,181669,Basiir Guerreiro Nether
Cratera Albern,Setor Basiir,375353,116,181669,Basiir Sentinela Nether
Cratera Albern,Setor Basiir,375360,116,181669,Fantasma Blindado Enfurecido
Cratera Albern,Setor Hnos,375316,104,90169,Hnos Infectados
Cratera Albern,Setor Hnos,375327,104,90169,Larva Selvagem
Cratera Albern,Setor Hnos,375317,104,90169,Regenerador Hnos
Cratera Albern,Setor Hnos,375319,108,116669,Hnos Malpas
Cratera Albern,Setor Hnos,375318,108,116669,Hnos Thanat
Cratera Albern,Setor Hnos,375328,108,116669,Lagarto Selvagem
Cratera Albern,Setor Hnos,375321,112,147169,Hnos Snatcher Raider
Cratera Albern,Setor Hnos,375320,112,147169,Hnos Snatcher Sniper
Cratera Albern,Setor Hnos,375329,112,147169,Pathfinder Desenfreado
Cratera Albern,Setor Hnos,375330,116,181669,Fantasma Blindado Enfurecido
Cratera Albern,Setor Hnos,375324,116,181669,Hnos Aniquilador Nether
Cratera Albern,Setor Hnos,375322,116,181669,Hnos Guerreiro Nether
Cratera Albern,Setor Hnos,375323,116,181669,Hnos Sentinela Nether
Cratera Albern,Setor Magni,375312,104,90169,Larva Selvagem
Cratera Albern,Setor Magni,375301,104,90169,Magni Infectado
Cratera Albern,Setor Magni,375302,104,90169,Regenerador Magni
Cratera Albern,Setor Magni,375313,108,116669,Lagarto Selvagem
Cratera Albern,Setor Magni,375304,108,116669,Magni Malpas
Cratera Albern,Setor Magni,375303,108,116669,Magni Thanat
Cratera Albern,Setor Magni,375306,112,147169,Assaltante Magni Snatcher
Cratera Albern,Setor Magni,375314,112,147169,Pathfinder Desenfreado
Cratera Albern,Setor Magni,375305,112,147169,Sniper Magni Snatcher
Cratera Albern,Setor Magni,375309,116,181669,Aniquilador Nether Magni
Cratera Albern,Setor Magni,375384,116,181669,Aniquilador Nether Rimaud
Cratera Albern,Setor Magni,375315,116,181669,Fantasma Blindado Enfurecido
Cratera Albern,Setor Magni,375330,116,181669,Fantasma Blindado Enfurecido
Cratera Albern,Setor Magni,375390,116,181669,Fantasma Blindado Enfurecido
Cratera Albern,Setor Magni,375324,116,181669,Hnos Aniquilador Nether
Cratera Albern,Setor Magni,375307,116,181669,Magni Guerreiro Nether
Cratera Albern,Setor Magni,375308,116,181669,Sentinela Nether Magni
Cratera Albern,Setor Rimaud,375387,104,90169,Larva Selvagem
Cratera Albern,Setor Rimaud,375377,104,90169,Regenerador Rimaud
Cratera Albern,Setor Rimaud,375376,104,90169,Rimaud Infectado
Cratera Albern,Setor Rimaud,375388,108,116669,Lagarto Selvagem
Cratera Albern,Setor Rimaud,375379,108,116669,Rimaud Malpas
Cratera Albern,Setor Rimaud,375378,108,116669,Rimaud Thanat
Cratera Albern,Setor Rimaud,375389,112,147169,Pathfinder Desenfreado
Cratera Albern,Setor Rimaud,375381,112,147169,Rimaud Saqueador Raider
Cratera Albern,Setor Rimaud,375380,112,147169,Sniper Rimaud Snatcher
Cratera Albern,Setor Rimaud,375384,116,181669,Aniquilador Nether Rimaud
Cratera Albern,Setor Rimaud,375390,116,181669,Fantasma Blindado Enfurecido
Cratera Albern,Setor Rimaud,375382,116,181669,Rimaud Guerreiro Nether
Cratera Albern,Setor Rimaud,375383,116,181669,Rimaud Sentinela Nether
Cratera Albern,Setor Veig,375342,104,90169,Larva Selvagem
Cratera Albern,Setor Veig,375332,104,90169,Regenerador Veig
Cratera Albern,Setor Veig,375331,104,90169,Veig Infectado
Cratera Albern,Setor Veig,375343,108,116669,Lagarto Selvagem
Cratera Albern,Setor Veig,375334,108,116669,Veig Malpas
Cratera Albern,Setor Veig,375333,108,116669,Veig Thanat
Cratera Albern,Setor Veig,375344,112,147169,Pathfinder Desenfreado
Cratera Albern,Setor Veig,375335,112,147169,Sniper Veig Snatcher
Cratera Albern,Setor Veig,375336,112,147169,Veig Saqueador Raider
Cratera Albern,Setor Veig,375345,116,181669,Fantasma Blindado Enfurecido
Cratera Albern,Setor Veig,375339,116,181669,Veig Aniquilador Nether
Cratera Albern,Setor Veig,375337,116,181669,Veig Guerreiro Nether
Cratera Albern,Setor Veig,375338,116,181669,Veig Sentinela Nether
Cratera Albern,Setor Vidar,375372,104,90169,Larva Selvagem
Cratera Albern,Setor Vidar,375362,104,90169,Regenerador Vidar
Cratera Albern,Setor Vidar,375361,104,90169,Vidar Infectado
Cratera Albern,Setor Vidar,375373,108,116669,Lagarto Selvagem
Cratera Albern,Setor Vidar,375364,108,116669,Vidar Malpas
Cratera Albern,Setor Vidar,375363,108,116669,Vidar Thanat
Cratera Albern,Setor Vidar,375366,112,147169,Assaltante Vidar Snatcher
Cratera Albern,Setor Vidar,375374,112,147169,Pathfinder Desenfreado
Cratera Albern,Setor Vidar,375365,112,147169,Sniper Vidar Snatcher
Cratera Albern,Setor Vidar,375369,116,181669,Aniquilador Nether Vidar
Cratera Albern,Setor Vidar,375375,116,181669,Fantasma Blindado Enfurecido
Cratera Albern,Setor Vidar,375368,116,181669,Sentinela Nether Vidar
Cratera Albern,Setor Vidar,375367,116,181669,Vidar Guerreiro Nether
Cratera Albern,Âncora do Pavor,375309,116,181669,Aniquilador Nether Magni
Cratera Albern,Âncora do Pavor,375384,116,181669,Aniquilador Nether Rimaud
Cratera Albern,Âncora do Pavor,375369,116,181669,Aniquilador Nether Vidar
Cratera Albern,Âncora do Pavor,375354,116,181669,Basiir Aniquilador Nether
Cratera Albern,Âncora do Pavor,375315,116,181669,Fantasma Blindado Enfurecido
Cratera Albern,Âncora do Pavor,375330,116,181669,Fantasma Blindado Enfurecido
Cratera Albern,Âncora do Pavor,375345,116,181669,Fantasma Blindado Enfurecido
Cratera Albern,Âncora do Pavor,375360,116,181669,Fantasma Blindado Enfurecido
Cratera Albern,Âncora do Pavor,375375,116,181669,Fantasma Blindado Enfurecido
Cratera Albern,Âncora do Pavor,375390,116,181669,Fantasma Blindado Enfurecido
Cratera Albern,Âncora do Pavor,375324,116,181669,Hnos Aniquilador Nether
Cratera Albern,Âncora do Pavor,375339,116,181669,Veig Aniquilador Nether
Cratera Albern,Âncora do Pavor,375367,116,181669,Vidar Guerreiro Nether
Enxame Ushas,Bayav,6511612,84,26919,Estilhaçador Infectado Selvagem
Enxame Ushas,Bayav,6511605,84,26919,Variante Bayav Thanat
Enxame Ushas,Bayav,6511606,84,26919,Variante de Larva Infernal Bayav
Enxame Ushas,Bayav,6511604,92,45919,Bayav Licker
Enxame Ushas,Bayav,6511603,92,45919,Bayav Malpas
Enxame Ushas,Bayav,6511611,92,45919,Lambe-Infectado Selvagem
Enxame Ushas,Bayav,6511609,100,73519,Arremessador Carmesim Bayav
Enxame Ushas,Bayav,6511607,100,73519,Cão Carmesim Bayav
Enxame Ushas,Bayav,6511613,100,73519,Cão Carmesim Selvagem
Enxame Ushas,Bayav,6511608,100,73519,Regenerador Carmesim Bayav
Enxame Ushas,Bayav,6511601,108,116669,Bayav Thanat
Enxame Ushas,Bayav,6511610,108,116669,Lagarto Infectado Selvagem
Enxame Ushas,Bayav,6511602,108,116669,Variante Bayav Malpas
Enxame Ushas,Darv,6511112,84,26919,Estilhaçador Infectado Selvagem
Enxame Ushas,Darv,6511105,84,26919,Variante Darv Thanat
Enxame Ushas,Darv,6511106,84,26919,Variante de Larva Infernal Darv
Enxame Ushas,Darv,6511104,92,45919,Darv Licker
Enxame Ushas,Darv,6511103,92,45919,Darv Malpas
Enxame Ushas,Darv,6511111,92,45919,Lambedor Infectado Selvagem
Enxame Ushas,Darv,6511113,100,73519,Cão Carmesim Selvagem
Enxame Ushas,Darv,6511109,100,73519,Darv Arremessador Carmesim
Enxame Ushas,Darv,6511107,100,73519,Darv Cão Carmesim
Enxame Ushas,Darv,6511108,100,73519,Regenerador Carmesim Darv
Enxame Ushas,Darv,6511101,108,116669,Darv Thanat
Enxame Ushas,Darv,6511110,108,116669,Lagarto Infectado Selvagem
Enxame Ushas,Darv,6511102,108,116669,Variante Darv Malpas
Enxame Ushas,Dixif,6511212,84,26919,Estilhaçador Infectado Selvagem
Enxame Ushas,Dixif,6511206,84,26919,Variante de Larva Infernal Dixif
Enxame Ushas,Dixif,6511205,84,26919,Variante Dixif Thanat
Enxame Ushas,Dixif,6511203,92,45919,Dixif Malpas
Enxame Ushas,Dixif,6511204,92,45919,Lambedor Dixif
Enxame Ushas,Dixif,6511211,92,45919,Lambedor Infectado Selvagem
Enxame Ushas,Dixif,6511213,100,73519,Cão Carmesim Selvagem
Enxame Ushas,Dixif,6511209,100,73519,Dixif Arremessador Carmesim
Enxame Ushas,Dixif,6511207,100,73519,Dixif Cão Carmesim
Enxame Ushas,Dixif,6511208,100,73519,Dixif Regenerador Carmesim
Enxame Ushas,Dixif,6511201,108,116669,Dixif Thanat
Enxame Ushas,Dixif,6511210,108,116669,Lagarto Infectado Selvagem
Enxame Ushas,Dixif,6511202,108,116669,Variante Dixif Malpas
Enxame Ushas,Ishav,6511312,84,26919,Estilhaçador Infectado Selvagem
Enxame Ushas,Ishav,6511306,84,26919,Variante de Larva Infernal Ishav
Enxame Ushas,Ishav,6511305,84,26919,Variante Ishav Thanat
Enxame Ushas,Ishav,6511304,92,45919,Ishav Licker
Enxame Ushas,Ishav,6511303,92,45919,Ishav Malpas
Enxame Ushas,Ishav,6511311,92,45919,Lambe-Infectado Selvagem
Enxame Ushas,Ishav,6511313,100,73519,Cão Carmesim Selvagem
Enxame Ushas,Ishav,6511309,100,73519,Ishav Arremessador Carmesim
Enxame Ushas,Ishav,6511307,100,73519,Ishav Cão Carmesim
Enxame Ushas,Ishav,6511308,100,73519,Regenerador Carmesim Ishav
Enxame Ushas,Ishav,6511301,108,116669,Ishav Thanat
Enxame Ushas,Ishav,6511310,108,116669,Lagarto Infectado Selvagem
Enxame Ushas,Ishav,6511302,108,116669,Variante Ishav Malpas
Enxame Ushas,Naruuv,6511512,84,26919,Estilhaçador Infectado Selvagem
Enxame Ushas,Naruuv,6511506,84,26919,Variante de Larva Infernal Naruuv
Enxame Ushas,Naruuv,6511505,84,26919,Variante Naruuv Thanat
Enxame Ushas,Naruuv,6511511,92,45919,Lambe-Infectado Selvagem
Enxame Ushas,Naruuv,6511504,92,45919,Lambedor Naruuv
Enxame Ushas,Naruuv,6511503,92,45919,Naruuv Malpas
Enxame Ushas,Naruuv,6511513,100,73519,Cão Carmesim Selvagem
Enxame Ushas,Naruuv,6511509,100,73519,Naruuv Arremessador Carmesim
Enxame Ushas,Naruuv,6511507,100,73519,Naruuv Cão Carmesim
Enxame Ushas,Naruuv,6511508,100,73519,Regenerador Carmesim Naruuv
Enxame Ushas,Naruuv,6511510,108,116669,Lagarto Infectado Selvagem
Enxame Ushas,Naruuv,6511501,108,116669,Naruuv Thanat
Enxame Ushas,Naruuv,6511502,108,116669,Variante Naruuv Malpas
Enxame Ushas,Uterv,6511412,84,26919,Estilhaçador Infectado Selvagem
Enxame Ushas,Uterv,6511406,84,26919,Variante de Larva Infernal Uterv
Enxame Ushas,Uterv,6511405,84,26919,Variante Uterv Thanat
Enxame Ushas,Uterv,6511411,92,45919,Lambe-Infectado Selvagem
Enxame Ushas,Uterv,6511404,92,45919,Lambedor Uterv
Enxame Ushas,Uterv,6511403,92,45919,Uterv Malpas
Enxame Ushas,Uterv,6511413,100,73519,Cão Carmesim Selvagem
Enxame Ushas,Uterv,6511409,100,73519,Uterv Arremessador Carmesim
Enxame Ushas,Uterv,6511407,100,73519,Uterv Cão Carmesim
Enxame Ushas,Uterv,6511408,100,73519,Uterv Regenerador Carmesim
Enxame Ushas,Uterv,6511410,108,116669,Lagarto Infectado Selvagem
Enxame Ushas,Uterv,6511401,108,116669,Uterv Thanat
Enxame Ushas,Uterv,6511402,108,116669,Variante Uterv Malpas
