ItemIndex,NameStringIndex,DescStringIndex,BindingType,ItemGroup,ExchangeItem,WGExchangeItem,TradeAble,Hide_WorldIndex,Grade,Quality,Tier,ItemCategory,ItemSubCategory,ItemType,EquipPartType,Equip_Biosuit,TalicColor,ItemSetIndex,StackCount,UseInventorySlotLimit,UseLv,UseLvLimit,CanUseOnUG,Sell_MoneyItemIndex,Sell_MoneyValue,Trade_MoneyValue,TeleportIndex,DrawIndex,ItemEnchantStatusIndex,AddStatGroupIndex,Status_1_Type,Status_1_Base,Status_2_Type,Status_2_Base,Status_3_Type,Status_3_Base,SubStatus_1_Type,SubStatus_1_Base,SubStatus_2_Type,SubStatus_2_Base,SubStatus_3_Type,SubStatus_3_Base,SubStatus_4_Type,SubStatus_4_Base,SubStatus_5_Type,SubStatus_5_Base,SubStatus_6_Type,SubStatus_6_Base,SubStatus_7_Type,SubStatus_7_Base,PrimeStatus_1_Type,PrimeStatus_1_Base,PrimeStatus_2_Type,PrimeStatus_2_Base,PrimeStatus_3_Type,PrimeStatus_3_Base,PrimeStatus_4_Type,PrimeStatus_4_Base,PrimeStatus_5_Type,PrimeStatus_5_Base,Option_Count_Max,ItemOptionGroupIndex1,ItemOptionGroupIndex2,ItemOptionGroupIndex3,ItemReward,Box_RewardIndex,Remodel_Index,Remodel_ItemIndex,AlchemyIndex,Collection_ReplaceIndex,CoolTime,CoolTimeGroupIndex,GetSkillGroupIndex,ActiveSkillIndex,IconText,IconTextAlign,Icon,Icon_s,WeaponModelIndex,GetInfoButton,SoleGrade,PeriodItem,PeriodEquipItem,SUBSCRIPTION_EFFECT_DAY,NamePTBR,DescriptionPTBR
1001,Item_Name_1001,Item_Desc_1001,False,1001,True,False,True,[],1,1,0,8,35,2011,0,0,0,0,9999,0,0,0,False,1,100,10,0,0,0,0,0,0,0,0,0,0,0,0,0,0,0,0,0,0,0,0,0,0,0,0,0,0,0,0,0,0,0,0,0,0,0,0,0,0,0,0,0,0,0,0,0,0,0,0,,0,/Game/Streaming/ArtAsset/UI/UIResource/UITexture/Common_Icon/Icon_Item/icon_item_ticket_junkyard.icon_item_ticket_junkyard,,0,True,False,False,False,0,Extensão de Permissão do Ferro-Velho de Androides,Um bilhete para estadia prolongada no Ferro-Velho de Androides.
1002,Item_Name_1002,Item_Desc_1002,False,1002,True,False,True,[],1,1,0,8,35,2011,0,0,0,0,9999,0,0,0,False,1,100,10,0,0,0,0,0,0,0,0,0,0,0,0,0,0,0,0,0,0,0,0,0,0,0,0,0,0,0,0,0,0,0,0,0,0,0,0,0,0,0,0,0,0,0,0,0,0,0,0,,0,/Game/Streaming/ArtAsset/UI/UIResource/UITexture/Common_Icon/Icon_Item/icon_item_ticket_nemesis_base.icon_item_ticket_nemesis_base,,0,True,False,False,False,0,Extensão de Permissão da Base Secreta Nemesis,Um bilhete para estadia prolongada na Base Secreta Nemesis.
1003,Item_Name_1003,Item_Desc_1003,False,1003,True,False,True,[],1,1,0,8,35,2011,0,0,0,0,9999,0,0,0,False,1,100,10,0,0,0,0,0,0,0,0,0,0,0,0,0,0,0,0,0,0,0,0,0,0,0,0,0,0,0,0,0,0,0,0,0,0,0,0,0,0,0,0,0,0,0,0,0,0,0,0,,0,/Game/Streaming/ArtAsset/UI/UIResource/UITexture/Common_Icon/Icon_Item/icon_item_ticket_acc.icon_item_ticket_acc,,0,True,False,False,False,0,Extensão de Permissão do Campo de Mineração (Accretia),Um bilhete para estadia prolongada no Campo de Mineração durante a ocupação Accretiano.
1004,Item_Name_1004,Item_Desc_1004,False,1004,True,False,True,[],1,1,0,8,35,2011,0,0,0,0,9999,0,0,0,False,1,100,10,0,0,0,0,0,0,0,0,0,0,0,0,0,0,0,0,0,0,0,0,0,0,0,0,0,0,0,0,0,0,0,0,0,0,0,0,0,0,0,0,0,0,0,0,0,0,0,0,,0,/Game/Streaming/ArtAsset/UI/UIResource/UITexture/Common_Icon/Icon_Item/icon_item_ticket_bel.icon_item_ticket_bel,,0,True,False,False,False,0,Extensão de Permissão do Campo de Mineração (Bellato),Um bilhete para estadia prolongada no Campo de Mineração durante a ocupação Bellateana.
1005,Item_Name_1005,Item_Desc_1005,False,1005,True,False,True,[],1,1,0,8,35,2011,0,0,0,0,9999,0,0,0,False,1,100,10,0,0,0,0,0,0,0,0,0,0,0,0,0,0,0,0,0,0,0,0,0,0,0,0,0,0,0,0,0,0,0,0,0,0,0,0,0,0,0,0,0,0,0,0,0,0,0,0,,0,/Game/Streaming/ArtAsset/UI/UIResource/UITexture/Common_Icon/Icon_Item/icon_item_ticket_cor.icon_item_ticket_cor,,0,True,False,False,False,0,Extensão de Permissão do Campo de Mineração (Cora),Um bilhete para estadia prolongada no Campo de Mineração durante a ocupação de Cora.
1006,Item_Name_1006,Item_Desc_1006,False,1006,True,False,True,[],1,1,0,8,35,2011,0,0,0,0,9999,0,0,0,False,1,100,10,0,0,0,0,0,0,0,0,0,0,0,0,0,0,0,0,0,0,0,0,0,0,0,0,0,0,0,0,0,0,0,0,0,0,0,0,0,0,0,0,0,0,0,0,0,0,0,0,,0,/Game/Streaming/ArtAsset/UI/UIResource/UITexture/Common_Icon/Icon_Item/icon_item_ticket_PMStimeextension_3rdfloor.icon_item_ticket_PMStimeextension_3rdfloor,,0,True,False,False,False,0,Extensão de Permissão do Campo de Mineração Exclusivo,Um bilhete para estadia prolongada no coração do Campo de Mineração da Mina Crag.
1007,Item_Name_1007,Item_Desc_1007,False,1007,True,False,True,[],1,1,0,8,35,2011,0,0,0,0,9999,0,0,0,False,1,100,10,0,0,0,0,0,0,0,0,0,0,0,0,0,0,0,0,0,0,0,0,0,0,0,0,0,0,0,0,0,0,0,0,0,0,0,0,0,0,0,0,0,0,0,0,0,0,0,0,,0,/Game/Streaming/ArtAsset/UI/UIResource/UITexture/Common_Icon/Icon_Item/icon_item_ticket_Exoplanet.icon_item_ticket_Exoplanet,,0,True,False,False,False,0,Extensão de Permissão da Cratera Albern,Um bilhete para estadia prolongada na Cratera Albern
1020,Item_Name_1020,Item_Desc_1020,False,1020,True,False,True,[],1,1,0,8,35,2011,0,0,0,0,9999,0,0,0,False,1,100,10,0,0,0,0,0,0,0,0,0,0,0,0,0,0,0,0,0,0,0,0,0,0,0,0,0,0,0,0,0,0,0,0,0,0,0,0,0,0,0,0,0,0,0,0,0,0,0,0,,0,/Game/Streaming/ArtAsset/UI/UIResource/UITexture/Common_Icon/Icon_Item/icon_item_ticket_Ushas_Swarm_stay.icon_item_ticket_Ushas_Swarm_stay,,0,True,False,False,False,0,Extensão de Permissão de Enxame Ushas,Um bilhete para estadia prolongada na área de Enxame Ushas.
1201,Item_Name_1201,Item_Desc_1201,False,1201,True,False,True,[],1,1,0,8,35,2012,0,0,0,0,9999,0,0,0,False,1,100,10,0,0,0,0,0,0,0,0,0,0,0,0,0,0,0,0,0,0,0,0,0,0,0,0,0,0,0,0,0,0,0,0,0,0,0,0,0,0,0,0,0,0,0,0,0,0,0,0,,0,/Game/Streaming/ArtAsset/UI/UIResource/UITexture/Common_Icon/Icon_Item/icon_item_ticket_nemesis_3rdfloor.icon_item_ticket_nemesis_3rdfloor,,0,True,False,False,False,0,Bilhete de Entrada da Base Secreta Nemesis 3º Andar,Um bilhete de entrada especial que teleporta você diretamente para a Base Secreta Nemesis 3º Andar.
1202,Item_Name_1202,Item_Desc_1202,False,1202,True,False,True,[],1,1,0,8,35,2012,0,0,0,0,9999,0,0,0,False,1,100,10,0,0,0,0,0,0,0,0,0,0,0,0,0,0,0,0,0,0,0,0,0,0,0,0,0,0,0,0,0,0,0,0,0,0,0,0,0,0,0,0,0,0,0,0,0,0,0,0,,0,/Game/Streaming/ArtAsset/UI/UIResource/UITexture/Common_Icon/Icon_Item/icon_item_ticket_miningSite_3rdfloor.icon_item_ticket_miningSite_3rdfloor,,0,True,False,False,False,0,Bilhete de Entrada do Campo de Mineração Público 3º Andar,Um bilhete de entrada especial que te teletransporta diretamente para o Campo de Mineração Público 3º Andar.
1203,Item_Name_1203,Item_Desc_1203,False,1203,True,False,True,[],1,1,0,8,35,2012,0,0,0,0,9999,0,0,0,False,1,100,10,0,0,0,0,0,0,0,0,0,0,0,0,0,0,0,0,0,0,0,0,0,0,0,0,0,0,0,0,0,0,0,0,0,0,0,0,0,0,0,0,0,0,0,0,0,0,0,0,,0,/Game/Streaming/ArtAsset/UI/UIResource/UITexture/Common_Icon/Icon_Item/icon_item_ticket_nemesis_4thfloor.icon_item_ticket_nemesis_4thfloor,,0,True,False,False,False,0,Bilhete de Entrada da Base Secreta Nemesis 4º Andar,Um bilhete de entrada especial que teleporta você diretamente para a Base Secreta Nemesis - 4º Andar.
1207,Item_Name_1207,Item_Desc_1207,False,1207,True,False,True,[],1,1,0,8,35,2012,0,0,0,0,9999,0,0,0,False,1,100,10,0,0,0,0,0,0,0,0,0,0,0,0,0,0,0,0,0,0,0,0,0,0,0,0,0,0,0,0,0,0,0,0,0,0,0,0,0,0,0,0,0,0,0,0,0,0,0,0,,0,/Game/Streaming/ArtAsset/UI/UIResource/UITexture/Common_Icon/Icon_Item/icon_item_ticket_miningSite_4thfloor.icon_item_ticket_miningSite_4thfloor,,0,True,False,False,False,0,Bilhete de Entrada do Campo de Mineração Público 4º Andar,Um bilhete de entrada especial que teleporta você diretamente para o Campo de Mineração Público 4º Andar.
1209,Item_Name_1209,Item_Desc_1209,False,1209,True,False,True,[],1,1,0,8,35,2012,0,0,0,0,9999,0,0,0,False,1,100,10,0,0,0,0,0,0,0,0,0,0,0,0,0,0,0,0,0,0,0,0,0,0,0,0,0,0,0,0,0,0,0,0,0,0,0,0,0,0,0,0,0,0,0,0,0,0,0,0,,0,/Game/Streaming/ArtAsset/UI/UIResource/UITexture/Common_Icon/Icon_Item/icon_item_ticket_miningSite_5thfloor.icon_item_ticket_miningSite_5thfloor,,0,True,False,False,False,0,Bilhete de Entrada do Campo de Mineração Público 5º Andar,Um bilhete de entrada especial que teleporta você diretamente para o Campo de Mineração Público 5º Andar.
1211,Item_Name_1211,Item_Desc_1211,False,1211,True,False,True,[],1,1,0,8,35,2012,0,0,0,0,9999,0,0,0,False,1,100,10,0,0,0,0,0,0,0,0,0,0,0,0,0,0,0,0,0,0,0,0,0,0,0,0,0,0,0,0,0,0,0,0,0,0,0,0,0,0,0,0,0,0,0,0,0,0,0,0,,0,/Game/Streaming/ArtAsset/UI/UIResource/UITexture/Common_Icon/Icon_Item/icon_item_ticket_nemesis_5thfloor.icon_item_ticket_nemesis_5thfloor,,0,True,False,False,False,0,Bilhete de Entrada da Base Secreta Nemesis 5º Andar,Um bilhete de entrada especial que teleporta você diretamente para a Base Secreta Nemesis - 5º Andar.
1521,Item_Name_1521,Item_Desc_1521,False,1521,True,False,True,[],1,1,0,8,35,2072,0,0,0,0,9999,0,0,0,False,1,100,10,0,0,0,0,0,0,0,0,0,0,0,0,0,0,0,0,0,0,0,0,0,0,0,0,0,0,0,0,0,0,0,0,0,0,0,0,0,0,0,0,0,0,0,0,0,0,0,0,,0,/Game/Streaming/ArtAsset/UI/UIResource/UITexture/Common_Icon/Icon_Item/icon_item_ticket_ArcaneTrials.icon_item_ticket_ArcaneTrials,/Game/Streaming/ArtAsset/UI/UIResource/UITexture/Common_Icon/Icon_Item_Consume_s/icon_item_ticket_ArcaneTrials_s.icon_item_ticket_ArcaneTrials_s,0,True,False,False,False,0,Bilhete de Recarga das Provas Arcanas,Um item usado para recarregar os Bilhetes de Entrada das Provas Arcanas.
1531,Item_Name_1531,Item_Desc_1531,False,1531,True,False,True,[],1,1,0,8,35,2081,0,0,0,0,9999,0,0,0,False,1,100,10,0,0,0,0,0,0,0,0,0,0,0,0,0,0,0,0,0,0,0,0,0,0,0,0,0,0,0,0,0,0,0,0,0,0,0,0,0,0,0,0,0,0,0,0,0,0,0,0,,0,/Game/Streaming/ArtAsset/UI/UIResource/UITexture/Common_Icon/Icon_Item_Consume/icon_item_ticket_MemorialArena.icon_item_ticket_MemorialArena,/Game/Streaming/ArtAsset/UI/UIResource/UITexture/Common_Icon/Icon_Item_Consume_s/icon_item_ticket_MemorialArena_s.icon_item_ticket_MemorialArena_s,0,True,False,False,False,0,Bilhete de Recarga do Campo de Batalha da Memória,Um item usado para recarregar os Bilhetes de Entrada do Campo de Batalha da Memória.
2032,Item_Name_2032,Item_Desc_2032,False,2032,True,False,True,[],1,1,0,8,31,2032,0,0,0,0,9999,0,0,0,False,1,100,10,0,0,0,0,0,0,0,0,0,0,0,0,0,0,0,0,0,0,0,0,0,0,0,0,0,0,0,0,0,0,0,0,0,0,0,0,0,0,400012,0,0,0,0,0,0,0,0,0,,0,/Game/Streaming/ArtAsset/UI/UIResource/UITexture/Common_Icon/Icon_Item_Quest/icon_DC_Nomad_01.icon_DC_Nomad_01,,0,True,False,False,False,0,Chip de Memória Recuperado,Chip de Memória Recuperado
2040,Item_Name_2040,Item_Desc_2040,False,2040,True,False,True,[],1,1,0,8,35,2045,0,0,0,0,9999,0,0,0,False,1,50000,10,0,0,0,0,0,0,0,0,0,0,0,0,0,0,0,0,0,0,0,0,0,0,0,0,0,0,0,0,0,0,0,0,0,0,0,0,0,0,0,0,0,0,0,0,0,0,0,0,,0,/Game/Streaming/ArtAsset/UI/UIResource/UITexture/Common_Icon/Icon_Item/icon_Creditcard50k.icon_Creditcard50k,,0,True,False,False,False,0,Cartão de Crédito 50k,Pode vender para uma loja por 50.000 Créditos.
2044,Item_Name_2044,Item_Desc_2044,False,2044,True,True,True,[],4,1,0,8,35,2045,0,0,0,0,9999,0,0,0,False,1,500000,10,0,0,0,0,0,0,0,0,0,0,0,0,0,0,0,0,0,0,0,0,0,0,0,0,0,0,0,0,0,0,0,0,0,0,0,0,0,0,0,0,0,0,0,0,0,0,0,0,,0,/Game/Streaming/ArtAsset/UI/UIResource/UITexture/Common_Icon/Icon_Item/icon_Creditcard500k1.icon_Creditcard500k1,,0,True,False,False,False,0,Cartão de Crédito 500k,Pode vender para uma loja por 500.000 Créditos.
4003,Item_Name_4003,Item_Desc_4003,False,4003,True,False,True,[],3,1,0,6,27,2034,0,0,0,0,9999,0,0,0,False,1,500,50,0,0,0,0,0,0,0,0,0,0,0,0,0,0,0,0,0,0,0,0,0,0,0,0,0,0,0,0,0,0,0,0,0,0,0,0,0,0,100311,0,0,0,0,0,0,0,4,0,,0,/Game/Streaming/ArtAsset/UI/UIResource/UITexture/Common_Icon/Icon_Item/icon_A_skillchip_biosuit__rare.icon_A_skillchip_biosuit__rare,,0,True,False,False,False,0,Ativa - Habilidades de Combate [IV],"Um livro de Habilidades que desbloqueia todas as Habilidades em Habilidades de Combate [IV] exclusivo para Biosuits.
Uma vez ativado, qualquer Habilidade em Habilidades de Combate [IV] pode ser usada independentemente de qual Biosuit esteja equipado."
4004,Item_Name_4004,Item_Desc_4004,False,4004,True,False,True,[],3,1,0,6,27,2034,0,0,0,0,9999,0,0,0,False,1,500,50,0,0,0,0,0,0,0,0,0,0,0,0,0,0,0,0,0,0,0,0,0,0,0,0,0,0,0,0,0,0,0,0,0,0,0,0,0,0,100311,0,0,0,0,0,0,0,5,0,,0,/Game/Streaming/ArtAsset/UI/UIResource/UITexture/Common_Icon/Icon_Item/icon_A_skillchip_biosuit__rare.icon_A_skillchip_biosuit__rare,,0,True,False,False,False,0,Ativa - Habilidades de Combate [V],"Um livro de Habilidades que desbloqueia todas as Habilidades em Habilidades de Combate [V] exclusivo para Biosuits.
Uma vez ativado, qualquer Habilidade em Habilidades de Combate [V] pode ser usada independentemente de qual Biosuit esteja equipado."
4005,Item_Name_4005,Item_Desc_4005,False,4005,True,True,True,[],4,1,0,6,27,2034,0,0,0,0,9999,0,0,0,False,1,1000,300,0,0,0,0,0,0,0,0,0,0,0,0,0,0,0,0,0,0,0,0,0,0,0,0,0,0,0,0,0,0,0,0,0,0,0,0,0,0,100411,0,0,0,0,0,0,0,6,0,,0,/Game/Streaming/ArtAsset/UI/UIResource/UITexture/Common_Icon/Icon_Item/icon_A_skillchip_biosuit_heroic.icon_A_skillchip_biosuit_heroic,,0,True,False,False,False,0,Ativa - Habilidades de Combate [VI],"Um livro de Habilidades que desbloqueia todas as Habilidades em Habilidades de Combate [VI] exclusivo para Biosuits.
Uma vez ativado, qualquer Habilidade em Habilidades de Combate [VI] pode ser usada independentemente de qual Biosuit esteja equipado."
4006,Item_Name_4006,Item_Desc_4006,False,4006,True,False,True,[],1,1,0,6,27,2034,0,0,0,0,9999,0,0,0,False,1,100,10,0,0,0,0,0,0,0,0,0,0,0,0,0,0,0,0,0,0,0,0,0,0,0,0,0,0,0,0,0,0,0,0,0,0,0,0,0,0,100111,0,0,0,0,0,0,0,401,0,,0,/Game/Streaming/ArtAsset/UI/UIResource/UITexture/Common_Icon/Icon_Item/icon_A_skillchip_biosuit_advanced.icon_A_skillchip_biosuit_advanced,,0,True,False,False,False,0,Ativa - Habilidades Aprimoradas [I],"Um livro de habilidades que desbloqueia todas as habilidades em Habilidades Aprimoradas [I] exclusivo para Biosuits.
Uma vez ativado, qualquer habilidade em Habilidades Aprimoradas [I] pode ser usada independentemente de qual Biosuit esteja equipado."
4007,Item_Name_4007,Item_Desc_4007,False,4007,True,False,True,[],2,1,0,6,27,2034,0,0,0,0,9999,0,0,0,False,1,300,10,0,0,0,0,0,0,0,0,0,0,0,0,0,0,0,0,0,0,0,0,0,0,0,0,0,0,0,0,0,0,0,0,0,0,0,0,0,0,100211,0,0,0,0,0,0,0,402,0,,0,/Game/Streaming/ArtAsset/UI/UIResource/UITexture/Common_Icon/Icon_Item/icon_A_skillchip_biosuit_advanced.icon_A_skillchip_biosuit_advanced,,0,True,False,False,False,0,Ativa - Habilidades Aprimoradas [II],"Um livro de habilidades que desbloqueia todas as habilidades em Habilidades Aprimoradas [II] exclusivo para Biosuits.
Uma vez ativado, qualquer habilidade em Habilidades Aprimoradas [II] pode ser usada independentemente de qual Biosuit esteja equipado."
4008,Item_Name_4008,Item_Desc_4008,False,4008,True,True,True,[],4,1,0,6,27,2034,0,0,0,0,9999,0,0,0,False,1,1000,300,0,0,0,0,0,0,0,0,0,0,0,0,0,0,0,0,0,0,0,0,0,0,0,0,0,0,0,0,0,0,0,0,0,0,0,0,0,0,100411,0,0,0,0,0,0,0,7,0,,0,/Game/Streaming/ArtAsset/UI/UIResource/UITexture/Common_Icon/Icon_Item/icon_A_skillchip_biosuit_heroic.icon_A_skillchip_biosuit_heroic,,0,True,False,False,False,0,Ativa - Habilidades de Combate [VII],"Um livro de Habilidades que desbloqueia todas as Habilidades em Habilidades de Combate [VII] exclusivo para Biosuits.
Uma vez ativado, qualquer Habilidade em Habilidades de Combate [VII] pode ser usada independentemente de qual Biosuit esteja equipado."
4009,Item_Name_4009,Item_Desc_4009,False,4009,True,True,True,[],4,1,0,6,27,2034,0,0,0,0,9999,0,0,0,False,1,1000,300,0,0,0,0,0,0,0,0,0,0,0,0,0,0,0,0,0,0,0,0,0,0,0,0,0,0,0,0,0,0,0,0,0,0,0,0,0,0,100411,0,0,0,0,0,0,0,8,0,,0,/Game/Streaming/ArtAsset/UI/UIResource/UITexture/Common_Icon/Icon_Item/icon_A_skillchip_biosuit_heroic.icon_A_skillchip_biosuit_heroic,,0,True,False,False,False,0,Ativa - Habilidades de Combate [VIII],"Um livro de habilidades que desbloqueia todas as Habilidades em Habilidades de Combate [VIII] exclusivo para Biosuits.
Uma vez ativado, qualquer Habilidade em Habilidades de Combate [VIII] pode ser usada independentemente de qual Biosuit esteja equipado."
4010,Item_Name_4010,Item_Desc_4010,False,4010,True,False,True,[],3,1,0,6,27,2034,0,0,0,0,9999,0,0,0,False,1,500,50,0,0,0,0,0,0,0,0,0,0,0,0,0,0,0,0,0,0,0,0,0,0,0,0,0,0,0,0,0,0,0,0,0,0,0,0,0,0,100311,0,0,0,0,0,0,0,403,0,,0,/Game/Streaming/ArtAsset/UI/UIResource/UITexture/Common_Icon/Icon_Item/icon_A_skillchip_biosuit__rare.icon_A_skillchip_biosuit__rare,,0,True,False,False,False,0,Ativa - Habilidades Aprimoradas [III],"Um livro de habilidades que desbloqueia todas as habilidades em Habilidades Aprimoradas [III] exclusivo para Biosuits.

Uma vez ativado, qualquer habilidade em Habilidades Aprimoradas [III] pode ser usada independentemente de qual Biosuit esteja equipado."
4011,Item_Name_4011,Item_Desc_4011,False,4011,True,True,True,[],4,1,0,6,27,2034,0,0,0,0,9999,0,0,0,False,1,1000,300,0,0,0,0,0,0,0,0,0,0,0,0,0,0,0,0,0,0,0,0,0,0,0,0,0,0,0,0,0,0,0,0,0,0,0,0,0,0,100411,0,0,0,0,0,0,0,404,0,,0,/Game/Streaming/ArtAsset/UI/UIResource/UITexture/Common_Icon/Icon_Item/icon_A_skillchip_biosuit_heroic.icon_A_skillchip_biosuit_heroic,,0,True,False,False,False,0,Ativa - Habilidades Aprimoradas [IV],"Um livro de habilidades que desbloqueia todas as habilidades em Habilidades Aprimoradas [IV] exclusivo para Biosuits.

Uma vez ativado, qualquer habilidade em Habilidades Aprimoradas [IV] pode ser usada independentemente de qual Biosuit esteja equipado."
4012,Item_Name_4012,Item_Desc_4012,False,4012,True,True,True,[],4,1,0,6,27,2034,0,0,0,0,9999,0,0,0,False,1,1000,300,0,0,0,0,0,0,0,0,0,0,0,0,0,0,0,0,0,0,0,0,0,0,0,0,0,0,0,0,0,0,0,0,0,0,0,0,0,0,100411,0,0,0,0,0,0,0,9,0,,0,/Game/Streaming/ArtAsset/UI/UIResource/UITexture/Common_Icon/Icon_Item/icon_A_skillchip_biosuit_heroic.icon_A_skillchip_biosuit_heroic,,0,True,False,False,False,0,Ativa - Habilidades de Combate [IX],"Um livro de habilidades que desbloqueia todas as Habilidades em Habilidades de Combate [IX] exclusivo para Biosuits.
Uma vez ativado, qualquer Habilidade em Habilidades de Combate [IX] pode ser usada independentemente de qual Biosuit esteja equipado."
4100,Item_Name_4100,Item_Desc_4100,False,4100,True,True,True,[],4,1,0,6,27,2034,0,0,0,0,9999,0,0,0,False,1,1000,300,0,0,0,0,0,0,0,0,0,0,0,0,0,0,0,0,0,0,0,0,0,0,0,0,0,0,0,0,0,0,0,0,0,0,0,0,0,0,100411,0,0,0,0,0,0,0,101,0,,0,/Game/Streaming/ArtAsset/UI/UIResource/UITexture/Common_Icon/Icon_Item/icon_P_skillchip_biosuit_heroic.icon_P_skillchip_biosuit_heroic,,0,True,False,False,False,0,Passiva - Condicional [I],"Um livro de habilidades que desbloqueia todas as Habilidades em Condicional [I] exclusivo para Biosuits.
Uma vez ativado, qualquer Habilidade em Condicional [I] pode ser usada independentemente de qual Biosuit esteja equipado."
4101,Item_Name_4101,Item_Desc_4101,False,4101,True,False,True,[],1,1,0,6,27,2034,0,0,0,0,9999,0,0,0,False,1,100,10,0,0,0,0,0,0,0,0,0,0,0,0,0,0,0,0,0,0,0,0,0,0,0,0,0,0,0,0,0,0,0,0,0,0,0,0,0,0,100111,0,0,0,0,0,0,0,201,0,,0,/Game/Streaming/ArtAsset/UI/UIResource/UITexture/Common_Icon/Icon_Item/icon_P_skillchip_biosuit_advanced.icon_P_skillchip_biosuit_advanced,,0,True,False,False,False,0,Passiva - Constante [I],"Um livro de habilidades que desbloqueia todas as habilidades em Constante [I] exclusivo para Biosuits.
Uma vez ativado, qualquer habilidade em Constante [I] pode ser usada independentemente de qual Biosuit esteja equipado."
4102,Item_Name_4102,Item_Desc_4102,False,4102,True,False,True,[],2,1,0,6,27,2034,0,0,0,0,9999,0,0,0,False,1,300,10,0,0,0,0,0,0,0,0,0,0,0,0,0,0,0,0,0,0,0,0,0,0,0,0,0,0,0,0,0,0,0,0,0,0,0,0,0,0,100211,0,0,0,0,0,0,0,202,0,,0,/Game/Streaming/ArtAsset/UI/UIResource/UITexture/Common_Icon/Icon_Item/icon_P_skillchip_biosuit_advanced.icon_P_skillchip_biosuit_advanced,,0,True,False,False,False,0,Passiva - Constante [II],"Um livro de habilidades que desbloqueia todas as habilidades em Constante [II] exclusivo para Biosuits.
Uma vez ativado, qualquer habilidade em Constante [II] pode ser usada independentemente de qual Biosuit esteja equipado."
4103,Item_Name_4103,Item_Desc_4103,False,4103,True,False,True,[],3,1,0,6,27,2034,0,0,0,0,9999,0,0,0,False,1,500,50,0,0,0,0,0,0,0,0,0,0,0,0,0,0,0,0,0,0,0,0,0,0,0,0,0,0,0,0,0,0,0,0,0,0,0,0,0,0,100311,0,0,0,0,0,0,0,203,0,,0,/Game/Streaming/ArtAsset/UI/UIResource/UITexture/Common_Icon/Icon_Item/icon_P_skillchip_biosuit_rare.icon_P_skillchip_biosuit_rare,,0,True,False,False,False,0,Passiva - Constante [III],"Um livro de Habilidades que desbloqueia todas as Habilidades em Constante [III] exclusivo para Biosuits.
Uma vez ativado, qualquer Habilidade em Constante [III] pode ser usada independentemente de qual Biosuit esteja equipado."
4104,Item_Name_4104,Item_Desc_4104,False,4104,True,False,True,[],3,1,0,6,27,2034,0,0,0,0,9999,0,0,0,False,1,500,50,0,0,0,0,0,0,0,0,0,0,0,0,0,0,0,0,0,0,0,0,0,0,0,0,0,0,0,0,0,0,0,0,0,0,0,0,0,0,100311,0,0,0,0,0,0,0,204,0,,0,/Game/Streaming/ArtAsset/UI/UIResource/UITexture/Common_Icon/Icon_Item/icon_P_skillchip_biosuit_rare.icon_P_skillchip_biosuit_rare,,0,True,False,False,False,0,Passiva - Constante [IV],"Um livro de Habilidades que desbloqueia todas as Habilidades em Constante [IV] exclusivo para Biosuits.
Uma vez ativado, qualquer Habilidade em Constante [IV] pode ser usada independentemente de qual Biosuit esteja equipado."
4105,Item_Name_4105,Item_Desc_4105,False,4105,True,True,True,[],4,1,0,6,27,2034,0,0,0,0,9999,0,0,0,False,1,1000,300,0,0,0,0,0,0,0,0,0,0,0,0,0,0,0,0,0,0,0,0,0,0,0,0,0,0,0,0,0,0,0,0,0,0,0,0,0,0,100411,0,0,0,0,0,0,0,205,0,,0,/Game/Streaming/ArtAsset/UI/UIResource/UITexture/Common_Icon/Icon_Item/icon_A_skillchip_biosuit_heroic.icon_A_skillchip_biosuit_heroic,,0,True,False,False,False,0,Passiva - Constante [V],"Um livro de Habilidades que desbloqueia todas as Habilidades em Constante [V] exclusivo para Biosuits.
Uma vez ativado, qualquer Habilidade em Constante [V] pode ser usada independentemente de qual Biosuit esteja equipado."
4106,Item_Name_4106,Item_Desc_4106,False,4106,True,True,True,[],4,1,0,6,27,2034,0,0,0,0,9999,0,0,0,False,1,1000,300,0,0,0,0,0,0,0,0,0,0,0,0,0,0,0,0,0,0,0,0,0,0,0,0,0,0,0,0,0,0,0,0,0,0,0,0,0,0,100411,0,0,0,0,0,0,0,206,0,,0,/Game/Streaming/ArtAsset/UI/UIResource/UITexture/Common_Icon/Icon_Item/icon_A_skillchip_biosuit_heroic.icon_A_skillchip_biosuit_heroic,,0,True,False,False,False,0,Passiva - Constante [Ⅵ],"Um livro de Habilidades que desbloqueia todas as Habilidades em Constante [VI] exclusivo para Biosuits.
Uma vez ativado, qualquer Habilidade em Constante [VI] pode ser usada independentemente de qual Biosuit esteja equipado."
4200,Item_Name_4200,Item_Desc_4200,False,4200,True,False,True,[],1,1,0,6,27,2034,0,0,0,0,9999,0,0,0,False,1,100,10,0,0,0,0,0,0,0,0,0,0,0,0,0,0,0,0,0,0,0,0,0,0,0,0,0,0,0,0,0,0,0,0,0,0,0,0,0,0,200111,0,0,0,0,0,0,0,2010001,0,,0,/Game/Streaming/ArtAsset/UI/UIResource/UITexture/Common_Icon/Icon_Item/icon_C_ATKskilllearningdevice.icon_C_ATKskilllearningdevice,,0,True,False,False,False,0,Passiva - Reforço de Ataque,Fornece uma Habilidade passiva universal que se aplica a todos os Biosuit. Treina o corpo para aprimorar o desempenho de Ataque do usuário.
4201,Item_Name_4201,Item_Desc_4201,False,4201,True,False,True,[],1,1,0,6,27,2034,0,0,0,0,9999,0,0,0,False,1,100,10,0,0,0,0,0,0,0,0,0,0,0,0,0,0,0,0,0,0,0,0,0,0,0,0,0,0,0,0,0,0,0,0,0,0,0,0,0,0,200111,0,0,0,0,0,0,0,2010002,0,,0,/Game/Streaming/ArtAsset/UI/UIResource/UITexture/Common_Icon/Icon_Item/icon_C_ATKskilllearningdevice.icon_C_ATKskilllearningdevice,,0,True,False,False,False,0,Passiva - Reforço de Arma,Fornece uma Habilidade passiva universal que se aplica a todos os Biosuit.Aprimora o domínio de armas para melhorar o desempenho de Ataque.
4202,Item_Name_4202,Item_Desc_4202,False,4202,True,False,True,[],1,1,0,6,27,2034,0,0,0,0,9999,0,0,0,False,1,100,10,0,0,0,0,0,0,0,0,0,0,0,0,0,0,0,0,0,0,0,0,0,0,0,0,0,0,0,0,0,0,0,0,0,0,0,0,0,0,200111,0,0,0,0,0,0,0,2010003,0,,0,/Game/Streaming/ArtAsset/UI/UIResource/UITexture/Common_Icon/Icon_Item/icon_C_DFFskilllearningdevice.icon_C_DFFskilllearningdevice,,0,True,False,False,False,0,Passiva - Reforço de Defesa,Fornece uma Habilidade passiva universal que se aplica a todos os Biosuit.Pesquisa técnicas de Defesa eficazes para aprimorar o desempenho da Defesa.
4203,Item_Name_4203,Item_Desc_4203,False,4203,True,False,True,[],1,1,0,6,27,2034,0,0,0,0,9999,0,0,0,False,1,100,10,0,0,0,0,0,0,0,0,0,0,0,0,0,0,0,0,0,0,0,0,0,0,0,0,0,0,0,0,0,0,0,0,0,0,0,0,0,0,200111,0,0,0,0,0,0,0,2010004,0,,0,/Game/Streaming/ArtAsset/UI/UIResource/UITexture/Common_Icon/Icon_Item/icon_C_DFFskilllearningdevice.icon_C_DFFskilllearningdevice,,0,True,False,False,False,0,Passiva - Reforço de HP,Fornece uma Habilidade passiva universal que se aplica a todos os Biosuit.Engaja-se em treinamento físico constante para aprimorar o PV Máx.
4204,Item_Name_4204,Item_Desc_4204,False,4204,True,False,True,[],1,1,0,6,27,2034,0,0,0,0,9999,0,0,0,False,1,100,10,0,0,0,0,0,0,0,0,0,0,0,0,0,0,0,0,0,0,0,0,0,0,0,0,0,0,0,0,0,0,0,0,0,0,0,0,0,0,200111,0,0,0,0,0,0,0,2010005,0,,0,/Game/Streaming/ArtAsset/UI/UIResource/UITexture/Common_Icon/Icon_Item/icon_C_SUPskilllearningdevice.icon_C_SUPskilllearningdevice,,0,True,False,False,False,0,Passiva - Disciplina Mental,Fornece uma Habilidade passiva universal que se aplica a todos os Biosuit.Mantém uma Mente Clara para otimizar o uso de Habilidade.
4205,Item_Name_4205,Item_Desc_4205,False,4205,True,False,True,[],2,1,0,6,27,2034,0,0,0,0,9999,0,0,0,False,1,300,10,0,0,0,0,0,0,0,0,0,0,0,0,0,0,0,0,0,0,0,0,0,0,0,0,0,0,0,0,0,0,0,0,0,0,0,0,0,0,200211,0,0,0,0,0,0,0,2010102,0,,0,/Game/Streaming/ArtAsset/UI/UIResource/UITexture/Common_Icon/Icon_Item/icon_C_ATKskilllearningdevice_Advanced.icon_C_ATKskilllearningdevice_Advanced,,0,True,False,False,False,0,Passiva - Reforço de Precisão,Fornece uma Habilidade passiva universal que se aplica a todos os Biosuit.Concentra a mente para aumentar a precisão da Habilidade.
4206,Item_Name_4206,Item_Desc_4206,False,4206,True,False,True,[],2,1,0,6,27,2034,0,0,0,0,9999,0,0,0,False,1,300,10,0,0,0,0,0,0,0,0,0,0,0,0,0,0,0,0,0,0,0,0,0,0,0,0,0,0,0,0,0,0,0,0,0,0,0,0,0,0,200211,0,0,0,0,0,0,0,2010103,0,,0,/Game/Streaming/ArtAsset/UI/UIResource/UITexture/Common_Icon/Icon_Item/icon_C_DFFskilllearningdevice_Advanced.icon_C_DFFskilllearningdevice_Advanced,,0,True,False,False,False,0,Passiva - Reforço Corporal,Fornece uma Habilidade passiva universal que se aplica a todos os Biosuit. Treina ainda mais o corpo para resistir melhor aos danos recebidos.
4207,Item_Name_4207,Item_Desc_4207,False,4207,True,False,True,[],2,1,0,6,27,2034,0,0,0,0,9999,0,0,0,False,1,300,10,0,0,0,0,0,0,0,0,0,0,0,0,0,0,0,0,0,0,0,0,0,0,0,0,0,0,0,0,0,0,0,0,0,0,0,0,0,0,200211,0,0,0,0,0,0,0,2010104,0,,0,/Game/Streaming/ArtAsset/UI/UIResource/UITexture/Common_Icon/Icon_Item/icon_C_DFFskilllearningdevice_Advanced.icon_C_DFFskilllearningdevice_Advanced,,0,True,False,False,False,0,Passiva - Reforço de Bloqueio,Fornece uma Habilidade passiva universal que se aplica a todos os Biosuit. Aprimora as Habilidades de Defesa com armas para diminuir o dano de golpes críticos.
4208,Item_Name_4208,Item_Desc_4208,False,4208,True,False,True,[],2,1,0,6,27,2034,0,0,0,0,9999,0,0,0,False,1,300,10,0,0,0,0,0,0,0,0,0,0,0,0,0,0,0,0,0,0,0,0,0,0,0,0,0,0,0,0,0,0,0,0,0,0,0,0,0,0,200211,0,0,0,0,0,0,0,2010101,0,,0,/Game/Streaming/ArtAsset/UI/UIResource/UITexture/Common_Icon/Icon_Item/icon_C_ATKskilllearningdevice_Advanced.icon_C_ATKskilllearningdevice_Advanced,,0,True,False,False,False,0,Passiva - Reforço de Técnica,Fornece uma Habilidade passiva universal que se aplica a todos os Biosuit.Pesquisa as Habilidades do usuário para aumentar sua produção de dano.
4209,Item_Name_4209,Item_Desc_4209,False,4209,True,False,True,[],2,1,0,6,27,2034,0,0,0,0,9999,0,0,0,False,1,300,10,0,0,0,0,0,0,0,0,0,0,0,0,0,0,0,0,0,0,0,0,0,0,0,0,0,0,0,0,0,0,0,0,0,0,0,0,0,0,200211,0,0,0,0,0,0,0,2010105,0,,0,/Game/Streaming/ArtAsset/UI/UIResource/UITexture/Common_Icon/Icon_Item/icon_C_SUPskilllearningdevice_Advanced.icon_C_SUPskilllearningdevice_Advanced,,0,True,False,False,False,0,Passiva - Otimização,Fornece uma Habilidade passiva universal que se aplica a todos os Biosuit. Otimiza o traje para tornar sua operação mais eficiente.
4210,Item_Name_4210,Item_Desc_4210,False,4210,True,False,True,[],3,1,0,6,27,2034,0,0,0,0,9999,0,0,0,False,1,500,50,0,0,0,0,0,0,0,0,0,0,0,0,0,0,0,0,0,0,0,0,0,0,0,0,0,0,0,0,0,0,0,0,0,0,0,0,0,0,200311,0,0,0,0,0,0,0,2010201,0,,0,/Game/Streaming/ArtAsset/UI/UIResource/UITexture/Common_Icon/Icon_Item/icon_C_ATKskilllearningdevice_Rare.icon_C_ATKskilllearningdevice_Rare,,0,True,False,False,False,0,Passiva - Detectar Fraqueza,Fornece uma Habilidade passiva universal que se aplica a todos os Biosuit. Identifica as fraquezas inimigas ainda melhor para desferir golpes críticos.
4211,Item_Name_4211,Item_Desc_4211,False,4211,True,False,True,[],3,1,0,6,27,2034,0,0,0,0,9999,0,0,0,False,1,500,50,0,0,0,0,0,0,0,0,0,0,0,0,0,0,0,0,0,0,0,0,0,0,0,0,0,0,0,0,0,0,0,0,0,0,0,0,0,0,200311,0,0,0,0,0,0,0,2010202,0,,0,/Game/Streaming/ArtAsset/UI/UIResource/UITexture/Common_Icon/Icon_Item/icon_C_ATKskilllearningdevice_Rare.icon_C_ATKskilllearningdevice_Rare,,0,True,False,False,False,0,Passiva - Mestre de Ataque,Fornece uma Habilidade passiva universal que se aplica a todos os Biosuits.Aumenta a agressão para aprimorar ainda mais os Ataques do usuário.
4212,Item_Name_4212,Item_Desc_4212,False,4212,True,False,True,[],3,1,0,6,27,2034,0,0,0,0,9999,0,0,0,False,1,500,50,0,0,0,0,0,0,0,0,0,0,0,0,0,0,0,0,0,0,0,0,0,0,0,0,0,0,0,0,0,0,0,0,0,0,0,0,0,0,200311,0,0,0,0,0,0,0,2010203,0,,0,/Game/Streaming/ArtAsset/UI/UIResource/UITexture/Common_Icon/Icon_Item/icon_C_DFFskilllearningdevice_Rare.icon_C_DFFskilllearningdevice_Rare,,0,True,False,False,False,0,Passiva - Kit de Recuperação,Fornece uma Habilidade passiva universal que se aplica a todos os Biosuit.Otimiza as ações necessárias para a recuperação.
4213,Item_Name_4213,Item_Desc_4213,False,4213,True,False,True,[],3,1,0,6,27,2034,0,0,0,0,9999,0,0,0,False,1,500,50,0,0,0,0,0,0,0,0,0,0,0,0,0,0,0,0,0,0,0,0,0,0,0,0,0,0,0,0,0,0,0,0,0,0,0,0,0,0,200311,0,0,0,0,0,0,0,2010204,0,,0,/Game/Streaming/ArtAsset/UI/UIResource/UITexture/Common_Icon/Icon_Item/icon_C_DFFskilllearningdevice_Rare.icon_C_DFFskilllearningdevice_Rare,,0,True,False,False,False,0,Passiva - Adaptação à Dor,"Fornece uma Habilidade passiva universal que se aplica a todos os Biosuit.Ajuda o usuário a se concentrar na luta, aprimorando os reflexos em combate corpo a corpo."
4214,Item_Name_4214,Item_Desc_4214,False,4214,True,False,True,[],3,1,0,6,27,2034,0,0,0,0,9999,0,0,0,False,1,500,50,0,0,0,0,0,0,0,0,0,0,0,0,0,0,0,0,0,0,0,0,0,0,0,0,0,0,0,0,0,0,0,0,0,0,0,0,0,0,200311,0,0,0,0,0,0,0,2010205,0,,0,/Game/Streaming/ArtAsset/UI/UIResource/UITexture/Common_Icon/Icon_Item/icon_C_SUPskilllearningdevice_Rare.icon_C_SUPskilllearningdevice_Rare,,0,True,False,False,False,0,Passiva - Mente Clara,Fornece uma Habilidade passiva universal que se aplica a todos os Biosuit.Limpa a mente para aumentar a eficiência do uso de Habilidade do usuário.
4215,Item_Name_4215,Item_Desc_4215,False,4215,True,True,True,[],4,1,0,6,27,2034,0,0,0,0,9999,0,0,0,False,1,1000,300,0,0,0,0,0,0,0,0,0,0,0,0,0,0,0,0,0,0,0,0,0,0,0,0,0,0,0,0,0,0,0,0,0,0,0,0,0,0,200411,0,0,0,0,0,0,0,2010301,0,,0,/Game/Streaming/ArtAsset/UI/UIResource/UITexture/Common_Icon/Icon_Item/icon_C_ATKskilllearningdevice_Heroic.icon_C_ATKskilllearningdevice_Heroic,,0,True,False,False,False,0,Passiva - Mestre da Caça,Fornece uma Habilidade passiva universal que se aplica a todos os Biosuits.Treina para dominar melhores Habilidades de caça.
4216,Item_Name_4216,Item_Desc_4216,False,4216,True,True,True,[],4,1,0,6,27,2034,0,0,0,0,9999,0,0,0,False,1,1000,300,0,0,0,0,0,0,0,0,0,0,0,0,0,0,0,0,0,0,0,0,0,0,0,0,0,0,0,0,0,0,0,0,0,0,0,0,0,0,200411,0,0,0,0,0,0,0,2010302,0,,0,/Game/Streaming/ArtAsset/UI/UIResource/UITexture/Common_Icon/Icon_Item/icon_C_ATKskilllearningdevice_Heroic.icon_C_ATKskilllearningdevice_Heroic,,0,True,False,False,False,0,Passiva - Ataque Letal,Fornece uma Habilidade passiva universal que se aplica a todos os Biosuit. Identifica perfeitamente as fraquezas do alvo para que golpes poderosos possam ser desferidos.
4217,Item_Name_4217,Item_Desc_4217,False,4217,True,True,True,[],4,1,0,6,27,2034,0,0,0,0,9999,0,0,0,False,1,1000,300,0,0,0,0,0,0,0,0,0,0,0,0,0,0,0,0,0,0,0,0,0,0,0,0,0,0,0,0,0,0,0,0,0,0,0,0,0,0,200411,0,0,0,0,0,0,0,2010303,0,,0,/Game/Streaming/ArtAsset/UI/UIResource/UITexture/Common_Icon/Icon_Item/icon_C_DFFskilllearningdevice_Heroic.icon_C_DFFskilllearningdevice_Heroic,,0,True,False,False,False,0,Passiva - Inabalável,Fornece uma Habilidade passiva universal que se aplica a todos os Biosuit.Fortifica o corpo para manter uma Defesa impenetrável.
4218,Item_Name_4218,Item_Desc_4218,False,4218,True,True,True,[],4,1,0,6,27,2034,0,0,0,0,9999,0,0,0,False,1,1000,300,0,0,0,0,0,0,0,0,0,0,0,0,0,0,0,0,0,0,0,0,0,0,0,0,0,0,0,0,0,0,0,0,0,0,0,0,0,0,200411,0,0,0,0,0,0,0,2010304,0,,0,/Game/Streaming/ArtAsset/UI/UIResource/UITexture/Common_Icon/Icon_Item/icon_C_SUPskilllearningdevice_Heroic.icon_C_SUPskilllearningdevice_Heroic,,0,True,False,False,False,0,Passiva - Corpo Robusto,Fornece uma Habilidade passiva universal que se aplica a todos os Biosuits.Engaja em treinamento de sobrevivência para aprimorar o PV e a DEF do usuário.
4219,Item_Name_4219,Item_Desc_4219,False,4219,True,True,True,[],4,1,0,6,27,2034,0,0,0,0,9999,0,0,0,False,1,1000,300,0,0,0,0,0,0,0,0,0,0,0,0,0,0,0,0,0,0,0,0,0,0,0,0,0,0,0,0,0,0,0,0,0,0,0,0,0,0,200411,0,0,0,0,0,0,0,2010305,0,,0,/Game/Streaming/ArtAsset/UI/UIResource/UITexture/Common_Icon/Icon_Item/icon_C_SUPskilllearningdevice_Heroic.icon_C_SUPskilllearningdevice_Heroic,,0,True,False,False,False,0,Passiva - Mestre de Técnica,Fornece uma Habilidade passiva universal que se aplica a todos os Biosuit. Maximiza o treinamento na eficiência do uso de Habilidade.
4220,Item_Name_4220,Item_Desc_4220,False,4220,True,True,True,[],4,1,0,6,27,2034,0,0,0,0,9999,0,0,0,False,1,1000,300,0,0,0,0,0,0,0,0,0,0,0,0,0,0,0,0,0,0,0,0,0,0,0,0,0,0,0,0,0,0,0,0,0,0,0,0,0,0,200411,0,0,0,0,0,0,0,2010306,0,,0,/Game/Streaming/ArtAsset/UI/UIResource/UITexture/Common_Icon/Icon_Item/icon_C_COMskilllearningdevice_Heroic.icon_C_COMskilllearningdevice_Heroic,,0,True,False,False,False,0,Passiva - Trindade,Fornece uma Habilidade passiva universal que se aplica a todos os Biosuit. Aprimora eficientemente o desempenho do usuário através do equilíbrio.
4221,Item_Name_4221,Item_Desc_4221,False,4221,True,False,True,[],3,1,0,6,27,2034,0,0,0,0,9999,0,0,0,False,1,500,50,0,0,0,0,0,0,0,0,0,0,0,0,0,0,0,0,0,0,0,0,0,0,0,0,0,0,0,0,0,0,0,0,0,0,0,0,0,0,200311,0,0,0,0,0,0,0,2010206,0,,0,/Game/Streaming/ArtAsset/UI/UIResource/UITexture/Common_Icon/Icon_Item/icon_C_ATKskilllearningdevice_Rare.icon_C_ATKskilllearningdevice_Rare,,0,True,False,False,False,0,Passiva - Mestre de Armas,"Fornece uma Habilidade passiva universal que se aplica a todos os Biosuit.Extrai todo o potencial da arma, aumentando a eficiência do Ataque."
4222,Item_Name_4222,Item_Desc_4222,False,4222,True,False,True,[],3,1,0,6,27,2034,0,0,0,0,9999,0,0,0,False,1,500,50,0,0,0,0,0,0,0,0,0,0,0,0,0,0,0,0,0,0,0,0,0,0,0,0,0,0,0,0,0,0,0,0,0,0,0,0,0,0,200311,0,0,0,0,0,0,0,2010207,0,,0,/Game/Streaming/ArtAsset/UI/UIResource/UITexture/Common_Icon/Icon_Item/icon_C_ATKskilllearningdevice_Rare.icon_C_ATKskilllearningdevice_Rare,,0,True,False,False,False,0,Passiva - Percepção de Movimento,"Fornece uma Habilidade passiva universal que se aplica a todos os Biosuit. Aprimora a percepção de movimento, permitindo Ataques precisos contra inimigos em movimento rápido."
4223,Item_Name_4223,Item_Desc_4223,False,4223,True,True,True,[],4,1,0,6,27,2034,0,0,0,0,9999,0,0,0,False,1,1000,300,0,0,0,0,0,0,0,0,0,0,0,0,0,0,0,0,0,0,0,0,0,0,0,0,0,0,0,0,0,0,0,0,0,0,0,0,0,0,200411,0,0,0,0,0,0,0,2010307,0,,0,/Game/Streaming/ArtAsset/UI/UIResource/UITexture/Common_Icon/Icon_Item/icon_C_SUPskilllearningdevice_Heroic.icon_C_SUPskilllearningdevice_Heroic,,0,True,False,False,False,0,Passiva - Confronto Direto,Fornece uma Habilidade passiva universal que se aplica a todos os Biosuit.Torna o usuário ainda mais forte em combate um-a-um.
4224,Item_Name_4224,Item_Desc_4224,False,4224,True,True,True,[],4,1,0,6,27,2034,0,0,0,0,9999,0,0,0,False,1,1000,300,0,0,0,0,0,0,0,0,0,0,0,0,0,0,0,0,0,0,0,0,0,0,0,0,0,0,0,0,0,0,0,0,0,0,0,0,0,0,200411,0,0,0,0,0,0,0,2010308,0,,0,/Game/Streaming/ArtAsset/UI/UIResource/UITexture/Common_Icon/Icon_Item/icon_C_SUPskilllearningdevice_Heroic.icon_C_SUPskilllearningdevice_Heroic,,0,True,False,False,False,0,Passiva - Fúria de Sangue,Fornece uma Habilidade passiva universal que se aplica a todos os Biosuit.O sangue de um inimigo caído desperta os instintos agressivos do usuário.
4225,Item_Name_4225,Item_Desc_4225,False,4225,True,True,True,[],4,1,0,6,27,2034,0,0,0,0,9999,0,0,0,False,1,1000,300,0,0,0,0,0,0,0,0,0,0,0,0,0,0,0,0,0,0,0,0,0,0,0,0,0,0,0,0,0,0,0,0,0,0,0,0,0,0,200411,0,0,0,0,0,0,0,2010310,0,,0,/Game/Streaming/ArtAsset/UI/UIResource/UITexture/Common_Icon/Icon_Item/icon_C_SUPskilllearningdevice_Heroic.icon_C_SUPskilllearningdevice_Heroic,,0,True,False,False,False,0,Passiva - Prelúdio do Contra-ataque,"Fornece uma Habilidade passiva universal que se aplica a todas as Biosuit. Ataca o inimigo com uma vontade indomável, paralisando seu corpo e causando dano ao longo do tempo."
4226,Item_Name_4226,Item_Desc_4226,False,4226,True,False,True,[],3,1,0,6,27,2034,0,0,0,0,9999,0,0,0,False,1,500,50,0,0,0,0,0,0,0,0,0,0,0,0,0,0,0,0,0,0,0,0,0,0,0,0,0,0,0,0,0,0,0,0,0,0,0,0,0,0,200311,0,0,0,0,0,0,0,2010208,0,,0,/Game/Streaming/ArtAsset/UI/UIResource/UITexture/Common_Icon/Icon_Item/icon_C_SUPskilllearningdevice_Rare.icon_C_SUPskilllearningdevice_Rare,,0,True,False,False,False,0,Passiva - Autogeração,Fornece uma Habilidade passiva universal que se aplica a todos os Biosuits. Gera energia internamente para sustentar o combate por mais tempo e usa a energia restante para causar dano adicional.
4227,Item_Name_4227,Item_Desc_4227,False,4227,True,True,True,[],4,1,0,6,27,2034,0,0,0,0,9999,0,0,0,False,1,1000,300,0,0,0,0,0,0,0,0,0,0,0,0,0,0,0,0,0,0,0,0,0,0,0,0,0,0,0,0,0,0,0,0,0,0,0,0,0,0,200411,0,0,0,0,0,0,0,2010312,0,,0,/Game/Streaming/ArtAsset/UI/UIResource/UITexture/Common_Icon/Icon_Item/icon_C_DFFskilllearningdevice_Heroic.icon_C_DFFskilllearningdevice_Heroic,,0,True,False,False,False,0,Passiva - Campo de Antimatéria,Fornece uma Habilidade passiva universal que se aplica a todos os Biosuit.Mitiga o Dano Crítico recebido e fortalece seus próprios acertos críticos para causar ainda mais dano.
4228,Item_Name_4228,Item_Desc_4228,False,4228,True,True,True,[],4,1,0,6,27,2034,0,0,0,0,9999,0,0,0,False,1,1000,300,0,0,0,0,0,0,0,0,0,0,0,0,0,0,0,0,0,0,0,0,0,0,0,0,0,0,0,0,0,0,0,0,0,0,0,0,0,0,200411,0,0,0,0,0,0,0,2010313,0,,0,/Game/Streaming/ArtAsset/UI/UIResource/UITexture/Common_Icon/Icon_Item/icon_C_DFFskilllearningdevice_Heroic.icon_C_DFFskilllearningdevice_Heroic,,0,True,False,False,False,0,Passiva - Surto Metabólico,"Fornece uma Habilidade passiva universal que se aplica a todos os Biosuits.Estimula o metabolismo, aprimorando a capacidade do corpo de se recuperar de danos."
4229,Item_Name_4229,Item_Desc_4229,False,4229,True,True,True,[],4,1,0,6,27,2034,0,0,0,0,9999,0,0,0,False,1,1000,300,0,0,0,0,0,0,0,0,0,0,0,0,0,0,0,0,0,0,0,0,0,0,0,0,0,0,0,0,0,0,0,0,0,0,0,0,0,0,200411,0,0,0,0,0,0,0,2010314,0,,0,/Game/Streaming/ArtAsset/UI/UIResource/UITexture/Common_Icon/Icon_Item/icon_C_DFFskilllearningdevice_Heroic.icon_C_DFFskilllearningdevice_Heroic,,0,True,False,False,False,0,Passiva - Purificação de Código,Fornece uma Habilidade passiva universal que se aplica a todos os Biosuit. Limpa todos os códigos de erro de status e aprimora o sistema de segurança de código.
5200,Item_Name_5200,Item_Desc_5200,False,5200,True,False,True,[],1,1,0,7,30,2005,0,0,0,0,9999,0,0,0,False,1,100,10,0,0,0,0,0,0,0,0,0,0,0,0,0,0,0,0,0,0,0,0,0,0,0,0,0,0,0,0,0,0,0,0,0,0,0,0,0,0,0,0,0,0,0,0,0,0,0,0,,0,/Game/Streaming/ArtAsset/UI/UIResource/UITexture/Common_Icon/Icon_Item/icon_Weapon_Enhancer.icon_Weapon_Enhancer,,0,True,False,False,False,0,Kit de Upgrade de Arma,Um kit contendo vários materiais e chips de controle para aprimoramento de armas. Uso único.
5201,Item_Name_5201,Item_Desc_5201,False,5201,True,False,True,[],1,1,0,7,30,2005,0,0,0,0,9999,0,0,0,False,1,100,10,0,0,0,0,0,0,0,0,0,0,0,0,0,0,0,0,0,0,0,0,0,0,0,0,0,0,0,0,0,0,0,0,0,0,0,0,0,0,0,0,0,0,0,0,0,0,0,0,,0,/Game/Streaming/ArtAsset/UI/UIResource/UITexture/Common_Icon/Icon_Item/icon_Armor_Enhancer.icon_Armor_Enhancer,,0,True,False,False,False,0,Kit de Upgrade de Armadura,Um kit contendo vários materiais e chips de controle para aprimoramento de armadura. Uso único.
5202,Item_Name_5202,Item_Desc_5202,False,5202,True,False,True,[],1,1,0,7,30,2005,0,0,0,0,9999,0,0,0,False,1,100,10,0,0,0,0,0,0,0,0,0,0,0,0,0,0,0,0,0,0,0,0,0,0,0,0,0,0,0,0,0,0,0,0,0,0,0,0,0,0,0,0,0,0,0,0,0,0,0,0,,0,/Game/Streaming/ArtAsset/UI/UIResource/UITexture/Common_Icon/Icon_Item/icon_Accessories_Enhancer.icon_Accessories_Enhancer,,0,True,False,False,False,0,Kit de Upgrade de Acessório,Um kit contendo vários materiais e chips de controle para aprimoramento de acessórios. Uso único.
5208,Item_Name_5208,Item_Desc_5208,False,5208,True,False,True,[],1,1,0,7,30,2005,0,0,0,0,9999,0,0,0,False,1,100,10,0,0,0,0,0,0,0,0,0,0,0,0,0,0,0,0,0,0,0,0,0,0,0,0,0,0,0,0,0,0,0,0,0,0,0,0,0,0,0,0,0,0,0,0,0,0,0,0,,0,/Game/Streaming/ArtAsset/UI/UIResource/UITexture/Common_Icon/Icon_Item/icon_Expansion_Enhancer.icon_Expansion_Enhancer,,0,True,False,False,False,0,Kit de Upgrade de Expansão,Um kit contendo vários materiais e chips de controle para aprimoramento de expansão. Uso único.
5300,Item_Name_5300,Item_Desc_5300,False,5300,True,False,True,[],3,1,0,7,30,2037,0,0,0,0,9999,0,0,0,False,1,1000,10,0,0,0,0,0,0,0,0,0,0,0,0,0,0,0,0,0,0,0,0,0,0,0,0,0,0,0,0,0,0,0,0,0,0,0,0,0,0,0,0,0,0,0,0,0,0,0,0,,0,/Game/Streaming/ArtAsset/UI/UIResource/UITexture/Common_Icon/Icon_Item/icon_Finest_Weapon_Enhancer.icon_Finest_Weapon_Enhancer,,0,True,False,False,False,0,Kit de Upgrade de Arma Fino,"Um Kit de Upgrade de Arma de alto desempenho. Tem uma chance de fazer upgrade de 2 níveis de uma vez.

*Consulte [Aprimoramento de Equipamento] - [Usar Kit de Upgrade de Arma Fino] para informações específicas de probabilidade."
5301,Item_Name_5301,Item_Desc_5301,False,5301,True,False,True,[],3,1,0,7,30,2037,0,0,0,0,9999,0,0,0,False,1,1000,10,0,0,0,0,0,0,0,0,0,0,0,0,0,0,0,0,0,0,0,0,0,0,0,0,0,0,0,0,0,0,0,0,0,0,0,0,0,0,0,0,0,0,0,0,0,0,0,0,,0,/Game/Streaming/ArtAsset/UI/UIResource/UITexture/Common_Icon/Icon_Item/icon_Finest_Armor_Enhancer.icon_Finest_Armor_Enhancer,,0,True,False,False,False,0,Kit de Upgrade de Armadura Fino,"Um Kit de Upgrade de Armadura de alto desempenho. Tem uma chance de fazer upgrade de 2 níveis de uma vez.

*Consulte [Aprimoramento de Equipamento] - [Usar Kit de Upgrade de Armadura Fino] para informações específicas de probabilidade."
5302,Item_Name_5302,Item_Desc_5302,False,5302,True,False,True,[],3,1,0,7,30,2037,0,0,0,0,9999,0,0,0,False,1,1000,10,0,0,0,0,0,0,0,0,0,0,0,0,0,0,0,0,0,0,0,0,0,0,0,0,0,0,0,0,0,0,0,0,0,0,0,0,0,0,0,0,0,0,0,0,0,0,0,0,,0,/Game/Streaming/ArtAsset/UI/UIResource/UITexture/Common_Icon/Icon_Item/icon_Finest_Accessories_Enhancer.icon_Finest_Accessories_Enhancer,,0,True,False,False,False,0,Kit de Upgrade de Acessório Fino,"Um Kit de Upgrade de Acessório de alto desempenho. Tem uma chance de fazer upgrade de 2 níveis de uma vez.

*Veja [Aprimoramento de Equipamento] - [Usar Kit de Upgrade de Acessório Fino] para informações específicas de probabilidade."
5304,Item_Name_5304,Item_Desc_5304,False,5304,True,False,True,[],3,1,0,7,30,2037,0,0,0,0,9999,0,0,0,False,1,1000,10,0,0,0,0,0,0,0,0,0,0,0,0,0,0,0,0,0,0,0,0,0,0,0,0,0,0,0,0,0,0,0,0,0,0,0,0,0,0,0,0,0,0,0,0,0,0,0,0,,0,/Game/Streaming/ArtAsset/UI/UIResource/UITexture/Common_Icon/Icon_Item/icon_Finest_Expansion_Enhancer.icon_Finest_Expansion_Enhancer,,0,True,False,False,False,0,Kit de Upgrade de Expansão Fino,"Um kit de upgrade de expansão de alto desempenho. Tem uma chance de fazer upgrade de 2 níveis de uma vez.

*Veja [Aprimoramento de Equipamento] - [Usar Kit de Upgrade de Expansão Fino] para informações específicas de probabilidade."
5350,Item_Name_5350,Item_Desc_5350,False,5350,True,False,True,[],3,1,0,7,30,2038,0,0,0,0,9999,0,0,0,False,1,1000,10,0,0,0,0,0,0,0,0,0,0,0,0,0,0,0,0,0,0,0,0,0,0,0,0,0,0,0,0,0,0,0,0,0,0,0,0,0,0,0,0,0,0,0,0,0,0,0,0,,0,/Game/Streaming/ArtAsset/UI/UIResource/UITexture/Common_Icon/Icon_Item/icon_Damaged_Weapon_Enhancer.icon_Damaged_Weapon_Enhancer,,0,True,False,False,False,0,Kit de Regressão de Arma,Kit que contém diversos materiais e chips de controle para rebaixamento de armas. Uso único.
5351,Item_Name_5351,Item_Desc_5351,False,5351,True,False,True,[],3,1,0,7,30,2038,0,0,0,0,9999,0,0,0,False,1,1000,10,0,0,0,0,0,0,0,0,0,0,0,0,0,0,0,0,0,0,0,0,0,0,0,0,0,0,0,0,0,0,0,0,0,0,0,0,0,0,0,0,0,0,0,0,0,0,0,0,,0,/Game/Streaming/ArtAsset/UI/UIResource/UITexture/Common_Icon/Icon_Item/icon_Damaged_Armor_Enhancer.icon_Damaged_Armor_Enhancer,,0,True,False,False,False,0,Kit de Regressão de Armadura,Um kit contendo vários materiais e chips de controle para regressão de armadura. Uso único.
5352,Item_Name_5352,Item_Desc_5352,False,5352,True,False,True,[],3,1,0,7,30,2038,0,0,0,0,9999,0,0,0,False,1,1000,10,0,0,0,0,0,0,0,0,0,0,0,0,0,0,0,0,0,0,0,0,0,0,0,0,0,0,0,0,0,0,0,0,0,0,0,0,0,0,0,0,0,0,0,0,0,0,0,0,,0,/Game/Streaming/ArtAsset/UI/UIResource/UITexture/Common_Icon/Icon_Item/icon_Damaged_Accessories_Enhancer.icon_Damaged_Accessories_Enhancer,,0,True,False,False,False,0,Kit de Regressão de Acessório,Um kit contendo vários materiais e chips de controle para regressão de acessórios. Uso único.
5354,Item_Name_5354,Item_Desc_5354,False,5354,True,False,True,[],3,1,0,7,30,2038,0,0,0,0,9999,0,0,0,False,1,1000,10,0,0,0,0,0,0,0,0,0,0,0,0,0,0,0,0,0,0,0,0,0,0,0,0,0,0,0,0,0,0,0,0,0,0,0,0,0,0,0,0,0,0,0,0,0,0,0,0,,0,/Game/Streaming/ArtAsset/UI/UIResource/UITexture/Common_Icon/Icon_Item/icon_Damaged_Expansion_Enhancer.icon_Damaged_Expansion_Enhancer,,0,True,False,False,False,0,Kit de Regressão de Expansão,Um kit contendo vários materiais e chips de controle para regressão de expansão. Uso único.
5700,Item_Name_5700,Item_Desc_5700,False,5700,True,False,True,[],1,1,0,6,28,2010,0,0,0,0,9999,0,0,0,False,1,100,10,0,0,0,0,0,0,0,0,0,0,0,0,0,0,0,0,0,0,0,0,0,0,0,0,0,0,0,0,0,0,0,0,0,0,0,0,0,0,0,0,0,0,0,0,0,0,0,0,,0,/Game/Streaming/ArtAsset/UI/UIResource/UITexture/Common_Icon/Icon_Item/icon_Suitskilldata_Nomal.icon_Suitskilldata_Nomal,/Game/Streaming/ArtAsset/UI/UIResource/UITexture/Common_Icon/Icon_Item_Consume_s/icon_Suitskilldata_Nomal_s.icon_Suitskilldata_Nomal_s,0,True,False,False,False,0,Dados Combate Excl. C,"Um material de aprimoramento Comum para Habilidades Exclusivas.Em momentos de perigo, são as Habilidades de combate mais básicas que o levarão adiante.- Um mercenário sem nome"
5701,Item_Name_5701,Item_Desc_5701,False,5701,True,False,True,[],2,1,0,6,28,2010,0,0,0,0,9999,0,0,0,False,1,300,10,0,0,0,0,0,0,0,0,0,0,0,0,0,0,0,0,0,0,0,0,0,0,0,0,0,0,0,0,0,0,0,0,0,0,0,0,0,0,0,0,0,0,0,0,0,0,0,0,,0,/Game/Streaming/ArtAsset/UI/UIResource/UITexture/Common_Icon/Icon_Item/icon_Suitskilldata_Advanced.icon_Suitskilldata_Advanced,/Game/Streaming/ArtAsset/UI/UIResource/UITexture/Common_Icon/Icon_Item_Consume_s/icon_Suitskilldata_Advanced_s.icon_Suitskilldata_Advanced_s,0,True,False,False,False,0,Dados Combate Excl. INC,Um material de aprimoramento Incomum para Habilidade Exclusiva.Treinamento rigoroso e suporte adequado são necessários para melhorar o calibre das habilidades de combate.- General Valkane
5702,Item_Name_5702,Item_Desc_5702,False,5702,True,False,True,[],3,1,0,6,28,2010,0,0,0,0,9999,0,0,0,False,1,500,10,0,0,0,0,0,0,0,0,0,0,0,0,0,0,0,0,0,0,0,0,0,0,0,0,0,0,0,0,0,0,0,0,0,0,0,0,0,0,0,0,0,0,0,0,0,0,0,0,,0,/Game/Streaming/ArtAsset/UI/UIResource/UITexture/Common_Icon/Icon_Item/icon_Suitskilldata_rare.icon_Suitskilldata_rare,/Game/Streaming/ArtAsset/UI/UIResource/UITexture/Common_Icon/Icon_Item_Consume_s/icon_Suitskilldata_Rare_s.icon_Suitskilldata_Rare_s,0,True,False,False,False,0,Dados Combate Excl. R,"Um material de aprimoramento Raro para Habilidade Exclusiva.O tempo é a chave mais importante para dominar técnicas de combate, seguido pelos registros deixados pelos predecessores.- Sitz Paro"
5703,Item_Name_5703,Item_Desc_5703,False,5703,True,True,True,[],4,1,0,6,28,2010,0,0,0,0,9999,0,0,0,False,1,1000,10,0,0,0,0,0,0,0,0,0,0,0,0,0,0,0,0,0,0,0,0,0,0,0,0,0,0,0,0,0,0,0,0,0,0,0,0,0,0,0,0,0,0,0,0,0,0,0,0,,0,/Game/Streaming/ArtAsset/UI/UIResource/UITexture/Common_Icon/Icon_Item/icon_Suitskilldata_heroic.icon_Suitskilldata_heroic,/Game/Streaming/ArtAsset/UI/UIResource/UITexture/Common_Icon/Icon_Item_Consume_s/icon_Suitskilldata_Heroic_s.icon_Suitskilldata_Heroic_s,0,True,False,False,False,0,Dados Combate Excl. E,"Um material de aprimoramento Épico para Habilidade Exclusiva.
No campo de batalha, você deve primeiro refletir sobre sua própria Força antes de tentar qualquer ato de heroísmo.
- Lotan III"
5712,Item_Name_5712,Item_Desc_5712,False,5712,True,False,True,[],1,1,0,6,28,2010,0,0,0,0,9999,0,0,0,False,1,100,10,0,0,0,0,0,0,0,0,0,0,0,0,0,0,0,0,0,0,0,0,0,0,0,0,0,0,0,0,0,0,0,0,0,0,0,0,0,0,0,0,0,0,0,0,0,0,0,0,,0,/Game/Streaming/ArtAsset/UI/UIResource/UITexture/Common_Icon/Icon_Item/icon_CombatSkillData_01.icon_CombatSkillData_01,/Game/Streaming/ArtAsset/UI/UIResource/UITexture/Common_Icon/Icon_Item_Consume_s/icon_CombatSkillData_01_s.icon_CombatSkillData_01_s,0,True,False,False,False,0,Dados Combate Com. C,"Um material de aprimoramento Comum para Habilidades de Combate Compartilhadas.
Contém uma compilação de táticas de combate comuns empregadas por várias tropas."
5713,Item_Name_5713,Item_Desc_5713,False,5713,True,False,True,[],2,1,0,6,28,2010,0,0,0,0,9999,0,0,0,False,1,300,10,0,0,0,0,0,0,0,0,0,0,0,0,0,0,0,0,0,0,0,0,0,0,0,0,0,0,0,0,0,0,0,0,0,0,0,0,0,0,0,0,0,0,0,0,0,0,0,0,,0,/Game/Streaming/ArtAsset/UI/UIResource/UITexture/Common_Icon/Icon_Item/icon_CombatSkillData_02.icon_CombatSkillData_02,/Game/Streaming/ArtAsset/UI/UIResource/UITexture/Common_Icon/Icon_Item_Consume_s/icon_CombatSkillData_02_s.icon_CombatSkillData_02_s,0,True,False,False,False,0,Dados Combate Com. INC,"Um material de aprimoramento Incomum para Habilidades de Combate Compartilhadas.
Contém uma compilação de táticas de combate comuns empregadas por mercenários experientes."
5714,Item_Name_5714,Item_Desc_5714,False,5714,True,False,True,[],3,1,0,6,28,2010,0,0,0,0,9999,0,0,0,False,1,500,10,0,0,0,0,0,0,0,0,0,0,0,0,0,0,0,0,0,0,0,0,0,0,0,0,0,0,0,0,0,0,0,0,0,0,0,0,0,0,0,0,0,0,0,0,0,0,0,0,,0,/Game/Streaming/ArtAsset/UI/UIResource/UITexture/Common_Icon/Icon_Item/icon_CombatSkillData_03.icon_CombatSkillData_03,/Game/Streaming/ArtAsset/UI/UIResource/UITexture/Common_Icon/Icon_Item_Consume_s/icon_CombatSkillData_03_s.icon_CombatSkillData_03_s,0,True,False,False,False,0,Dados Combate Com. R,Um material de aprimoramento Raro para Habilidades de Combate Compartilhadas.Contém uma compilação de táticas de combate comuns empregadas por numerosos agentes de elite.
5715,Item_Name_5715,Item_Desc_5715,False,5715,True,True,True,[],4,1,0,6,28,2010,0,0,0,0,9999,0,0,0,False,1,1000,10,0,0,0,0,0,0,0,0,0,0,0,0,0,0,0,0,0,0,0,0,0,0,0,0,0,0,0,0,0,0,0,0,0,0,0,0,0,0,0,0,0,0,0,0,0,0,0,0,,0,/Game/Streaming/ArtAsset/UI/UIResource/UITexture/Common_Icon/Icon_Item/icon_CombatSkillData_04.icon_CombatSkillData_04,/Game/Streaming/ArtAsset/UI/UIResource/UITexture/Common_Icon/Icon_Item_Consume_s/icon_CombatSkillData_04_s.icon_CombatSkillData_04_s,0,True,False,False,False,0,Dados Combate Com. E,"Um material de aprimoramento Épico para Habilidades de Combate Compartilhadas.
Contém uma compilação de táticas de combate comuns empregadas por renomados heróis de guerra."
7066,Item_Name_7066,Item_Desc_7066,False,7066,True,False,True,[],1,1,0,8,35,2063,0,0,0,0,9999,0,0,0,False,1,100,10,0,0,0,0,0,0,0,0,0,0,0,0,0,0,0,0,0,0,0,0,0,0,0,0,0,0,0,0,0,0,0,0,0,0,0,0,0,0,0,0,0,0,0,0,0,0,0,0,,0,/Game/Streaming/ArtAsset/UI/UIResource/UITexture/Common_Icon/Icon_Item/icon_DropRequestContract.icon_DropRequestContract,,0,True,False,False,False,0,Contrato de Missão de Raid Comum,Contrato de Missão de Raid Anônima. Fornece uma missão Comum.
9860,Item_Name_9860,Item_Desc_9860,False,9860,True,True,True,[],4,1,0,8,35,2071,0,0,0,0,9999,0,0,0,False,1,100,10,0,0,0,0,0,0,0,0,0,0,0,0,0,0,0,0,0,0,0,0,0,0,0,0,0,0,0,0,0,0,0,0,0,0,0,0,0,0,0,0,0,0,0,0,0,0,0,0,,0,/Game/Streaming/ArtAsset/UI/UIResource/UITexture/Common_Icon/Icon_Item/icon_item_AlberiumOre.icon_item_AlberiumOre,,0,True,False,False,False,0,Pedaço de Alberium,Um minério precioso colhido em pequenas quantidades de planetas exteriores. Grandes quantidades de lingotes de Alberium refinados são necessárias para romper campos de hipergravidade.
9871,item_name_9871,item_desc_9871,False,9871,True,False,True,[],3,1,0,8,35,2075,0,0,0,0,999999,0,0,0,False,1,50,10,0,0,0,0,0,0,0,0,0,0,0,0,0,0,0,0,0,0,0,0,0,0,0,0,0,0,0,0,0,0,0,0,0,0,0,0,0,0,0,0,0,0,0,0,0,0,0,0,,0,/Game/Streaming/ArtAsset/UI/UIResource/UITexture/Common_Icon/Icon_Item/icon_item_Enhancer_MAUTechLink01.icon_item_Enhancer_MAUTechLink01,,0,True,False,False,False,0,Kit de Mod do Sistema de Aceleração,Um item para modificar o Sistema de Aceleração do Techlink MAU.
9873,item_name_9873,item_desc_9873,False,9873,True,False,True,[],3,1,0,8,35,2075,0,0,0,0,999999,0,0,0,False,1,50,10,0,0,0,0,0,0,0,0,0,0,0,0,0,0,0,0,0,0,0,0,0,0,0,0,0,0,0,0,0,0,0,0,0,0,0,0,0,0,0,0,0,0,0,0,0,0,0,0,,0,/Game/Streaming/ArtAsset/UI/UIResource/UITexture/Common_Icon/Icon_Item/icon_item_Enhancer_MAUTechLink02.icon_item_Enhancer_MAUTechLink02,,0,True,False,False,False,0,Kit de Mod de Estabilizador,Um item para modificar o Estabilizador do Techlink MAU.
9875,item_name_9875,item_desc_9875,False,9875,True,False,True,[],3,1,0,8,35,2075,0,0,0,0,999999,0,0,0,False,1,50,10,0,0,0,0,0,0,0,0,0,0,0,0,0,0,0,0,0,0,0,0,0,0,0,0,0,0,0,0,0,0,0,0,0,0,0,0,0,0,0,0,0,0,0,0,0,0,0,0,,0,/Game/Streaming/ArtAsset/UI/UIResource/UITexture/Common_Icon/Icon_Item/icon_item_Enhancer_MAUTechLink03.icon_item_Enhancer_MAUTechLink03,,0,True,False,False,False,0,Kit de Mod de Módulo Turbo,Um item para modificar o Módulo Turbo do Techlink MAU.
9931,item_name_9930,item_desc_9930,False,9931,True,False,True,[],3,1,0,8,35,2076,0,0,0,0,999999,0,0,0,False,1,50,10,0,0,0,0,0,0,0,0,0,0,0,0,0,0,0,0,0,0,0,0,0,0,0,0,0,0,0,0,0,0,0,0,0,0,0,0,0,0,0,0,0,0,0,0,0,0,0,0,,0,/Game/Streaming/ArtAsset/UI/UIResource/UITexture/Common_Icon/Icon_Item/icon_item_Enhancer_LCTechLink01.icon_item_Enhancer_LCTechLink01,,0,True,False,False,False,0,Kit de Mod de Controlador de Fogo,Um item para modificar o Controlador de Fogo do Techlink do Lançador.
9933,item_name_9932,item_desc_9932,False,9933,True,False,True,[],3,1,0,8,35,2076,0,0,0,0,999999,0,0,0,False,1,50,10,0,0,0,0,0,0,0,0,0,0,0,0,0,0,0,0,0,0,0,0,0,0,0,0,0,0,0,0,0,0,0,0,0,0,0,0,0,0,0,0,0,0,0,0,0,0,0,0,,0,/Game/Streaming/ArtAsset/UI/UIResource/UITexture/Common_Icon/Icon_Item/icon_item_Enhancer_LCTechLink02.icon_item_Enhancer_LCTechLink02,,0,True,False,False,False,0,Kit de Mod Aprimorador de Escudo,Um item para modificar o Aprimorador de Escudo do Techlink Lançador.
9935,item_name_9935,item_desc_9935,False,9935,True,False,True,[],3,1,0,8,35,2076,0,0,0,0,999999,0,0,0,False,1,50,10,0,0,0,0,0,0,0,0,0,0,0,0,0,0,0,0,0,0,0,0,0,0,0,0,0,0,0,0,0,0,0,0,0,0,0,0,0,0,0,0,0,0,0,0,0,0,0,0,,0,/Game/Streaming/ArtAsset/UI/UIResource/UITexture/Common_Icon/Icon_Item/icon_item_Enhancer_LCTechLink03.icon_item_Enhancer_LCTechLink03,,0,True,False,False,False,0,Kit de Mod de Nódulo de Rotação,Um item para modificar o Nódulo de Rotação do Techlink Lançador.
22100,Item_Name_22100,Item_Desc_22100,False,22100,True,False,True,[],3,0,0,7,30,2067,0,0,0,0,9999,0,0,0,False,1,100,10,0,0,0,0,0,0,0,0,0,0,0,0,0,0,0,0,0,0,0,0,0,0,0,0,0,0,0,0,0,0,0,0,0,0,0,0,0,0,0,0,0,0,0,0,0,0,0,0,,0,/Game/Streaming/ArtAsset/UI/UIResource/UITexture/Common_Icon/Icon_Item/icon_item_EnhancerCoreLink01.icon_item_EnhancerCoreLink01,,0,True,False,False,False,0,Kit de Aprimoramento do Painel de Expansão de Armadura,Um item usado para aprimorar o painel de expansão de armadura de um Link de Núcleo.
22101,Item_Name_22101,Item_Desc_22101,False,22101,True,False,True,[],3,0,0,7,30,2067,0,0,0,0,9999,0,0,0,False,1,100,10,0,0,0,0,0,0,0,0,0,0,0,0,0,0,0,0,0,0,0,0,0,0,0,0,0,0,0,0,0,0,0,0,0,0,0,0,0,0,0,0,0,0,0,0,0,0,0,0,,0,/Game/Streaming/ArtAsset/UI/UIResource/UITexture/Common_Icon/Icon_Item/icon_item_EnhancerCoreLink02.icon_item_EnhancerCoreLink02,,0,True,False,False,False,0,Kit de Aprimoramento do Reator de Fusão,Um item usado para aprimorar o reator de fusão de um Link de Núcleo.
22102,Item_Name_22102,Item_Desc_22102,False,22102,True,False,True,[],3,0,0,7,30,2067,0,0,0,0,9999,0,0,0,False,1,100,10,0,0,0,0,0,0,0,0,0,0,0,0,0,0,0,0,0,0,0,0,0,0,0,0,0,0,0,0,0,0,0,0,0,0,0,0,0,0,0,0,0,0,0,0,0,0,0,0,,0,/Game/Streaming/ArtAsset/UI/UIResource/UITexture/Common_Icon/Icon_Item/icon_item_EnhancerCoreLink03.icon_item_EnhancerCoreLink03,,0,True,False,False,False,0,Kit de Aprimoramento do Módulo de Computação Preditiva,Um item usado para aprimorar o módulo de computação preditiva de um Link de Núcleo.
22103,Item_Name_22103,Item_Desc_22103,False,22103,True,False,True,[],3,0,0,7,30,2067,0,0,0,0,9999,0,0,0,False,1,100,10,0,0,0,0,0,0,0,0,0,0,0,0,0,0,0,0,0,0,0,0,0,0,0,0,0,0,0,0,0,0,0,0,0,0,0,0,0,0,0,0,0,0,0,0,0,0,0,0,,0,/Game/Streaming/ArtAsset/UI/UIResource/UITexture/Common_Icon/Icon_Item/icon_item_EnhancerCoreLink04.icon_item_EnhancerCoreLink04,,0,True,False,False,False,0,Kit de Aprimoramento do Controlador de Impulso,Um item usado para aprimorar o controlador de impulso de um Link de Núcleo.
22108,Item_Name_22108,Item_Desc_22108,False,22108,True,True,True,[],4,0,0,7,30,2067,0,0,0,0,9999,0,0,0,False,1,100,10,0,0,0,0,0,0,0,0,0,0,0,0,0,0,0,0,0,0,0,0,0,0,0,0,0,0,0,0,0,0,0,0,0,0,0,0,0,0,0,0,0,0,0,0,0,0,0,0,,0,/Game/Streaming/ArtAsset/UI/UIResource/UITexture/Common_Icon/Icon_Item/icon_item_EnhancerCoreLink05.icon_item_EnhancerCoreLink05,,0,True,False,False,False,0,Kit de Upgrade de Fibra Nervosa Sintética,Um item usado para aprimorar a fibra nervosa sintética de um Link de Núcleo.
22110,Item_Name_22110,Item_Desc_22110,False,22110,True,True,True,[],4,0,0,7,30,2067,0,0,0,0,9999,0,0,0,False,1,100,10,0,0,0,0,0,0,0,0,0,0,0,0,0,0,0,0,0,0,0,0,0,0,0,0,0,0,0,0,0,0,0,0,0,0,0,0,0,0,0,0,0,0,0,0,0,0,0,0,,0,/Game/Streaming/ArtAsset/UI/UIResource/UITexture/Common_Icon/Icon_Item/icon_item_EnhancerCoreLink06.icon_item_EnhancerCoreLink06,,0,True,False,False,False,0,Kit de Upgrade de Processador Central,Um item usado para aprimorar o processador central de um Link de Núcleo.
22600,Item_Name_22600,Item_Desc_22600,False,22600,True,True,True,[],4,0,0,7,30,2084,0,0,0,0,9999,0,0,0,False,1,100,10,0,0,0,0,0,0,0,0,0,0,0,0,0,0,0,0,0,0,0,0,0,0,0,0,0,0,0,0,0,0,0,0,0,0,0,0,0,0,0,0,0,0,0,0,0,0,0,0,,0,/Game/Streaming/ArtAsset/UI/UIResource/UITexture/Common_Icon/Icon_Item/icon_item_PrismStone.icon_item_PrismStone,,0,True,False,False,False,0,Pedra Prisma,"Um cristal de energia de alta densidade descoberto durante o processo de refinamento da Pedra Sagrada. Tem a propriedade de liberar atributos fixos em um Talic e reconfigurá-los, e pode ser usado ao converter Talics."
151000,Item_Name_151000,Item_Desc_151000,False,151000,True,False,True,[],1,1,0,8,34,2031,0,0,0,0,9999,0,0,0,False,1,0,10,0,0,0,0,0,0,0,0,0,0,0,0,0,0,0,0,0,0,0,0,0,0,0,0,0,0,0,0,0,0,0,0,0,0,0,0,0,0,500111,0,0,0,0,0,0,0,0,0,,0,/Game/Streaming/ArtAsset/UI/UIResource/UITexture/Common_Icon/Icon_Collection/icon_collection_CombatFood.icon_collection_CombatFood,,0,True,False,False,False,0,Pacote de Rações de Campo,"Rações de combate padrão fornecidas aos soldados de Bellato. O logotipo da corporação Severin está estampado, mas parece ter sido intencionalmente raspado."
151001,Item_Name_151001,Item_Desc_151001,False,151001,True,False,True,[],1,1,0,8,34,2031,0,0,0,0,9999,0,0,0,False,1,0,10,0,0,0,0,0,0,0,0,0,0,0,0,0,0,0,0,0,0,0,0,0,0,0,0,0,0,0,0,0,0,0,0,0,0,0,0,0,0,500111,0,0,0,0,0,0,0,0,0,,0,/Game/Streaming/ArtAsset/UI/UIResource/UITexture/Common_Icon/Icon_Collection/icon_collection_MechanicPad.icon_collection_MechanicPad,,0,True,False,False,False,0,Tablet do Mecânico,Um tablet digital utilizado por gerentes de base. Ele é projetado para interagir com equipamentos militares para diagnósticos de status.
151002,Item_Name_151002,Item_Desc_151002,False,151002,True,False,True,[],1,1,0,8,34,2031,0,0,0,0,9999,0,0,0,False,1,0,10,0,0,0,0,0,0,0,0,0,0,0,0,0,0,0,0,0,0,0,0,0,0,0,0,0,0,0,0,0,0,0,0,0,0,0,0,0,0,500111,0,0,0,0,0,0,0,0,0,,0,/Game/Streaming/ArtAsset/UI/UIResource/UITexture/Common_Icon/Icon_Collection/icon_collection_PortableHackingTool.icon_collection_PortableHackingTool,,0,True,False,False,False,0,Ferramenta de Hack Portátil,"Uma ferramenta de hack portátil supostamente favorecida pelos hackers Axiv. Está sem resposta, possivelmente quebrada."
151003,Item_Name_151003,Item_Desc_151003,False,151003,True,False,True,[],1,1,0,8,34,2031,0,0,0,0,9999,0,0,0,False,1,0,10,0,0,0,0,0,0,0,0,0,0,0,0,0,0,0,0,0,0,0,0,0,0,0,0,0,0,0,0,0,0,0,0,0,0,0,0,0,0,500111,0,0,0,0,0,0,0,0,0,,0,/Game/Streaming/ArtAsset/UI/UIResource/UITexture/Common_Icon/Icon_Collection/icon_collection_DailyNovusNewspaper.icon_collection_DailyNovusNewspaper,,0,True,False,False,False,0,Fragmento Diário de Novus,"Um trecho da “Diário de Novus"" um jornal publicado durante os primeiros dias de Bellato. Ele documenta um incidente relacionado ao desenvolvimento urbano."
151004,Item_Name_151004,Item_Desc_151004,False,151004,True,False,True,[],1,1,0,8,34,2031,0,0,0,0,9999,0,0,0,False,1,0,10,0,0,0,0,0,0,0,0,0,0,0,0,0,0,0,0,0,0,0,0,0,0,0,0,0,0,0,0,0,0,0,0,0,0,0,0,0,0,600111,0,0,0,0,0,0,0,0,0,,0,/Game/Streaming/ArtAsset/UI/UIResource/UITexture/Common_Icon/Icon_Collection/icon_collection_SecurityRoomKey.icon_collection_SecurityRoomKey,,0,True,False,False,False,0,Chave da Sala de Segurança,Uma chave de acesso para a sala de segurança na Base Byrosa. O circuito digital impresso na superfície está danificado.
151005,Item_Name_151005,Item_Desc_151005,False,151005,True,False,True,[],1,1,0,8,34,2031,0,0,0,0,9999,0,0,0,False,1,0,10,0,0,0,0,0,0,0,0,0,0,0,0,0,0,0,0,0,0,0,0,0,0,0,0,0,0,0,0,0,0,0,0,0,0,0,0,0,0,600111,0,0,0,0,0,0,0,0,0,,0,/Game/Streaming/ArtAsset/UI/UIResource/UITexture/Common_Icon/Icon_Collection/icon_collection_DNAAnalysisData.icon_collection_DNAAnalysisData,,0,True,False,False,False,0,Análise de DNA,"Um gráfico de análise de DNA com vários marcadores de aviso vermelhos, indicando uma condição anormal."
151006,Item_Name_151006,Item_Desc_151006,False,151006,True,False,True,[],1,1,0,8,34,2031,0,0,0,0,9999,0,0,0,False,1,0,10,0,0,0,0,0,0,0,0,0,0,0,0,0,0,0,0,0,0,0,0,0,0,0,0,0,0,0,0,0,0,0,0,0,0,0,0,0,0,600111,0,0,0,0,0,0,0,0,0,,0,/Game/Streaming/ArtAsset/UI/UIResource/UITexture/Common_Icon/Icon_Collection/icon_collection_CrawlerPrimitiveTalisman.icon_collection_CrawlerPrimitiveTalisman,,0,True,False,False,False,0,Talismã Primitivo de Crawler,"Um talismã dos Crawlers, uma espécie não indígena de Novus. Por algum motivo, eles parecem ter adotado deliberadamente um modo de vida primitivo."
151007,Item_Name_151007,Item_Desc_151007,False,151007,True,False,True,[],1,1,0,8,34,2031,0,0,0,0,9999,0,0,0,False,1,0,10,0,0,0,0,0,0,0,0,0,0,0,0,0,0,0,0,0,0,0,0,0,0,0,0,0,0,0,0,0,0,0,0,0,0,0,0,0,0,600111,0,0,0,0,0,0,0,0,0,,0,/Game/Streaming/ArtAsset/UI/UIResource/UITexture/Common_Icon/Icon_Collection/icon_collection_FilthyAdvertisingPamphlet.icon_collection_FilthyAdvertisingPamphlet,,0,True,False,False,False,0,Panfleto Sujo,Um anúncio em papel digital que parece comercializar produtos duvidosos. Seguir o link no folheto abre uma página de compra.
151008,Item_Name_151008,Item_Desc_151008,False,151008,True,False,True,[],1,1,0,8,34,2031,0,0,0,0,9999,0,0,0,False,1,0,10,0,0,0,0,0,0,0,0,0,0,0,0,0,0,0,0,0,0,0,0,0,0,0,0,0,0,0,0,0,0,0,0,0,0,0,0,0,0,700111,0,0,0,0,0,0,0,0,0,,0,/Game/Streaming/ArtAsset/UI/UIResource/UITexture/Common_Icon/Icon_Collection/icon_collection_PetBringFood.icon_collection_PetBringFood,,0,True,False,False,False,0,Comida para Vring de Estimação,"Carne crua finamente picada embalada em plástico transparente, emitindo um odor desagradável. É comida para um animal de estimação chamado ""Vring."""
151009,Item_Name_151009,Item_Desc_151009,False,151009,True,False,True,[],1,1,0,8,34,2031,0,0,0,0,9999,0,0,0,False,1,0,10,0,0,0,0,0,0,0,0,0,0,0,0,0,0,0,0,0,0,0,0,0,0,0,0,0,0,0,0,0,0,0,0,0,0,0,0,0,0,700111,0,0,0,0,0,0,0,0,0,,0,/Game/Streaming/ArtAsset/UI/UIResource/UITexture/Common_Icon/Icon_Collection/icon_collection_SurgicalKnife.icon_collection_SurgicalKnife,,0,True,False,False,False,0,Bisturi,Um bisturi cirúrgico que ainda parece afiado. Manchas na lâmina sugerem que o sangue foi recentemente limpo. Provavelmente usado em um laboratório próximo.
151010,Item_Name_151010,Item_Desc_151010,False,151010,True,False,True,[],1,1,0,8,34,2031,0,0,0,0,9999,0,0,0,False,1,0,10,0,0,0,0,0,0,0,0,0,0,0,0,0,0,0,0,0,0,0,0,0,0,0,0,0,0,0,0,0,0,0,0,0,0,0,0,0,0,700111,0,0,0,0,0,0,0,0,0,,0,/Game/Streaming/ArtAsset/UI/UIResource/UITexture/Common_Icon/Icon_Collection/icon_collection_TraineeLog.icon_collection_TraineeLog,,0,True,False,False,False,0,Diário do Recruta,Um diário eletrônico revestido em metal. Supostamente emitido para novos recrutas para garantir entradas no registro de combate.
151011,Item_Name_151011,Item_Desc_151011,False,151011,True,False,True,[],1,1,0,8,34,2031,0,0,0,0,9999,0,0,0,False,1,0,10,0,0,0,0,0,0,0,0,0,0,0,0,0,0,0,0,0,0,0,0,0,0,0,0,0,0,0,0,0,0,0,0,0,0,0,0,0,0,700111,0,0,0,0,0,0,0,0,0,,0,/Game/Streaming/ArtAsset/UI/UIResource/UITexture/Common_Icon/Icon_Collection/icon_collection_MechanicGoggle.icon_collection_MechanicGoggle,,0,True,False,False,False,0,Óculos Mecânicos,Equipamento de proteção ocular contra enxofre e gases tóxicos. Mesmo necessário para Accretianos com olhos sintéticos.
151012,Item_Name_151012,Item_Desc_151012,False,151012,True,False,True,[],1,1,0,8,34,2031,0,0,0,0,9999,0,0,0,False,1,0,10,0,0,0,0,0,0,0,0,0,0,0,0,0,0,0,0,0,0,0,0,0,0,0,0,0,0,0,0,0,0,0,0,0,0,0,0,0,0,700111,0,0,0,0,0,0,0,0,0,,0,/Game/Streaming/ArtAsset/UI/UIResource/UITexture/Common_Icon/Icon_Collection/icon_collection_DamagedResearchCapsule.icon_collection_DamagedResearchCapsule,,0,True,False,False,False,0,Cápsula de Pesquisa Danificada,Parece ainda conter a substância em estudo. O logotipo da Kairax está estampado no exterior da cápsula. Seu dano aciona uma luz de aviso persistente.
151013,Item_Name_151013,Item_Desc_151013,False,151013,True,False,True,[],1,1,0,8,34,2031,0,0,0,0,9999,0,0,0,False,1,0,10,0,0,0,0,0,0,0,0,0,0,0,0,0,0,0,0,0,0,0,0,0,0,0,0,0,0,0,0,0,0,0,0,0,0,0,0,0,0,800111,0,0,0,0,1001,0,0,0,0,,0,/Game/Streaming/ArtAsset/UI/UIResource/UITexture/Common_Icon/Icon_Collection/icon_collection_InfectiousSubstanceReport.icon_collection_InfectiousSubstanceReport,,0,True,False,False,False,0,Registro de Pesquisa de Agente Infeccioso,"Registro de pesquisa sobre o agente infeccioso que se espalhou pela floresta. Embora a maioria das entradas sejam ilegíveis, as marcações destacam a gravidade da situação."
151014,Item_Name_151014,Item_Desc_151014,False,151014,True,False,True,[],1,1,0,8,34,2031,0,0,0,0,9999,0,0,0,False,1,0,10,0,0,0,0,0,0,0,0,0,0,0,0,0,0,0,0,0,0,0,0,0,0,0,0,0,0,0,0,0,0,0,0,0,0,0,0,0,0,800111,0,0,0,0,1001,0,0,0,0,,0,/Game/Streaming/ArtAsset/UI/UIResource/UITexture/Common_Icon/Icon_Collection/icon_collection_BlackMucusGlove.icon_collection_BlackMucusGlove,,0,True,False,False,False,0,Luvas Cobertas de Gosma Negra,Luvas de borracha cobertas de gosma negra. Será que quem as usava sabia o que estava manuseando?
151015,Item_Name_151015,Item_Desc_151015,False,151015,True,False,True,[],1,1,0,8,34,2031,0,0,0,0,9999,0,0,0,False,1,0,10,0,0,0,0,0,0,0,0,0,0,0,0,0,0,0,0,0,0,0,0,0,0,0,0,0,0,0,0,0,0,0,0,0,0,0,0,0,0,800111,0,0,0,0,1001,0,0,0,0,,0,/Game/Streaming/ArtAsset/UI/UIResource/UITexture/Common_Icon/Icon_Collection/icon_collection_Headgear.icon_collection_Headgear,,0,True,False,False,False,0,Equipamento de Cabeça,"Equipamento de cabeça de mercenário fabricado por Proxa. Ele processa o campo visual frontal em três dimensões, otimizando a capacidade do usuário de interpretar dados espaciais."
151016,Item_Name_151016,Item_Desc_151016,False,151016,True,False,True,[],1,1,0,8,34,2031,0,0,0,0,9999,0,0,0,False,1,0,10,0,0,0,0,0,0,0,0,0,0,0,0,0,0,0,0,0,0,0,0,0,0,0,0,0,0,0,0,0,0,0,0,0,0,0,0,0,0,800111,0,0,0,0,1001,0,0,0,0,,0,/Game/Streaming/ArtAsset/UI/UIResource/UITexture/Common_Icon/Icon_Collection/icon_collection_MiniDetectingApparatus.icon_collection_MiniDetectingApparatus,,0,True,False,False,False,0,Dispositivo de Detecção Pequeno,Um pequeno dispositivo projetado para detectar as reflexões de minerais. Os dados carregados sugerem que ele estava especificamente direcionado para Obernium.
151017,Item_Name_151017,Item_Desc_151017,False,151017,True,False,True,[],1,1,0,8,34,2031,0,0,0,0,9999,0,0,0,False,1,0,10,0,0,0,0,0,0,0,0,0,0,0,0,0,0,0,0,0,0,0,0,0,0,0,0,0,0,0,0,0,0,0,0,0,0,0,0,0,0,800111,0,0,0,0,1001,0,0,0,0,,0,/Game/Streaming/ArtAsset/UI/UIResource/UITexture/Common_Icon/Icon_Collection/icon_collection_BrokenElectronicNote.icon_collection_BrokenElectronicNote,,0,True,False,False,False,0,Nota Eletrônica Danificada,Bloco de notas digital corporativo. Parece ter sido atingido por algo sólido. O emblema da corporação Severin é visível na parte de trás.
151018,Item_Name_151018,Item_Desc_151018,False,151018,True,False,True,[],1,1,0,8,34,2031,0,0,0,0,9999,0,0,0,False,1,0,10,0,0,0,0,0,0,0,0,0,0,0,0,0,0,0,0,0,0,0,0,0,0,0,0,0,0,0,0,0,0,0,0,0,0,0,0,0,0,900111,0,0,0,0,1001,0,0,0,0,,0,/Game/Streaming/ArtAsset/UI/UIResource/UITexture/Common_Icon/Icon_Collection/icon_collection_CeremonialCloths.icon_collection_CeremonialCloths,,0,True,False,False,False,0,Tecido Cerimonial,Tecido Cerimonial usado em rituais de Decemismo. Parece estar cortado de forma limpa. É comumente usado na região de Cora e não deve ser descartado. Como ele veio parar aqui?
151019,Item_Name_151019,Item_Desc_151019,False,151019,True,False,True,[],1,1,0,8,34,2031,0,0,0,0,9999,0,0,0,False,1,0,10,0,0,0,0,0,0,0,0,0,0,0,0,0,0,0,0,0,0,0,0,0,0,0,0,0,0,0,0,0,0,0,0,0,0,0,0,0,0,900111,0,0,0,0,1001,0,0,0,0,,0,/Game/Streaming/ArtAsset/UI/UIResource/UITexture/Common_Icon/Icon_Collection/icon_collection_DrippingBlackSubstance.icon_collection_DrippingBlackSubstance,,0,True,False,False,False,0,Matéria Negra Gotejando,"Uma substância negra, bizarra e inchada escorrendo. Parece que há um recipiente dentro segurando-a, mas alcançá-lo está fora de questão."
151020,Item_Name_151020,Item_Desc_151020,False,151020,True,False,True,[],1,1,0,8,34,2031,0,0,0,0,9999,0,0,0,False,1,0,10,0,0,0,0,0,0,0,0,0,0,0,0,0,0,0,0,0,0,0,0,0,0,0,0,0,0,0,0,0,0,0,0,0,0,0,0,0,0,900111,0,0,0,0,1001,0,0,0,0,,0,/Game/Streaming/ArtAsset/UI/UIResource/UITexture/Common_Icon/Icon_Collection/icon_collection_SlabofDoctrinalMaterial.icon_collection_SlabofDoctrinalMaterial,,0,True,False,False,False,0,Fragmento de Tábua com Dogmas,A doutrina do Decemismo está esculpida na pedra durável. Não se sabe se foi intencionalmente quebrada.
151021,Item_Name_151021,Item_Desc_151021,False,151021,True,False,True,[],1,1,0,8,34,2031,0,0,0,0,9999,0,0,0,False,1,0,10,0,0,0,0,0,0,0,0,0,0,0,0,0,0,0,0,0,0,0,0,0,0,0,0,0,0,0,0,0,0,0,0,0,0,0,0,0,0,900111,0,0,0,0,1001,0,0,0,0,,0,/Game/Streaming/ArtAsset/UI/UIResource/UITexture/Common_Icon/Icon_Collection/icon_collection_EquesianHarpoonTip.icon_collection_EquesianHarpoonTip,,0,True,False,False,False,0,Ponta de Arpão Equesian,Uma ponta de arpão de metal que parece bastante afiada. A área enegrecida da lâmina sugere que foi repetidamente chamuscada por chamas. Talvez tenha sido usada para espetar e grelhar algo?
151022,Item_Name_151022,Item_Desc_151022,False,151022,True,False,True,[],1,1,0,8,34,2031,0,0,0,0,9999,0,0,0,False,1,0,10,0,0,0,0,0,0,0,0,0,0,0,0,0,0,0,0,0,0,0,0,0,0,0,0,0,0,0,0,0,0,0,0,0,0,0,0,0,0,900111,0,0,0,0,1001,0,0,0,0,,0,/Game/Streaming/ArtAsset/UI/UIResource/UITexture/Common_Icon/Icon_Collection/icon_collection_Deathmask.icon_collection_Deathmask,,0,True,False,False,False,0,Máscara da Morte,Uma máscara da morte criada ao colocar um pano branco úmido no rosto do falecido. Os Decemistas fazem isso com aqueles que morreram como pecadores.
151023,Item_Name_151023,Item_Desc_151023,False,151023,True,False,True,[],1,1,0,8,34,2031,0,0,0,0,9999,0,0,0,False,1,0,10,0,0,0,0,0,0,0,0,0,0,0,0,0,0,0,0,0,0,0,0,0,0,0,0,0,0,0,0,0,0,0,0,0,0,0,0,0,0,1000111,0,0,0,0,1002,0,0,0,0,,0,/Game/Streaming/ArtAsset/UI/UIResource/UITexture/Common_Icon/Icon_Collection/icon_collection_EncrustedBlackMatter.icon_collection_EncrustedBlackMatter,,0,True,False,False,False,0,Minério Envolto em Matéria Negra,"Uma substância negra envolve o minério, outrora brilhando com um brilho dourado. Seu esplendor foi manchado."
151024,Item_Name_151024,Item_Desc_151024,False,151024,True,False,True,[],1,1,0,8,34,2031,0,0,0,0,9999,0,0,0,False,1,0,10,0,0,0,0,0,0,0,0,0,0,0,0,0,0,0,0,0,0,0,0,0,0,0,0,0,0,0,0,0,0,0,0,0,0,0,0,0,0,1000111,0,0,0,0,1002,0,0,0,0,,0,/Game/Streaming/ArtAsset/UI/UIResource/UITexture/Common_Icon/Icon_Collection/icon_collection_RingTossPlayset.icon_collection_RingTossPlayset,,0,True,False,False,False,0,Kit de Jogo de Argolas,Um kit de peças de festival para crianças de Cora. Os melhores participantes são recompensados com uma Medalha de Força.
151025,Item_Name_151025,Item_Desc_151025,False,151025,True,False,True,[],1,1,0,8,34,2031,0,0,0,0,9999,0,0,0,False,1,0,10,0,0,0,0,0,0,0,0,0,0,0,0,0,0,0,0,0,0,0,0,0,0,0,0,0,0,0,0,0,0,0,0,0,0,0,0,0,0,1000111,0,0,0,0,1002,0,0,0,0,,0,/Game/Streaming/ArtAsset/UI/UIResource/UITexture/Common_Icon/Icon_Collection/icon_collection_PilgrimsToken.icon_collection_PilgrimsToken,,0,True,False,False,False,0,Marca do Peregrino,Uma longa peça de pedra que foi finamente polida e emite um brilho azul. O voto do peregrino está gravado em cada lado.
151026,Item_Name_151026,Item_Desc_151026,False,151026,True,False,True,[],1,1,0,8,34,2031,0,0,0,0,9999,0,0,0,False,1,0,10,0,0,0,0,0,0,0,0,0,0,0,0,0,0,0,0,0,0,0,0,0,0,0,0,0,0,0,0,0,0,0,0,0,0,0,0,0,0,1000111,0,0,0,0,1002,0,0,0,0,,0,/Game/Streaming/ArtAsset/UI/UIResource/UITexture/Common_Icon/Icon_Collection/icon_collection_HandofLoss.icon_collection_HandofLoss,,0,True,False,False,False,0,Mão da Perda,"Em Cora, aqueles que aspiram a se tornar sacerdotes fazem um molde de sua mão esquerda como parte de sua iniciação, simbolizando seu compromisso de renunciar aos bens mundanos."
151027,Item_Name_151027,Item_Desc_151027,False,151027,True,False,True,[],1,1,0,8,34,2031,0,0,0,0,9999,0,0,0,False,1,0,10,0,0,0,0,0,0,0,0,0,0,0,0,0,0,0,0,0,0,0,0,0,0,0,0,0,0,0,0,0,0,0,0,0,0,0,0,0,0,1000111,0,0,0,0,1002,0,0,0,0,,0,/Game/Streaming/ArtAsset/UI/UIResource/UITexture/Common_Icon/Icon_Collection/icon_collection_PolishedTrustToken.icon_collection_PolishedTrustToken,,0,True,False,False,False,0,Insígnia de Confiança Polida,"Um emblema de confiança, reservado apenas para os Coranos que completaram seu treinamento sacerdotal. É elaborado com sofisticação."
151028,Item_Name_151028,Item_Desc_151028,False,151028,True,False,True,[],1,1,0,8,34,2031,0,0,0,0,9999,0,0,0,False,1,0,10,0,0,0,0,0,0,0,0,0,0,0,0,0,0,0,0,0,0,0,0,0,0,0,0,0,0,0,0,0,0,0,0,0,0,0,0,0,0,1000111,0,0,0,0,1002,0,0,0,0,,0,/Game/Streaming/ArtAsset/UI/UIResource/UITexture/Common_Icon/Icon_Collection/icon_collection_DivineMetalBall.icon_collection_DivineMetalBall,,0,True,False,False,False,0,Orbe de Metal Sagrado,Um dispositivo metálico redondo para armazenar a Pedra Sagrada usada em rituais. Apenas o sacerdote que o criou pode desbloqueá-lo.
151029,Item_Name_151029,Item_Desc_151029,False,151029,True,False,True,[],1,1,0,8,34,2031,0,0,0,0,9999,0,0,0,False,1,0,10,0,0,0,0,0,0,0,0,0,0,0,0,0,0,0,0,0,0,0,0,0,0,0,0,0,0,0,0,0,0,0,0,0,0,0,0,0,0,1100111,0,0,0,0,1002,0,0,0,0,,0,/Game/Streaming/ArtAsset/UI/UIResource/UITexture/Common_Icon/Icon_Collection/icon_collection_SpiderbotToy.icon_collection_SpiderbotToy,,0,True,False,False,False,0,Spider-Bot de Brinquedo,Um robô de seis pernas equipado com IA básica. É um brinquedo comum entre os Accretianos.
151030,Item_Name_151030,Item_Desc_151030,False,151030,True,False,True,[],1,1,0,8,34,2031,0,0,0,0,9999,0,0,0,False,1,0,10,0,0,0,0,0,0,0,0,0,0,0,0,0,0,0,0,0,0,0,0,0,0,0,0,0,0,0,0,0,0,0,0,0,0,0,0,0,0,1100111,0,0,0,0,1002,0,0,0,0,,0,/Game/Streaming/ArtAsset/UI/UIResource/UITexture/Common_Icon/Icon_Collection/icon_collection_MaintenanceToolSet.icon_collection_MaintenanceToolSet,,0,True,False,False,False,0,Kit de Ferramentas de Manutenção Corporal,Um Kit de Ferramentas de Manutenção Corporal projetado para os soldados mecânicos de Accretia. Ele serve como um kit de emergência vital para sustentar operações na linha de frente.
151031,Item_Name_151031,Item_Desc_151031,False,151031,True,False,True,[],1,1,0,8,34,2031,0,0,0,0,9999,0,0,0,False,1,0,10,0,0,0,0,0,0,0,0,0,0,0,0,0,0,0,0,0,0,0,0,0,0,0,0,0,0,0,0,0,0,0,0,0,0,0,0,0,0,1100111,0,0,0,0,1002,0,0,0,0,,0,/Game/Streaming/ArtAsset/UI/UIResource/UITexture/Common_Icon/Icon_Collection/icon_collection_BlueMetalBead.icon_collection_BlueMetalBead,,0,True,False,False,False,0,Conta de Metal Azul,"Uma conta de metal que brilha com uma luz azul, refletindo sutilmente seu tom em seus arredores. Parece servir como um ornamento."
151032,Item_Name_151032,Item_Desc_151032,False,151032,True,False,True,[],1,1,0,8,34,2031,0,0,0,0,9999,0,0,0,False,1,0,10,0,0,0,0,0,0,0,0,0,0,0,0,0,0,0,0,0,0,0,0,0,0,0,0,0,0,0,0,0,0,0,0,0,0,0,0,0,0,1100111,0,0,0,0,1002,0,0,0,0,,0,/Game/Streaming/ArtAsset/UI/UIResource/UITexture/Common_Icon/Icon_Collection/icon_collection_CyberCarModel.icon_collection_CyberCarModel,,0,True,False,False,False,0,Modelo de Cybercar,Uma réplica em miniatura do amado cybercar da série Z. Era muito popular entre as crianças.
151033,Item_Name_151033,Item_Desc_151033,False,151033,True,False,True,[],1,1,0,8,34,2031,0,0,0,0,9999,0,0,0,False,1,0,10,0,0,0,0,0,0,0,0,0,0,0,0,0,0,0,0,0,0,0,0,0,0,0,0,0,0,0,0,0,0,0,0,0,0,0,0,0,0,1100111,0,0,0,0,1002,0,0,0,0,,0,/Game/Streaming/ArtAsset/UI/UIResource/UITexture/Common_Icon/Icon_Collection/icon_collection_OldMacGyverKnife.icon_collection_OldMacGyverKnife,,0,True,False,False,False,0,Canivete Multifuncional Antigo,"Uma faca versátil, inspirada por artefatos da antiga Terra. Tornou-se uma mercadoria cobiçada entre os escalões inferiores de Accretia, levando a altas vendas."
151034,Item_Name_151034,Item_Desc_151034,False,151034,True,False,True,[],1,1,0,8,34,2031,0,0,0,0,9999,0,0,0,False,1,0,10,0,0,0,0,0,0,0,0,0,0,0,0,0,0,0,0,0,0,0,0,0,0,0,0,0,0,0,0,0,0,0,0,0,0,0,0,0,0,1200111,0,0,0,0,1003,0,0,0,0,,0,/Game/Streaming/ArtAsset/UI/UIResource/UITexture/Common_Icon/Icon_Collection/icon_collection_RedDice.icon_collection_RedDice,,0,True,False,False,False,0,Dado Vermelho,Um dado vermelho usado para jogar um jogo de apostas chamado Craps. É feito de metal com um peso equilibrado.
151035,Item_Name_151035,Item_Desc_151035,False,151035,True,False,True,[],1,1,0,8,34,2031,0,0,0,0,9999,0,0,0,False,1,0,10,0,0,0,0,0,0,0,0,0,0,0,0,0,0,0,0,0,0,0,0,0,0,0,0,0,0,0,0,0,0,0,0,0,0,0,0,0,0,1200111,0,0,0,0,1003,0,0,0,0,,0,/Game/Streaming/ArtAsset/UI/UIResource/UITexture/Common_Icon/Icon_Collection/icon_collection_AdrenalineInjections.icon_collection_AdrenalineInjections,,0,True,False,False,False,0,Injeção de Adrenalina,"Conhecida como um stimpack, esta injeção de adrenalina para corpos mecânicos aumenta temporariamente a capacidade dos nervos de controle."
151036,Item_Name_151036,Item_Desc_151036,False,151036,True,False,True,[],1,1,0,8,34,2031,0,0,0,0,9999,0,0,0,False,1,0,10,0,0,0,0,0,0,0,0,0,0,0,0,0,0,0,0,0,0,0,0,0,0,0,0,0,0,0,0,0,0,0,0,0,0,0,0,0,0,1200111,0,0,0,0,1003,0,0,0,0,,0,/Game/Streaming/ArtAsset/UI/UIResource/UITexture/Common_Icon/Icon_Collection/icon_collection_OrnamentedHook.icon_collection_OrnamentedHook,,0,True,False,False,False,0,Gancho Ornamentado,Um gancho de metal com um cabo de madeira. A lâmina de metal é adornada com delicadas gravações. Presume-se que seja um artefato de uma espécie alienígena.
151037,Item_Name_151037,Item_Desc_151037,False,151037,True,False,True,[],1,1,0,8,34,2031,0,0,0,0,9999,0,0,0,False,1,0,10,0,0,0,0,0,0,0,0,0,0,0,0,0,0,0,0,0,0,0,0,0,0,0,0,0,0,0,0,0,0,0,0,0,0,0,0,0,0,1200111,0,0,0,0,1003,0,0,0,0,,0,/Game/Streaming/ArtAsset/UI/UIResource/UITexture/Common_Icon/Icon_Collection/icon_collection_MilitaryEnergyPack.icon_collection_MilitaryEnergyPack,,0,True,False,False,False,0,Pacote de Energia Militar,"Um pacote de energia padrão para os soldados mecânicos de Accretia, projetado para alimentar tanto suas estruturas cibernéticas quanto quaisquer componentes orgânicos residuais."
151038,Item_Name_151038,Item_Desc_151038,False,151038,True,False,True,[],1,1,0,8,34,2031,0,0,0,0,9999,0,0,0,False,1,0,10,0,0,0,0,0,0,0,0,0,0,0,0,0,0,0,0,0,0,0,0,0,0,0,0,0,0,0,0,0,0,0,0,0,0,0,0,0,0,1300111,0,0,0,0,1003,0,0,0,0,,0,/Game/Streaming/ArtAsset/UI/UIResource/UITexture/Common_Icon/Icon_Collection/icon_collection_BrokenRadioTransmitter.icon_collection_BrokenRadioTransmitter,,0,True,False,False,False,0,Transceptor Quebrado,Um rádio desenvolvido para uso militar em Proxa. Parece ter sido reaproveitado por andarilhos nos arredores para comunicação.
151039,Item_Name_151039,Item_Desc_151039,False,151039,True,False,True,[],1,1,0,8,34,2031,0,0,0,0,9999,0,0,0,False,1,0,10,0,0,0,0,0,0,0,0,0,0,0,0,0,0,0,0,0,0,0,0,0,0,0,0,0,0,0,0,0,0,0,0,0,0,0,0,0,0,1300111,0,0,0,0,1003,0,0,0,0,,0,/Game/Streaming/ArtAsset/UI/UIResource/UITexture/Common_Icon/Icon_Collection/icon_collection_MercenaryCanteen.icon_collection_MercenaryCanteen,,0,True,False,False,False,0,Cantil de Mercenário,Uma cantina militar usada pelos Mercenários Bellato. Deve ter sido usada extensivamente nas batalhas perto das terras desertas.
151040,Item_Name_151040,Item_Desc_151040,False,151040,True,False,True,[],1,1,0,8,34,2031,0,0,0,0,9999,0,0,0,False,1,0,10,0,0,0,0,0,0,0,0,0,0,0,0,0,0,0,0,0,0,0,0,0,0,0,0,0,0,0,0,0,0,0,0,0,0,0,0,0,0,1300111,0,0,0,0,1003,0,0,0,0,,0,/Game/Streaming/ArtAsset/UI/UIResource/UITexture/Common_Icon/Icon_Collection/icon_collection_BoneOrnamentedNecklace.icon_collection_BoneOrnamentedNecklace,,0,True,False,False,False,0,Colar de Ossos,Um colar primitivo feito de fragmentos pequenos de ossos variados. Ele desperta interesse entre os paleontólogos devido às origens diversas dos ossos.
151041,Item_Name_151041,Item_Desc_151041,False,151041,True,False,True,[],1,1,0,8,34,2031,0,0,0,0,9999,0,0,0,False,1,0,10,0,0,0,0,0,0,0,0,0,0,0,0,0,0,0,0,0,0,0,0,0,0,0,0,0,0,0,0,0,0,0,0,0,0,0,0,0,0,1300111,0,0,0,0,1003,0,0,0,0,,0,/Game/Streaming/ArtAsset/UI/UIResource/UITexture/Common_Icon/Icon_Collection/icon_collection_OveniumSpearBlade.icon_collection_OveniumSpearBlade,,0,True,False,False,False,0,Ponta de Lança Obernium,"A ponta de lança usada pelos Saura, forjada a partir de Obernium. Ela ostenta durabilidade excepcional e uma nitidez eterna."
151042,Item_Name_151042,Item_Desc_151042,False,151042,True,False,True,[],1,1,0,8,34,2031,0,0,0,0,9999,0,0,0,False,1,0,10,0,0,0,0,0,0,0,0,0,0,0,0,0,0,0,0,0,0,0,0,0,0,0,0,0,0,0,0,0,0,0,0,0,0,0,0,0,0,1400111,0,0,0,0,1001,0,0,0,0,,0,/Game/Streaming/ArtAsset/UI/UIResource/UITexture/Common_Icon/Icon_Collection/icon_collection_MachineOil.icon_collection_MachineOil,,0,True,False,False,False,0,Óleo de Máquina,Contém óleo usado nos eixos de transmissão de androides. Sua alta pureza o torna adequado para várias outras aplicações mecânicas.
151043,Item_Name_151043,Item_Desc_151043,False,151043,True,False,True,[],1,1,0,8,34,2031,0,0,0,0,9999,0,0,0,False,1,0,10,0,0,0,0,0,0,0,0,0,0,0,0,0,0,0,0,0,0,0,0,0,0,0,0,0,0,0,0,0,0,0,0,0,0,0,0,0,0,1400111,0,0,0,0,1001,0,0,0,0,,0,/Game/Streaming/ArtAsset/UI/UIResource/UITexture/Common_Icon/Icon_Collection/icon_collection_M5Spidroid.icon_collection_M5Spidroid,,0,True,False,False,False,0,Drone Espião 5mo,Um robô espião de quinta geração ultra-miniatura com um design mais naturalista e IA avançada.
151044,Item_Name_151044,Item_Desc_151044,False,151044,True,False,True,[],1,1,0,8,34,2031,0,0,0,0,9999,0,0,0,False,1,0,10,0,0,0,0,0,0,0,0,0,0,0,0,0,0,0,0,0,0,0,0,0,0,0,0,0,0,0,0,0,0,0,0,0,0,0,0,0,0,1400111,0,0,0,0,1001,0,0,0,0,,0,/Game/Streaming/ArtAsset/UI/UIResource/UITexture/Common_Icon/Icon_Collection/icon_collection_OpticalLens.icon_collection_OpticalLens,,0,True,False,False,False,0,Lente Óptica,Um componente vital para o controle de visão de androides. Foi produzido em massa durante os primeiros dias de Accretia e também é utilizado em armamento laser.
151045,Item_Name_151045,Item_Desc_151045,False,151045,True,False,True,[],1,1,0,8,34,2031,0,0,0,0,9999,0,0,0,False,1,0,10,0,0,0,0,0,0,0,0,0,0,0,0,0,0,0,0,0,0,0,0,0,0,0,0,0,0,0,0,0,0,0,0,0,0,0,0,0,0,1400111,0,0,0,0,1001,0,0,0,0,,0,/Game/Streaming/ArtAsset/UI/UIResource/UITexture/Common_Icon/Icon_Collection/icon_collection_Decelerator.icon_collection_Decelerator,,0,True,False,False,False,0,Dispositivo de Desaceleração,"Um componente importante para o controle de movimento do androide. Integrado com engrenagens complexas, permite a regulação de velocidade."
151046,Item_Name_151046,Item_Desc_151046,False,151046,True,False,True,[],1,1,0,8,34,2031,0,0,0,0,9999,0,0,0,False,1,0,10,0,0,0,0,0,0,0,0,0,0,0,0,0,0,0,0,0,0,0,0,0,0,0,0,0,0,0,0,0,0,0,0,0,0,0,0,0,0,1500111,0,0,0,0,1001,0,0,0,0,,0,/Game/Streaming/ArtAsset/UI/UIResource/UITexture/Common_Icon/Icon_Collection/icon_collection_TaintedImperialMark.icon_collection_TaintedImperialMark,,0,True,False,False,False,0,Insígnia Imperial Suja,Um distintivo militar emitido no planeta Arc antes de Novus. Agora está sujo com manchas.
151047,Item_Name_151047,Item_Desc_151047,False,151047,True,False,True,[],1,1,0,8,34,2031,0,0,0,0,9999,0,0,0,False,1,0,10,0,0,0,0,0,0,0,0,0,0,0,0,0,0,0,0,0,0,0,0,0,0,0,0,0,0,0,0,0,0,0,0,0,0,0,0,0,0,1500111,0,0,0,0,1002,0,0,0,0,,0,/Game/Streaming/ArtAsset/UI/UIResource/UITexture/Common_Icon/Icon_Collection/icon_collection_DamagedImperialBadge.icon_collection_DamagedImperialBadge,,0,True,False,False,False,0,Marca Imperial Danificada,Um distintivo uma vez emitido para oficiais imperiais recém-nomeados nos primeiros dias de Accretia. Parece ter sido intencionalmente danificado.
151048,Item_Name_151048,Item_Desc_151048,False,151048,True,False,True,[],1,1,0,8,34,2031,0,0,0,0,9999,0,0,0,False,1,0,10,0,0,0,0,0,0,0,0,0,0,0,0,0,0,0,0,0,0,0,0,0,0,0,0,0,0,0,0,0,0,0,0,0,0,0,0,0,0,1500111,0,0,0,0,1003,0,0,0,0,,0,/Game/Streaming/ArtAsset/UI/UIResource/UITexture/Common_Icon/Icon_Collection/icon_collection_ImperialMarkGrenade.icon_collection_ImperialMarkGrenade,,0,True,False,False,False,0,Granada com Insígnia Imperial,"Uma granada experimental com uma marca de Accretia no meio, desenvolvida em segredo. Seu potencial explosivo permanece não testado."
151049,Item_Name_151049,Item_Desc_151049,False,151049,True,False,True,[],1,1,0,8,34,2031,0,0,0,0,9999,0,0,0,False,1,0,10,0,0,0,0,0,0,0,0,0,0,0,0,0,0,0,0,0,0,0,0,0,0,0,0,0,0,0,0,0,0,0,0,0,0,0,0,0,0,1600111,0,0,0,0,1001,0,0,0,0,,0,/Game/Streaming/ArtAsset/UI/UIResource/UITexture/Common_Icon/Icon_Collection/icon_collection_PieceofFadedHolystone.icon_collection_PieceofFadedHolystone,,0,True,False,False,False,0,Fragmento de Pedra Sagrada Desbotado,"Um fragmento de Pedra Sagrada considerado sem valor, pois não emite luz e não contém Energia Sagrada. A razão para seu estado exige mais pesquisas."
151050,Item_Name_151050,Item_Desc_151050,False,151050,True,False,True,[],1,1,0,8,34,2031,0,0,0,0,9999,0,0,0,False,1,0,10,0,0,0,0,0,0,0,0,0,0,0,0,0,0,0,0,0,0,0,0,0,0,0,0,0,0,0,0,0,0,0,0,0,0,0,0,0,0,1600111,0,0,0,0,1002,0,0,0,0,,0,/Game/Streaming/ArtAsset/UI/UIResource/UITexture/Common_Icon/Icon_Collection/icon_collection_CrystalLight.icon_collection_CrystalLight,,0,True,False,False,False,0,Luz Cristalina,"Uma lanterna de mineração equipada com um cristal amplificador de luz. Aparentemente, muitos mineiros as apropriaram discretamente."
151051,Item_Name_151051,Item_Desc_151051,False,151051,True,False,True,[],1,1,0,8,34,2031,0,0,0,0,9999,0,0,0,False,1,0,10,0,0,0,0,0,0,0,0,0,0,0,0,0,0,0,0,0,0,0,0,0,0,0,0,0,0,0,0,0,0,0,0,0,0,0,0,0,0,1600111,0,0,0,0,1003,0,0,0,0,,0,/Game/Streaming/ArtAsset/UI/UIResource/UITexture/Common_Icon/Icon_Collection/icon_collection_AshFlower.icon_collection_AshFlower,,0,True,False,False,False,0,Flor de Cinzas,Uma planta cinzenta encontrada nos campos de mineração subterrâneos de Crag. Um brilho vermelho cintila dentro de suas flores.
151052,Item_Name_151052,Item_Desc_151052,False,151052,True,False,True,[],1,1,0,8,34,2031,0,0,0,0,9999,0,0,0,False,1,0,10,0,0,0,0,0,0,0,0,0,0,0,0,0,0,0,0,0,0,0,0,0,0,0,0,0,0,0,0,0,0,0,0,0,0,0,0,0,0,1700111,0,0,0,0,1001,0,0,0,0,,0,/Game/Streaming/ArtAsset/UI/UIResource/UITexture/Common_Icon/Icon_Collection/icon_collection_Redbadgefragment.icon_collection_Redbadgefragment,,0,True,False,False,False,0,Fragmento de Insígnia Vermelha,Um pedaço da insígnia do exército imperial. A distinta cor vermelha é exclusivamente concedida às forças de elite do Império.
151053,Item_Name_151053,Item_Desc_151053,False,151053,True,False,True,[],1,1,0,8,34,2031,0,0,0,0,9999,0,0,0,False,1,0,10,0,0,0,0,0,0,0,0,0,0,0,0,0,0,0,0,0,0,0,0,0,0,0,0,0,0,0,0,0,0,0,0,0,0,0,0,0,0,1700111,0,0,0,0,1001,0,0,0,0,,0,/Game/Streaming/ArtAsset/UI/UIResource/UITexture/Common_Icon/Icon_Collection/icon_collection_Lostcartridgecase.icon_collection_Lostcartridgecase,,0,True,False,False,False,0,Estojo de Cartucho Descartado,Um cartucho de especificação do Exército Bellato. As cápsulas espalhadas para frente sugerem que foi disparado em um esforço final.
151054,Item_Name_151054,Item_Desc_151054,False,151054,True,False,True,[],1,1,0,8,34,2031,0,0,0,0,9999,0,0,0,False,1,0,10,0,0,0,0,0,0,0,0,0,0,0,0,0,0,0,0,0,0,0,0,0,0,0,0,0,0,0,0,0,0,0,0,0,0,0,0,0,0,1700111,0,0,0,0,1001,0,0,0,0,,0,/Game/Streaming/ArtAsset/UI/UIResource/UITexture/Common_Icon/Icon_Collection/icon_collection_Oldscope.icon_collection_Oldscope,,0,True,False,False,False,0,Mira Antiga,Uma mira antiga. Armas de fogo pessoais do exército Cora respondem à mínima energia de Força. Esta mira também requer Força para funcionar.
151055,Item_Name_151055,Item_Desc_151055,False,151055,True,False,True,[],1,1,0,8,34,2031,0,0,0,0,9999,0,0,0,False,1,0,10,0,0,0,0,0,0,0,0,0,0,0,0,0,0,0,0,0,0,0,0,0,0,0,0,0,0,0,0,0,0,0,0,0,0,0,0,0,0,1700111,0,0,0,0,1002,0,0,0,0,,0,/Game/Streaming/ArtAsset/UI/UIResource/UITexture/Common_Icon/Icon_Collection/icon_collection_Olddogtags.icon_collection_Olddogtags,,0,True,False,False,False,0,Dog Tag Antiga,Uma dog tag de um oficial imperial. O exército imperial está muito comprometido com a recuperação de placas. Tais políticas preferenciais são fundamentais para fomentar tropas de elite no exército imperial.
151056,Item_Name_151056,Item_Desc_151056,False,151056,True,False,True,[],1,1,0,8,34,2031,0,0,0,0,9999,0,0,0,False,1,0,10,0,0,0,0,0,0,0,0,0,0,0,0,0,0,0,0,0,0,0,0,0,0,0,0,0,0,0,0,0,0,0,0,0,0,0,0,0,0,1700111,0,0,0,0,1002,0,0,0,0,,0,/Game/Streaming/ArtAsset/UI/UIResource/UITexture/Common_Icon/Icon_Collection/icon_collection_Oldcylinder.icon_collection_Oldcylinder,,0,True,False,False,False,0,Cilindro Quebrado,"Um cilindro quebrado de um MAU. É provavelmente de um Ketterbelt de segunda geração. Em vez de um componente usado em batalha, parece ter sido mantido como um talismã protetor."
151057,Item_Name_151057,Item_Desc_151057,False,151057,True,False,True,[],1,1,0,8,34,2031,0,0,0,0,9999,0,0,0,False,1,0,10,0,0,0,0,0,0,0,0,0,0,0,0,0,0,0,0,0,0,0,0,0,0,0,0,0,0,0,0,0,0,0,0,0,0,0,0,0,0,1700111,0,0,0,0,1002,0,0,0,0,,0,/Game/Streaming/ArtAsset/UI/UIResource/UITexture/Common_Icon/Icon_Collection/icon_collection_Crystalshard.icon_collection_Crystalshard,,0,True,False,False,False,0,Fragmento de Cristal,"Um fragmento de cristal usado para catalisar a Força. Embora sua forma original seja irreconhecível, sua forma fragmentada sugere que foi esgotado em um último surto para transmitir um sinal de socorro."
151058,Item_Name_151058,Item_Desc_151058,False,151058,True,False,True,[],1,1,0,8,34,2031,0,0,0,0,9999,0,0,0,False,1,0,10,0,0,0,0,0,0,0,0,0,0,0,0,0,0,0,0,0,0,0,0,0,0,0,0,0,0,0,0,0,0,0,0,0,0,0,0,0,0,1810032,0,0,0,0,1004,0,0,0,0,,0,/Game/Streaming/ArtAsset/UI/UIResource/UITexture/Common_Icon/Icon_Collection/icon_collection_marchettiMaskInutsha.icon_collection_marchettiMaskInutsha,,0,True,False,False,False,0,Máscara de Inewtsha,"A máscara de um guardião lendário na Floresta de Inewt. Embora sua verdadeira história permaneça um mistério, máscaras semelhantes foram supostamente encontradas em outras partes de Novus."
151059,Item_Name_151059,Item_Desc_151059,False,151059,True,False,True,[],1,1,0,8,34,2031,0,0,0,0,9999,0,0,0,False,1,0,10,0,0,0,0,0,0,0,0,0,0,0,0,0,0,0,0,0,0,0,0,0,0,0,0,0,0,0,0,0,0,0,0,0,0,0,0,0,0,1810032,0,0,0,0,1004,0,0,0,0,,0,/Game/Streaming/ArtAsset/UI/UIResource/UITexture/Common_Icon/Icon_Collection/icon_collection_ContaminatedLabCoatDamage.icon_collection_ContaminatedLabCoatDamage,,0,True,False,False,False,0,Casaco do Pesquisador Danificado,"Um jaleco rasgado e ensanguentado de um pesquisador. Com base na quantidade de sangue e no padrão do rasgo, o dono provavelmente não sobreviveu. Onde eles poderiam estar?"
151060,Item_Name_151060,Item_Desc_151060,False,151060,True,False,True,[],1,1,0,8,34,2031,0,0,0,0,9999,0,0,0,False,1,0,10,0,0,0,0,0,0,0,0,0,0,0,0,0,0,0,0,0,0,0,0,0,0,0,0,0,0,0,0,0,0,0,0,0,0,0,0,0,0,1810032,0,0,0,0,1004,0,0,0,0,,0,/Game/Streaming/ArtAsset/UI/UIResource/UITexture/Common_Icon/Icon_Collection/icon_collection_BrokenHandcuffsSpecial.icon_collection_BrokenHandcuffsSpecial,,0,True,False,False,False,0,Algemas de Material Especial,"Algemas projetadas pela Federação Bellato para deter criminosos graves. Resistentes o suficiente para suportar até mesmo os braços mecânicos mais fortes, dizem que são feitas de placas de armadura de MAU."
151061,Item_Name_151061,Item_Desc_151061,False,151061,True,False,True,[],1,1,0,8,34,2031,0,0,0,0,9999,0,0,0,False,1,0,10,0,0,0,0,0,0,0,0,0,0,0,0,0,0,0,0,0,0,0,0,0,0,0,0,0,0,0,0,0,0,0,0,0,0,0,0,0,0,1810032,0,0,0,0,1004,0,0,0,0,,0,/Game/Streaming/ArtAsset/UI/UIResource/UITexture/Common_Icon/Icon_Collection/icon_collection_ExplorersHatForWinter.icon_collection_ExplorersHatForWinter,,0,True,False,False,False,0,Chapéu de Exploração Térmica,"Um chapéu térmico projetado para frio extremo. Parece ter sido descartado por um aventureiro que passou pelo Vale Karma, talvez porque apenas a pele não fosse suficiente para suportar o frio mais ao norte."
151062,Item_Name_151062,Item_Desc_151062,False,151062,True,False,True,[],1,1,0,8,34,2031,0,0,0,0,9999,0,0,0,False,1,0,10,0,0,0,0,0,0,0,0,0,0,0,0,0,0,0,0,0,0,0,0,0,0,0,0,0,0,0,0,0,0,0,0,0,0,0,0,0,0,1810032,0,0,0,0,1004,0,0,0,0,,0,/Game/Streaming/ArtAsset/UI/UIResource/UITexture/Common_Icon/Icon_Collection/icon_collection_MineralsintheIceWall.icon_collection_MineralsintheIceWall,,0,True,False,False,False,0,Mineral Dentro da Parede de Gelo,"Um pedaço de minério deixado em um canto de um campo de mineração. Alguém o separou deliberadamente para a Coleção de minério bruto. Essas pedras não processadas podem alcançar um preço alto, dependendo de sua forma."
151063,Item_Name_151063,Item_Desc_151063,False,151063,True,False,True,[],1,1,0,8,34,2031,0,0,0,0,9999,0,0,0,False,1,0,10,0,0,0,0,0,0,0,0,0,0,0,0,0,0,0,0,0,0,0,0,0,0,0,0,0,0,0,0,0,0,0,0,0,0,0,0,0,0,1810036,0,0,0,0,1003,0,0,0,0,,0,/Game/Streaming/ArtAsset/UI/UIResource/UITexture/Common_Icon/Icon_Collection/icon_collection_OldcylinderVariable.icon_collection_OldcylinderVariable,,0,True,False,False,False,0,Cilindro Ajustável Quebrado,Um cilindro ajustável danificado. Parece ser um componente de um grande MAU.
151064,Item_Name_151064,Item_Desc_151064,False,151064,True,False,True,[],1,1,0,8,34,2031,0,0,0,0,9999,0,0,0,False,1,0,10,0,0,0,0,0,0,0,0,0,0,0,0,0,0,0,0,0,0,0,0,0,0,0,0,0,0,0,0,0,0,0,0,0,0,0,0,0,0,1810036,0,0,0,0,1003,0,0,0,0,,0,/Game/Streaming/ArtAsset/UI/UIResource/UITexture/Common_Icon/Icon_Collection/icon_collection_OlddogtagsOfficer.icon_collection_OlddogtagsOfficer,,0,True,False,False,False,0,Dog Tag do Velho Oficial,Uma dog tag pertencente a um oficial de alta patente de grau Centurion. Parece ter sido deixada cair na Batalha do Elevador Orbital antes da Grande Guerra.
151065,Item_Name_151065,Item_Desc_151065,False,151065,True,False,True,[],1,1,0,8,34,2031,0,0,0,0,9999,0,0,0,False,1,0,10,0,0,0,0,0,0,0,0,0,0,0,0,0,0,0,0,0,0,0,0,0,0,0,0,0,0,0,0,0,0,0,0,0,0,0,0,0,0,1810044,0,0,0,0,1004,0,0,0,0,,0,/Game/Streaming/ArtAsset/UI/UIResource/UITexture/Common_Icon/Icon_Collection/icon_collection_Brokenwrench.icon_collection_Brokenwrench,,0,True,False,False,False,0,Chave Inglesa Quebrada,Esta chave inglesa parece ter sido usada para reparar androides. Deve ter quebrado por suportar muita tensão. Parece que os androides lidam com a maior parte das operações de manutenção de Nemesis.
151066,Item_Name_151066,Item_Desc_151066,False,151066,True,False,True,[],1,1,0,8,34,2031,0,0,0,0,9999,0,0,0,False,1,0,10,0,0,0,0,0,0,0,0,0,0,0,0,0,0,0,0,0,0,0,0,0,0,0,0,0,0,0,0,0,0,0,0,0,0,0,0,0,0,1810044,0,0,0,0,1004,0,0,0,0,,0,/Game/Streaming/ArtAsset/UI/UIResource/UITexture/Common_Icon/Icon_Collection/icon_collection_OldUnexplodedBomb.icon_collection_OldUnexplodedBomb,,0,True,False,False,False,0,Projétil Falho Enferrujado,"A ogiva de um projétil não detonado deteriorado. O detonador está danificado, mas se modificado em um IED e implantado em zonas de combate, representa uma ameaça grave."
152000,Item_Name_152000,Item_Desc_152000,False,152000,True,False,True,[],2,1,0,8,34,2031,0,0,0,0,9999,0,0,0,False,1,0,10,0,0,0,0,0,0,0,0,0,0,0,0,0,0,0,0,0,0,0,0,0,0,0,0,0,0,0,0,0,0,0,0,0,0,0,0,0,0,500211,0,0,0,0,0,0,0,0,0,,0,/Game/Streaming/ArtAsset/UI/UIResource/UITexture/Common_Icon/Icon_Collection/icon_collection_MunitionsCatalogueRecorder.icon_collection_MunitionsCatalogueRecorder,,0,True,False,False,False,0,Registro de Requisição,"Um registro do conteúdo de um arsenal. Enquanto a maioria são armas de fogo ou munições, drogas narcóticas também estão listadas no final."
152001,Item_Name_152001,Item_Desc_152001,False,152001,True,False,True,[],2,1,0,8,34,2031,0,0,0,0,9999,0,0,0,False,1,0,10,0,0,0,0,0,0,0,0,0,0,0,0,0,0,0,0,0,0,0,0,0,0,0,0,0,0,0,0,0,0,0,0,0,0,0,0,0,0,500211,0,0,0,0,0,0,0,0,0,,0,/Game/Streaming/ArtAsset/UI/UIResource/UITexture/Common_Icon/Icon_Collection/icon_collection_DamagedMercenaryContract.icon_collection_DamagedMercenaryContract,,0,True,False,False,False,0,Contrato de Mercenário Danificado,Um contrato destinado a um mercenário. Parece ter sido anulado devido a múltiplas desqualificações.
152002,Item_Name_152002,Item_Desc_152002,False,152002,True,False,True,[],2,1,0,8,34,2031,0,0,0,0,9999,0,0,0,False,1,0,10,0,0,0,0,0,0,0,0,0,0,0,0,0,0,0,0,0,0,0,0,0,0,0,0,0,0,0,0,0,0,0,0,0,0,0,0,0,0,500211,0,0,0,0,0,0,0,0,0,,0,/Game/Streaming/ArtAsset/UI/UIResource/UITexture/Common_Icon/Icon_Collection/icon_collection_DigitalKeyCard.icon_collection_DigitalKeyCard,,0,True,False,False,False,0,Cartão-Chave Digital,Um cartão-chave digital usado pela CyberCon. O nome do usuário no topo está ilegível devido a danos. O display central está rachado além da funcionalidade.
152003,Item_Name_152003,Item_Desc_152003,False,152003,True,False,True,[],2,1,0,8,34,2031,0,0,0,0,9999,0,0,0,False,1,0,10,0,0,0,0,0,0,0,0,0,0,0,0,0,0,0,0,0,0,0,0,0,0,0,0,0,0,0,0,0,0,0,0,0,0,0,0,0,0,500211,0,0,0,0,0,0,0,0,0,,0,/Game/Streaming/ArtAsset/UI/UIResource/UITexture/Common_Icon/Icon_Collection/icon_collection_DeliriumDevice.icon_collection_DeliriumDevice,,0,True,False,False,False,0,Dispositivo de Delírio,"Um dispositivo projetado para afetar diretamente os cérebros de seres sencientes. Embora claramente não seja de origem humana, seus alvos pretendidos parecem ser humanos."
152004,Item_Name_152004,Item_Desc_152004,False,152004,True,False,True,[],2,1,0,8,34,2031,0,0,0,0,9999,0,0,0,False,1,0,10,0,0,0,0,0,0,0,0,0,0,0,0,0,0,0,0,0,0,0,0,0,0,0,0,0,0,0,0,0,0,0,0,0,0,0,0,0,0,600211,0,0,0,0,0,0,0,0,0,,0,/Game/Streaming/ArtAsset/UI/UIResource/UITexture/Common_Icon/Icon_Collection/icon_collection_InfraredGoggles.icon_collection_InfraredGoggles,,0,True,False,False,False,0,Óculos Infravermelhos,Um par de óculos projetados para ver na escuridão total. Foram eles criados para combater criaturas noturnas ou talvez para descobrir algo enterrado sob a terra?
152005,Item_Name_152005,Item_Desc_152005,False,152005,True,False,True,[],2,1,0,8,34,2031,0,0,0,0,9999,0,0,0,False,1,0,10,0,0,0,0,0,0,0,0,0,0,0,0,0,0,0,0,0,0,0,0,0,0,0,0,0,0,0,0,0,0,0,0,0,0,0,0,0,0,600211,0,0,0,0,0,0,0,0,0,,0,/Game/Streaming/ArtAsset/UI/UIResource/UITexture/Common_Icon/Icon_Collection/icon_collection_ExplorersHat.icon_collection_ExplorersHat,,0,True,False,False,False,0,Chapéu de Batedor,Um chapéu supostamente popular durante a migração inicial para Novus. Há algo estranhamente familiar sobre ele.
152006,Item_Name_152006,Item_Desc_152006,False,152006,True,False,True,[],2,1,0,8,34,2031,0,0,0,0,9999,0,0,0,False,1,0,10,0,0,0,0,0,0,0,0,0,0,0,0,0,0,0,0,0,0,0,0,0,0,0,0,0,0,0,0,0,0,0,0,0,0,0,0,0,0,600211,0,0,0,0,0,0,0,0,0,,0,/Game/Streaming/ArtAsset/UI/UIResource/UITexture/Common_Icon/Icon_Collection/icon_collection_CrawlersWarFlag.icon_collection_CrawlersWarFlag,,0,True,False,False,False,0,Estandarte de Guerra Crawler,Um enorme banner adornado com tinta branca. Diz-se que o design central representa o deus da guerra dos Crawlers.
152007,Item_Name_152007,Item_Desc_152007,False,152007,True,False,True,[],2,1,0,8,34,2031,0,0,0,0,9999,0,0,0,False,1,0,10,0,0,0,0,0,0,0,0,0,0,0,0,0,0,0,0,0,0,0,0,0,0,0,0,0,0,0,0,0,0,0,0,0,0,0,0,0,0,600211,0,0,0,0,0,0,0,0,0,,0,/Game/Streaming/ArtAsset/UI/UIResource/UITexture/Common_Icon/Icon_Collection/icon_collection_PortableKeypads.icon_collection_PortableKeypads,,0,True,False,False,False,0,Teclado Portátil,Um teclado portátil utilizado pelos agentes de Inteligência de Bellato. Ele se conecta a uma variedade de dispositivos para simplificar o controle.
152008,Item_Name_152008,Item_Desc_152008,False,152008,True,False,True,[],2,1,0,8,34,2031,0,0,0,0,9999,0,0,0,False,1,0,10,0,0,0,0,0,0,0,0,0,0,0,0,0,0,0,0,0,0,0,0,0,0,0,0,0,0,0,0,0,0,0,0,0,0,0,0,0,0,700211,0,0,0,0,0,0,0,0,0,,0,/Game/Streaming/ArtAsset/UI/UIResource/UITexture/Common_Icon/Icon_Collection/icon_collection_SilverCoin.icon_collection_SilverCoin,,0,True,False,False,False,0,Moeda de Prata,Uma Moeda de Prata com o logotipo de Greenworld. Um olhar mais atento revela que é uma moeda falsificada revestida.
152009,Item_Name_152009,Item_Desc_152009,False,152009,True,False,True,[],2,1,0,8,34,2031,0,0,0,0,9999,0,0,0,False,1,0,10,0,0,0,0,0,0,0,0,0,0,0,0,0,0,0,0,0,0,0,0,0,0,0,0,0,0,0,0,0,0,0,0,0,0,0,0,0,0,700211,0,0,0,0,0,0,0,0,0,,0,/Game/Streaming/ArtAsset/UI/UIResource/UITexture/Common_Icon/Icon_Collection/icon_collection_ElectricShockDevice.icon_collection_ElectricShockDevice,,0,True,False,False,False,0,Arma de Choque,Um dispositivo de choque portátil que cabe em uma mão. Este produto Proxa é frequentemente usado para autodefesa pessoal.
152010,Item_Name_152010,Item_Desc_152010,False,152010,True,False,True,[],2,1,0,8,34,2031,0,0,0,0,9999,0,0,0,False,1,0,10,0,0,0,0,0,0,0,0,0,0,0,0,0,0,0,0,0,0,0,0,0,0,0,0,0,0,0,0,0,0,0,0,0,0,0,0,0,0,700211,0,0,0,0,0,0,0,0,0,,0,/Game/Streaming/ArtAsset/UI/UIResource/UITexture/Common_Icon/Icon_Collection/icon_collection_MedicineBot.icon_collection_MedicineBot,,0,True,False,False,False,0,Bot Médico,"Um robô de IA projetado para assistência médica básica. Embora seu tamanho pequeno restrinja sua funcionalidade, ele pode ser um salva-vidas em situações críticas."
152011,Item_Name_152011,Item_Desc_152011,False,152011,True,False,True,[],2,1,0,8,34,2031,0,0,0,0,9999,0,0,0,False,1,0,10,0,0,0,0,0,0,0,0,0,0,0,0,0,0,0,0,0,0,0,0,0,0,0,0,0,0,0,0,0,0,0,0,0,0,0,0,0,0,700211,0,0,0,0,0,0,0,0,0,,0,/Game/Streaming/ArtAsset/UI/UIResource/UITexture/Common_Icon/Icon_Collection/icon_collection_MechanicMask.icon_collection_MechanicMask,,0,True,False,False,False,0,Máscara Mecânica,"Uma máscara mecânica projetada para cobrir a maior parte do rosto, sugerindo um ambiente implacável."
152012,Item_Name_152012,Item_Desc_152012,False,152012,True,False,True,[],2,1,0,8,34,2031,0,0,0,0,9999,0,0,0,False,1,0,10,0,0,0,0,0,0,0,0,0,0,0,0,0,0,0,0,0,0,0,0,0,0,0,0,0,0,0,0,0,0,0,0,0,0,0,0,0,0,700211,0,0,0,0,0,0,0,0,0,,0,/Game/Streaming/ArtAsset/UI/UIResource/UITexture/Common_Icon/Icon_Collection/icon_collection_BrokenResearcherGoggles.icon_collection_BrokenResearcherGoggles,,0,True,False,False,False,0,Óculos de Pesquisador Danificados,Óculos semi-transparentes utilizados por pesquisadores. Eles estão equipados com tecnologia de ponta para analisar automaticamente materiais ou objetos à vista.
152013,Item_Name_152013,Item_Desc_152013,False,152013,True,False,True,[],2,1,0,8,34,2031,0,0,0,0,9999,0,0,0,False,1,0,10,0,0,0,0,0,0,0,0,0,0,0,0,0,0,0,0,0,0,0,0,0,0,0,0,0,0,0,0,0,0,0,0,0,0,0,0,0,0,800211,0,0,0,0,1101,0,0,0,0,,0,/Game/Streaming/ArtAsset/UI/UIResource/UITexture/Common_Icon/Icon_Collection/icon_collection_HologramSight.icon_collection_HologramSight,,0,True,False,False,False,0,Mira Holográfica,"Um acessório de arma usado por agentes de segurança. Ele projeta uma marca holográfica no alvo. Embora aumente significativamente a precisão, é adequado apenas para uso em curta distância."
152014,Item_Name_152014,Item_Desc_152014,False,152014,True,False,True,[],2,1,0,8,34,2031,0,0,0,0,9999,0,0,0,False,1,0,10,0,0,0,0,0,0,0,0,0,0,0,0,0,0,0,0,0,0,0,0,0,0,0,0,0,0,0,0,0,0,0,0,0,0,0,0,0,0,800211,0,0,0,0,1101,0,0,0,0,,0,/Game/Streaming/ArtAsset/UI/UIResource/UITexture/Common_Icon/Icon_Collection/icon_collection_BlackMucusBullet.icon_collection_BlackMucusBullet,,0,True,False,False,False,0,Projétil Coberto de Gosma Negra,Uma bala que parece ter perfurado um corpo. Está revestida por uma gosma negra semelhante a sangue.
152015,Item_Name_152015,Item_Desc_152015,False,152015,True,False,True,[],2,1,0,8,34,2031,0,0,0,0,9999,0,0,0,False,1,0,10,0,0,0,0,0,0,0,0,0,0,0,0,0,0,0,0,0,0,0,0,0,0,0,0,0,0,0,0,0,0,0,0,0,0,0,0,0,0,800211,0,0,0,0,1101,0,0,0,0,,0,/Game/Streaming/ArtAsset/UI/UIResource/UITexture/Common_Icon/Icon_Collection/icon_collection_SulfurSmellingOre.icon_collection_SulfurSmellingOre,,0,True,False,False,False,0,Minério Sulfúrico,Um minério vermelho ardente. Ele dispersa pequenas partículas carmesim e exala um cheiro sulfuroso quando cheirado de perto.
152016,Item_Name_152016,Item_Desc_152016,False,152016,True,False,True,[],2,1,0,8,34,2031,0,0,0,0,9999,0,0,0,False,1,0,10,0,0,0,0,0,0,0,0,0,0,0,0,0,0,0,0,0,0,0,0,0,0,0,0,0,0,0,0,0,0,0,0,0,0,0,0,0,0,800211,0,0,0,0,1101,0,0,0,0,,0,/Game/Streaming/ArtAsset/UI/UIResource/UITexture/Common_Icon/Icon_Collection/icon_collection_OveniumFragment.icon_collection_OveniumFragment,,0,True,False,False,False,0,Fragmento de Obernium,"Um minério metálico encontrado em algumas partes de Novus, parcialmente incrustado com Obernium. Pode ser útil quando acumulado em quantidades suficientes."
152017,Item_Name_152017,Item_Desc_152017,False,152017,True,False,True,[],2,1,0,8,34,2031,0,0,0,0,9999,0,0,0,False,1,0,10,0,0,0,0,0,0,0,0,0,0,0,0,0,0,0,0,0,0,0,0,0,0,0,0,0,0,0,0,0,0,0,0,0,0,0,0,0,0,800211,0,0,0,0,1101,0,0,0,0,,0,/Game/Streaming/ArtAsset/UI/UIResource/UITexture/Common_Icon/Icon_Collection/icon_collection_SecurityRoomKeypad.icon_collection_SecurityRoomKeypad,,0,True,False,False,False,0,Teclado da Sala de Segurança,"Um teclado de segurança com autenticação biométrica, geralmente encontrado em salas de segurança de grau 3 ou superior. Ele foi arrancado."
152018,Item_Name_152018,Item_Desc_152018,False,152018,True,False,True,[],2,1,0,8,34,2031,0,0,0,0,9999,0,0,0,False,1,0,10,0,0,0,0,0,0,0,0,0,0,0,0,0,0,0,0,0,0,0,0,0,0,0,0,0,0,0,0,0,0,0,0,0,0,0,0,0,0,900211,0,0,0,0,1101,0,0,0,0,,0,/Game/Streaming/ArtAsset/UI/UIResource/UITexture/Common_Icon/Icon_Collection/icon_collection_OpaqueDicemNephrite.icon_collection_OpaqueDicemNephrite,,0,True,False,False,False,0,Pedra Divina Decem Desbotada,Uma Pedra Divina Decem decorada com couro e metal no cabo. Ela é frequentemente carregada por sacerdotes Cora como um amuleto de proteção.
152019,Item_Name_152019,Item_Desc_152019,False,152019,True,False,True,[],2,1,0,8,34,2031,0,0,0,0,9999,0,0,0,False,1,0,10,0,0,0,0,0,0,0,0,0,0,0,0,0,0,0,0,0,0,0,0,0,0,0,0,0,0,0,0,0,0,0,0,0,0,0,0,0,0,900211,0,0,0,0,1101,0,0,0,0,,0,/Game/Streaming/ArtAsset/UI/UIResource/UITexture/Common_Icon/Icon_Collection/icon_collection_DamagedCeremonialGloves.icon_collection_DamagedCeremonialGloves,,0,True,False,False,False,0,Luvas Cerimoniais Danificadas,Luvas usadas por sacerdotes de alto escalão em rituais de Decemismo. As seções dos dedos parecem intencionalmente rasgadas.
152020,Item_Name_152020,Item_Desc_152020,False,152020,True,False,True,[],2,1,0,8,34,2031,0,0,0,0,9999,0,0,0,False,1,0,10,0,0,0,0,0,0,0,0,0,0,0,0,0,0,0,0,0,0,0,0,0,0,0,0,0,0,0,0,0,0,0,0,0,0,0,0,0,0,900211,0,0,0,0,1101,0,0,0,0,,0,/Game/Streaming/ArtAsset/UI/UIResource/UITexture/Common_Icon/Icon_Collection/icon_collection_ShinyForceMedal.icon_collection_ShinyForceMedal,,0,True,False,False,False,0,Medalha da Força Brilhante,Uma medalha em miniatura com um mecanismo brilhante. É concedida às crianças após um ritual de Decemismo. Ainda está brilhando.
152021,Item_Name_152021,Item_Desc_152021,False,152021,True,False,True,[],2,1,0,8,34,2031,0,0,0,0,9999,0,0,0,False,1,0,10,0,0,0,0,0,0,0,0,0,0,0,0,0,0,0,0,0,0,0,0,0,0,0,0,0,0,0,0,0,0,0,0,0,0,0,0,0,0,900211,0,0,0,0,1101,0,0,0,0,,0,/Game/Streaming/ArtAsset/UI/UIResource/UITexture/Common_Icon/Icon_Collection/icon_collection_BlueBug.icon_collection_BlueBug,,0,True,False,False,False,0,Inseto Azul,Um inseto de casca azul. A casca pode ser moída em pó e processada em medicamento que induz sonhos desejados.
152022,Item_Name_152022,Item_Desc_152022,False,152022,True,False,True,[],2,1,0,8,34,2031,0,0,0,0,9999,0,0,0,False,1,0,10,0,0,0,0,0,0,0,0,0,0,0,0,0,0,0,0,0,0,0,0,0,0,0,0,0,0,0,0,0,0,0,0,0,0,0,0,0,0,900211,0,0,0,0,1101,0,0,0,0,,0,/Game/Streaming/ArtAsset/UI/UIResource/UITexture/Common_Icon/Icon_Collection/icon_collection_DecoratedFan.icon_collection_DecoratedFan,,0,True,False,False,False,0,Leque Ornamentado,"Um leque de metal ricamente adornado, tradicionalmente pertencente a proeminentes altos sacerdotes. Quem poderia ter deixado cair um item tão caro?"
152023,Item_Name_152023,Item_Desc_152023,False,152023,True,False,True,[],2,1,0,8,34,2031,0,0,0,0,9999,0,0,0,False,1,0,10,0,0,0,0,0,0,0,0,0,0,0,0,0,0,0,0,0,0,0,0,0,0,0,0,0,0,0,0,0,0,0,0,0,0,0,0,0,0,1000211,0,0,0,0,1102,0,0,0,0,,0,/Game/Streaming/ArtAsset/UI/UIResource/UITexture/Common_Icon/Icon_Collection/icon_collection_BlackMetalMasks.icon_collection_BlackMetalMasks,,0,True,False,False,False,0,Máscara de Metal Negro,Uma máscara de metal usada por sacerdotes renegados. Usá-la os marca como Sacerdotes das Trevas.
152024,Item_Name_152024,Item_Desc_152024,False,152024,True,False,True,[],2,1,0,8,34,2031,0,0,0,0,9999,0,0,0,False,1,0,10,0,0,0,0,0,0,0,0,0,0,0,0,0,0,0,0,0,0,0,0,0,0,0,0,0,0,0,0,0,0,0,0,0,0,0,0,0,0,1000211,0,0,0,0,1102,0,0,0,0,,0,/Game/Streaming/ArtAsset/UI/UIResource/UITexture/Common_Icon/Icon_Collection/icon_collection_CeremonialCloaks.icon_collection_CeremonialCloaks,,0,True,False,False,False,0,Capa Cerimonial,Uma capa usada por sacerdotes que realizam rituais de Decem.
152025,Item_Name_152025,Item_Desc_152025,False,152025,True,False,True,[],2,1,0,8,34,2031,0,0,0,0,9999,0,0,0,False,1,0,10,0,0,0,0,0,0,0,0,0,0,0,0,0,0,0,0,0,0,0,0,0,0,0,0,0,0,0,0,0,0,0,0,0,0,0,0,0,0,1000211,0,0,0,0,1102,0,0,0,0,,0,/Game/Streaming/ArtAsset/UI/UIResource/UITexture/Common_Icon/Icon_Collection/icon_collection_AntiquitiesExpeditionMark.icon_collection_AntiquitiesExpeditionMark,,0,True,False,False,False,0,Marca do Prospector de Relíquias,Marcas deixadas pelo Prospector de Relíquias do Caminho Sagrado enquanto vasculhavam a terra. A maioria delas é da era inicial de assentamento de Novus.
152026,Item_Name_152026,Item_Desc_152026,False,152026,True,False,True,[],2,1,0,8,34,2031,0,0,0,0,9999,0,0,0,False,1,0,10,0,0,0,0,0,0,0,0,0,0,0,0,0,0,0,0,0,0,0,0,0,0,0,0,0,0,0,0,0,0,0,0,0,0,0,0,0,0,1000211,0,0,0,0,1102,0,0,0,0,,0,/Game/Streaming/ArtAsset/UI/UIResource/UITexture/Common_Icon/Icon_Collection/icon_collection_RedProofStone.icon_collection_RedProofStone,,0,True,False,False,False,0,Pedra de Prova Vermelha,"Um cubo vermelho brilhante, servindo como prova de fé."
152027,Item_Name_152027,Item_Desc_152027,False,152027,True,False,True,[],2,1,0,8,34,2031,0,0,0,0,9999,0,0,0,False,1,0,10,0,0,0,0,0,0,0,0,0,0,0,0,0,0,0,0,0,0,0,0,0,0,0,0,0,0,0,0,0,0,0,0,0,0,0,0,0,0,1000211,0,0,0,0,1102,0,0,0,0,,0,/Game/Streaming/ArtAsset/UI/UIResource/UITexture/Common_Icon/Icon_Collection/icon_collection_OldCoraScriptures.icon_collection_OldCoraScriptures,,0,True,False,False,False,0,Escritura de Cora Antiga,"Escrituras inscritas em placas de metal, desenterradas das Ruínas Arcanas pelos primeiros Coran. Cada peça pode ser aberta e examinada individualmente."
152028,Item_Name_152028,Item_Desc_152028,False,152028,True,False,True,[],2,1,0,8,34,2031,0,0,0,0,9999,0,0,0,False,1,0,10,0,0,0,0,0,0,0,0,0,0,0,0,0,0,0,0,0,0,0,0,0,0,0,0,0,0,0,0,0,0,0,0,0,0,0,0,0,0,1000211,0,0,0,0,1102,0,0,0,0,,0,/Game/Streaming/ArtAsset/UI/UIResource/UITexture/Common_Icon/Icon_Collection/icon_collection_CrimsonBug.icon_collection_CrimsonBug,,0,True,False,False,False,0,Inseto Carmesim,Um inseto com uma carapaça vermelha peculiar. A carapaça pode ser moída em pó e processada em corantes especiais.
152029,Item_Name_152029,Item_Desc_152029,False,152029,True,False,True,[],2,1,0,8,34,2031,0,0,0,0,9999,0,0,0,False,1,0,10,0,0,0,0,0,0,0,0,0,0,0,0,0,0,0,0,0,0,0,0,0,0,0,0,0,0,0,0,0,0,0,0,0,0,0,0,0,0,1100211,0,0,0,0,1102,0,0,0,0,,0,/Game/Streaming/ArtAsset/UI/UIResource/UITexture/Common_Icon/Icon_Collection/icon_collection_Lighter.icon_collection_Lighter,,0,True,False,False,False,0,Isqueiro,"Uma réplica inspirada nos isqueiros da antiga Terra. Esta imitação chamativa, mas grosseira, provavelmente foi criada para lucrar com vendas de falsificações."
152030,Item_Name_152030,Item_Desc_152030,False,152030,True,False,True,[],2,1,0,8,34,2031,0,0,0,0,9999,0,0,0,False,1,0,10,0,0,0,0,0,0,0,0,0,0,0,0,0,0,0,0,0,0,0,0,0,0,0,0,0,0,0,0,0,0,0,0,0,0,0,0,0,0,1100211,0,0,0,0,1102,0,0,0,0,,0,/Game/Streaming/ArtAsset/UI/UIResource/UITexture/Common_Icon/Icon_Collection/icon_collection_ParticleSprayingDevice.icon_collection_ParticleSprayingDevice,,0,True,False,False,False,0,Difusor de Partículas,Um dispositivo usado para liberar partículas que difundem lasers antes de uma manobra de assalto. Este modelo de primeira geração desatualizado não está mais operacional.
152031,Item_Name_152031,Item_Desc_152031,False,152031,True,False,True,[],2,1,0,8,34,2031,0,0,0,0,9999,0,0,0,False,1,0,10,0,0,0,0,0,0,0,0,0,0,0,0,0,0,0,0,0,0,0,0,0,0,0,0,0,0,0,0,0,0,0,0,0,0,0,0,0,0,1100211,0,0,0,0,1102,0,0,0,0,,0,/Game/Streaming/ArtAsset/UI/UIResource/UITexture/Common_Icon/Icon_Collection/icon_collection_TickettoTheColosseum.icon_collection_TickettoTheColosseum,,0,True,False,False,False,0,Bilhete de Entrada da Arena,Os torneios de duelo na arena de Akvaran são o esporte favorito do povo de Accretia e um caminho certo para subir na escala social.
152032,Item_Name_152032,Item_Desc_152032,False,152032,True,False,True,[],2,1,0,8,34,2031,0,0,0,0,9999,0,0,0,False,1,0,10,0,0,0,0,0,0,0,0,0,0,0,0,0,0,0,0,0,0,0,0,0,0,0,0,0,0,0,0,0,0,0,0,0,0,0,0,0,0,1100211,0,0,0,0,1102,0,0,0,0,,0,/Game/Streaming/ArtAsset/UI/UIResource/UITexture/Common_Icon/Icon_Collection/icon_collection_FightingKnuckles.icon_collection_FightingKnuckles,,0,True,False,False,False,0,Manoplas de Combate,Um par de luvas de couro reforçadas com tachas de metal. Elas eram usadas em torneios de duelo entre as classes mais baixas sem qualquer aumento mecânico.
152033,Item_Name_152033,Item_Desc_152033,False,152033,True,False,True,[],2,1,0,8,34,2031,0,0,0,0,9999,0,0,0,False,1,0,10,0,0,0,0,0,0,0,0,0,0,0,0,0,0,0,0,0,0,0,0,0,0,0,0,0,0,0,0,0,0,0,0,0,0,0,0,0,0,1100211,0,0,0,0,1102,0,0,0,0,,0,/Game/Streaming/ArtAsset/UI/UIResource/UITexture/Common_Icon/Icon_Collection/icon_collection_HologramFormationApparatus.icon_collection_HologramFormationApparatus,,0,True,False,False,False,0,Gerador de Holograma,Um gerador de holograma compacto. Ele pode ser conectado a dispositivos de comunicação para videochamadas ou projeções táticas.
152034,Item_Name_152034,Item_Desc_152034,False,152034,True,False,True,[],2,1,0,8,34,2031,0,0,0,0,9999,0,0,0,False,1,0,10,0,0,0,0,0,0,0,0,0,0,0,0,0,0,0,0,0,0,0,0,0,0,0,0,0,0,0,0,0,0,0,0,0,0,0,0,0,0,1200211,0,0,0,0,1103,0,0,0,0,,0,/Game/Streaming/ArtAsset/UI/UIResource/UITexture/Common_Icon/Icon_Collection/icon_collection_ChampionBelt.icon_collection_ChampionBelt,,0,True,False,False,False,0,Cinturão de Campeão,"Uma réplica em escala reduzida do Cinturão de Campeão do torneio de duelos de Akvaran, oficialmente patrocinada e adornada com revestimento de ouro."
152035,Item_Name_152035,Item_Desc_152035,False,152035,True,False,True,[],2,1,0,8,34,2031,0,0,0,0,9999,0,0,0,False,1,0,10,0,0,0,0,0,0,0,0,0,0,0,0,0,0,0,0,0,0,0,0,0,0,0,0,0,0,0,0,0,0,0,0,0,0,0,0,0,0,1200211,0,0,0,0,1103,0,0,0,0,,0,/Game/Streaming/ArtAsset/UI/UIResource/UITexture/Common_Icon/Icon_Collection/icon_collection_SpinningTrophy.icon_collection_SpinningTrophy,,0,True,False,False,False,0,Troféu Giratório,Um troféu de metal brilhante que gira lentamente e toca a BGM do torneio quando ligado.
152036,Item_Name_152036,Item_Desc_152036,False,152036,True,False,True,[],2,1,0,8,34,2031,0,0,0,0,9999,0,0,0,False,1,0,10,0,0,0,0,0,0,0,0,0,0,0,0,0,0,0,0,0,0,0,0,0,0,0,0,0,0,0,0,0,0,0,0,0,0,0,0,0,0,1200211,0,0,0,0,1103,0,0,0,0,,0,/Game/Streaming/ArtAsset/UI/UIResource/UITexture/Common_Icon/Icon_Collection/icon_collection_PassiveMineralDetector.icon_collection_PassiveMineralDetector,,0,True,False,False,False,0,Detector Mineral Manual,Um detector de minerais inspirado nas varas de radiestesia manuais usadas na Terra há muito tempo. Sua eficácia é questionável.
152037,Item_Name_152037,Item_Desc_152037,False,152037,True,False,True,[],2,1,0,8,34,2031,0,0,0,0,9999,0,0,0,False,1,0,10,0,0,0,0,0,0,0,0,0,0,0,0,0,0,0,0,0,0,0,0,0,0,0,0,0,0,0,0,0,0,0,0,0,0,0,0,0,0,1200211,0,0,0,0,1103,0,0,0,0,,0,/Game/Streaming/ArtAsset/UI/UIResource/UITexture/Common_Icon/Icon_Collection/icon_collection_MechanicFullHelmet.icon_collection_MechanicFullHelmet,,0,True,False,False,False,0,Capacete Mecânico Integral,"Um capacete que oferece proteção completa para a cabeça, adaptado para missões especiais como manobras de mergulho íngreme."
152038,Item_Name_152038,Item_Desc_152038,False,152038,True,False,True,[],2,1,0,8,34,2031,0,0,0,0,9999,0,0,0,False,1,0,10,0,0,0,0,0,0,0,0,0,0,0,0,0,0,0,0,0,0,0,0,0,0,0,0,0,0,0,0,0,0,0,0,0,0,0,0,0,0,1300211,0,0,0,0,1103,0,0,0,0,,0,/Game/Streaming/ArtAsset/UI/UIResource/UITexture/Common_Icon/Icon_Collection/icon_collection_ElectronicCigaretteCase.icon_collection_ElectronicCigaretteCase,,0,True,False,False,False,0,Estojo de Cigarro Eletrônico,"Um estojo de cigarro com uma bateria recarregável embutida, reminiscente da antiga Terra. Álcool e cigarros continuam sendo indulgências populares mesmo em Novus."
152039,Item_Name_152039,Item_Desc_152039,False,152039,True,False,True,[],2,1,0,8,34,2031,0,0,0,0,9999,0,0,0,False,1,0,10,0,0,0,0,0,0,0,0,0,0,0,0,0,0,0,0,0,0,0,0,0,0,0,0,0,0,0,0,0,0,0,0,0,0,0,0,0,0,1300211,0,0,0,0,1103,0,0,0,0,,0,/Game/Streaming/ArtAsset/UI/UIResource/UITexture/Common_Icon/Icon_Collection/icon_collection_DigitalKeyCard.icon_collection_DigitalKeyCard,,0,True,False,False,False,0,Chave Digital,Uma chave de acesso digital para a Base Horizon nos arredores de Accretia. O componente de plástico é adornado com um pequeno laço.
152040,Item_Name_152040,Item_Desc_152040,False,152040,True,False,True,[],2,1,0,8,34,2031,0,0,0,0,9999,0,0,0,False,1,0,10,0,0,0,0,0,0,0,0,0,0,0,0,0,0,0,0,0,0,0,0,0,0,0,0,0,0,0,0,0,0,0,0,0,0,0,0,0,0,1300211,0,0,0,0,1103,0,0,0,0,,0,/Game/Streaming/ArtAsset/UI/UIResource/UITexture/Common_Icon/Icon_Collection/icon_collection_DogCollarwithSpikes.icon_collection_DogCollarwithSpikes,,0,True,False,False,False,0,Coleira com Espinhos,"Os Snatchers não têm cães, mas objetos como este sugerem que eles uma vez domesticaram e mantiveram algo semelhante."
152041,Item_Name_152041,Item_Desc_152041,False,152041,True,False,True,[],2,1,0,8,34,2031,0,0,0,0,9999,0,0,0,False,1,0,10,0,0,0,0,0,0,0,0,0,0,0,0,0,0,0,0,0,0,0,0,0,0,0,0,0,0,0,0,0,0,0,0,0,0,0,0,0,0,1300211,0,0,0,0,1103,0,0,0,0,,0,/Game/Streaming/ArtAsset/UI/UIResource/UITexture/Common_Icon/Icon_Collection/icon_collection_TydaniumMetalFlake.icon_collection_TydaniumMetalFlake,,0,True,False,False,False,0,Sucata de Titânio,"Algum tipo de item decorativo com minério de titânio embutido, completo com uma luz amarela na parte inferior."
152042,Item_Name_152042,Item_Desc_152042,False,152042,True,False,True,[],2,1,0,8,34,2031,0,0,0,0,9999,0,0,0,False,1,0,10,0,0,0,0,0,0,0,0,0,0,0,0,0,0,0,0,0,0,0,0,0,0,0,0,0,0,0,0,0,0,0,0,0,0,0,0,0,0,1400211,0,0,0,0,1101,0,0,0,0,,0,/Game/Streaming/ArtAsset/UI/UIResource/UITexture/Common_Icon/Icon_Collection/icon_collection_AndroidAccelerationTerminal.icon_collection_AndroidAccelerationTerminal,,0,True,False,False,False,0,Dispositivo de Aceleração Androide,"Um componente crítico para controlar funções de androides. Fabricado por Roman, ainda parece estar totalmente operacional."
152043,Item_Name_152043,Item_Desc_152043,False,152043,True,False,True,[],2,1,0,8,34,2031,0,0,0,0,9999,0,0,0,False,1,0,10,0,0,0,0,0,0,0,0,0,0,0,0,0,0,0,0,0,0,0,0,0,0,0,0,0,0,0,0,0,0,0,0,0,0,0,0,0,0,1400211,0,0,0,0,1101,0,0,0,0,,0,/Game/Streaming/ArtAsset/UI/UIResource/UITexture/Common_Icon/Icon_Collection/icon_collection_MotionDetectionApparatus.icon_collection_MotionDetectionApparatus,,0,True,False,False,False,0,Detector de Movimento,"Um dispositivo de vigilância instalado em toda a fábrica para garantir uma supervisão rigorosa dos androides, detectando até os menores movimentos."
152044,Item_Name_152044,Item_Desc_152044,False,152044,True,False,True,[],2,1,0,8,34,2031,0,0,0,0,9999,0,0,0,False,1,0,10,0,0,0,0,0,0,0,0,0,0,0,0,0,0,0,0,0,0,0,0,0,0,0,0,0,0,0,0,0,0,0,0,0,0,0,0,0,0,1400211,0,0,0,0,1101,0,0,0,0,,0,/Game/Streaming/ArtAsset/UI/UIResource/UITexture/Common_Icon/Icon_Collection/icon_collection_MedicalScanner.icon_collection_MedicalScanner,,0,True,False,False,False,0,Scanner Médico,Um dispositivo de diagnóstico projetado para avaliações físicas rápidas. Vem pré-instalado em androides médicos.
152045,Item_Name_152045,Item_Desc_152045,False,152045,True,False,True,[],2,1,0,8,34,2031,0,0,0,0,9999,0,0,0,False,1,0,10,0,0,0,0,0,0,0,0,0,0,0,0,0,0,0,0,0,0,0,0,0,0,0,0,0,0,0,0,0,0,0,0,0,0,0,0,0,0,1400211,0,0,0,0,1101,0,0,0,0,,0,/Game/Streaming/ArtAsset/UI/UIResource/UITexture/Common_Icon/Icon_Collection/icon_collection_OldFashionedPistol.icon_collection_OldFashionedPistol,,0,True,False,False,False,0,Pistola Antiga,"Uma pistola da era pré-Novus que utiliza compressão de calor para disparar seus projéteis. Embora careça de Força, ainda é confiável contra criaturas."
152046,Item_Name_152046,Item_Desc_152046,False,152046,True,False,True,[],2,1,0,8,34,2031,0,0,0,0,9999,0,0,0,False,1,0,10,0,0,0,0,0,0,0,0,0,0,0,0,0,0,0,0,0,0,0,0,0,0,0,0,0,0,0,0,0,0,0,0,0,0,0,0,0,0,1500211,0,0,0,0,1101,0,0,0,0,,0,/Game/Streaming/ArtAsset/UI/UIResource/UITexture/Common_Icon/Icon_Collection/icon_collection_ContrabandList.icon_collection_ContrabandList,,0,True,False,False,False,0,Registro de Contrabando,Um inventário de suprimentos militares variados. Sua presença em um livro secreto sugere uma tentativa de operação de contrabando encoberta.
152047,Item_Name_152047,Item_Desc_152047,False,152047,True,False,True,[],2,1,0,8,34,2031,0,0,0,0,9999,0,0,0,False,1,0,10,0,0,0,0,0,0,0,0,0,0,0,0,0,0,0,0,0,0,0,0,0,0,0,0,0,0,0,0,0,0,0,0,0,0,0,0,0,0,1500211,0,0,0,0,1102,0,0,0,0,,0,/Game/Streaming/ArtAsset/UI/UIResource/UITexture/Common_Icon/Icon_Collection/icon_collection_AssassinationMarkList.icon_collection_AssassinationMarkList,,0,True,False,False,False,0,Lista de Alvos de Assassinato,"Um dispositivo digital contendo os nomes de várias pessoas, até mesmo figuras proeminentes nos escalões superiores de Accretia. Os “X” marcados abaixo de alguns deles podem indicar eliminação."
152048,Item_Name_152048,Item_Desc_152048,False,152048,True,False,True,[],2,1,0,8,34,2031,0,0,0,0,9999,0,0,0,False,1,0,10,0,0,0,0,0,0,0,0,0,0,0,0,0,0,0,0,0,0,0,0,0,0,0,0,0,0,0,0,0,0,0,0,0,0,0,0,0,0,1500211,0,0,0,0,1103,0,0,0,0,,0,/Game/Streaming/ArtAsset/UI/UIResource/UITexture/Common_Icon/Icon_Collection/icon_collection_FortunetellerTicket.icon_collection_FortunetellerTicket,,0,True,False,False,False,0,Bilhete de Vidente,Deve ter pertencido a alguém profundamente envolvido em astrologia. Este bilhete requer uma viagem aos becos ocultos do Mercado Negro de Bellato.
152049,Item_Name_152049,Item_Desc_152049,False,152049,True,False,True,[],2,1,0,8,34,2031,0,0,0,0,9999,0,0,0,False,1,0,10,0,0,0,0,0,0,0,0,0,0,0,0,0,0,0,0,0,0,0,0,0,0,0,0,0,0,0,0,0,0,0,0,0,0,0,0,0,0,1600211,0,0,0,0,1101,0,0,0,0,,0,/Game/Streaming/ArtAsset/UI/UIResource/UITexture/Common_Icon/Icon_Collection/icon_collection_MiningGun.icon_collection_MiningGun,,0,True,False,False,False,0,Arma de Mineração,Uma ferramenta utilizada por mineradores para expansão de túneis. Ela libera eficientemente plasma de alta temperatura e água.
152050,Item_Name_152050,Item_Desc_152050,False,152050,True,False,True,[],2,1,0,8,34,2031,0,0,0,0,9999,0,0,0,False,1,0,10,0,0,0,0,0,0,0,0,0,0,0,0,0,0,0,0,0,0,0,0,0,0,0,0,0,0,0,0,0,0,0,0,0,0,0,0,0,0,1600211,0,0,0,0,1102,0,0,0,0,,0,/Game/Streaming/ArtAsset/UI/UIResource/UITexture/Common_Icon/Icon_Collection/icon_collection_UnexplodedMineBomb.icon_collection_UnexplodedMineBomb,,0,True,False,False,False,0,Explosivo de Mineração com Falha,"Uma carga não detonada, destinada à expansão de túneis de mineração. Embora seja antiga, ainda é volátil e deve ser manuseada com cuidado."
152051,Item_Name_152051,Item_Desc_152051,False,152051,True,False,True,[],2,1,0,8,34,2031,0,0,0,0,9999,0,0,0,False,1,0,10,0,0,0,0,0,0,0,0,0,0,0,0,0,0,0,0,0,0,0,0,0,0,0,0,0,0,0,0,0,0,0,0,0,0,0,0,0,0,1600211,0,0,0,0,1103,0,0,0,0,,0,/Game/Streaming/ArtAsset/UI/UIResource/UITexture/Common_Icon/Icon_Collection/icon_collection_TsavoriteDagger.icon_collection_TsavoriteDagger,,0,True,False,False,False,0,Adaga Tsavorita,"Uma adaga Tsavorita verde luminosa emparelhada com um cabo de metal, lindamente adornada com entalhes requintados."
152052,Item_Name_152052,Item_Desc_152052,False,152052,True,False,True,[],2,1,0,8,34,2031,0,0,0,0,9999,0,0,0,False,1,0,10,0,0,0,0,0,0,0,0,0,0,0,0,0,0,0,0,0,0,0,0,0,0,0,0,0,0,0,0,0,0,0,0,0,0,0,0,0,0,1700211,0,0,0,0,1101,0,0,0,0,,0,/Game/Streaming/ArtAsset/UI/UIResource/UITexture/Common_Icon/Icon_Collection/icon_collection_Miniaturehector.icon_collection_Miniaturehector,,0,True,False,False,False,0,Miniatura Hector,"Um brinquedo em miniatura de Hector, o Lançador imperial. É comumente vendido como um souvenir. Parece ter sido comprado como um presente para alguém."
152053,Item_Name_152053,Item_Desc_152053,False,152053,True,False,True,[],2,1,0,8,34,2031,0,0,0,0,9999,0,0,0,False,1,0,10,0,0,0,0,0,0,0,0,0,0,0,0,0,0,0,0,0,0,0,0,0,0,0,0,0,0,0,0,0,0,0,0,0,0,0,0,0,0,1700211,0,0,0,0,1101,0,0,0,0,,0,/Game/Streaming/ArtAsset/UI/UIResource/UITexture/Common_Icon/Icon_Collection/icon_collection_Stingerfigure.icon_collection_Stingerfigure,,0,True,False,False,False,0,Estatueta Stinger,"Uma figura de ação do Stinger, o MAU Bellateano, ostentando articulação impressionante. Figuras de ação dos MAUs Bellateanos são adoradas como presentes para crianças e apreciadas por colecionadores adultos."
152054,Item_Name_152054,Item_Desc_152054,False,152054,True,False,True,[],2,1,0,8,34,2031,0,0,0,0,9999,0,0,0,False,1,0,10,0,0,0,0,0,0,0,0,0,0,0,0,0,0,0,0,0,0,0,0,0,0,0,0,0,0,0,0,0,0,0,0,0,0,0,0,0,0,1700211,0,0,0,0,1101,0,0,0,0,,0,/Game/Streaming/ArtAsset/UI/UIResource/UITexture/Common_Icon/Icon_Collection/icon_collection_Animusdoll.icon_collection_Animusdoll,,0,True,False,False,False,0,Pelúcia de Animus,"Um brinquedo de pelúcia do Animus. Parece ser feito à mão. Um nome está rabiscado na parte de trás, mas desbotou além do reconhecimento."
152055,Item_Name_152055,Item_Desc_152055,False,152055,True,False,True,[],2,1,0,8,34,2031,0,0,0,0,9999,0,0,0,False,1,0,10,0,0,0,0,0,0,0,0,0,0,0,0,0,0,0,0,0,0,0,0,0,0,0,0,0,0,0,0,0,0,0,0,0,0,0,0,0,0,1700211,0,0,0,0,1102,0,0,0,0,,0,/Game/Streaming/ArtAsset/UI/UIResource/UITexture/Common_Icon/Icon_Collection/icon_collection_Siegekitpiece.icon_collection_Siegekitpiece,,0,True,False,False,False,0,Fragmento de Kit de Cerco,Um fragmento de um kit de cerco usado na Grande Guerra. As unidades de Lançador de cerco Accretiano ganharam status lendário por seus feitos extraordinários durante a Grande Guerra.
152056,Item_Name_152056,Item_Desc_152056,False,152056,True,False,True,[],2,1,0,8,34,2031,0,0,0,0,9999,0,0,0,False,1,0,10,0,0,0,0,0,0,0,0,0,0,0,0,0,0,0,0,0,0,0,0,0,0,0,0,0,0,0,0,0,0,0,0,0,0,0,0,0,0,1700211,0,0,0,0,1102,0,0,0,0,,0,/Game/Streaming/ArtAsset/UI/UIResource/UITexture/Common_Icon/Icon_Collection/icon_collection_Brokenswordfragment.icon_collection_Brokenswordfragment,,0,True,False,False,False,0,Fragmento de Espada Quebrada,Um fragmento de uma espada que alguém obteve como lembrança. A espada parece ter se originado de Cora e aparenta ter sido colada a algo como parte de uma coleção.
152057,Item_Name_152057,Item_Desc_152057,False,152057,True,False,True,[],2,1,0,8,34,2031,0,0,0,0,9999,0,0,0,False,1,0,10,0,0,0,0,0,0,0,0,0,0,0,0,0,0,0,0,0,0,0,0,0,0,0,0,0,0,0,0,0,0,0,0,0,0,0,0,0,0,1700211,0,0,0,0,1102,0,0,0,0,,0,/Game/Streaming/ArtAsset/UI/UIResource/UITexture/Common_Icon/Icon_Collection/icon_collection_Sealofthekalianatribe.icon_collection_Sealofthekalianatribe,,0,True,False,False,False,0,Emblema da Tribo Calliana,"Um acessório emblema dos Callianas, que viveram em Ether no passado. Ele comprova a experiência de combate em Ether devido à alta altitude da Plataforma Crag."
152058,Item_Name_152058,Item_Desc_152058,False,152058,True,False,True,[],2,1,0,8,34,2031,0,0,0,0,9999,0,0,0,False,1,0,10,0,0,0,0,0,0,0,0,0,0,0,0,0,0,0,0,0,0,0,0,0,0,0,0,0,0,0,0,0,0,0,0,0,0,0,0,0,0,1810033,0,0,0,0,1104,0,0,0,0,,0,/Game/Streaming/ArtAsset/UI/UIResource/UITexture/Common_Icon/Icon_Collection/icon_collection_BlueBugFrost.icon_collection_BlueBugFrost,,0,True,False,False,False,0,Inseto de Gelo,Um tipo de besouro encontrado apenas na Floresta de Inewt. Os colecionadores gostam dele por causa da distinta cor azul e da notável resistência ao frio.
152059,Item_Name_152059,Item_Desc_152059,False,152059,True,False,True,[],2,1,0,8,34,2031,0,0,0,0,9999,0,0,0,False,1,0,10,0,0,0,0,0,0,0,0,0,0,0,0,0,0,0,0,0,0,0,0,0,0,0,0,0,0,0,0,0,0,0,0,0,0,0,0,0,0,1810033,0,0,0,0,1104,0,0,0,0,,0,/Game/Streaming/ArtAsset/UI/UIResource/UITexture/Common_Icon/Icon_Collection/icon_collection_AnimusResearchRecordCanceled.icon_collection_AnimusResearchRecordCanceled,,0,True,False,False,False,0,Registro de Pesquisa de Animus Descartado,Um dispositivo de gravação quebrado. A imagem residual persistente na tela sugere que os registros são sobre Animus.
152060,Item_Name_152060,Item_Desc_152060,False,152060,True,False,True,[],2,1,0,8,34,2031,0,0,0,0,9999,0,0,0,False,1,0,10,0,0,0,0,0,0,0,0,0,0,0,0,0,0,0,0,0,0,0,0,0,0,0,0,0,0,0,0,0,0,0,0,0,0,0,0,0,0,1810033,0,0,0,0,1104,0,0,0,0,,0,/Game/Streaming/ArtAsset/UI/UIResource/UITexture/Common_Icon/Icon_Collection/icon_collection_OldFashionedPistolOfficer.icon_collection_OldFashionedPistolOfficer,,0,True,False,False,False,0,Revólver do Carcereiro,"Uma pistola para carcereiros da Zona de Quarentena Pumus. Embora use apenas munições não letais para supressão, ela é construída com um calibre muito grande para incapacitar alvos como ciborgues."
152061,Item_Name_152061,Item_Desc_152061,False,152061,True,False,True,[],2,1,0,8,34,2031,0,0,0,0,9999,0,0,0,False,1,0,10,0,0,0,0,0,0,0,0,0,0,0,0,0,0,0,0,0,0,0,0,0,0,0,0,0,0,0,0,0,0,0,0,0,0,0,0,0,0,1810033,0,0,0,0,1104,0,0,0,0,,0,/Game/Streaming/ArtAsset/UI/UIResource/UITexture/Common_Icon/Icon_Collection/icon_collection_PrincessornamentsKariana.icon_collection_PrincessornamentsKariana,,0,True,False,False,False,0,Ornamento de Pena Calliana,"Um ornamento tradicional dos Callianas. O número de penas indica a posição de quem o usa. Dado o pequeno número de penas, é provável que tenha pertencido a alguém de baixa patente. Peças de artesanato Calliana são altamente valiosas no Mercado."
152062,Item_Name_152062,Item_Desc_152062,False,152062,True,False,True,[],2,1,0,8,34,2031,0,0,0,0,9999,0,0,0,False,1,0,10,0,0,0,0,0,0,0,0,0,0,0,0,0,0,0,0,0,0,0,0,0,0,0,0,0,0,0,0,0,0,0,0,0,0,0,0,0,0,1810033,0,0,0,0,1104,0,0,0,0,,0,/Game/Streaming/ArtAsset/UI/UIResource/UITexture/Common_Icon/Icon_Collection/icon_collection_lipidanalysisdatapad.icon_collection_lipidanalysisdatapad,,0,True,False,False,False,0,Tablet Dados de Geo-Varredura,"Um bloco de dados com as informações geológicas do Campo de Mineração Nable para supervisores de mina. Os dados são bastante antigos, e muitas das áreas referenciadas já foram mineradas."
152063,Item_Name_152063,Item_Desc_152063,False,152063,True,False,True,[],2,1,0,8,34,2031,0,0,0,0,9999,0,0,0,False,1,0,10,0,0,0,0,0,0,0,0,0,0,0,0,0,0,0,0,0,0,0,0,0,0,0,0,0,0,0,0,0,0,0,0,0,0,0,0,0,0,1810037,0,0,0,0,1103,0,0,0,0,,0,/Game/Streaming/ArtAsset/UI/UIResource/UITexture/Common_Icon/Icon_Collection/icon_collection_CrystalshardCurrupted.icon_collection_CrystalshardCurrupted,,0,True,False,False,False,0,Fragmento de Cristal Corrompido,"Um fragmento de cristal contaminado. Em vez do poder da Força, está cheio de energia corrompida."
152064,Item_Name_152064,Item_Desc_152064,False,152064,True,False,True,[],2,1,0,8,34,2031,0,0,0,0,9999,0,0,0,False,1,0,10,0,0,0,0,0,0,0,0,0,0,0,0,0,0,0,0,0,0,0,0,0,0,0,0,0,0,0,0,0,0,0,0,0,0,0,0,0,0,1810037,0,0,0,0,1103,0,0,0,0,,0,/Game/Streaming/ArtAsset/UI/UIResource/UITexture/Common_Icon/Icon_Collection/icon_collection_SiegekitpieceLauncher.icon_collection_SiegekitpieceLauncher,,0,True,False,False,False,0,Bloco de Notas do Repórter,"Um componente de um kit de cerco Imperial, amplamente utilizado durante a Grande Guerra. A pintura completamente removida sugere que foi destruído em uma batalha feroz. Embora os kits de cerco Imperial oferecessem um poder de fogo devastador, eles custaram inúmeras vidas."
152065,Item_Name_152065,Item_Desc_152065,False,152065,True,False,True,[],2,1,0,8,34,2031,0,0,0,0,9999,0,0,0,False,1,0,10,0,0,0,0,0,0,0,0,0,0,0,0,0,0,0,0,0,0,0,0,0,0,0,0,0,0,0,0,0,0,0,0,0,0,0,0,0,0,1810045,0,0,0,0,1104,0,0,0,0,,0,/Game/Streaming/ArtAsset/UI/UIResource/UITexture/Common_Icon/Icon_Collection/icon_collection_PieceofArmorplate.icon_collection_PieceofArmorplate,,0,True,False,False,False,0,Fragmento de Blindagem,"Um fragmento de blindagem de um veículo ou estrutura enorme. Seu tamanho impressionante sugere que veio de algo tão grande quanto um MAU, um tanque, ou foi mantido em reserva para manutenção."
152066,Item_Name_152066,Item_Desc_152066,False,152066,True,False,True,[],2,1,0,8,34,2031,0,0,0,0,9999,0,0,0,False,1,0,10,0,0,0,0,0,0,0,0,0,0,0,0,0,0,0,0,0,0,0,0,0,0,0,0,0,0,0,0,0,0,0,0,0,0,0,0,0,0,1810045,0,0,0,0,1104,0,0,0,0,,0,/Game/Streaming/ArtAsset/UI/UIResource/UITexture/Common_Icon/Icon_Collection/icon_collection_GunMaintenanceSet.icon_collection_GunMaintenanceSet,,0,True,False,False,False,0,Kit de Manutenção de Armas de Fogo,"Um kit de manutenção para armas de fogo de alto desempenho. Para qualquer soldado em batalha, nada é mais vital do que uma arma que nunca falha. Verificações e reparos consistentes são o que mantém um soldado vivo no campo de batalha."
153000,Item_Name_153000,Item_Desc_153000,False,153000,True,False,True,[],3,1,0,8,34,2031,0,0,0,0,9999,0,0,0,False,1,0,10,0,0,0,0,0,0,0,0,0,0,0,0,0,0,0,0,0,0,0,0,0,0,0,0,0,0,0,0,0,0,0,0,0,0,0,0,0,0,500311,0,0,0,0,0,0,0,0,0,,0,/Game/Streaming/ArtAsset/UI/UIResource/UITexture/Common_Icon/Icon_Collection/icon_collection_ReportersNotebook.icon_collection_ReportersNotebook,,0,True,False,False,False,0,Bloco de Notas do Repórter,"Um caderno analógico, raramente visto nos dias de hoje, mostrando tinta borrada e anotações ásperas. Parece estar conectado a alguém investigando corrupção em uma corporação militar."
153001,Item_Name_153001,Item_Desc_153001,False,153001,True,False,True,[],3,1,0,8,34,2031,0,0,0,0,9999,0,0,0,False,1,0,10,0,0,0,0,0,0,0,0,0,0,0,0,0,0,0,0,0,0,0,0,0,0,0,0,0,0,0,0,0,0,0,0,0,0,0,0,0,0,500311,0,0,0,0,0,0,0,0,0,,0,/Game/Streaming/ArtAsset/UI/UIResource/UITexture/Common_Icon/Icon_Collection/icon_collection_MarkedSecurityCard.icon_collection_MarkedSecurityCard,,0,True,False,False,False,0,Cartão de Segurança Marcado,Um cartão de segurança que concede acesso ao Posto Avançado de Lowed. Uma marca suspeita está gravada no topo. Foi destinado a ser entregue secretamente a alguém?
153002,Item_Name_153002,Item_Desc_153002,False,153002,True,False,True,[],3,1,0,8,34,2031,0,0,0,0,9999,0,0,0,False,1,0,10,0,0,0,0,0,0,0,0,0,0,0,0,0,0,0,0,0,0,0,0,0,0,0,0,0,0,0,0,0,0,0,0,0,0,0,0,0,0,500311,0,0,0,0,0,0,0,0,0,,0,/Game/Streaming/ArtAsset/UI/UIResource/UITexture/Common_Icon/Icon_Collection/icon_collection_BlueSilverIngot.icon_collection_BlueSilverIngot,,0,True,False,False,False,0,Lingote de Prata Azul,"99% prata pura, irradiando um tom azulado. Conhecida como Prata Azul, é altamente valorizada por colecionadores."
153003,Item_Name_153003,Item_Desc_153003,False,153003,True,False,True,[],3,1,0,8,34,2031,0,0,0,0,9999,0,0,0,False,1,0,10,0,0,0,0,0,0,0,0,0,0,0,0,0,0,0,0,0,0,0,0,0,0,0,0,0,0,0,0,0,0,0,0,0,0,0,0,0,0,500311,0,0,0,0,0,0,0,0,0,,0,/Game/Streaming/ArtAsset/UI/UIResource/UITexture/Common_Icon/Icon_Collection/icon_collection_AntigravityDevices.icon_collection_AntigravityDevices,,0,True,False,False,False,0,Dispositivo Antigravidade de Drone,Um dispositivo de antigravidade que pode ser acoplado a um pequeno drone. Parece que ainda pode operar se conectado a uma fonte de energia.
153004,Item_Name_153004,Item_Desc_153004,False,153004,True,False,True,[],3,1,0,8,34,2031,0,0,0,0,9999,0,0,0,False,1,0,10,0,0,0,0,0,0,0,0,0,0,0,0,0,0,0,0,0,0,0,0,0,0,0,0,0,0,0,0,0,0,0,0,0,0,0,0,0,0,600311,0,0,0,0,0,0,0,0,0,,0,/Game/Streaming/ArtAsset/UI/UIResource/UITexture/Common_Icon/Icon_Collection/icon_collection_JazzPopstick.icon_collection_JazzPopstick,,0,True,False,False,False,0,Jazz Pop Stick,"Um pequeno bastão de plástico contendo música do passado da Terra. É jazz, de todas as coisas. Não é exatamente o gosto que você esperaria dos trabalhadores de perfuração."
153005,Item_Name_153005,Item_Desc_153005,False,153005,True,False,True,[],3,1,0,8,34,2031,0,0,0,0,9999,0,0,0,False,1,0,10,0,0,0,0,0,0,0,0,0,0,0,0,0,0,0,0,0,0,0,0,0,0,0,0,0,0,0,0,0,0,0,0,0,0,0,0,0,0,600311,0,0,0,0,0,0,0,0,0,,0,/Game/Streaming/ArtAsset/UI/UIResource/UITexture/Common_Icon/Icon_Collection/icon_collection_MechanicalFangs.icon_collection_MechanicalFangs,,0,True,False,False,False,0,Presa Mecânica,"Uma presa de carnívoro, mas feita de metal, com componentes mecânicos visivelmente dentro. Presume-se que pertença a uma criatura mecânica."
153006,Item_Name_153006,Item_Desc_153006,False,153006,True,False,True,[],3,1,0,8,34,2031,0,0,0,0,9999,0,0,0,False,1,0,10,0,0,0,0,0,0,0,0,0,0,0,0,0,0,0,0,0,0,0,0,0,0,0,0,0,0,0,0,0,0,0,0,0,0,0,0,0,0,600311,0,0,0,0,0,0,0,0,0,,0,/Game/Streaming/ArtAsset/UI/UIResource/UITexture/Common_Icon/Icon_Collection/icon_collection_CrisscrossedBullet.icon_collection_CrisscrossedBullet,,0,True,False,False,False,0,Projétil Cruzado,"A ponta da bala foi intencionalmente cortada em forma de cruz usando uma serra, aparentemente projetada para entregar um tiro letal."
153007,Item_Name_153007,Item_Desc_153007,False,153007,True,False,True,[],3,1,0,8,34,2031,0,0,0,0,9999,0,0,0,False,1,0,10,0,0,0,0,0,0,0,0,0,0,0,0,0,0,0,0,0,0,0,0,0,0,0,0,0,0,0,0,0,0,0,0,0,0,0,0,0,0,600311,0,0,0,0,0,0,0,0,0,,0,/Game/Streaming/ArtAsset/UI/UIResource/UITexture/Common_Icon/Icon_Collection/icon_collection_GoldenMedal.icon_collection_GoldenMedal,,0,True,False,False,False,0,Medalha de Ouro,Uma medalha de ouro circular gravada com o selo do governo Bellato e o número 3747 em seu verso.
153008,Item_Name_153008,Item_Desc_153008,False,153008,True,False,True,[],3,1,0,8,34,2031,0,0,0,0,9999,0,0,0,False,1,0,10,0,0,0,0,0,0,0,0,0,0,0,0,0,0,0,0,0,0,0,0,0,0,0,0,0,0,0,0,0,0,0,0,0,0,0,0,0,0,700311,0,0,0,0,0,0,0,0,0,,0,/Game/Streaming/ArtAsset/UI/UIResource/UITexture/Common_Icon/Icon_Collection/icon_collection_DataDisk.icon_collection_DataDisk,,0,True,False,False,False,0,Disco de Dados,"Um disco de dados portátil que é resistente a impactos externos. Ele suporta acesso, leitura e escrita simultâneos por vários usuários."
153009,Item_Name_153009,Item_Desc_153009,False,153009,True,False,True,[],3,1,0,8,34,2031,0,0,0,0,9999,0,0,0,False,1,0,10,0,0,0,0,0,0,0,0,0,0,0,0,0,0,0,0,0,0,0,0,0,0,0,0,0,0,0,0,0,0,0,0,0,0,0,0,0,0,700311,0,0,0,0,0,0,0,0,0,,0,/Game/Streaming/ArtAsset/UI/UIResource/UITexture/Common_Icon/Icon_Collection/icon_collection_MotorbikeKey.icon_collection_MotorbikeKey,,0,True,False,False,False,0,Chave de Motocicleta,Um veículo que usa este tipo de chave mecânica é tipicamente uma moto flutuante Idris. É provavelmente destinado como uma chave mestra de emergência para proteger contra a frequente ameaça de hacks digitais.
153010,Item_Name_153010,Item_Desc_153010,False,153010,True,False,True,[],3,1,0,8,34,2031,0,0,0,0,9999,0,0,0,False,1,0,10,0,0,0,0,0,0,0,0,0,0,0,0,0,0,0,0,0,0,0,0,0,0,0,0,0,0,0,0,0,0,0,0,0,0,0,0,0,0,700311,0,0,0,0,0,0,0,0,0,,0,/Game/Streaming/ArtAsset/UI/UIResource/UITexture/Common_Icon/Icon_Collection/icon_collection_MarkwithStars.icon_collection_MarkwithStars,,0,True,False,False,False,0,Marca Estelar,Um distintivo temporário de líder de esquadrão dado aos recrutas imperiais. O rasgo na parte de trás sugere que foi intencionalmente removido e descartado por alguém.
153011,Item_Name_153011,Item_Desc_153011,False,153011,True,False,True,[],3,1,0,8,34,2031,0,0,0,0,9999,0,0,0,False,1,0,10,0,0,0,0,0,0,0,0,0,0,0,0,0,0,0,0,0,0,0,0,0,0,0,0,0,0,0,0,0,0,0,0,0,0,0,0,0,0,700311,0,0,0,0,0,0,0,0,0,,0,/Game/Streaming/ArtAsset/UI/UIResource/UITexture/Common_Icon/Icon_Collection/icon_collection_FlamingitePiece.icon_collection_FlamingitePiece,,0,True,False,False,False,0,Pedra FlamejanteVermelha,"Uma Pedra Flamejante extraída do Vale Vulcan, irradiando uma leve luz vermelha de dentro."
153012,Item_Name_153012,Item_Desc_153012,False,153012,True,False,True,[],3,1,0,8,34,2031,0,0,0,0,9999,0,0,0,False,1,0,10,0,0,0,0,0,0,0,0,0,0,0,0,0,0,0,0,0,0,0,0,0,0,0,0,0,0,0,0,0,0,0,0,0,0,0,0,0,0,700311,0,0,0,0,0,0,0,0,0,,0,/Game/Streaming/ArtAsset/UI/UIResource/UITexture/Common_Icon/Icon_Collection/icon_collection_ContaminatedLabCoat.icon_collection_ContaminatedLabCoat,,0,True,False,False,False,0,Jaleco Contaminado,"Um material pegajoso, de um vermelho escuro semelhante ao sangue, está espalhado por toda a sua superfície. Está claro que alguém queria se livrar disso."
153013,Item_Name_153013,Item_Desc_153013,False,153013,True,False,True,[],3,1,0,8,34,2031,0,0,0,0,9999,0,0,0,False,1,0,10,0,0,0,0,0,0,0,0,0,0,0,0,0,0,0,0,0,0,0,0,0,0,0,0,0,0,0,0,0,0,0,0,0,0,0,0,0,0,800311,0,0,0,0,1201,0,0,0,0,,0,/Game/Streaming/ArtAsset/UI/UIResource/UITexture/Common_Icon/Icon_Collection/icon_collection_SpecialBullet.icon_collection_SpecialBullet,,0,True,False,False,False,0,Munição Especial,Uma substância verde brilhante pode ser vista dentro desta bala. Nada parecido foi visto em outro lugar. Quem ou o quê era o alvo pretendido?
153014,Item_Name_153014,Item_Desc_153014,False,153014,True,False,True,[],3,1,0,8,34,2031,0,0,0,0,9999,0,0,0,False,1,0,10,0,0,0,0,0,0,0,0,0,0,0,0,0,0,0,0,0,0,0,0,0,0,0,0,0,0,0,0,0,0,0,0,0,0,0,0,0,0,800311,0,0,0,0,1201,0,0,0,0,,0,/Game/Streaming/ArtAsset/UI/UIResource/UITexture/Common_Icon/Icon_Collection/icon_collection_LarvalStorageCapsule.icon_collection_LarvalStorageCapsule,,0,True,False,False,False,0,Cápsula de Larva,"Envolvida nesta cápsula transparente está o que parece ser uma larva. Surpreendentemente, ela parece ainda estar se movendo."
153015,Item_Name_153015,Item_Desc_153015,False,153015,True,False,True,[],3,1,0,8,34,2031,0,0,0,0,9999,0,0,0,False,1,0,10,0,0,0,0,0,0,0,0,0,0,0,0,0,0,0,0,0,0,0,0,0,0,0,0,0,0,0,0,0,0,0,0,0,0,0,0,0,0,800311,0,0,0,0,1201,0,0,0,0,,0,/Game/Streaming/ArtAsset/UI/UIResource/UITexture/Common_Icon/Icon_Collection/icon_collection_DamagedOxygenMask.icon_collection_DamagedOxygenMask,,0,True,False,False,False,0,Máscara de Oxigênio Danificada,Esta não é uma máscara típica usada por trabalhadores em áreas de mineração. O cartucho de filtro grosso e os dispositivos anexados são incomuns. Poderiam eles ter se deparado com vapores perigosos?
153016,Item_Name_153016,Item_Desc_153016,False,153016,True,False,True,[],3,1,0,8,34,2031,0,0,0,0,9999,0,0,0,False,1,0,10,0,0,0,0,0,0,0,0,0,0,0,0,0,0,0,0,0,0,0,0,0,0,0,0,0,0,0,0,0,0,0,0,0,0,0,0,0,0,800311,0,0,0,0,1201,0,0,0,0,,0,/Game/Streaming/ArtAsset/UI/UIResource/UITexture/Common_Icon/Icon_Collection/icon_collection_HeadLantern.icon_collection_HeadLantern,,0,True,False,False,False,0,Lanterna de Mineração,"Uma lanterna de cabeça de minerador, rotulada como Especial Nº 8. Parece ter sido projetada para uso em ambientes completamente escuros."
153017,Item_Name_153017,Item_Desc_153017,False,153017,True,False,True,[],3,1,0,8,34,2031,0,0,0,0,9999,0,0,0,False,1,0,10,0,0,0,0,0,0,0,0,0,0,0,0,0,0,0,0,0,0,0,0,0,0,0,0,0,0,0,0,0,0,0,0,0,0,0,0,0,0,800311,0,0,0,0,1201,0,0,0,0,,0,/Game/Streaming/ArtAsset/UI/UIResource/UITexture/Common_Icon/Icon_Collection/icon_collection_BloodyFoldingKnife.icon_collection_BloodyFoldingKnife,,0,True,False,False,False,0,Canivete Ensanguentado,"Uma faca dobrável que parece ter sido usada por um mercenário. Embora pequena em tamanho, sua lâmina de titânio indica que é um item caro. Há sangue na lâmina."
153018,Item_Name_153018,Item_Desc_153018,False,153018,True,False,True,[],3,1,0,8,34,2031,0,0,0,0,9999,0,0,0,False,1,0,10,0,0,0,0,0,0,0,0,0,0,0,0,0,0,0,0,0,0,0,0,0,0,0,0,0,0,0,0,0,0,0,0,0,0,0,0,0,0,900311,0,0,0,0,1201,0,0,0,0,,0,/Game/Streaming/ArtAsset/UI/UIResource/UITexture/Common_Icon/Icon_Collection/icon_collection_GoldenBug.icon_collection_GoldenBug,,0,True,False,False,False,0,Inseto Dourado,Um inseto com uma carapaça dourada. Sua cor rara e preciosa o torna popular como item de colecionador e ingrediente na medicina natural.
153019,Item_Name_153019,Item_Desc_153019,False,153019,True,False,True,[],3,1,0,8,34,2031,0,0,0,0,9999,0,0,0,False,1,0,10,0,0,0,0,0,0,0,0,0,0,0,0,0,0,0,0,0,0,0,0,0,0,0,0,0,0,0,0,0,0,0,0,0,0,0,0,0,0,900311,0,0,0,0,1201,0,0,0,0,,0,/Game/Streaming/ArtAsset/UI/UIResource/UITexture/Common_Icon/Icon_Collection/icon_collection_RotatingBlackMatter.icon_collection_RotatingBlackMatter,,0,True,False,False,False,0,Matéria Negra Giratória,Um item peculiar com partículas pretas girando lentamente. Ele flutua no ar devido às propriedades únicas da substância em seu interior.
153020,Item_Name_153020,Item_Desc_153020,False,153020,True,False,True,[],3,1,0,8,34,2031,0,0,0,0,9999,0,0,0,False,1,0,10,0,0,0,0,0,0,0,0,0,0,0,0,0,0,0,0,0,0,0,0,0,0,0,0,0,0,0,0,0,0,0,0,0,0,0,0,0,0,900311,0,0,0,0,1201,0,0,0,0,,0,/Game/Streaming/ArtAsset/UI/UIResource/UITexture/Common_Icon/Icon_Collection/icon_collection_HighPriestsGlove.icon_collection_HighPriestsGlove,,0,True,False,False,False,0,Luvas do Sumo Sacerdote,"A julgar pelas decorações elaboradas, estas luvas foram feitas para um sumo sacerdote. Elas estão cuidadosamente dispostas."
153021,Item_Name_153021,Item_Desc_153021,False,153021,True,False,True,[],3,1,0,8,34,2031,0,0,0,0,9999,0,0,0,False,1,0,10,0,0,0,0,0,0,0,0,0,0,0,0,0,0,0,0,0,0,0,0,0,0,0,0,0,0,0,0,0,0,0,0,0,0,0,0,0,0,900311,0,0,0,0,1201,0,0,0,0,,0,/Game/Streaming/ArtAsset/UI/UIResource/UITexture/Common_Icon/Icon_Collection/icon_collection_BlueCrystalPyroxene.icon_collection_BlueCrystalPyroxene,,0,True,False,False,False,0,Piroxênio de Cristal Azul,Um cristal arredondado com materiais luminosos azuis dentro que giram lentamente.
153022,Item_Name_153022,Item_Desc_153022,False,153022,True,False,True,[],3,1,0,8,34,2031,0,0,0,0,9999,0,0,0,False,1,0,10,0,0,0,0,0,0,0,0,0,0,0,0,0,0,0,0,0,0,0,0,0,0,0,0,0,0,0,0,0,0,0,0,0,0,0,0,0,0,900311,0,0,0,0,1201,0,0,0,0,,0,/Game/Streaming/ArtAsset/UI/UIResource/UITexture/Common_Icon/Icon_Collection/icon_collection_MysteriousFaceStatue.icon_collection_MysteriousFaceStatue,,0,True,False,False,False,0,Estátua com Rosto Gravado,Uma escultura feita de metal amarelo e brilhante. Seu rosto com chifres e forma esférica dão a ela uma sensação inquietante e alienígena. Presume-se que seja xamanística.
153023,Item_Name_153023,Item_Desc_153023,False,153023,True,False,True,[],3,1,0,8,34,2031,0,0,0,0,9999,0,0,0,False,1,0,10,0,0,0,0,0,0,0,0,0,0,0,0,0,0,0,0,0,0,0,0,0,0,0,0,0,0,0,0,0,0,0,0,0,0,0,0,0,0,1000311,0,0,0,0,1202,0,0,0,0,,0,/Game/Streaming/ArtAsset/UI/UIResource/UITexture/Common_Icon/Icon_Collection/icon_collection_BlackDeityStone.icon_collection_BlackDeityStone,,0,True,False,False,False,0,Pedra Divina Negra,"Um orbe de um material único, infundido com Força por Sacerdotes das Trevas. Quebrar o selo que o envolve pode fazer com que a Força concentrada exploda."
153024,Item_Name_153024,Item_Desc_153024,False,153024,True,False,True,[],3,1,0,8,34,2031,0,0,0,0,9999,0,0,0,False,1,0,10,0,0,0,0,0,0,0,0,0,0,0,0,0,0,0,0,0,0,0,0,0,0,0,0,0,0,0,0,0,0,0,0,0,0,0,0,0,0,1000311,0,0,0,0,1202,0,0,0,0,,0,/Game/Streaming/ArtAsset/UI/UIResource/UITexture/Common_Icon/Icon_Collection/icon_collection_CrystalProtectiveGear.icon_collection_CrystalProtectiveGear,,0,True,False,False,False,0,Protetor de Cristal,"Um cristal usado para criar mediadores de Força, encerrado em um dispositivo de proteção especialmente projetado."
153025,Item_Name_153025,Item_Desc_153025,False,153025,True,False,True,[],3,1,0,8,34,2031,0,0,0,0,9999,0,0,0,False,1,0,10,0,0,0,0,0,0,0,0,0,0,0,0,0,0,0,0,0,0,0,0,0,0,0,0,0,0,0,0,0,0,0,0,0,0,0,0,0,0,1000311,0,0,0,0,1202,0,0,0,0,,0,/Game/Streaming/ArtAsset/UI/UIResource/UITexture/Common_Icon/Icon_Collection/icon_collection_GreenCrystalPyroxene.icon_collection_GreenCrystalPyroxene,,0,True,False,False,False,0,Piroxênio de Cristal Verde,Um cristal arredondado com materiais luminosos verdes dentro que giram lentamente.
153026,Item_Name_153026,Item_Desc_153026,False,153026,True,False,True,[],3,1,0,8,34,2031,0,0,0,0,9999,0,0,0,False,1,0,10,0,0,0,0,0,0,0,0,0,0,0,0,0,0,0,0,0,0,0,0,0,0,0,0,0,0,0,0,0,0,0,0,0,0,0,0,0,0,1000311,0,0,0,0,1202,0,0,0,0,,0,/Game/Streaming/ArtAsset/UI/UIResource/UITexture/Common_Icon/Icon_Collection/icon_collection_ShellofSyllute.icon_collection_ShellofSyllute,,0,True,False,False,False,0,Escama de Silut,"A pele de um pequeno réptil chamado Silut, que habita áreas de selva. Considerado um item sagrado na religião nativa, acredita-se que possua poderes místicos."
153027,Item_Name_153027,Item_Desc_153027,False,153027,True,False,True,[],3,1,0,8,34,2031,0,0,0,0,9999,0,0,0,False,1,0,10,0,0,0,0,0,0,0,0,0,0,0,0,0,0,0,0,0,0,0,0,0,0,0,0,0,0,0,0,0,0,0,0,0,0,0,0,0,0,1000311,0,0,0,0,1202,0,0,0,0,,0,/Game/Streaming/ArtAsset/UI/UIResource/UITexture/Common_Icon/Icon_Collection/icon_collection_PriestsBlackCloth.icon_collection_PriestsBlackCloth,,0,True,False,False,False,0,Tecido Negro do Sacerdote,Um tecido usado por Sacerdotes das Trevas durante rituais. Ele emana uma aura sinistra.
153028,Item_Name_153028,Item_Desc_153028,False,153028,True,False,True,[],3,1,0,8,34,2031,0,0,0,0,9999,0,0,0,False,1,0,10,0,0,0,0,0,0,0,0,0,0,0,0,0,0,0,0,0,0,0,0,0,0,0,0,0,0,0,0,0,0,0,0,0,0,0,0,0,0,1000311,0,0,0,0,1202,0,0,0,0,,0,/Game/Streaming/ArtAsset/UI/UIResource/UITexture/Common_Icon/Icon_Collection/icon_collection_CircularMetalBroach.icon_collection_CircularMetalBroach,,0,True,False,False,False,0,Broche Metálico Redondo,"Um broche habilmente confeccionado pela combinação de vários metais. As iniciais ""S.T."" gravadas na parte de trás sugerem que foi feito como um presente para alguém."
153029,Item_Name_153029,Item_Desc_153029,False,153029,True,False,True,[],3,1,0,8,34,2031,0,0,0,0,9999,0,0,0,False,1,0,10,0,0,0,0,0,0,0,0,0,0,0,0,0,0,0,0,0,0,0,0,0,0,0,0,0,0,0,0,0,0,0,0,0,0,0,0,0,0,1100311,0,0,0,0,1202,0,0,0,0,,0,/Game/Streaming/ArtAsset/UI/UIResource/UITexture/Common_Icon/Icon_Collection/icon_collection_BrokenHandcuffs.icon_collection_BrokenHandcuffs,,0,True,False,False,False,0,Algemas Danificadas,"Algemas de aço danificadas, com um lado quebrado. Alguém parece ter exercido uma força imensa para quebrá-las."
153030,Item_Name_153030,Item_Desc_153030,False,153030,True,False,True,[],3,1,0,8,34,2031,0,0,0,0,9999,0,0,0,False,1,0,10,0,0,0,0,0,0,0,0,0,0,0,0,0,0,0,0,0,0,0,0,0,0,0,0,0,0,0,0,0,0,0,0,0,0,0,0,0,0,1100311,0,0,0,0,1202,0,0,0,0,,0,/Game/Streaming/ArtAsset/UI/UIResource/UITexture/Common_Icon/Icon_Collection/icon_collection_M2Spidroid.icon_collection_M2Spidroid,,0,True,False,False,False,0,Drone Espião 2mo,Um robô espião compacto de segunda geração equipado com IA avançada. É principalmente implantado nas fases iniciais de operações de infiltração.
153031,Item_Name_153031,Item_Desc_153031,False,153031,True,False,True,[],3,1,0,8,34,2031,0,0,0,0,9999,0,0,0,False,1,0,10,0,0,0,0,0,0,0,0,0,0,0,0,0,0,0,0,0,0,0,0,0,0,0,0,0,0,0,0,0,0,0,0,0,0,0,0,0,0,1100311,0,0,0,0,1202,0,0,0,0,,0,/Game/Streaming/ArtAsset/UI/UIResource/UITexture/Common_Icon/Icon_Collection/icon_collection_WingDecoratedMedal.icon_collection_WingDecoratedMedal,,0,True,False,False,False,0,Medalha Alada,"Uma medalha Accretian com enfeites em forma de asas, provavelmente originária da era da Guerra de Mineração."
153032,Item_Name_153032,Item_Desc_153032,False,153032,True,False,True,[],3,1,0,8,34,2031,0,0,0,0,9999,0,0,0,False,1,0,10,0,0,0,0,0,0,0,0,0,0,0,0,0,0,0,0,0,0,0,0,0,0,0,0,0,0,0,0,0,0,0,0,0,0,0,0,0,0,1100311,0,0,0,0,1202,0,0,0,0,,0,/Game/Streaming/ArtAsset/UI/UIResource/UITexture/Common_Icon/Icon_Collection/icon_collection_ShinyPowder.icon_collection_ShinyPowder,,0,True,False,False,False,0,Pó Cintilante,"Pó azulado encontrado misturado com as areias do Deserto da Morte. Embora não tenha efeitos inerentes, é comumente usado em cosméticos."
153033,Item_Name_153033,Item_Desc_153033,False,153033,True,False,True,[],3,1,0,8,34,2031,0,0,0,0,9999,0,0,0,False,1,0,10,0,0,0,0,0,0,0,0,0,0,0,0,0,0,0,0,0,0,0,0,0,0,0,0,0,0,0,0,0,0,0,0,0,0,0,0,0,0,1100311,0,0,0,0,1202,0,0,0,0,,0,/Game/Streaming/ArtAsset/UI/UIResource/UITexture/Common_Icon/Icon_Collection/icon_collection_LightDrive.icon_collection_LightDrive,,0,True,False,False,False,0,Drive de Luz,"Um pequeno dispositivo de armazenamento digital. Sendo um modelo inicial, tem capacidade limitada, mas tornou-se amplamente popular devido à sua acessibilidade."
153034,Item_Name_153034,Item_Desc_153034,False,153034,True,False,True,[],3,1,0,8,34,2031,0,0,0,0,9999,0,0,0,False,1,0,10,0,0,0,0,0,0,0,0,0,0,0,0,0,0,0,0,0,0,0,0,0,0,0,0,0,0,0,0,0,0,0,0,0,0,0,0,0,0,1200311,0,0,0,0,1203,0,0,0,0,,0,/Game/Streaming/ArtAsset/UI/UIResource/UITexture/Common_Icon/Icon_Collection/icon_collection_ArtificialCultureFluid.icon_collection_ArtificialCultureFluid,,0,True,False,False,False,0,Biocultura Artificial,O fluido de cultura de um sistema de incubação artificial onde crianças Accretianas nascem. Parece ter estragado devido à idade.
153035,Item_Name_153035,Item_Desc_153035,False,153035,True,False,True,[],3,1,0,8,34,2031,0,0,0,0,9999,0,0,0,False,1,0,10,0,0,0,0,0,0,0,0,0,0,0,0,0,0,0,0,0,0,0,0,0,0,0,0,0,0,0,0,0,0,0,0,0,0,0,0,0,0,1200311,0,0,0,0,1203,0,0,0,0,,0,/Game/Streaming/ArtAsset/UI/UIResource/UITexture/Common_Icon/Icon_Collection/icon_collection_ToyLightsaber.icon_collection_ToyLightsaber,,0,True,False,False,False,0,Espada de Luz de Brinquedo,"Uma espada de laser de brinquedo. Não tem poder de corte ou destrutivo, mas emite um som de zumbido."
153036,Item_Name_153036,Item_Desc_153036,False,153036,True,False,True,[],3,1,0,8,34,2031,0,0,0,0,9999,0,0,0,False,1,0,10,0,0,0,0,0,0,0,0,0,0,0,0,0,0,0,0,0,0,0,0,0,0,0,0,0,0,0,0,0,0,0,0,0,0,0,0,0,0,1200311,0,0,0,0,1203,0,0,0,0,,0,/Game/Streaming/ArtAsset/UI/UIResource/UITexture/Common_Icon/Icon_Collection/icon_collection_MicroDrone.icon_collection_MicroDrone,,0,True,False,False,False,0,Micro Drone,"Um drone compacto fabricado por Kairax, ideal para coleta de dados encoberta devido ao seu pequeno tamanho. Eventualmente, foi substituído por Spiderbots."
153037,Item_Name_153037,Item_Desc_153037,False,153037,True,False,True,[],3,1,0,8,34,2031,0,0,0,0,9999,0,0,0,False,1,0,10,0,0,0,0,0,0,0,0,0,0,0,0,0,0,0,0,0,0,0,0,0,0,0,0,0,0,0,0,0,0,0,0,0,0,0,0,0,0,1200311,0,0,0,0,1203,0,0,0,0,,0,/Game/Streaming/ArtAsset/UI/UIResource/UITexture/Common_Icon/Icon_Collection/icon_collection_UnidentifiedStatue.icon_collection_UnidentifiedStatue,,0,True,False,False,False,0,Estátua Misteriosa,"Uma escultura metálica com curvas elegantes e fluidas, considerada de origem extraterrestre."
153038,Item_Name_153038,Item_Desc_153038,False,153038,True,False,True,[],3,1,0,8,34,2031,0,0,0,0,9999,0,0,0,False,1,0,10,0,0,0,0,0,0,0,0,0,0,0,0,0,0,0,0,0,0,0,0,0,0,0,0,0,0,0,0,0,0,0,0,0,0,0,0,0,0,1300311,0,0,0,0,1203,0,0,0,0,,0,/Game/Streaming/ArtAsset/UI/UIResource/UITexture/Common_Icon/Icon_Collection/icon_collection_CrossMedal.icon_collection_CrossMedal,,0,True,False,False,False,0,Medalha Cruzada,"Uma medalha em forma de cruz concedida aos soldados Accretian para aumentar o moral, embora tenha sido distribuída de forma muito liberal."
153039,Item_Name_153039,Item_Desc_153039,False,153039,True,False,True,[],3,1,0,8,34,2031,0,0,0,0,9999,0,0,0,False,1,0,10,0,0,0,0,0,0,0,0,0,0,0,0,0,0,0,0,0,0,0,0,0,0,0,0,0,0,0,0,0,0,0,0,0,0,0,0,0,0,1300311,0,0,0,0,1203,0,0,0,0,,0,/Game/Streaming/ArtAsset/UI/UIResource/UITexture/Common_Icon/Icon_Collection/icon_collection_CyberwareScanner.icon_collection_CyberwareScanner,,0,True,False,False,False,0,Scanner de Cyberware,Um dispositivo portátil que identifica rapidamente anomalias em corpos mecânicos. Mesmo corpos mecânicos requerem manutenção de várias maneiras.
153040,Item_Name_153040,Item_Desc_153040,False,153040,True,False,True,[],3,1,0,8,34,2031,0,0,0,0,9999,0,0,0,False,1,0,10,0,0,0,0,0,0,0,0,0,0,0,0,0,0,0,0,0,0,0,0,0,0,0,0,0,0,0,0,0,0,0,0,0,0,0,0,0,0,1300311,0,0,0,0,1203,0,0,0,0,,0,/Game/Streaming/ArtAsset/UI/UIResource/UITexture/Common_Icon/Icon_Collection/icon_collection_FestivePinkSkeleton.icon_collection_FestivePinkSkeleton,,0,True,False,False,False,0,Caveira Rosa de Festival,"Um pequeno fragmento de osso pintado de vermelho, provavelmente de um crânio. Os padrões multicoloridos dão-lhe a aparência de uma decoração festiva."
153041,Item_Name_153041,Item_Desc_153041,False,153041,True,False,True,[],3,1,0,8,34,2031,0,0,0,0,9999,0,0,0,False,1,0,10,0,0,0,0,0,0,0,0,0,0,0,0,0,0,0,0,0,0,0,0,0,0,0,0,0,0,0,0,0,0,0,0,0,0,0,0,0,0,1300311,0,0,0,0,1203,0,0,0,0,,0,/Game/Streaming/ArtAsset/UI/UIResource/UITexture/Common_Icon/Icon_Collection/icon_collection_PatternedMetalPlates.icon_collection_PatternedMetalPlates,,0,True,False,False,False,0,Placa Metálica Gravada,Uma placa de metal gravada com padrões. Pode ser dividida em nove peças. Cinco gemas embutidas adornam-na. Poderia ser um símbolo de poder?
153042,Item_Name_153042,Item_Desc_153042,False,153042,True,False,True,[],3,1,0,8,34,2031,0,0,0,0,9999,0,0,0,False,1,0,10,0,0,0,0,0,0,0,0,0,0,0,0,0,0,0,0,0,0,0,0,0,0,0,0,0,0,0,0,0,0,0,0,0,0,0,0,0,0,1400311,0,0,0,0,1201,0,0,0,0,,0,/Game/Streaming/ArtAsset/UI/UIResource/UITexture/Common_Icon/Icon_Collection/icon_collection_MechanicHand.icon_collection_MechanicHand,,0,True,False,False,False,0,Mão Mecânica,"Uma mão mecânica feita de metal, criada para imitar a funcionalidade de uma mão humana."
153043,Item_Name_153043,Item_Desc_153043,False,153043,True,False,True,[],3,1,0,8,34,2031,0,0,0,0,9999,0,0,0,False,1,0,10,0,0,0,0,0,0,0,0,0,0,0,0,0,0,0,0,0,0,0,0,0,0,0,0,0,0,0,0,0,0,0,0,0,0,0,0,0,0,1400311,0,0,0,0,1201,0,0,0,0,,0,/Game/Streaming/ArtAsset/UI/UIResource/UITexture/Common_Icon/Icon_Collection/icon_collection_SmallArcReactor.icon_collection_SmallArcReactor,,0,True,False,False,False,0,Reator Arc Compacto,"Isso foi construído usando tecnologia de fusão, que continua sendo uma fonte de energia central para androides."
153044,Item_Name_153044,Item_Desc_153044,False,153044,True,False,True,[],3,1,0,8,34,2031,0,0,0,0,9999,0,0,0,False,1,0,10,0,0,0,0,0,0,0,0,0,0,0,0,0,0,0,0,0,0,0,0,0,0,0,0,0,0,0,0,0,0,0,0,0,0,0,0,0,0,1400311,0,0,0,0,1201,0,0,0,0,,0,/Game/Streaming/ArtAsset/UI/UIResource/UITexture/Common_Icon/Icon_Collection/icon_collection_RustedBatteryPack.icon_collection_RustedBatteryPack,,0,True,False,False,False,0,Peça de Bateria Enferrujada,"Um pacote de bateria de androide, enferrujado em alguns lugares, indicando que foi deixado sem uso por bastante tempo."
153045,Item_Name_153045,Item_Desc_153045,False,153045,True,False,True,[],3,1,0,8,34,2031,0,0,0,0,9999,0,0,0,False,1,0,10,0,0,0,0,0,0,0,0,0,0,0,0,0,0,0,0,0,0,0,0,0,0,0,0,0,0,0,0,0,0,0,0,0,0,0,0,0,0,1400311,0,0,0,0,1201,0,0,0,0,,0,/Game/Streaming/ArtAsset/UI/UIResource/UITexture/Common_Icon/Icon_Collection/icon_collection_9thGenChip.icon_collection_9thGenChip,,0,True,False,False,False,0,Chip de IA de 9ª Geração,"Um Chip de IA de 9ª Geração instalado em androides, estampado com o logotipo da CyberCon."
153046,Item_Name_153046,Item_Desc_153046,False,153046,True,False,True,[],3,1,0,8,34,2031,0,0,0,0,9999,0,0,0,False,1,0,10,0,0,0,0,0,0,0,0,0,0,0,0,0,0,0,0,0,0,0,0,0,0,0,0,0,0,0,0,0,0,0,0,0,0,0,0,0,0,1500311,0,0,0,0,1201,0,0,0,0,,0,/Game/Streaming/ArtAsset/UI/UIResource/UITexture/Common_Icon/Icon_Collection/icon_collection_DamagedOrderAccretia.icon_collection_DamagedOrderAccretia,,0,True,False,False,False,0,Medalha Accretia Danificada,Uma medalha de artes marciais Accretiana. Marcas de arranhões no metal sugerem danos deliberados.
153047,Item_Name_153047,Item_Desc_153047,False,153047,True,False,True,[],3,1,0,8,34,2031,0,0,0,0,9999,0,0,0,False,1,0,10,0,0,0,0,0,0,0,0,0,0,0,0,0,0,0,0,0,0,0,0,0,0,0,0,0,0,0,0,0,0,0,0,0,0,0,0,0,0,1500311,0,0,0,0,1202,0,0,0,0,,0,/Game/Streaming/ArtAsset/UI/UIResource/UITexture/Common_Icon/Icon_Collection/icon_collection_RetiredOfficerCertificate.icon_collection_RetiredOfficerCertificate,,0,True,False,False,False,0,Certificado de Aposentadoria de Oficial,"Um certificado de aposentadoria para um oficial Accretiano. Embora o rosto e o nome sejam obscuros, pode ser possível revelá-los com uma investigação mais aprofundada."
153048,Item_Name_153048,Item_Desc_153048,False,153048,True,False,True,[],3,1,0,8,34,2031,0,0,0,0,9999,0,0,0,False,1,0,10,0,0,0,0,0,0,0,0,0,0,0,0,0,0,0,0,0,0,0,0,0,0,0,0,0,0,0,0,0,0,0,0,0,0,0,0,0,0,1500311,0,0,0,0,1203,0,0,0,0,,0,/Game/Streaming/ArtAsset/UI/UIResource/UITexture/Common_Icon/Icon_Collection/icon_collection_DecoratedMechanicHand.icon_collection_DecoratedMechanicHand,,0,True,False,False,False,0,Mão Mecânica Ornamentada,"Uma mão mecânica, presumida ser um pedido personalizado de alguém com preferência por um visual gótico."
153049,Item_Name_153049,Item_Desc_153049,False,153049,True,False,True,[],3,1,0,8,34,2031,0,0,0,0,9999,0,0,0,False,1,0,10,0,0,0,0,0,0,0,0,0,0,0,0,0,0,0,0,0,0,0,0,0,0,0,0,0,0,0,0,0,0,0,0,0,0,0,0,0,0,1600311,0,0,0,0,1201,0,0,0,0,,0,/Game/Streaming/ArtAsset/UI/UIResource/UITexture/Common_Icon/Icon_Collection/icon_collection_GoldenSpoon.icon_collection_GoldenSpoon,,0,True,False,False,False,0,Colher Dourada,"Uma colher dourada, folheada em vez de sólida. Seu propósito pretendido é incerto."
153050,Item_Name_153050,Item_Desc_153050,False,153050,True,False,True,[],3,1,0,8,34,2031,0,0,0,0,9999,0,0,0,False,1,0,10,0,0,0,0,0,0,0,0,0,0,0,0,0,0,0,0,0,0,0,0,0,0,0,0,0,0,0,0,0,0,0,0,0,0,0,0,0,0,1600311,0,0,0,0,1202,0,0,0,0,,0,/Game/Streaming/ArtAsset/UI/UIResource/UITexture/Common_Icon/Icon_Collection/icon_collection_CrystalMatrix.icon_collection_CrystalMatrix,,0,True,False,False,False,0,Matriz de Cristal,"Uma pedra preciosa rara da Mina Crag, com camadas comprimidas de cristais multicoloridos."
153051,Item_Name_153051,Item_Desc_153051,False,153051,True,False,True,[],3,1,0,8,34,2031,0,0,0,0,9999,0,0,0,False,1,0,10,0,0,0,0,0,0,0,0,0,0,0,0,0,0,0,0,0,0,0,0,0,0,0,0,0,0,0,0,0,0,0,0,0,0,0,0,0,0,1600311,0,0,0,0,1203,0,0,0,0,,0,/Game/Streaming/ArtAsset/UI/UIResource/UITexture/Common_Icon/Icon_Collection/icon_collection_GemFlyer.icon_collection_GemFlyer,,0,True,False,False,False,0,Alicate de Gemas,"Um pequeno robô usado para localizar minerais específicos, voando e analisando geologicamente seus arredores. Ele desempenha um papel importante na ampliação de minas."
153052,Item_Name_153052,Item_Desc_153052,False,153052,True,False,True,[],3,1,0,8,34,2031,0,0,0,0,9999,0,0,0,False,1,0,10,0,0,0,0,0,0,0,0,0,0,0,0,0,0,0,0,0,0,0,0,0,0,0,0,0,0,0,0,0,0,0,0,0,0,0,0,0,0,1700311,0,0,0,0,1201,0,0,0,0,,0,/Game/Streaming/ArtAsset/UI/UIResource/UITexture/Common_Icon/Icon_Collection/icon_collection_Imperialmedalofhonor.icon_collection_Imperialmedalofhonor,,0,True,False,False,False,0,Medalha de Honra Imperial,"Uma medalha de alta distinção do Exército Imperial, concedida a indivíduos que sacrificam suas vidas para salvar outras. Seu destinatário deve ter demonstrado tal heroísmo."
153053,Item_Name_153053,Item_Desc_153053,False,153053,True,False,True,[],3,1,0,8,34,2031,0,0,0,0,9999,0,0,0,False,1,0,10,0,0,0,0,0,0,0,0,0,0,0,0,0,0,0,0,0,0,0,0,0,0,0,0,0,0,0,0,0,0,0,0,0,0,0,0,0,0,1700311,0,0,0,0,1201,0,0,0,0,,0,/Game/Streaming/ArtAsset/UI/UIResource/UITexture/Common_Icon/Icon_Collection/icon_collection_Oldgenerationterminal.icon_collection_Oldgenerationterminal,,0,True,False,False,False,0,Terminal Desatualizado,"Um terminal desatualizado com um design antigo. Como muitos aplicativos são incompatíveis com terminais modernos, esses terminais antigos ainda estão em alta demanda."
153054,Item_Name_153054,Item_Desc_153054,False,153054,True,False,True,[],3,1,0,8,34,2031,0,0,0,0,9999,0,0,0,False,1,0,10,0,0,0,0,0,0,0,0,0,0,0,0,0,0,0,0,0,0,0,0,0,0,0,0,0,0,0,0,0,0,0,0,0,0,0,0,0,0,1700311,0,0,0,0,1201,0,0,0,0,,0,/Game/Streaming/ArtAsset/UI/UIResource/UITexture/Common_Icon/Icon_Collection/icon_collection_Portablescriptures.icon_collection_Portablescriptures,,0,True,False,False,False,0,Escritura Portátil,"Uma escritura compacta para os soldados de Cora, amplamente distribuída entre os Cavaleiros de Cora para manter seus Espíritos elevados."
153055,Item_Name_153055,Item_Desc_153055,False,153055,True,False,True,[],3,1,0,8,34,2031,0,0,0,0,9999,0,0,0,False,1,0,10,0,0,0,0,0,0,0,0,0,0,0,0,0,0,0,0,0,0,0,0,0,0,0,0,0,0,0,0,0,0,0,0,0,0,0,0,0,0,1700311,0,0,0,0,1202,0,0,0,0,,0,/Game/Streaming/ArtAsset/UI/UIResource/UITexture/Common_Icon/Icon_Collection/icon_collection_Parachutebag.icon_collection_Parachutebag,,0,True,False,False,False,0,Paraquedas de Fuga,"Um paraquedas destinado a fugas de alta altitude, embora seu proprietário pareça não tê-lo usado."
153056,Item_Name_153056,Item_Desc_153056,False,153056,True,False,True,[],3,1,0,8,34,2031,0,0,0,0,9999,0,0,0,False,1,0,10,0,0,0,0,0,0,0,0,0,0,0,0,0,0,0,0,0,0,0,0,0,0,0,0,0,0,0,0,0,0,0,0,0,0,0,0,0,0,1700311,0,0,0,0,1202,0,0,0,0,,0,/Game/Streaming/ArtAsset/UI/UIResource/UITexture/Common_Icon/Icon_Collection/icon_collection_Handwarmer.icon_collection_Handwarmer,,0,True,False,False,False,0,Aquecedor de Mãos Térmico,"Um aquecedor de mãos projetado para combater o frio em altas altitudes. Estes aquecedores de mãos reutilizáveis da Bellato são populares em regiões frias, e este mostra sinais de uso prolongado."
153057,Item_Name_153057,Item_Desc_153057,False,153057,True,False,True,[],3,1,0,8,34,2031,0,0,0,0,9999,0,0,0,False,1,0,10,0,0,0,0,0,0,0,0,0,0,0,0,0,0,0,0,0,0,0,0,0,0,0,0,0,0,0,0,0,0,0,0,0,0,0,0,0,0,1700311,0,0,0,0,1202,0,0,0,0,,0,/Game/Streaming/ArtAsset/UI/UIResource/UITexture/Common_Icon/Icon_Collection/icon_collection_Princessornaments.icon_collection_Princessornaments,,0,True,False,False,False,0,Adorno de Cabelo Alado,"Um belo acessório de cabelo em forma de asas, aparentemente criado como um presente para um ente querido ou membro da família."
153058,Item_Name_153058,Item_Desc_153058,False,153058,True,False,True,[],3,1,0,8,34,2031,0,0,0,0,9999,0,0,0,False,1,0,10,0,0,0,0,0,0,0,0,0,0,0,0,0,0,0,0,0,0,0,0,0,0,0,0,0,0,0,0,0,0,0,0,0,0,0,0,0,0,1810034,0,0,0,0,1204,0,0,0,0,,0,/Game/Streaming/ArtAsset/UI/UIResource/UITexture/Common_Icon/Icon_Collection/icon_collection_KarianaCrystal.icon_collection_KarianaCrystal,,0,True,False,False,False,0,Cristal Calliana,"Um cristal decorativo criado pelos Callianas.
Este cristal foi esculpido por telecinese sem o uso de ferramentas físicas."
153059,Item_Name_153059,Item_Desc_153059,False,153059,True,False,True,[],3,1,0,8,34,2031,0,0,0,0,9999,0,0,0,False,1,0,10,0,0,0,0,0,0,0,0,0,0,0,0,0,0,0,0,0,0,0,0,0,0,0,0,0,0,0,0,0,0,0,0,0,0,0,0,0,0,1810034,0,0,0,0,1204,0,0,0,0,,0,/Game/Streaming/ArtAsset/UI/UIResource/UITexture/Common_Icon/Icon_Collection/icon_collection_DamagedResearchCapsuleSpecial.icon_collection_DamagedResearchCapsuleSpecial,,0,True,False,False,False,0,Cápsula Com Substância Especial,"Um cilindro contendo uma substância misteriosa. Como o resíduo de cristal dentro não é um Cristal Sagrado, deve estar relacionado à Força."
153060,Item_Name_153060,Item_Desc_153060,False,153060,True,False,True,[],3,1,0,8,34,2031,0,0,0,0,9999,0,0,0,False,1,0,10,0,0,0,0,0,0,0,0,0,0,0,0,0,0,0,0,0,0,0,0,0,0,0,0,0,0,0,0,0,0,0,0,0,0,0,0,0,0,1810034,0,0,0,0,1204,0,0,0,0,,0,/Game/Streaming/ArtAsset/UI/UIResource/UITexture/Common_Icon/Icon_Collection/icon_collection_MotorbikeKeyLocker.icon_collection_MotorbikeKeyLocker,,0,True,False,False,False,0,Chave do Armário do Carcereiro,Uma chave do armário de um carcereiro. Altos níveis de resíduo de álcool foram detectados nela. Até mesmo os infames carcereiros da Zona de Quarentena Pumus devem ter enfrentado suas próprias dificuldades.
153061,Item_Name_153061,Item_Desc_153061,False,153061,True,False,True,[],3,1,0,8,34,2031,0,0,0,0,9999,0,0,0,False,1,0,10,0,0,0,0,0,0,0,0,0,0,0,0,0,0,0,0,0,0,0,0,0,0,0,0,0,0,0,0,0,0,0,0,0,0,0,0,0,0,1810034,0,0,0,0,1204,0,0,0,0,,0,/Game/Streaming/ArtAsset/UI/UIResource/UITexture/Common_Icon/Icon_Collection/icon_collection_NetherDisc.icon_collection_NetherDisc,,0,True,False,False,False,0,Disco de Nether,"Um disco de energia usado pelos Nethers. Funcionando como uma bateria, é essencial para sua sobrevivência, servindo tanto como moeda quanto como sustento para esses seres dependentes de energia."
153062,Item_Name_153062,Item_Desc_153062,False,153062,True,False,True,[],3,1,0,8,34,2031,0,0,0,0,9999,0,0,0,False,1,0,10,0,0,0,0,0,0,0,0,0,0,0,0,0,0,0,0,0,0,0,0,0,0,0,0,0,0,0,0,0,0,0,0,0,0,0,0,0,0,1810034,0,0,0,0,1204,0,0,0,0,,0,/Game/Streaming/ArtAsset/UI/UIResource/UITexture/Common_Icon/Icon_Collection/icon_collection_IceCrystalOrnaments.icon_collection_IceCrystalOrnaments,,0,True,False,False,False,0,Decoração de Cristal de Gelo,"Um ornamento de cristal produzido no campo de mineração. Feito de minerais com pouco valor comercial, provavelmente foi vendido em visitas às instalações e em eventos semelhantes."
153063,Item_Name_153063,Item_Desc_153063,False,153063,True,False,True,[],3,1,0,8,34,2031,0,0,0,0,9999,0,0,0,False,1,0,10,0,0,0,0,0,0,0,0,0,0,0,0,0,0,0,0,0,0,0,0,0,0,0,0,0,0,0,0,0,0,0,0,0,0,0,0,0,0,1810038,0,0,0,0,1203,0,0,0,0,,0,/Game/Streaming/ArtAsset/UI/UIResource/UITexture/Common_Icon/Icon_Collection/icon_collection_ParachutebagSpecial.icon_collection_ParachutebagSpecial,,0,True,False,False,False,0,Paraquedas de Fuga Especial,"Um paraquedas de implantação em alta altitude carregado com todos os tipos de sinos e apitos. Ainda assim, as forças especiais experientes supostamente preferiam a versão mais antiga e leve por causa do peso."
153064,Item_Name_153064,Item_Desc_153064,False,153064,True,False,True,[],3,1,0,8,34,2031,0,0,0,0,9999,0,0,0,False,1,0,10,0,0,0,0,0,0,0,0,0,0,0,0,0,0,0,0,0,0,0,0,0,0,0,0,0,0,0,0,0,0,0,0,0,0,0,0,0,0,1810038,0,0,0,0,1203,0,0,0,0,,0,/Game/Streaming/ArtAsset/UI/UIResource/UITexture/Common_Icon/Icon_Collection/icon_collection_TransportticketVIP.icon_collection_TransportticketVIP,,0,True,False,False,False,0,Bilhete de Nave de Transporte VIP,"Um bilhete VIP para transporte para o Elevador Orbital. As vantagens incluem:
Franquia de bagagem ilimitada
Embarque prioritário de um lounge privado
Acesso a uma zona de embarque dedicada para o Elevador Orbital"
153065,Item_Name_153065,Item_Desc_153065,False,153065,True,False,True,[],3,1,0,8,34,2031,0,0,0,0,9999,0,0,0,False,1,0,10,0,0,0,0,0,0,0,0,0,0,0,0,0,0,0,0,0,0,0,0,0,0,0,0,0,0,0,0,0,0,0,0,0,0,0,0,0,0,1810046,0,0,0,0,1204,0,0,0,0,,0,/Game/Streaming/ArtAsset/UI/UIResource/UITexture/Common_Icon/Icon_Collection/icon_collection_TomographyDevice.icon_collection_TomographyDevice,,0,True,False,False,False,0,Scanner Tomográfico,"Um radar de tomografia para manutenção de alta precisão. O armamento imperial é projetado com uma precisão notável e, com isso, vem o inevitável ônus de manutenção constante. Como Nemesis consegue lidar com tais exigências permanece um mistério."
153066,Item_Name_153066,Item_Desc_153066,False,153066,True,False,True,[],3,1,0,8,34,2031,0,0,0,0,9999,0,0,0,False,1,0,10,0,0,0,0,0,0,0,0,0,0,0,0,0,0,0,0,0,0,0,0,0,0,0,0,0,0,0,0,0,0,0,0,0,0,0,0,0,0,1810046,0,0,0,0,1204,0,0,0,0,,0,/Game/Streaming/ArtAsset/UI/UIResource/UITexture/Common_Icon/Icon_Collection/icon_collection_CamouflageSheet.icon_collection_CamouflageSheet,,0,True,False,False,False,0,Folha de Camuflagem,"Uma folha camuflada que tem uma ampla variedade de usos. Folhas ópticas para ocultação são agora comuns até mesmo entre civis. Compras e posse devem ser declaradas às autoridades, e a posse ilegal traz pesadas multas e confisco. Claro, sempre haverá aqueles que pensam em usá-las de forma inadequada."
154000,Item_Name_154000,Item_Desc_154000,False,154000,True,True,True,[],4,1,0,8,34,2031,0,0,0,0,9999,0,0,0,False,1,0,10,0,0,0,0,0,0,0,0,0,0,0,0,0,0,0,0,0,0,0,0,0,0,0,0,0,0,0,0,0,0,0,0,0,0,0,0,0,0,500411,0,0,0,0,0,0,0,0,0,,0,/Game/Streaming/ArtAsset/UI/UIResource/UITexture/Common_Icon/Icon_Collection/icon_collection_SoldierIdentificationTag.icon_collection_SoldierIdentificationTag,,0,True,False,False,False,0,Dog Tag de Soldado de Bellato,"Uma dog tag caída. Marcas de arranhões no metal sugerem uma briga, e a corrente destinada a ser usada no pescoço está quebrada."
154001,Item_Name_154001,Item_Desc_154001,False,154001,True,True,True,[],4,1,0,8,34,2031,0,0,0,0,9999,0,0,0,False,1,0,10,0,0,0,0,0,0,0,0,0,0,0,0,0,0,0,0,0,0,0,0,0,0,0,0,0,0,0,0,0,0,0,0,0,0,0,0,0,0,500411,0,0,0,0,0,0,0,0,0,,0,/Game/Streaming/ArtAsset/UI/UIResource/UITexture/Common_Icon/Icon_Collection/icon_collection_EarthAntiqueCoin.icon_collection_EarthAntiqueCoin,,0,True,False,False,False,0,Antiguidade da Terra - Moeda Dex,"A moeda da Terra do século 35, chamada Dex Coin, que era armazenada e transferida digitalmente através de sistemas eletrônicos."
154002,Item_Name_154002,Item_Desc_154002,False,154002,True,True,True,[],4,1,0,8,34,2031,0,0,0,0,9999,0,0,0,False,1,0,10,0,0,0,0,0,0,0,0,0,0,0,0,0,0,0,0,0,0,0,0,0,0,0,0,0,0,0,0,0,0,0,0,0,0,0,0,0,0,500411,0,0,0,0,0,0,0,0,0,,0,/Game/Streaming/ArtAsset/UI/UIResource/UITexture/Common_Icon/Icon_Collection/icon_collection_EarthAntiqueGlass.icon_collection_EarthAntiqueGlass,,0,True,False,False,False,0,Antiguidade da Terra - Cálice,"Uma relíquia dos tempos antigos da Terra, criada moldando metal em sua forma base e adornando-o com intrincados enfeites. Tais itens são raros em Novus."
154003,Item_Name_154003,Item_Desc_154003,False,154003,True,True,True,[],4,1,0,8,34,2031,0,0,0,0,9999,0,0,0,False,1,0,10,0,0,0,0,0,0,0,0,0,0,0,0,0,0,0,0,0,0,0,0,0,0,0,0,0,0,0,0,0,0,0,0,0,0,0,0,0,0,500411,0,0,0,0,0,0,0,0,0,,0,/Game/Streaming/ArtAsset/UI/UIResource/UITexture/Common_Icon/Icon_Collection/icon_collection_Cellphonex28.icon_collection_Cellphonex28,,0,True,False,False,False,0,Celular X28,"Um celular do passado da Terra, com uma imagem tênue visível na tela, embora seu estado danificado torne impossível vê-la claramente."
154004,Item_Name_154004,Item_Desc_154004,False,154004,True,True,True,[],4,1,0,8,34,2031,0,0,0,0,9999,0,0,0,False,1,0,10,0,0,0,0,0,0,0,0,0,0,0,0,0,0,0,0,0,0,0,0,0,0,0,0,0,0,0,0,0,0,0,0,0,0,0,0,0,0,600411,0,0,0,0,0,0,0,0,0,,0,/Game/Streaming/ArtAsset/UI/UIResource/UITexture/Common_Icon/Icon_Collection/icon_collection_GeneticallyModifiedCapsule.icon_collection_GeneticallyModifiedCapsule,,0,True,False,False,False,0,Cápsula de Modificação Genética,Uma cápsula suspeita de ter sido criada por super mutantes. Algum tecido biológico não identificado dentro ainda se contorce. Poderia ter sido parte de um experimento para acelerar forçadamente a evolução humana?
154005,Item_Name_154005,Item_Desc_154005,False,154005,True,True,True,[],4,1,0,8,34,2031,0,0,0,0,9999,0,0,0,False,1,0,10,0,0,0,0,0,0,0,0,0,0,0,0,0,0,0,0,0,0,0,0,0,0,0,0,0,0,0,0,0,0,0,0,0,0,0,0,0,0,600411,0,0,0,0,0,0,0,0,0,,0,/Game/Streaming/ArtAsset/UI/UIResource/UITexture/Common_Icon/Icon_Collection/icon_collection_AncientBoneFragments.icon_collection_AncientBoneFragments,,0,True,False,False,False,0,Osso de Forma de Vida Antiga,Um fragmento de osso que se acredita pertencer a uma criatura que existiu na era antiga de Novus. Esforços para restaurá-lo ou estudá-lo parecem estar em andamento.
154006,Item_Name_154006,Item_Desc_154006,False,154006,True,True,True,[],4,1,0,8,34,2031,0,0,0,0,9999,0,0,0,False,1,0,10,0,0,0,0,0,0,0,0,0,0,0,0,0,0,0,0,0,0,0,0,0,0,0,0,0,0,0,0,0,0,0,0,0,0,0,0,0,0,600411,0,0,0,0,0,0,0,0,0,,0,/Game/Streaming/ArtAsset/UI/UIResource/UITexture/Common_Icon/Icon_Collection/icon_collection_ChiefShoulderDecoration.icon_collection_ChiefShoulderDecoration,,0,True,False,False,False,0,Ombreira do Chefe,Um pedaço de ornamento de ombro que dizem ser usado pelos chefes Crawler. Parece intimidador.
154007,Item_Name_154007,Item_Desc_154007,False,154007,True,True,True,[],4,1,0,8,34,2031,0,0,0,0,9999,0,0,0,False,1,0,10,0,0,0,0,0,0,0,0,0,0,0,0,0,0,0,0,0,0,0,0,0,0,0,0,0,0,0,0,0,0,0,0,0,0,0,0,0,0,600411,0,0,0,0,0,0,0,0,0,,0,/Game/Streaming/ArtAsset/UI/UIResource/UITexture/Common_Icon/Icon_Collection/icon_collection_GiantCreatureSkull.icon_collection_GiantCreatureSkull,,0,True,False,False,False,0,Crânio de Criatura Gigante,"Um fragmento do crânio de uma besta, provavelmente de uma criatura enorme, possivelmente de uma espécie antiga alvo de restauração."
154008,Item_Name_154008,Item_Desc_154008,False,154008,True,True,True,[],4,1,0,8,34,2031,0,0,0,0,9999,0,0,0,False,1,0,10,0,0,0,0,0,0,0,0,0,0,0,0,0,0,0,0,0,0,0,0,0,0,0,0,0,0,0,0,0,0,0,0,0,0,0,0,0,0,700411,0,0,0,0,0,0,0,0,0,,0,/Game/Streaming/ArtAsset/UI/UIResource/UITexture/Common_Icon/Icon_Collection/icon_collection_ImperialIdentificationTag.icon_collection_ImperialIdentificationTag,,0,True,False,False,False,0,Dog Tag Imperial,"Uma dog tag do Exército Imperial Accretiano, distinguida por um emblema nobre, sugerindo que uma vez pertenceu a um oficial de linhagem nobre."
154009,Item_Name_154009,Item_Desc_154009,False,154009,True,True,True,[],4,1,0,8,34,2031,0,0,0,0,9999,0,0,0,False,1,0,10,0,0,0,0,0,0,0,0,0,0,0,0,0,0,0,0,0,0,0,0,0,0,0,0,0,0,0,0,0,0,0,0,0,0,0,0,0,0,700411,0,0,0,0,0,0,0,0,0,,0,/Game/Streaming/ArtAsset/UI/UIResource/UITexture/Common_Icon/Icon_Collection/icon_collection_XVRGoggle.icon_collection_XVRGoggle,,0,True,False,False,False,0,Óculos XVR,"Óculos VR inovadores projetados para imersão de corpo inteiro. Embora seja um modelo desatualizado e não mais em uso, seus componentes de alta qualidade ainda possuem valor significativo."
154010,Item_Name_154010,Item_Desc_154010,False,154010,True,True,True,[],4,1,0,8,34,2031,0,0,0,0,9999,0,0,0,False,1,0,10,0,0,0,0,0,0,0,0,0,0,0,0,0,0,0,0,0,0,0,0,0,0,0,0,0,0,0,0,0,0,0,0,0,0,0,0,0,0,700411,0,0,0,0,0,0,0,0,0,,0,/Game/Streaming/ArtAsset/UI/UIResource/UITexture/Common_Icon/Icon_Collection/icon_collection_TopGraduateCertificate.icon_collection_TopGraduateCertificate,,0,True,False,False,False,0,Certificado de Honra ao Mérito,"Um certificado digital de distinção por se formar como o melhor aluno da academia de treinamento militar Accretiana, embora o nome e o rosto estejam muito danificados para identificar."
154011,Item_Name_154011,Item_Desc_154011,False,154011,True,True,True,[],4,1,0,8,34,2031,0,0,0,0,9999,0,0,0,False,1,0,10,0,0,0,0,0,0,0,0,0,0,0,0,0,0,0,0,0,0,0,0,0,0,0,0,0,0,0,0,0,0,0,0,0,0,0,0,0,0,700411,0,0,0,0,0,0,0,0,0,,0,/Game/Streaming/ArtAsset/UI/UIResource/UITexture/Common_Icon/Icon_Collection/icon_collection_HellburnBottle.icon_collection_HellburnBottle,,0,True,False,False,False,0,Frasco Helburn,"Uma garrafa contendo uísque Helburn, uma bebida comumente apreciada por trabalhadores Accretian com corpos mecanizados."
154012,Item_Name_154012,Item_Desc_154012,False,154012,True,True,True,[],4,1,0,8,34,2031,0,0,0,0,9999,0,0,0,False,1,0,10,0,0,0,0,0,0,0,0,0,0,0,0,0,0,0,0,0,0,0,0,0,0,0,0,0,0,0,0,0,0,0,0,0,0,0,0,0,0,700411,0,0,0,0,0,0,0,0,0,,0,/Game/Streaming/ArtAsset/UI/UIResource/UITexture/Common_Icon/Icon_Collection/icon_collection_InfectiousAgentsCapsule.icon_collection_InfectiousAgentsCapsule,,0,True,False,False,False,0,Cápsula de Contaminante,"A substância dentro da cápsula estava, sem dúvida, viva. Parece ter se debatido em uma tentativa de escapar, deixando vestígios espalhados pelo exterior."
154013,Item_Name_154013,Item_Desc_154013,False,154013,True,True,True,[],4,1,0,8,34,2031,0,0,0,0,9999,0,0,0,False,1,0,10,0,0,0,0,0,0,0,0,0,0,0,0,0,0,0,0,0,0,0,0,0,0,0,0,0,0,0,0,0,0,0,0,0,0,0,0,0,0,800411,0,0,0,0,1301,0,0,0,0,,0,/Game/Streaming/ArtAsset/UI/UIResource/UITexture/Common_Icon/Icon_Collection/icon_collection_BelatoFreedomStatue.icon_collection_BelatoFreedomStatue,,0,True,False,False,False,0,Estátua da Liberdade de Bellato,"Um artefato simbólico de Bellato, moldado como uma figura humanoide para obscurecer se representa um humano ou um alienígena."
154014,Item_Name_154014,Item_Desc_154014,False,154014,True,True,True,[],4,1,0,8,34,2031,0,0,0,0,9999,0,0,0,False,1,0,10,0,0,0,0,0,0,0,0,0,0,0,0,0,0,0,0,0,0,0,0,0,0,0,0,0,0,0,0,0,0,0,0,0,0,0,0,0,0,800411,0,0,0,0,1301,0,0,0,0,,0,/Game/Streaming/ArtAsset/UI/UIResource/UITexture/Common_Icon/Icon_Collection/icon_collection_MainKeepingCapsule.icon_collection_MainKeepingCapsule,,0,True,False,False,False,0,Cápsula de Armazenamento de Entidade,Uma cápsula especializada projetada para armazenar um agente infeccioso. A luz azul dentro sugere que o sistema de contenção ainda está funcionando.
154015,Item_Name_154015,Item_Desc_154015,False,154015,True,True,True,[],4,1,0,8,34,2031,0,0,0,0,9999,0,0,0,False,1,0,10,0,0,0,0,0,0,0,0,0,0,0,0,0,0,0,0,0,0,0,0,0,0,0,0,0,0,0,0,0,0,0,0,0,0,0,0,0,0,800411,0,0,0,0,1301,0,0,0,0,,0,/Game/Streaming/ArtAsset/UI/UIResource/UITexture/Common_Icon/Icon_Collection/icon_collection_BelatoCitizenshipCertificate.icon_collection_BelatoCitizenshipCertificate,,0,True,False,False,False,0,Certificado de Cidadania de Bellato,"A superfície interna traz a foto, o número e os dados pessoais do portador. No exterior, está inscrito o emblema da Facção de Bellato junto com as palavras “Humanidade Livre”."
154016,Item_Name_154016,Item_Desc_154016,False,154016,True,True,True,[],4,1,0,8,34,2031,0,0,0,0,9999,0,0,0,False,1,0,10,0,0,0,0,0,0,0,0,0,0,0,0,0,0,0,0,0,0,0,0,0,0,0,0,0,0,0,0,0,0,0,0,0,0,0,0,0,0,800411,0,0,0,0,1301,0,0,0,0,,0,/Game/Streaming/ArtAsset/UI/UIResource/UITexture/Common_Icon/Icon_Collection/icon_collection_SaltDevilStatue.icon_collection_SaltDevilStatue,,0,True,False,False,False,0,Escultura de Sal,"Uma escultura bizarra em forma de um rosto grotesco, esculpida em sal-gema. Suas seções parcialmente derretidas tornam sua aparência assustadora ainda mais perturbadora."
154017,Item_Name_154017,Item_Desc_154017,False,154017,True,True,True,[],4,1,0,8,34,2031,0,0,0,0,9999,0,0,0,False,1,0,10,0,0,0,0,0,0,0,0,0,0,0,0,0,0,0,0,0,0,0,0,0,0,0,0,0,0,0,0,0,0,0,0,0,0,0,0,0,0,800411,0,0,0,0,1301,0,0,0,0,,0,/Game/Streaming/ArtAsset/UI/UIResource/UITexture/Common_Icon/Icon_Collection/icon_collection_PortableNanomachineBox.icon_collection_PortableNanomachineBox,,0,True,False,False,False,0,Caixa Portátil de Nanomáquinas,Um dispositivo de nanomáquina que pode ser transportado e programado para uso conforme necessário. Seu tamanho minúsculo faz jus ao seu nome.
154018,Item_Name_154018,Item_Desc_154018,False,154018,True,True,True,[],4,1,0,8,34,2031,0,0,0,0,9999,0,0,0,False,1,0,10,0,0,0,0,0,0,0,0,0,0,0,0,0,0,0,0,0,0,0,0,0,0,0,0,0,0,0,0,0,0,0,0,0,0,0,0,0,0,900411,0,0,0,0,1301,0,0,0,0,,0,/Game/Streaming/ArtAsset/UI/UIResource/UITexture/Common_Icon/Icon_Collection/icon_collection_RedMetalBead.icon_collection_RedMetalBead,,0,True,False,False,False,0,Pedra Divina Decem Vermelha,"Um artefato circular adornado de forma intrincada com o emblema de Decem, irradiando um brilho carmesim por todo o padrão."
154019,Item_Name_154019,Item_Desc_154019,False,154019,True,True,True,[],4,1,0,8,34,2031,0,0,0,0,9999,0,0,0,False,1,0,10,0,0,0,0,0,0,0,0,0,0,0,0,0,0,0,0,0,0,0,0,0,0,0,0,0,0,0,0,0,0,0,0,0,0,0,0,0,0,900411,0,0,0,0,1301,0,0,0,0,,0,/Game/Streaming/ArtAsset/UI/UIResource/UITexture/Common_Icon/Icon_Collection/icon_collection_ScaryFaceSculpture.icon_collection_ScaryFaceSculpture,,0,True,False,False,False,0,Escultura de Rosto Horripilante,Um rosto esculpido feito de material de pedra ondulada que emite uma vibração assustadora e inquietante. Seus detalhes requintados fazem com que pareça quase real demais para ser apenas uma escultura.
154020,Item_Name_154020,Item_Desc_154020,False,154020,True,True,True,[],4,1,0,8,34,2031,0,0,0,0,9999,0,0,0,False,1,0,10,0,0,0,0,0,0,0,0,0,0,0,0,0,0,0,0,0,0,0,0,0,0,0,0,0,0,0,0,0,0,0,0,0,0,0,0,0,0,900411,0,0,0,0,1301,0,0,0,0,,0,/Game/Streaming/ArtAsset/UI/UIResource/UITexture/Common_Icon/Icon_Collection/icon_collection_PsychicCrystal.icon_collection_PsychicCrystal,,0,True,False,False,False,0,Cristal Psíquico,"Um cristal usado durante o treinamento de Força. Embora esteja vazio agora, provavelmente já teve uma pequena Pedra Sagrada dentro."
154021,Item_Name_154021,Item_Desc_154021,False,154021,True,True,True,[],4,1,0,8,34,2031,0,0,0,0,9999,0,0,0,False,1,0,10,0,0,0,0,0,0,0,0,0,0,0,0,0,0,0,0,0,0,0,0,0,0,0,0,0,0,0,0,0,0,0,0,0,0,0,0,0,0,900411,0,0,0,0,1301,0,0,0,0,,0,/Game/Streaming/ArtAsset/UI/UIResource/UITexture/Common_Icon/Icon_Collection/icon_collection_OblivionFlower.icon_collection_OblivionFlower,,0,True,False,False,False,0,Flor do Oblívio,"Uma flor azul radiante encontrada no Pântano da Névoa, onde é uma visão rara. Diz-se que as partículas liberadas por esta flor podem apagar memórias."
154022,Item_Name_154022,Item_Desc_154022,False,154022,True,True,True,[],4,1,0,8,34,2031,0,0,0,0,9999,0,0,0,False,1,0,10,0,0,0,0,0,0,0,0,0,0,0,0,0,0,0,0,0,0,0,0,0,0,0,0,0,0,0,0,0,0,0,0,0,0,0,0,0,0,900411,0,0,0,0,1301,0,0,0,0,,0,/Game/Streaming/ArtAsset/UI/UIResource/UITexture/Common_Icon/Icon_Collection/icon_collection_DeathMaterial.icon_collection_DeathMaterial,,0,True,False,False,False,0,Matéria da Morte,"Uma substância muito rara vista na Floresta dos Mortos. Uma forma esférica flutua no ar, com fumaça fluindo continuamente para baixo. Evoca um desespero profundo, como se estivesse enfrentando a própria morte."
154023,Item_Name_154023,Item_Desc_154023,False,154023,True,True,True,[],4,1,0,8,34,2031,0,0,0,0,9999,0,0,0,False,1,0,10,0,0,0,0,0,0,0,0,0,0,0,0,0,0,0,0,0,0,0,0,0,0,0,0,0,0,0,0,0,0,0,0,0,0,0,0,0,0,1000411,0,0,0,0,1302,0,0,0,0,,0,/Game/Streaming/ArtAsset/UI/UIResource/UITexture/Common_Icon/Icon_Collection/icon_collection_BlackScriptures.icon_collection_BlackScriptures,,0,True,False,False,False,0,Escritura Sombria de Cora,"Um dispositivo contendo a Escritura Sombria, feito de metal indestrutível. Uma voz recitando a escritura emana da orbe em seu centro."
154024,Item_Name_154024,Item_Desc_154024,False,154024,True,True,True,[],4,1,0,8,34,2031,0,0,0,0,9999,0,0,0,False,1,0,10,0,0,0,0,0,0,0,0,0,0,0,0,0,0,0,0,0,0,0,0,0,0,0,0,0,0,0,0,0,0,0,0,0,0,0,0,0,0,1000411,0,0,0,0,1302,0,0,0,0,,0,/Game/Streaming/ArtAsset/UI/UIResource/UITexture/Common_Icon/Icon_Collection/icon_collection_GoldenDicemNephrite.icon_collection_GoldenDicemNephrite,,0,True,False,False,False,0,Pedra Divina Decem Dourada,"Uma Pedra Divina Decem não processada, brilhando com um tom dourado. Este material precioso é altamente procurado pelo Templo Decem."
154025,Item_Name_154025,Item_Desc_154025,False,154025,True,True,True,[],4,1,0,8,34,2031,0,0,0,0,9999,0,0,0,False,1,0,10,0,0,0,0,0,0,0,0,0,0,0,0,0,0,0,0,0,0,0,0,0,0,0,0,0,0,0,0,0,0,0,0,0,0,0,0,0,0,1000411,0,0,0,0,1302,0,0,0,0,,0,/Game/Streaming/ArtAsset/UI/UIResource/UITexture/Common_Icon/Icon_Collection/icon_collection_ForceSensitiveDevice.icon_collection_ForceSensitiveDevice,,0,True,False,False,False,0,Sensor de Força,Uma ferramenta projetada para medir a sensibilidade aproximada à Força das crianças de Cora.
154026,Item_Name_154026,Item_Desc_154026,False,154026,True,True,True,[],4,1,0,8,34,2031,0,0,0,0,9999,0,0,0,False,1,0,10,0,0,0,0,0,0,0,0,0,0,0,0,0,0,0,0,0,0,0,0,0,0,0,0,0,0,0,0,0,0,0,0,0,0,0,0,0,0,1000411,0,0,0,0,1302,0,0,0,0,,0,/Game/Streaming/ArtAsset/UI/UIResource/UITexture/Common_Icon/Icon_Collection/icon_collection_GreenDicemNephrite.icon_collection_GreenDicemNephrite,,0,True,False,False,False,0,Pedra Divina Decem Verde,"Uma Pedra Divina Decem finamente trabalhada, feita ao refinar uma pedra preciosa de esmeralda. É um item concedido a sacerdotes de alto escalão."
154027,Item_Name_154027,Item_Desc_154027,False,154027,True,True,True,[],4,1,0,8,34,2031,0,0,0,0,9999,0,0,0,False,1,0,10,0,0,0,0,0,0,0,0,0,0,0,0,0,0,0,0,0,0,0,0,0,0,0,0,0,0,0,0,0,0,0,0,0,0,0,0,0,0,1000411,0,0,0,0,1302,0,0,0,0,,0,/Game/Streaming/ArtAsset/UI/UIResource/UITexture/Common_Icon/Icon_Collection/icon_collection_BlackPsychicCrystal.icon_collection_BlackPsychicCrystal,,0,True,False,False,False,0,Cristal Psíquico Negro,"Um Cristal Psíquico criado pelos Sacerdotes das Trevas, usado nos rituais dos hereges."
154028,Item_Name_154028,Item_Desc_154028,False,154028,True,True,True,[],4,1,0,8,34,2031,0,0,0,0,9999,0,0,0,False,1,0,10,0,0,0,0,0,0,0,0,0,0,0,0,0,0,0,0,0,0,0,0,0,0,0,0,0,0,0,0,0,0,0,0,0,0,0,0,0,0,1000411,0,0,0,0,1302,0,0,0,0,,0,/Game/Streaming/ArtAsset/UI/UIResource/UITexture/Common_Icon/Icon_Collection/icon_collection_AnimusResearchRecord.icon_collection_AnimusResearchRecord,,0,True,False,False,False,0,Registro de Pesquisa de Animus,"Um documento vazado contendo pesquisa confidencial do Animus. Infelizmente, ele apenas mostra os tipos de Animus e seus nomes."
154029,Item_Name_154029,Item_Desc_154029,False,154029,True,True,True,[],4,1,0,8,34,2031,0,0,0,0,9999,0,0,0,False,1,0,10,0,0,0,0,0,0,0,0,0,0,0,0,0,0,0,0,0,0,0,0,0,0,0,0,0,0,0,0,0,0,0,0,0,0,0,0,0,0,1100411,0,0,0,0,1302,0,0,0,0,,0,/Game/Streaming/ArtAsset/UI/UIResource/UITexture/Common_Icon/Icon_Collection/icon_collection_LowgradeMechanicFinger.icon_collection_LowgradeMechanicFinger,,0,True,False,False,False,0,Dedo Mecânico Simples,"Um dedo mecânico de baixa qualidade e desatualizado, anteriormente usado na construção de corpos de máquinas. Embora obsoleto, é um item muito procurado entre colecionadores."
154030,Item_Name_154030,Item_Desc_154030,False,154030,True,True,True,[],4,1,0,8,34,2031,0,0,0,0,9999,0,0,0,False,1,0,10,0,0,0,0,0,0,0,0,0,0,0,0,0,0,0,0,0,0,0,0,0,0,0,0,0,0,0,0,0,0,0,0,0,0,0,0,0,0,1100411,0,0,0,0,1302,0,0,0,0,,0,/Game/Streaming/ArtAsset/UI/UIResource/UITexture/Common_Icon/Icon_Collection/icon_collection_FadedMedal.icon_collection_FadedMedal,,0,True,False,False,False,0,Medalha Desbotada,"Uma medalha Accretiana com um emblema de estrela, opaca e sem seu antigo brilho devido a longos anos de negligência."
154031,Item_Name_154031,Item_Desc_154031,False,154031,True,True,True,[],4,1,0,8,34,2031,0,0,0,0,9999,0,0,0,False,1,0,10,0,0,0,0,0,0,0,0,0,0,0,0,0,0,0,0,0,0,0,0,0,0,0,0,0,0,0,0,0,0,0,0,0,0,0,0,0,0,1100411,0,0,0,0,1302,0,0,0,0,,0,/Game/Streaming/ArtAsset/UI/UIResource/UITexture/Common_Icon/Icon_Collection/icon_collection_ImperialArmyInsignia.icon_collection_ImperialArmyInsignia,,0,True,False,False,False,0,Insígnia de Patente Imperial,"A insígnia da 27ª Legião, com danos na parte de trás sugerindo que foi arrancada à força. Apesar disso, é altamente valorizada por colecionadores."
154032,Item_Name_154032,Item_Desc_154032,False,154032,True,True,True,[],4,1,0,8,34,2031,0,0,0,0,9999,0,0,0,False,1,0,10,0,0,0,0,0,0,0,0,0,0,0,0,0,0,0,0,0,0,0,0,0,0,0,0,0,0,0,0,0,0,0,0,0,0,0,0,0,0,1100411,0,0,0,0,1302,0,0,0,0,,0,/Game/Streaming/ArtAsset/UI/UIResource/UITexture/Common_Icon/Icon_Collection/icon_collection_ImperialCitizenship.icon_collection_ImperialCitizenship,,0,True,False,False,False,0,Fragmento de Certificado de Cidadania do Império,"Um pedaço do certificado de cidadania do Império Accretia impresso em papel digital, um desejo ardente entre aqueles de posição social inferior."
154033,Item_Name_154033,Item_Desc_154033,False,154033,True,True,True,[],4,1,0,8,34,2031,0,0,0,0,9999,0,0,0,False,1,0,10,0,0,0,0,0,0,0,0,0,0,0,0,0,0,0,0,0,0,0,0,0,0,0,0,0,0,0,0,0,0,0,0,0,0,0,0,0,0,1100411,0,0,0,0,1302,0,0,0,0,,0,/Game/Streaming/ArtAsset/UI/UIResource/UITexture/Common_Icon/Icon_Collection/icon_collection_IntactBiocell.icon_collection_IntactBiocell,,0,True,False,False,False,0,Biocélula Intacta,"Uma unidade de armazenamento contendo uma bio-célula, um material essencial para a cirurgia de mecanização. A luz azul brilhante indica que ainda está em boas condições."
154034,Item_Name_154034,Item_Desc_154034,False,154034,True,True,True,[],4,1,0,8,34,2031,0,0,0,0,9999,0,0,0,False,1,0,10,0,0,0,0,0,0,0,0,0,0,0,0,0,0,0,0,0,0,0,0,0,0,0,0,0,0,0,0,0,0,0,0,0,0,0,0,0,0,1200411,0,0,0,0,1303,0,0,0,0,,0,/Game/Streaming/ArtAsset/UI/UIResource/UITexture/Common_Icon/Icon_Collection/icon_collection_EagleMedal.icon_collection_EagleMedal,,0,True,False,False,False,0,Medalha da Águia,"Uma medalha gravada com uma águia, concedida aos soldados que se destacaram durante o assalto à Mina Crag."
154035,Item_Name_154035,Item_Desc_154035,False,154035,True,True,True,[],4,1,0,8,34,2031,0,0,0,0,9999,0,0,0,False,1,0,10,0,0,0,0,0,0,0,0,0,0,0,0,0,0,0,0,0,0,0,0,0,0,0,0,0,0,0,0,0,0,0,0,0,0,0,0,0,0,1200411,0,0,0,0,1303,0,0,0,0,,0,/Game/Streaming/ArtAsset/UI/UIResource/UITexture/Common_Icon/Icon_Collection/icon_collection_NovusCrystalball.icon_collection_NovusCrystalball,,0,True,False,False,False,0,Orbe de Cristal Novus,"Uma bola de cristal contendo o planeta Novus, supostamente feita em quantidades limitadas para um evento da Corporação Valanta."
154036,Item_Name_154036,Item_Desc_154036,False,154036,True,True,True,[],4,1,0,8,34,2031,0,0,0,0,9999,0,0,0,False,1,0,10,0,0,0,0,0,0,0,0,0,0,0,0,0,0,0,0,0,0,0,0,0,0,0,0,0,0,0,0,0,0,0,0,0,0,0,0,0,0,1200411,0,0,0,0,1303,0,0,0,0,,0,/Game/Streaming/ArtAsset/UI/UIResource/UITexture/Common_Icon/Icon_Collection/icon_collection_HavurMask.icon_collection_HavurMask,,0,True,False,False,False,0,Estátua Habur,"Uma escultura encontrada nas ruínas de uma tribo indígena na região desértica de Novus, que dizem retratar Habur, a divindade da calamidade."
154037,Item_Name_154037,Item_Desc_154037,False,154037,True,True,True,[],4,1,0,8,34,2031,0,0,0,0,9999,0,0,0,False,1,0,10,0,0,0,0,0,0,0,0,0,0,0,0,0,0,0,0,0,0,0,0,0,0,0,0,0,0,0,0,0,0,0,0,0,0,0,0,0,0,1200411,0,0,0,0,1303,0,0,0,0,,0,/Game/Streaming/ArtAsset/UI/UIResource/UITexture/Common_Icon/Icon_Collection/icon_collection_KebeluMask.icon_collection_KebeluMask,,0,True,False,False,False,0,Estátua Kebelu,"Uma escultura encontrada nas ruínas de uma tribo indígena na região desértica de Novus, que dizem retratar Kebelu, a divindade do desespero."
154038,Item_Name_154038,Item_Desc_154038,False,154038,True,True,True,[],4,1,0,8,34,2031,0,0,0,0,9999,0,0,0,False,1,0,10,0,0,0,0,0,0,0,0,0,0,0,0,0,0,0,0,0,0,0,0,0,0,0,0,0,0,0,0,0,0,0,0,0,0,0,0,0,0,1300411,0,0,0,0,1303,0,0,0,0,,0,/Game/Streaming/ArtAsset/UI/UIResource/UITexture/Common_Icon/Icon_Collection/icon_collection_NovusMetalBadge.icon_collection_NovusMetalBadge,,0,True,False,False,False,0,Broche Metálico Novus,Broche metálico que retrata os continentes do planeta Novus. Pode ser usado como um emblema e é feito de um material resistente e suavemente polido.
154039,Item_Name_154039,Item_Desc_154039,False,154039,True,True,True,[],4,1,0,8,34,2031,0,0,0,0,9999,0,0,0,False,1,0,10,0,0,0,0,0,0,0,0,0,0,0,0,0,0,0,0,0,0,0,0,0,0,0,0,0,0,0,0,0,0,0,0,0,0,0,0,0,0,1300411,0,0,0,0,1303,0,0,0,0,,0,/Game/Streaming/ArtAsset/UI/UIResource/UITexture/Common_Icon/Icon_Collection/icon_collection_JKsBrainPhoto.icon_collection_JKsBrainPhoto,,0,True,False,False,False,0,Escaneamento Cerebral de S.T.,"Uma imagem de uma seção transversal do cérebro, destacando regiões anormais em tons escuros. As iniciais manuscritas ""S.T."" aparecem em um canto da imagem."
154040,Item_Name_154040,Item_Desc_154040,False,154040,True,True,True,[],4,1,0,8,34,2031,0,0,0,0,9999,0,0,0,False,1,0,10,0,0,0,0,0,0,0,0,0,0,0,0,0,0,0,0,0,0,0,0,0,0,0,0,0,0,0,0,0,0,0,0,0,0,0,0,0,0,1300411,0,0,0,0,1303,0,0,0,0,,0,/Game/Streaming/ArtAsset/UI/UIResource/UITexture/Common_Icon/Icon_Collection/icon_collection_marchettiMask.icon_collection_marchettiMask,,0,True,False,False,False,0,Estátua Maketi,"Uma escultura encontrada nas ruínas de uma tribo indígena na região desértica de Novus, que dizem retratar Maketi, a divindade do terror."
154041,Item_Name_154041,Item_Desc_154041,False,154041,True,True,True,[],4,1,0,8,34,2031,0,0,0,0,9999,0,0,0,False,1,0,10,0,0,0,0,0,0,0,0,0,0,0,0,0,0,0,0,0,0,0,0,0,0,0,0,0,0,0,0,0,0,0,0,0,0,0,0,0,0,1300411,0,0,0,0,1303,0,0,0,0,,0,/Game/Streaming/ArtAsset/UI/UIResource/UITexture/Common_Icon/Icon_Collection/icon_collection_RedSauraFlag.icon_collection_RedSauraFlag,,0,True,False,False,False,0,Fragmento de Estandarte Saura Vermelho,"Um pedaço esfarrapado de uma bandeira pertencente aos Sauras Vermelhos, uma espécie agora extinta. Ele oferece um vislumbre da feroz competição entre os clãs."
154042,Item_Name_154042,Item_Desc_154042,False,154042,True,True,True,[],4,1,0,8,34,2031,0,0,0,0,9999,0,0,0,False,1,0,10,0,0,0,0,0,0,0,0,0,0,0,0,0,0,0,0,0,0,0,0,0,0,0,0,0,0,0,0,0,0,0,0,0,0,0,0,0,0,1400411,0,0,0,0,1301,0,0,0,0,,0,/Game/Streaming/ArtAsset/UI/UIResource/UITexture/Common_Icon/Icon_Collection/icon_collection_MechanicSkeleton.icon_collection_MechanicSkeleton,,0,True,False,False,False,0,Esqueleto Mecha,"Um fragmento ósseo artificial metálico, provavelmente parte da estrutura do peito. Seu design inicial o torna altamente procurado por colecionadores."
154043,Item_Name_154043,Item_Desc_154043,False,154043,True,True,True,[],4,1,0,8,34,2031,0,0,0,0,9999,0,0,0,False,1,0,10,0,0,0,0,0,0,0,0,0,0,0,0,0,0,0,0,0,0,0,0,0,0,0,0,0,0,0,0,0,0,0,0,0,0,0,0,0,0,1400411,0,0,0,0,1301,0,0,0,0,,0,/Game/Streaming/ArtAsset/UI/UIResource/UITexture/Common_Icon/Icon_Collection/icon_collection_5thGenChip.icon_collection_5thGenChip,,0,True,False,False,False,0,Chip de IA de 5ª Geração,"Um Chip de IA de 5ª Geração instalado em androides, estampado com o logotipo da CyberCon."
154044,Item_Name_154044,Item_Desc_154044,False,154044,True,True,True,[],4,1,0,8,34,2031,0,0,0,0,9999,0,0,0,False,1,0,10,0,0,0,0,0,0,0,0,0,0,0,0,0,0,0,0,0,0,0,0,0,0,0,0,0,0,0,0,0,0,0,0,0,0,0,0,0,0,1400411,0,0,0,0,1301,0,0,0,0,,0,/Game/Streaming/ArtAsset/UI/UIResource/UITexture/Common_Icon/Icon_Collection/icon_collection_MechanicEyeball.icon_collection_MechanicEyeball,,0,True,False,False,False,0,Olho Mecha,"Um olho artificial mecanicamente projetado, originalmente concebido para androides, mas utilizável em outros corpos mecânicos também."
154045,Item_Name_154045,Item_Desc_154045,False,154045,True,True,True,[],4,1,0,8,34,2031,0,0,0,0,9999,0,0,0,False,1,0,10,0,0,0,0,0,0,0,0,0,0,0,0,0,0,0,0,0,0,0,0,0,0,0,0,0,0,0,0,0,0,0,0,0,0,0,0,0,0,1400411,0,0,0,0,1301,0,0,0,0,,0,/Game/Streaming/ArtAsset/UI/UIResource/UITexture/Common_Icon/Icon_Collection/icon_collection_RomanusSeal.icon_collection_RomanusSeal,,0,True,False,False,False,0,Selo de Romanus,"Um selo da casa nobre Romanus caída, feito de metal e decorado com detalhes ornamentais finos."
154046,Item_Name_154046,Item_Desc_154046,False,154046,True,True,True,[],4,1,0,8,34,2031,0,0,0,0,9999,0,0,0,False,1,0,10,0,0,0,0,0,0,0,0,0,0,0,0,0,0,0,0,0,0,0,0,0,0,0,0,0,0,0,0,0,0,0,0,0,0,0,0,0,0,1500411,0,0,0,0,1301,0,0,0,0,,0,/Game/Streaming/ArtAsset/UI/UIResource/UITexture/Common_Icon/Icon_Collection/icon_collection_DamagedEmperorOrder.icon_collection_DamagedEmperorOrder,,0,True,False,False,False,0,Medalha do Imperador Danificada,"Uma medalha prestigiosa concedida pelo Imperador Accretiano, agora parcialmente quebrada. É de se perguntar por que um símbolo de honra seria tratado com tanto descuido."
154047,Item_Name_154047,Item_Desc_154047,False,154047,True,True,True,[],4,1,0,8,34,2031,0,0,0,0,9999,0,0,0,False,1,0,10,0,0,0,0,0,0,0,0,0,0,0,0,0,0,0,0,0,0,0,0,0,0,0,0,0,0,0,0,0,0,0,0,0,0,0,0,0,0,1500411,0,0,0,0,1302,0,0,0,0,,0,/Game/Streaming/ArtAsset/UI/UIResource/UITexture/Common_Icon/Icon_Collection/icon_collection_NemesisBadge.icon_collection_NemesisBadge,,0,True,False,False,False,0,Insígnia Nemesis,"Um emblema metálico com setas sobrepostas. A palavra ""Nemesis"" está gravada na parte de trás."
154048,Item_Name_154048,Item_Desc_154048,False,154048,True,True,True,[],4,1,0,8,34,2031,0,0,0,0,9999,0,0,0,False,1,0,10,0,0,0,0,0,0,0,0,0,0,0,0,0,0,0,0,0,0,0,0,0,0,0,0,0,0,0,0,0,0,0,0,0,0,0,0,0,0,1500411,0,0,0,0,1303,0,0,0,0,,0,/Game/Streaming/ArtAsset/UI/UIResource/UITexture/Common_Icon/Icon_Collection/icon_collection_SoberiniumMineral.icon_collection_SoberiniumMineral,,0,True,False,False,False,0,Minério de Soberinium,"Uma cápsula contendo uma pequena quantidade do raro e precioso mineral Soberinium. Mesmo em quantidades mínimas, serve como matéria-prima para criar metais sintéticos extremamente duráveis."
154049,Item_Name_154049,Item_Desc_154049,False,154049,True,True,True,[],4,1,0,8,34,2031,0,0,0,0,9999,0,0,0,False,1,0,10,0,0,0,0,0,0,0,0,0,0,0,0,0,0,0,0,0,0,0,0,0,0,0,0,0,0,0,0,0,0,0,0,0,0,0,0,0,0,1600411,0,0,0,0,1301,0,0,0,0,,0,/Game/Streaming/ArtAsset/UI/UIResource/UITexture/Common_Icon/Icon_Collection/icon_collection_BlackCrystal.icon_collection_BlackCrystal,,0,True,False,False,False,0,Cristal Negro,"Um cristal raro e precioso das profundezas da Mina Crag, preto na superfície e emitindo um brilho interno sutil, cercado por matéria flutuante."
154050,Item_Name_154050,Item_Desc_154050,False,154050,True,True,True,[],4,1,0,8,34,2031,0,0,0,0,9999,0,0,0,False,1,0,10,0,0,0,0,0,0,0,0,0,0,0,0,0,0,0,0,0,0,0,0,0,0,0,0,0,0,0,0,0,0,0,0,0,0,0,0,0,0,1600411,0,0,0,0,1302,0,0,0,0,,0,/Game/Streaming/ArtAsset/UI/UIResource/UITexture/Common_Icon/Icon_Collection/icon_collection_HollystoneGemstoneFragment.icon_collection_HollystoneGemstoneFragment,,0,True,False,False,False,0,Fragmento de Minério de Pedra Sagrada,"Um fragmento de minério bruto contendo Pedra Sagrada. Embora possa ser processado para extrair Pedra Sagrada, os colecionadores o valorizam muito em sua forma não processada."
154051,Item_Name_154051,Item_Desc_154051,False,154051,True,True,True,[],4,1,0,8,34,2031,0,0,0,0,9999,0,0,0,False,1,0,10,0,0,0,0,0,0,0,0,0,0,0,0,0,0,0,0,0,0,0,0,0,0,0,0,0,0,0,0,0,0,0,0,0,0,0,0,0,0,1600411,0,0,0,0,1303,0,0,0,0,,0,/Game/Streaming/ArtAsset/UI/UIResource/UITexture/Common_Icon/Icon_Collection/icon_collection_BleedingStoneOrnament.icon_collection_BleedingStoneOrnament,,0,True,False,False,False,0,Acessório Pedra Sangrenta,"Com formato de lâmina de pedra, possui uma gema vermelha e ornamentação dourada no topo. Como o nome sugere, um líquido vermelho escorre pela sua superfície."
154052,Item_Name_154052,Item_Desc_154052,False,154052,True,True,True,[],4,1,0,8,34,2031,0,0,0,0,9999,0,0,0,False,1,0,10,0,0,0,0,0,0,0,0,0,0,0,0,0,0,0,0,0,0,0,0,0,0,0,0,0,0,0,0,0,0,0,0,0,0,0,0,0,0,1700411,0,0,0,0,1301,0,0,0,0,,0,/Game/Streaming/ArtAsset/UI/UIResource/UITexture/Common_Icon/Icon_Collection/icon_collection_Holystonebullet.icon_collection_Holystonebullet,,0,True,False,False,False,0,Munição de Pedra Sagrada,"Uma bala de rifle com ponta de Pedra Sagrada, criada para atender às especificações do exército imperial. Parece ter sido carregada como um amuleto de boa sorte."
154053,Item_Name_154053,Item_Desc_154053,False,154053,True,True,True,[],4,1,0,8,34,2031,0,0,0,0,9999,0,0,0,False,1,0,10,0,0,0,0,0,0,0,0,0,0,0,0,0,0,0,0,0,0,0,0,0,0,0,0,0,0,0,0,0,0,0,0,0,0,0,0,0,0,1700411,0,0,0,0,1301,0,0,0,0,,0,/Game/Streaming/ArtAsset/UI/UIResource/UITexture/Common_Icon/Icon_Collection/icon_collection_Killmark.icon_collection_Killmark,,0,True,False,False,False,0,Marca de Abate,"Um pedaço de armadura de um MAU, coberto de marcas de abate, possivelmente recuperado do MAU destruído de um piloto de elite."
154054,Item_Name_154054,Item_Desc_154054,False,154054,True,True,True,[],4,1,0,8,34,2031,0,0,0,0,9999,0,0,0,False,1,0,10,0,0,0,0,0,0,0,0,0,0,0,0,0,0,0,0,0,0,0,0,0,0,0,0,0,0,0,0,0,0,0,0,0,0,0,0,0,0,1700411,0,0,0,0,1301,0,0,0,0,,0,/Game/Streaming/ArtAsset/UI/UIResource/UITexture/Common_Icon/Icon_Collection/icon_collection_Luckyarmorplate.icon_collection_Luckyarmorplate,,0,True,False,False,False,0,Placa de Armadura da Sorte,Uma placa de armadura à prova de balas que permaneceu intacta. Os soldados frequentemente guardam essas placas como amuletos da sorte.
154055,Item_Name_154055,Item_Desc_154055,False,154055,True,True,True,[],4,1,0,8,34,2031,0,0,0,0,9999,0,0,0,False,1,0,10,0,0,0,0,0,0,0,0,0,0,0,0,0,0,0,0,0,0,0,0,0,0,0,0,0,0,0,0,0,0,0,0,0,0,0,0,0,0,1700411,0,0,0,0,1302,0,0,0,0,,0,/Game/Streaming/ArtAsset/UI/UIResource/UITexture/Common_Icon/Icon_Collection/icon_collection_Transportticket.icon_collection_Transportticket,,0,True,False,False,False,0,Bilhete de Nave de Carga,Um bilhete de transporte de navio da Plataforma Crag. A plataforma viu um influxo de turistas durante a era de cessar-fogo.
154056,Item_Name_154056,Item_Desc_154056,False,154056,True,True,True,[],4,1,0,8,34,2031,0,0,0,0,9999,0,0,0,False,1,0,10,0,0,0,0,0,0,0,0,0,0,0,0,0,0,0,0,0,0,0,0,0,0,0,0,0,0,0,0,0,0,0,0,0,0,0,0,0,0,1700411,0,0,0,0,1302,0,0,0,0,,0,/Game/Streaming/ArtAsset/UI/UIResource/UITexture/Common_Icon/Icon_Collection/icon_collection_Federalmandate.icon_collection_Federalmandate,,0,True,False,False,False,0,Ordem da Federação,"Uma ordem militar da Federação Bellato. O conteúdo foi perdido. As ordens da Federação eram compactas e luxuosas, mas frágeis, o que gerou muitas críticas."
154057,Item_Name_154057,Item_Desc_154057,False,154057,True,True,True,[],4,1,0,8,34,2031,0,0,0,0,9999,0,0,0,False,1,0,10,0,0,0,0,0,0,0,0,0,0,0,0,0,0,0,0,0,0,0,0,0,0,0,0,0,0,0,0,0,0,0,0,0,0,0,0,0,0,1700411,0,0,0,0,1302,0,0,0,0,,0,/Game/Streaming/ArtAsset/UI/UIResource/UITexture/Common_Icon/Icon_Collection/icon_collection_Platforminformationpamphlet.icon_collection_Platforminformationpamphlet,,0,True,False,False,False,0,Folheto Informativo da Plataforma,"Um folheto informativo criado durante a era pacífica quando as pessoas podiam visitar a Plataforma Crag como turistas. Está escrito nas línguas de Cora, Bellato e Accretia."
154058,Item_Name_154058,Item_Desc_154058,False,154058,True,True,True,[],4,1,0,8,34,2031,0,0,0,0,9999,0,0,0,False,1,0,10,0,0,0,0,0,0,0,0,0,0,0,0,0,0,0,0,0,0,0,0,0,0,0,0,0,0,0,0,0,0,0,0,0,0,0,0,0,0,1810035,0,0,0,0,1304,0,0,0,0,,0,/Game/Streaming/ArtAsset/UI/UIResource/UITexture/Common_Icon/Icon_Collection/icon_collection_KarianaTankCannon.icon_collection_KarianaTankCannon,,0,True,False,False,False,0,Arma do Tanque Calliana Danificada,"O canhão principal quebrado de um tanque Calliana. Tanques Calliana usam armas de energia, favorecendo mobilidade e furtividade em vez de Defesa. Para aqueles sem um exército formal, tanques aéreos fortemente blindados eram fardos caros com pouco uso prático, muito caros para serem movidos."
154059,Item_Name_154059,Item_Desc_154059,False,154059,True,True,True,[],4,1,0,8,34,2031,0,0,0,0,9999,0,0,0,False,1,0,10,0,0,0,0,0,0,0,0,0,0,0,0,0,0,0,0,0,0,0,0,0,0,0,0,0,0,0,0,0,0,0,0,0,0,0,0,0,0,1810035,0,0,0,0,1304,0,0,0,0,,0,/Game/Streaming/ArtAsset/UI/UIResource/UITexture/Common_Icon/Icon_Collection/icon_collection_PsychicCrystalDeformed.icon_collection_PsychicCrystalDeformed,,0,True,False,False,False,0,Cristal Psíquico Mutado,Um Cristal Psíquico danificado por infusão excessiva de energia de Força. O uso normal de Força nunca resultaria nesse tipo de destruição. Parece ser obra de um Animus.
154060,Item_Name_154060,Item_Desc_154060,False,154060,True,True,True,[],4,1,0,8,34,2031,0,0,0,0,9999,0,0,0,False,1,0,10,0,0,0,0,0,0,0,0,0,0,0,0,0,0,0,0,0,0,0,0,0,0,0,0,0,0,0,0,0,0,0,0,0,0,0,0,0,0,1810035,0,0,0,0,1304,0,0,0,0,,0,/Game/Streaming/ArtAsset/UI/UIResource/UITexture/Common_Icon/Icon_Collection/icon_collection_AdrenalineInjectionsUnknown.icon_collection_AdrenalineInjectionsUnknown,,0,True,False,False,False,0,Injeção Misteriosa,Uma seringa aparentemente usada por criminosos. O resíduo dentro parece ser uma substância psicoativa. Sua presença na zona de quarentena sugere o envolvimento de um carcereiro.
154061,Item_Name_154061,Item_Desc_154061,False,154061,True,True,True,[],4,1,0,8,34,2031,0,0,0,0,9999,0,0,0,False,1,0,10,0,0,0,0,0,0,0,0,0,0,0,0,0,0,0,0,0,0,0,0,0,0,0,0,0,0,0,0,0,0,0,0,0,0,0,0,0,0,1810035,0,0,0,0,1304,0,0,0,0,,0,/Game/Streaming/ArtAsset/UI/UIResource/UITexture/Common_Icon/Icon_Collection/icon_collection_SiegekitScope.icon_collection_SiegekitScope,,0,True,False,False,False,0,Dispositivo de Mira do Kit de Cerco,"Um dispositivo de mira incluído em kits de cerco usados durante a Grande Guerra. Projetado com especificações comuns, é compatível com vários outros dispositivos."
154062,Item_Name_154062,Item_Desc_154062,False,154062,True,True,True,[],4,1,0,8,34,2031,0,0,0,0,9999,0,0,0,False,1,0,10,0,0,0,0,0,0,0,0,0,0,0,0,0,0,0,0,0,0,0,0,0,0,0,0,0,0,0,0,0,0,0,0,0,0,0,0,0,0,1810035,0,0,0,0,1304,0,0,0,0,,0,/Game/Streaming/ArtAsset/UI/UIResource/UITexture/Common_Icon/Icon_Collection/icon_collection_Controlfacilityremotedevice.icon_collection_Controlfacilityremotedevice,,0,True,False,False,False,0,Dispositivo Remoto da Instalação de Controle,"Um dispositivo de controle remoto para a instalação de controle do campo de mineração. No Campo de Mineração Nable, quase tudo é automatizado. Infelizmente, isso o tornou altamente vulnerável a ataques de hacking."
154063,Item_Name_154063,Item_Desc_154063,False,154063,True,True,True,[],4,1,0,8,34,2031,0,0,0,0,9999,0,0,0,False,1,0,10,0,0,0,0,0,0,0,0,0,0,0,0,0,0,0,0,0,0,0,0,0,0,0,0,0,0,0,0,0,0,0,0,0,0,0,0,0,0,1810039,0,0,0,0,1303,0,0,0,0,,0,/Game/Streaming/ArtAsset/UI/UIResource/UITexture/Common_Icon/Icon_Collection/icon_collection_FederalmandateHidden.icon_collection_FederalmandateHidden,,0,True,False,False,False,0,Ordem Secreta da Federação,Uma ordem para uma unidade Bellateana. Esta foi danificada. Ordens secretas intactas são projetadas para se autoincinerar caso sejam desdobradas na ordem incorreta.
154064,Item_Name_154064,Item_Desc_154064,False,154064,True,True,True,[],4,1,0,8,34,2031,0,0,0,0,9999,0,0,0,False,1,0,10,0,0,0,0,0,0,0,0,0,0,0,0,0,0,0,0,0,0,0,0,0,0,0,0,0,0,0,0,0,0,0,0,0,0,0,0,0,0,1810039,0,0,0,0,1303,0,0,0,0,,0,/Game/Streaming/ArtAsset/UI/UIResource/UITexture/Common_Icon/Icon_Collection/icon_collection_PlatforminformationUrgent.icon_collection_PlatforminformationUrgent,,0,True,False,False,False,0,Aviso de Emergência da Plataforma,Um folheto informativo sobre o Elevador Orbital. A ambição do Império era usar o elevador para garantir o controle da órbita de Novus e iniciar sua grande expansão no espaço.
154065,Item_Name_154065,Item_Desc_154065,False,154065,True,True,True,[],4,1,0,8,34,2031,0,0,0,0,9999,0,0,0,False,1,0,10,0,0,0,0,0,0,0,0,0,0,0,0,0,0,0,0,0,0,0,0,0,0,0,0,0,0,0,0,0,0,0,0,0,0,0,0,0,0,1810047,0,0,0,0,1304,0,0,0,0,,0,/Game/Streaming/ArtAsset/UI/UIResource/UITexture/Common_Icon/Icon_Collection/icon_collection_CNCBlade.icon_collection_CNCBlade,,0,True,False,False,False,0,Lâmina CNC,"Uma lâmina de cabeça CNC projetada para processamento de precisão, frequentemente chamada de ""Bite."" Embora não possua marcas de marca, parece ser um produto de uma empresa de Bellato."
154066,Item_Name_154066,Item_Desc_154066,False,154066,True,True,True,[],4,1,0,8,34,2031,0,0,0,0,9999,0,0,0,False,1,0,10,0,0,0,0,0,0,0,0,0,0,0,0,0,0,0,0,0,0,0,0,0,0,0,0,0,0,0,0,0,0,0,0,0,0,0,0,0,0,1810047,0,0,0,0,1304,0,0,0,0,,0,/Game/Streaming/ArtAsset/UI/UIResource/UITexture/Common_Icon/Icon_Collection/icon_collection_VibrationGenerator.icon_collection_VibrationGenerator,,0,True,False,False,False,0,Gerador de Vibração,"Um gerador de vibração para uso sob silêncio de rádio. Ao analisar os ecos de seus pulsos, ele pode localizar inimigos tanto acima quanto abaixo do solo. Infelizmente, ele também pode atrair monstros como Vermes de Areia ou Anabolas."
154139,Item_Name_154139,Item_Desc_154139,False,154139,True,False,True,[],1,1,0,8,34,2031,0,0,0,0,9999,0,0,0,False,1,0,10,0,0,0,0,0,0,0,0,0,0,0,0,0,0,0,0,0,0,0,0,0,0,0,0,0,0,0,0,0,0,0,0,0,0,0,0,0,0,1810000,0,0,0,0,1003,0,0,0,0,,0,/Game/Streaming/ArtAsset/UI/UIResource/UITexture/Common_Icon/Icon_Collection/icon_collection_UniqueMachineOil.icon_collection_UniqueMachineOil,,0,True,False,False,False,0,Óleo de Máquina Especial,"Contém óleo usado nos eixos de transmissão dos androides. Ao contrário do óleo de máquina padrão, esta fórmula é especialmente projetada para uso apenas com equipamentos específicos."
154140,Item_Name_154140,Item_Desc_154140,False,154140,True,False,True,[],1,1,0,8,34,2031,0,0,0,0,9999,0,0,0,False,1,0,10,0,0,0,0,0,0,0,0,0,0,0,0,0,0,0,0,0,0,0,0,0,0,0,0,0,0,0,0,0,0,0,0,0,0,0,0,0,0,1810004,0,0,0,0,1003,0,0,0,0,,0,/Game/Streaming/ArtAsset/UI/UIResource/UITexture/Common_Icon/Icon_Collection/icon_collection_MultipleOpticalLens.icon_collection_MultipleOpticalLens,,0,True,False,False,False,0,Lente Óptica Multidimensional,Um componente vital para o controle de visão de androides. Foi produzido em números limitados durante os primeiros dias de Accretia e permite a percepção simultânea de dimensões planas e espaciais.
154141,Item_Name_154141,Item_Desc_154141,False,154141,True,False,True,[],1,1,0,8,34,2031,0,0,0,0,9999,0,0,0,False,1,0,10,0,0,0,0,0,0,0,0,0,0,0,0,0,0,0,0,0,0,0,0,0,0,0,0,0,0,0,0,0,0,0,0,0,0,0,0,0,0,1810008,0,0,0,0,1003,0,0,0,0,,0,/Game/Streaming/ArtAsset/UI/UIResource/UITexture/Common_Icon/Icon_Collection/icon_collection_SeleneStoneGreen.icon_collection_SeleneStoneGreen,,0,True,False,False,False,0,Pedra Albern Verde,"Um mineral espacial com tonalidade verde, incrustado com veias cristalinas radiantes. Principalmente descoberto em asteroides e meteoritos, seu potencial como recurso utilizável está sob investigação."
154142,Item_Name_154142,Item_Desc_154142,False,154142,True,False,True,[],1,1,0,8,34,2031,0,0,0,0,9999,0,0,0,False,1,0,10,0,0,0,0,0,0,0,0,0,0,0,0,0,0,0,0,0,0,0,0,0,0,0,0,0,0,0,0,0,0,0,0,0,0,0,0,0,0,1810012,0,0,0,0,1003,0,0,0,0,,0,/Game/Streaming/ArtAsset/UI/UIResource/UITexture/Common_Icon/Icon_Collection/icon_collection_SeleneStoneBlue.icon_collection_SeleneStoneBlue,,0,True,False,False,False,0,Pedra Albern Azul,"Um mineral espacial com tonalidade azul, incrustado com veias cristalinas radiantes. Principalmente descoberto em asteroides e meteoritos, seu potencial como recurso utilizável está sob investigação."
154143,Item_Name_154143,Item_Desc_154143,False,154143,True,False,True,[],1,1,0,8,34,2031,0,0,0,0,9999,0,0,0,False,1,0,10,0,0,0,0,0,0,0,0,0,0,0,0,0,0,0,0,0,0,0,0,0,0,0,0,0,0,0,0,0,0,0,0,0,0,0,0,0,0,1810016,0,0,0,0,1003,0,0,0,0,,0,/Game/Streaming/ArtAsset/UI/UIResource/UITexture/Common_Icon/Icon_Collection/icon_collection_SeleneStoneRed.icon_collection_SeleneStoneRed,,0,True,False,False,False,0,Pedra Albern Vermelha,"Um mineral espacial com tonalidade vermelha, incrustado com veias cristalinas radiantes. Principalmente descoberto em asteroides e meteoritos, seu potencial como recurso utilizável está sob investigação."
154144,Item_Name_154144,Item_Desc_154144,False,154144,True,False,True,[],1,1,0,8,34,2031,0,0,0,0,9999,0,0,0,False,1,0,10,0,0,0,0,0,0,0,0,0,0,0,0,0,0,0,0,0,0,0,0,0,0,0,0,0,0,0,0,0,0,0,0,0,0,0,0,0,0,1810020,0,0,0,0,1003,0,0,0,0,,0,/Game/Streaming/ArtAsset/UI/UIResource/UITexture/Common_Icon/Icon_Collection/icon_collection_SpaceCapsuleOxygen.icon_collection_SpaceCapsuleOxygen,,0,True,False,False,False,0,Cápsula de Oxigênio para Colonização Espacial,Uma cápsula de oxigênio emitida para exploradores espaciais. Este recipiente metálico cilíndrico injeta uma dose medida de oxigênio quando fixado na porta do pescoço do traje espacial.
154145,Item_Name_154145,Item_Desc_154145,False,154145,True,False,True,[],1,1,0,8,34,2031,0,0,0,0,9999,0,0,0,False,1,0,10,0,0,0,0,0,0,0,0,0,0,0,0,0,0,0,0,0,0,0,0,0,0,0,0,0,0,0,0,0,0,0,0,0,0,0,0,0,0,1810024,0,0,0,0,1003,0,0,0,0,,0,/Game/Streaming/ArtAsset/UI/UIResource/UITexture/Common_Icon/Icon_Collection/icon_collection_SpaceCapsuleWater.icon_collection_SpaceCapsuleWater,,0,True,False,False,False,0,Cápsula de Hidratação para Colonização Espacial,Uma cápsula de hidratação emitida para exploradores espaciais. Este recipiente metálico cilíndrico fornece uma dose medida de hidratação quando fixado na porta do pescoço do traje espacial.
154146,Item_Name_154146,Item_Desc_154146,False,154146,True,False,True,[],1,1,0,8,34,2031,0,0,0,0,9999,0,0,0,False,1,0,10,0,0,0,0,0,0,0,0,0,0,0,0,0,0,0,0,0,0,0,0,0,0,0,0,0,0,0,0,0,0,0,0,0,0,0,0,0,0,1810028,0,0,0,0,1003,0,0,0,0,,0,/Game/Streaming/ArtAsset/UI/UIResource/UITexture/Common_Icon/Icon_Collection/icon_collection_SpaceCapsuleEnergy.icon_collection_SpaceCapsuleEnergy,,0,True,False,False,False,0,Cápsula de Energia de Colonização Espacial,Uma cápsula de energia emitida para exploradores espaciais. Este recipiente metálico cilíndrico fornece uma dose medida de oxigênio quando fixado na porta do pescoço do traje espacial.
154147,Item_Name_154147,Item_Desc_154147,False,154147,True,False,True,[],2,1,0,8,34,2031,0,0,0,0,9999,0,0,0,False,1,0,10,0,0,0,0,0,0,0,0,0,0,0,0,0,0,0,0,0,0,0,0,0,0,0,0,0,0,0,0,0,0,0,0,0,0,0,0,0,0,1810001,0,0,0,0,1103,0,0,0,0,,0,/Game/Streaming/ArtAsset/UI/UIResource/UITexture/Common_Icon/Icon_Collection/icon_collection_EnhancedAccelerationTerminal.icon_collection_EnhancedAccelerationTerminal,,0,True,False,False,False,0,Dispositivo de Aceleração Aprimorado,"Um componente crítico para controlar as funções do androide. Fabricado por Roman, suporta mobilidade em alta velocidade."
154148,Item_Name_154148,Item_Desc_154148,False,154148,True,False,True,[],2,1,0,8,34,2031,0,0,0,0,9999,0,0,0,False,1,0,10,0,0,0,0,0,0,0,0,0,0,0,0,0,0,0,0,0,0,0,0,0,0,0,0,0,0,0,0,0,0,0,0,0,0,0,0,0,0,1810005,0,0,0,0,1103,0,0,0,0,,0,/Game/Streaming/ArtAsset/UI/UIResource/UITexture/Common_Icon/Icon_Collection/icon_collection_AdvancedMedicalScanner.icon_collection_AdvancedMedicalScanner,,0,True,False,False,False,0,Scanner Médico Avançado,Um dispositivo de diagnóstico projetado para avaliações físicas rápidas. Instalado exclusivamente em androides médicos especializados.
154149,Item_Name_154149,Item_Desc_154149,False,154149,True,False,True,[],2,1,0,8,34,2031,0,0,0,0,9999,0,0,0,False,1,0,10,0,0,0,0,0,0,0,0,0,0,0,0,0,0,0,0,0,0,0,0,0,0,0,0,0,0,0,0,0,0,0,0,0,0,0,0,0,0,1810009,0,0,0,0,1103,0,0,0,0,,0,/Game/Streaming/ArtAsset/UI/UIResource/UITexture/Common_Icon/Icon_Collection/icon_collection_DiscoverybotMetal.icon_collection_DiscoverybotMetal,,0,True,False,False,False,0,Bot de Pesquisa de Metal de Asteroide,"Um robô de exploração não tripulado, alimentado por IA, projetado para detectar estruturas subterrâneas em corpos planetários. Ele se ancora com quatro pernas e navega em baixas altitudes usando um pequeno propulsor."
154150,Item_Name_154150,Item_Desc_154150,False,154150,True,False,True,[],2,1,0,8,34,2031,0,0,0,0,9999,0,0,0,False,1,0,10,0,0,0,0,0,0,0,0,0,0,0,0,0,0,0,0,0,0,0,0,0,0,0,0,0,0,0,0,0,0,0,0,0,0,0,0,0,0,1810013,0,0,0,0,1103,0,0,0,0,,0,/Game/Streaming/ArtAsset/UI/UIResource/UITexture/Common_Icon/Icon_Collection/icon_collection_DiscoverybotBio.icon_collection_DiscoverybotBio,,0,True,False,False,False,0,Bot de Pesquisa Biológica de Asteroides,"Um robô de exploração não tripulado, alimentado por IA, projetado para detectar formas de vida subterrâneas em corpos planetários. Ele se ancora com quatro pernas e navega em baixas altitudes usando um pequeno propulsor."
154151,Item_Name_154151,Item_Desc_154151,False,154151,True,False,True,[],2,1,0,8,34,2031,0,0,0,0,9999,0,0,0,False,1,0,10,0,0,0,0,0,0,0,0,0,0,0,0,0,0,0,0,0,0,0,0,0,0,0,0,0,0,0,0,0,0,0,0,0,0,0,0,0,0,1810017,0,0,0,0,1103,0,0,0,0,,0,/Game/Streaming/ArtAsset/UI/UIResource/UITexture/Common_Icon/Icon_Collection/icon_collection_DiscoverybotGeo.icon_collection_DiscoverybotGeo,,0,True,False,False,False,0,Bot de Pesquisa Geológica de Asteroides,"Um robô de exploração não tripulado, alimentado por IA, projetado para detectar estruturas subterrâneas em corpos planetários. Ele se ancorará com quatro pernas e navegará em baixas altitudes usando um pequeno propulsor."
154152,Item_Name_154152,Item_Desc_154152,False,154152,True,False,True,[],2,1,0,8,34,2031,0,0,0,0,9999,0,0,0,False,1,0,10,0,0,0,0,0,0,0,0,0,0,0,0,0,0,0,0,0,0,0,0,0,0,0,0,0,0,0,0,0,0,0,0,0,0,0,0,0,0,1810021,0,0,0,0,1103,0,0,0,0,,0,/Game/Streaming/ArtAsset/UI/UIResource/UITexture/Common_Icon/Icon_Collection/icon_collection_SpaceHelmetExploer.icon_collection_SpaceHelmetExploer,,0,True,False,False,False,0,Capacete de Expedição Espacial,"Um capacete emitido para exploradores espaciais, apresentando uma ampla viseira frontal para campo de visão máximo.
Parece ser um modelo inicial para exploradores, derrubado pelo usuário ao ser atacado. O interior apresenta manchas que parecem sangue seco."
154153,Item_Name_154153,Item_Desc_154153,False,154153,True,False,True,[],2,1,0,8,34,2031,0,0,0,0,9999,0,0,0,False,1,0,10,0,0,0,0,0,0,0,0,0,0,0,0,0,0,0,0,0,0,0,0,0,0,0,0,0,0,0,0,0,0,0,0,0,0,0,0,0,0,1810025,0,0,0,0,1103,0,0,0,0,,0,/Game/Streaming/ArtAsset/UI/UIResource/UITexture/Common_Icon/Icon_Collection/icon_collection_SpaceHelmetBattle.icon_collection_SpaceHelmetBattle,,0,True,False,False,False,0,Capacete de Combate Espacial,"Um capacete emitido para exploradores espaciais, apresentando uma ampla viseira frontal para campo de visão máximo.
Parece ser um modelo inicial para combatentes, derrubado pelo usuário após uma batalha angustiante. O interior apresenta manchas que parecem sangue seco."
154154,Item_Name_154154,Item_Desc_154154,False,154154,True,False,True,[],2,1,0,8,34,2031,0,0,0,0,9999,0,0,0,False,1,0,10,0,0,0,0,0,0,0,0,0,0,0,0,0,0,0,0,0,0,0,0,0,0,0,0,0,0,0,0,0,0,0,0,0,0,0,0,0,0,1810029,0,0,0,0,1103,0,0,0,0,,0,/Game/Streaming/ArtAsset/UI/UIResource/UITexture/Common_Icon/Icon_Collection/icon_collection_SpaceHelmetEngineer.icon_collection_SpaceHelmetEngineer,,0,True,False,False,False,0,Capacete de Technician Espacial,"Um capacete emitido para exploradores espaciais, apresentando uma ampla viseira frontal para campo de visão máximo. Parece ser um modelo inicial para Technician, derrubado pelo usuário ao ser atacado. O interior apresenta manchas que parecem sangue seco."
154155,Item_Name_154155,Item_Desc_154155,False,154155,True,False,True,[],3,1,0,8,34,2031,0,0,0,0,9999,0,0,0,False,1,0,10,0,0,0,0,0,0,0,0,0,0,0,0,0,0,0,0,0,0,0,0,0,0,0,0,0,0,0,0,0,0,0,0,0,0,0,0,0,0,1810002,0,0,0,0,1203,0,0,0,0,,0,/Game/Streaming/ArtAsset/UI/UIResource/UITexture/Common_Icon/Icon_Collection/icon_collection_BloodyMechanicHand.icon_collection_BloodyMechanicHand,,0,True,False,False,False,0,Mão Mecânica Manchada de Sangue,"Uma mão mecânica coberta de sangue, feita de metal, projetada para imitar a funcionalidade de uma mão humana."
154156,Item_Name_154156,Item_Desc_154156,False,154156,True,False,True,[],3,1,0,8,34,2031,0,0,0,0,9999,0,0,0,False,1,0,10,0,0,0,0,0,0,0,0,0,0,0,0,0,0,0,0,0,0,0,0,0,0,0,0,0,0,0,0,0,0,0,0,0,0,0,0,0,0,1810006,0,0,0,0,1203,0,0,0,0,,0,/Game/Streaming/ArtAsset/UI/UIResource/UITexture/Common_Icon/Icon_Collection/icon_collection_PairBatteryPack.icon_collection_PairBatteryPack,,0,True,False,False,False,0,Par de Pacotes de Bateria,"Dois pacotes de bateria de android, enferrujados em alguns lugares, indicando que foram deixados sem uso por bastante tempo."
154157,Item_Name_154157,Item_Desc_154157,False,154157,True,False,True,[],3,1,0,8,34,2031,0,0,0,0,9999,0,0,0,False,1,0,10,0,0,0,0,0,0,0,0,0,0,0,0,0,0,0,0,0,0,0,0,0,0,0,0,0,0,0,0,0,0,0,0,0,0,0,0,0,0,1810010,0,0,0,0,1203,0,0,0,0,,0,/Game/Streaming/ArtAsset/UI/UIResource/UITexture/Common_Icon/Icon_Collection/icon_collection_SolarPanelAType.icon_collection_SolarPanelAType,,0,True,False,False,False,0,Painel Solar Tipo A,"Um painel solar construído para expedições planetárias, comumente instalado nos telhados de instalações residenciais. O Tipo A é um protótipo inicial com alta produção de energia, mas baixa eficiência devido ao seu alto custo de desenvolvimento."
154158,Item_Name_154158,Item_Desc_154158,False,154158,True,False,True,[],3,1,0,8,34,2031,0,0,0,0,9999,0,0,0,False,1,0,10,0,0,0,0,0,0,0,0,0,0,0,0,0,0,0,0,0,0,0,0,0,0,0,0,0,0,0,0,0,0,0,0,0,0,0,0,0,0,1810014,0,0,0,0,1203,0,0,0,0,,0,/Game/Streaming/ArtAsset/UI/UIResource/UITexture/Common_Icon/Icon_Collection/icon_collection_SolarPanelBType.icon_collection_SolarPanelBType,,0,True,False,False,False,0,Painel Solar Tipo B,"Um painel solar construído para expedições planetárias, comumente instalado nos telhados de instalações residenciais. O Tipo B é um protótipo inicial com baixa produção de energia, mas eficiência moderada graças ao seu baixo custo de desenvolvimento."
154159,Item_Name_154159,Item_Desc_154159,False,154159,True,False,True,[],3,1,0,8,34,2031,0,0,0,0,9999,0,0,0,False,1,0,10,0,0,0,0,0,0,0,0,0,0,0,0,0,0,0,0,0,0,0,0,0,0,0,0,0,0,0,0,0,0,0,0,0,0,0,0,0,0,1810018,0,0,0,0,1203,0,0,0,0,,0,/Game/Streaming/ArtAsset/UI/UIResource/UITexture/Common_Icon/Icon_Collection/icon_collection_SolarPanelCType.icon_collection_SolarPanelCType,,0,True,False,False,False,0,Painel Solar Tipo C,"Um painel solar construído para expedições planetárias, comumente instalado nos telhados de instalações residenciais. O Tipo C é um protótipo inicial com saída de energia moderada, mas alta eficiência graças ao seu baixo custo de desenvolvimento."
154160,Item_Name_154160,Item_Desc_154160,False,154160,True,False,True,[],3,1,0,8,34,2031,0,0,0,0,9999,0,0,0,False,1,0,10,0,0,0,0,0,0,0,0,0,0,0,0,0,0,0,0,0,0,0,0,0,0,0,0,0,0,0,0,0,0,0,0,0,0,0,0,0,0,1810022,0,0,0,0,1203,0,0,0,0,,0,/Game/Streaming/ArtAsset/UI/UIResource/UITexture/Common_Icon/Icon_Collection/icon_collection_EnergyCellAType.icon_collection_EnergyCellAType,,0,True,False,False,False,0,Célula de Energia Tipo A,Uma célula de energia de alta eficiência construída para expedições espaciais. Ela alimenta um abrigo para quatro pessoas por aproximadamente 24 horas e pode ser recarregada através de painéis solares.
154161,Item_Name_154161,Item_Desc_154161,False,154161,True,False,True,[],3,1,0,8,34,2031,0,0,0,0,9999,0,0,0,False,1,0,10,0,0,0,0,0,0,0,0,0,0,0,0,0,0,0,0,0,0,0,0,0,0,0,0,0,0,0,0,0,0,0,0,0,0,0,0,0,0,1810026,0,0,0,0,1203,0,0,0,0,,0,/Game/Streaming/ArtAsset/UI/UIResource/UITexture/Common_Icon/Icon_Collection/icon_collection_EnergyCellBType.icon_collection_EnergyCellBType,,0,True,False,False,False,0,Célula de Energia Tipo B,Uma célula de energia de alta produção construída para expedições espaciais. Ela alimenta um abrigo para vinte pessoas por aproximadamente 6 horas e pode ser recarregada através de painéis solares.
154162,Item_Name_154162,Item_Desc_154162,False,154162,True,False,True,[],3,1,0,8,34,2031,0,0,0,0,9999,0,0,0,False,1,0,10,0,0,0,0,0,0,0,0,0,0,0,0,0,0,0,0,0,0,0,0,0,0,0,0,0,0,0,0,0,0,0,0,0,0,0,0,0,0,1810030,0,0,0,0,1203,0,0,0,0,,0,/Game/Streaming/ArtAsset/UI/UIResource/UITexture/Common_Icon/Icon_Collection/icon_collection_EnergyCellCType.icon_collection_EnergyCellCType,,0,True,False,False,False,0,Célula de Energia Tipo C,Uma célula de energia duradoura construída para expedições espaciais. Ela alimenta um abrigo para duas pessoas por aproximadamente três dias e pode ser recarregada através de painéis solares.
154163,Item_Name_154163,Item_Desc_154163,False,154163,True,True,True,[],4,1,0,8,34,2031,0,0,0,0,9999,0,0,0,False,1,0,10,0,0,0,0,0,0,0,0,0,0,0,0,0,0,0,0,0,0,0,0,0,0,0,0,0,0,0,0,0,0,0,0,0,0,0,0,0,0,1810003,0,0,0,0,1303,0,0,0,0,,0,/Game/Streaming/ArtAsset/UI/UIResource/UITexture/Common_Icon/Icon_Collection/icon_collection_MultipleMechanicSkeleton.icon_collection_MultipleMechanicSkeleton,,0,True,False,False,False,0,Esqueleto Multi-Mecha,"Um fragmento esquelético metálico, provavelmente parte da estrutura do peito. Embora mais avançado do que os modelos iniciais, ainda é altamente procurado por colecionadores."
154164,Item_Name_154164,Item_Desc_154164,False,154164,True,True,True,[],4,1,0,8,34,2031,0,0,0,0,9999,0,0,0,False,1,0,10,0,0,0,0,0,0,0,0,0,0,0,0,0,0,0,0,0,0,0,0,0,0,0,0,0,0,0,0,0,0,0,0,0,0,0,0,0,0,1810007,0,0,0,0,1303,0,0,0,0,,0,/Game/Streaming/ArtAsset/UI/UIResource/UITexture/Common_Icon/Icon_Collection/icon_collection_ReformMechanicEyeball.icon_collection_ReformMechanicEyeball,,0,True,False,False,False,0,Olho Mecha Melhorado,"Um olho artificial mecanicamente projetado, originalmente desenvolvido para androides, mas que tem um desempenho melhor do que unidades oculares de baixo nível para corpos mecânicos."
154165,Item_Name_154165,Item_Desc_154165,False,154165,True,True,True,[],4,1,0,8,34,2031,0,0,0,0,9999,0,0,0,False,1,0,10,0,0,0,0,0,0,0,0,0,0,0,0,0,0,0,0,0,0,0,0,0,0,0,0,0,0,0,0,0,0,0,0,0,0,0,0,0,0,1810011,0,0,0,0,1303,0,0,0,0,,0,/Game/Streaming/ArtAsset/UI/UIResource/UITexture/Common_Icon/Icon_Collection/icon_collection_NetherCableArm.icon_collection_NetherCableArm,,0,True,False,False,False,0,Cabo de Braço de Nether,"Um cabo de braço encontrado em um Nether caído. Montado ao longo do braço externo, provavelmente canalizava energia através do membro."
154166,Item_Name_154166,Item_Desc_154166,False,154166,True,True,True,[],4,1,0,8,34,2031,0,0,0,0,9999,0,0,0,False,1,0,10,0,0,0,0,0,0,0,0,0,0,0,0,0,0,0,0,0,0,0,0,0,0,0,0,0,0,0,0,0,0,0,0,0,0,0,0,0,0,1810015,0,0,0,0,1303,0,0,0,0,,0,/Game/Streaming/ArtAsset/UI/UIResource/UITexture/Common_Icon/Icon_Collection/icon_collection_NetherCablePower.icon_collection_NetherCablePower,,0,True,False,False,False,0,Cabo de Poder de Nether,"Um cabo de energia encontrado em um Nether caído. Conectado ao sistema de conduítes de energia, provavelmente canalizava energia convertida por todo o corpo."
154167,Item_Name_154167,Item_Desc_154167,False,154167,True,True,True,[],4,1,0,8,34,2031,0,0,0,0,9999,0,0,0,False,1,0,10,0,0,0,0,0,0,0,0,0,0,0,0,0,0,0,0,0,0,0,0,0,0,0,0,0,0,0,0,0,0,0,0,0,0,0,0,0,0,1810019,0,0,0,0,1303,0,0,0,0,,0,/Game/Streaming/ArtAsset/UI/UIResource/UITexture/Common_Icon/Icon_Collection/icon_collection_NetherCableBody.icon_collection_NetherCableBody,,0,True,False,False,False,0,Cabo do Corpo de Nether,"Um cabo corporal encontrado em um Nether caído. Montado ao longo do torso, provavelmente canalizou energia através do corpo principal."
154168,Item_Name_154168,Item_Desc_154168,False,154168,True,True,True,[],4,1,0,8,34,2031,0,0,0,0,9999,0,0,0,False,1,0,10,0,0,0,0,0,0,0,0,0,0,0,0,0,0,0,0,0,0,0,0,0,0,0,0,0,0,0,0,0,0,0,0,0,0,0,0,0,0,1810023,0,0,0,0,1303,0,0,0,0,,0,/Game/Streaming/ArtAsset/UI/UIResource/UITexture/Common_Icon/Icon_Collection/icon_collection_TerraformingPlan1.icon_collection_TerraformingPlan1,,0,True,False,False,False,0,Plano de Terraformação Capítulo 1,Um bloco de notas digital emitido para expedicionários planetários. Presume-se que contenha um plano de terraformação. Mais detalhes permanecem inacessíveis devido à corrupção de dados.
154169,Item_Name_154169,Item_Desc_154169,False,154169,True,True,True,[],4,1,0,8,34,2031,0,0,0,0,9999,0,0,0,False,1,0,10,0,0,0,0,0,0,0,0,0,0,0,0,0,0,0,0,0,0,0,0,0,0,0,0,0,0,0,0,0,0,0,0,0,0,0,0,0,0,1810027,0,0,0,0,1303,0,0,0,0,,0,/Game/Streaming/ArtAsset/UI/UIResource/UITexture/Common_Icon/Icon_Collection/icon_collection_TerraformingPlan2.icon_collection_TerraformingPlan2,,0,True,False,False,False,0,Plano de Terraformação Capítulo 2,Um bloco de notas digital emitido para expedicionários planetários. Presume-se que contenha um plano de terraformação. Começa com uma explicação detalhada de terraformação e continua com uma extensa exposição técnica.
154170,Item_Name_154170,Item_Desc_154170,False,154170,True,True,True,[],4,1,0,8,34,2031,0,0,0,0,9999,0,0,0,False,1,0,10,0,0,0,0,0,0,0,0,0,0,0,0,0,0,0,0,0,0,0,0,0,0,0,0,0,0,0,0,0,0,0,0,0,0,0,0,0,0,1810031,0,0,0,0,1303,0,0,0,0,,0,/Game/Streaming/ArtAsset/UI/UIResource/UITexture/Common_Icon/Icon_Collection/icon_collection_TerraformingPlan3.icon_collection_TerraformingPlan3,,0,True,False,False,False,0,Plano de Terraformação Capítulo 3,Um bloco de notas digital emitido para expedicionários planetários. Presume-se que contenha um plano de terraformação. Inclui descrições de várias máquinas e ferramentas necessárias para a terraformação.
154567,Item_Name_154567,Item_Desc_154567,False,154567,True,False,True,[],1,1,0,8,34,2031,0,0,0,0,9999,0,0,0,False,1,0,10,0,0,0,0,0,0,0,0,0,0,0,0,0,0,0,0,0,0,0,0,0,0,0,0,0,0,0,0,0,0,0,0,0,0,0,0,0,0,1810048,0,0,0,0,0,0,0,0,0,,0,/Game/Streaming/ArtAsset/UI/UIResource/UITexture/Common_Icon/Icon_Collection/icon_collection_SoilSample.icon_collection_SoilSample,,0,True,False,False,False,0,Amostra de Solo,"Uma amostra de solo coletada no Planeta Exterior Albern. Mesmo em uma terra tão seca e árida, certas formas de vida encontraram uma maneira de sobreviver lá."
154568,Item_Name_154568,Item_Desc_154568,False,154568,True,False,True,[],1,1,0,8,34,2031,0,0,0,0,9999,0,0,0,False,1,0,10,0,0,0,0,0,0,0,0,0,0,0,0,0,0,0,0,0,0,0,0,0,0,0,0,0,0,0,0,0,0,0,0,0,0,0,0,0,0,1810048,0,0,0,0,0,0,0,0,0,,0,/Game/Streaming/ArtAsset/UI/UIResource/UITexture/Common_Icon/Icon_Collection/icon_collection_AlienPlant.icon_collection_AlienPlant,,0,True,False,False,False,0,Planta Alienígena,"Amostra de micélio coletada em Albern.
Os esporos brilham por si mesmos. Esta é uma característica frequentemente observada em muitas espécies miceliais. Não fosse pelo local peculiar de descoberta, este espécime teria sido considerado inteiramente comum."
154569,Item_Name_154569,Item_Desc_154569,False,154569,True,False,True,[],1,1,0,8,34,2031,0,0,0,0,9999,0,0,0,False,1,0,10,0,0,0,0,0,0,0,0,0,0,0,0,0,0,0,0,0,0,0,0,0,0,0,0,0,0,0,0,0,0,0,0,0,0,0,0,0,0,1810048,0,0,0,0,0,0,0,0,0,,0,/Game/Streaming/ArtAsset/UI/UIResource/UITexture/Common_Icon/Icon_Collection/icon_collection_TechnicianNotes.icon_collection_TechnicianNotes,,0,True,False,False,False,0,Memorando do Técnico,"Um caderno desgastado, mas resistente. Parece ter sido enterrado sob a poeira de Albern. Suas páginas contêm registros das primeiras etapas da colonização no Planeta Exterior."
154570,Item_Name_154570,Item_Desc_154570,False,154570,True,False,True,[],1,1,0,8,34,2031,0,0,0,0,9999,0,0,0,False,1,0,10,0,0,0,0,0,0,0,0,0,0,0,0,0,0,0,0,0,0,0,0,0,0,0,0,0,0,0,0,0,0,0,0,0,0,0,0,0,0,1810048,0,0,0,0,0,0,0,0,0,,0,/Game/Streaming/ArtAsset/UI/UIResource/UITexture/Common_Icon/Icon_Collection/icon_collection_RockFragment.icon_collection_RockFragment,,0,True,False,False,False,0,Rocha do Planeta Exterior,"Um pedaço de pedra do Planeta Exterior Albern.
Parece ter sido parte de uma jazida de cristal de silício. Para os pesquisadores, mesmo as coisas mais triviais de Albern podem ter grande valor."
154571,Item_Name_154571,Item_Desc_154571,False,154571,True,False,True,[],1,1,0,8,34,2031,0,0,0,0,9999,0,0,0,False,1,0,10,0,0,0,0,0,0,0,0,0,0,0,0,0,0,0,0,0,0,0,0,0,0,0,0,0,0,0,0,0,0,0,0,0,0,0,0,0,0,1810048,0,0,0,0,0,0,0,0,0,,0,/Game/Streaming/ArtAsset/UI/UIResource/UITexture/Common_Icon/Icon_Collection/icon_collection_OldEmergencyfood.icon_collection_OldEmergencyfood,,0,True,False,False,False,0,Rações de Emergência Antigas,"Rações de emergência antigas, presumidas ser de Bellato. Embaladas em uma lata com sua marca quase apagada. Itens como estes são populares entre colecionadores excêntricos."
154572,Item_Name_154572,Item_Desc_154572,False,154572,True,False,True,[],1,1,0,8,34,2031,0,0,0,0,9999,0,0,0,False,1,0,10,0,0,0,0,0,0,0,0,0,0,0,0,0,0,0,0,0,0,0,0,0,0,0,0,0,0,0,0,0,0,0,0,0,0,0,0,0,0,1810048,0,0,0,0,0,0,0,0,0,,0,/Game/Streaming/ArtAsset/UI/UIResource/UITexture/Common_Icon/Icon_Collection/icon_collection_HalfCoin.icon_collection_HalfCoin,,0,True,False,False,False,0,Meia Moeda,"Uma moeda cortada ao meio. Deve ter sido dividida para ser compartilhada com alguém. Talvez um dia tenha carregado memórias preciosas, ou talvez fosse apenas um simples souvenir."
154573,Item_Name_154573,Item_Desc_154573,False,154573,True,False,True,[],2,1,0,8,34,2031,0,0,0,0,9999,0,0,0,False,1,0,10,0,0,0,0,0,0,0,0,0,0,0,0,0,0,0,0,0,0,0,0,0,0,0,0,0,0,0,0,0,0,0,0,0,0,0,0,0,0,1810049,0,0,0,0,0,0,0,0,0,,0,/Game/Streaming/ArtAsset/UI/UIResource/UITexture/Common_Icon/Icon_Collection/icon_collection_PollutedSoilSample.icon_collection_PollutedSoilSample,,0,True,False,False,False,0,Amostra de Solo Contaminado,"Uma amostra de solo contaminada de Carmesim. A infecção de Carmesim é o maior obstáculo ao desenvolvimento de Albern. Estudiosos de cada facção trabalham incansavelmente, dia e noite, para estudar essa sinistra corrupção vermelha."
154574,Item_Name_154574,Item_Desc_154574,False,154574,True,False,True,[],2,1,0,8,34,2031,0,0,0,0,9999,0,0,0,False,1,0,10,0,0,0,0,0,0,0,0,0,0,0,0,0,0,0,0,0,0,0,0,0,0,0,0,0,0,0,0,0,0,0,0,0,0,0,0,0,0,1810049,0,0,0,0,0,0,0,0,0,,0,/Game/Streaming/ArtAsset/UI/UIResource/UITexture/Common_Icon/Icon_Collection/icon_collection_BloodyBlade.icon_collection_BloodyBlade,,0,True,False,False,False,0,Fragmento de Lâmina Manchada de Sangue,"Um fragmento de uma lâmina quebrada, manchado de sangue. Provavelmente produzido em Bellato, preserva a marca desvanecente da resistência final de um mercenário sem nome."
154575,Item_Name_154575,Item_Desc_154575,False,154575,True,False,True,[],2,1,0,8,34,2031,0,0,0,0,9999,0,0,0,False,1,0,10,0,0,0,0,0,0,0,0,0,0,0,0,0,0,0,0,0,0,0,0,0,0,0,0,0,0,0,0,0,0,0,0,0,0,0,0,0,0,1810049,0,0,0,0,0,0,0,0,0,,0,/Game/Streaming/ArtAsset/UI/UIResource/UITexture/Common_Icon/Icon_Collection/icon_collection_PortableFieldGenerator.icon_collection_PortableFieldGenerator,,0,True,False,False,False,0,Gerador de Campo de Energia Portátil,"Um gerador de campo de energia portátil. Estabelecer zonas seguras no espaço sideral exige recursos significativos. Este dispositivo é projetado para uso emergencial em locais como passagens confinadas, vedando contra a perda de oxigênio e isolando contra temperaturas externas severas."
154576,Item_Name_154576,Item_Desc_154576,False,154576,True,False,True,[],2,1,0,8,34,2031,0,0,0,0,9999,0,0,0,False,1,0,10,0,0,0,0,0,0,0,0,0,0,0,0,0,0,0,0,0,0,0,0,0,0,0,0,0,0,0,0,0,0,0,0,0,0,0,0,0,0,1810049,0,0,0,0,0,0,0,0,0,,0,/Game/Streaming/ArtAsset/UI/UIResource/UITexture/Common_Icon/Icon_Collection/icon_collection_SpaceTent.icon_collection_SpaceTent,,0,True,False,False,False,0,Tenda Espacial,"Uma tenda espacial. Destinada a fornecer proteção temporária no espaço sideral, era equipamento padrão a bordo das embarcações Bellateanas e Corans. Suas cores marcantes foram escolhidas para que sobreviventes isolados pudessem ser encontrados com facilidade."
154577,Item_Name_154577,Item_Desc_154577,False,154577,True,False,True,[],2,1,0,8,34,2031,0,0,0,0,9999,0,0,0,False,1,0,10,0,0,0,0,0,0,0,0,0,0,0,0,0,0,0,0,0,0,0,0,0,0,0,0,0,0,0,0,0,0,0,0,0,0,0,0,0,0,1810049,0,0,0,0,0,0,0,0,0,,0,/Game/Streaming/ArtAsset/UI/UIResource/UITexture/Common_Icon/Icon_Collection/icon_collection_EmergencyLaser.icon_collection_EmergencyLaser,,0,True,False,False,False,0,Laser de Emergência,"Laser de emergência popular entre mercenários. Esta ferramenta de laser é muito apreciada por sua versatilidade, permitindo soldagem rápida, corte básico e até cirurgias de emergência."
154578,Item_Name_154578,Item_Desc_154578,False,154578,True,False,True,[],2,1,0,8,34,2031,0,0,0,0,9999,0,0,0,False,1,0,10,0,0,0,0,0,0,0,0,0,0,0,0,0,0,0,0,0,0,0,0,0,0,0,0,0,0,0,0,0,0,0,0,0,0,0,0,0,0,1810049,0,0,0,0,0,0,0,0,0,,0,/Game/Streaming/ArtAsset/UI/UIResource/UITexture/Common_Icon/Icon_Collection/icon_collection_FisheyeLens.icon_collection_FisheyeLens,,0,True,False,False,False,0,Lente Olho de Peixe Ultra-Wide,"Lente de vigilância para drones. O que a torna adequada para vigilância e não apenas observação é seu design olho de peixe, construído para cobrir um campo amplo sem deixar pontos cegos. Provavelmente foi instalada para supervisionar mercenários contratados por corporações."
154579,Item_Name_154579,Item_Desc_154579,False,154579,True,False,True,[],3,1,0,8,34,2031,0,0,0,0,9999,0,0,0,False,1,0,10,0,0,0,0,0,0,0,0,0,0,0,0,0,0,0,0,0,0,0,0,0,0,0,0,0,0,0,0,0,0,0,0,0,0,0,0,0,0,1810050,0,0,0,0,0,0,0,0,0,,0,/Game/Streaming/ArtAsset/UI/UIResource/UITexture/Common_Icon/Icon_Collection/icon_collection_FallenMercenaryDogTag.icon_collection_FallenMercenaryDogTag,,0,True,False,False,False,0,Dog Tag do Mercenário Caído,"Uma dog tag de identificação usada por mercenários. Ao contrário das chapas militares padrão que vêm com recursos extras, como comunicação, essas chapas de metal não trazem nada além de um nome e ID. Para algumas empresas mercenárias, recuperar as dog tags de seus camaradas caídos é uma missão que vale a pena arriscar suas vidas."
154580,Item_Name_154580,Item_Desc_154580,False,154580,True,False,True,[],3,1,0,8,34,2031,0,0,0,0,9999,0,0,0,False,1,0,10,0,0,0,0,0,0,0,0,0,0,0,0,0,0,0,0,0,0,0,0,0,0,0,0,0,0,0,0,0,0,0,0,0,0,0,0,0,0,1810050,0,0,0,0,0,0,0,0,0,,0,/Game/Streaming/ArtAsset/UI/UIResource/UITexture/Common_Icon/Icon_Collection/icon_collection_NetherVibrator.icon_collection_NetherVibrator,,0,True,False,False,False,0,Placa de Vibração de Nether,"Uma placa de vibração usada pelos Nethers. É um componente de seus geradores de ondas de choque exclusivos. Os Nethers utilizam este dispositivo para outros fins além do combate, incluindo equipamentos para Construção."
154581,Item_Name_154581,Item_Desc_154581,False,154581,True,False,True,[],3,1,0,8,34,2031,0,0,0,0,9999,0,0,0,False,1,0,10,0,0,0,0,0,0,0,0,0,0,0,0,0,0,0,0,0,0,0,0,0,0,0,0,0,0,0,0,0,0,0,0,0,0,0,0,0,0,1810050,0,0,0,0,0,0,0,0,0,,0,/Game/Streaming/ArtAsset/UI/UIResource/UITexture/Common_Icon/Icon_Collection/icon_collection_Alienfluids.icon_collection_Alienfluids,,0,True,False,False,False,0,Fluido de Organismo Alienígena,Uma amostra de fluidos corporais de formas de vida do Planeta Exterior. As criaturas em Albern evoluíram de maneira diferente das de Novus. Tais amostras são avidamente compradas por estudiosos e corporações para diversos empreendimentos de pesquisa.
154582,Item_Name_154582,Item_Desc_154582,False,154582,True,False,True,[],3,1,0,8,34,2031,0,0,0,0,9999,0,0,0,False,1,0,10,0,0,0,0,0,0,0,0,0,0,0,0,0,0,0,0,0,0,0,0,0,0,0,0,0,0,0,0,0,0,0,0,0,0,0,0,0,0,1810050,0,0,0,0,0,0,0,0,0,,0,/Game/Streaming/ArtAsset/UI/UIResource/UITexture/Common_Icon/Icon_Collection/icon_collection_tranquilizer.icon_collection_tranquilizer,,0,True,False,False,False,0,Estabilizador de Espírito,"Um estabilizador mental fornecido aos mercenários. Na verdade, ele funciona mais como uma droga de campo de batalha que preserva o desempenho em combate. Lutar sob condições extremas desgasta sua estabilidade mental."
154583,Item_Name_154583,Item_Desc_154583,False,154583,True,False,True,[],3,1,0,8,34,2031,0,0,0,0,9999,0,0,0,False,1,0,10,0,0,0,0,0,0,0,0,0,0,0,0,0,0,0,0,0,0,0,0,0,0,0,0,0,0,0,0,0,0,0,0,0,0,0,0,0,0,1810050,0,0,0,0,0,0,0,0,0,,0,/Game/Streaming/ArtAsset/UI/UIResource/UITexture/Common_Icon/Icon_Collection/icon_collection_BrokenModifiedFuelCell.icon_collection_BrokenModifiedFuelCell,,0,True,False,False,False,0,Célula de Combustível Modificada Quebrada,"Uma célula de combustível que foi alterada ilegalmente. No ambiente belicoso de Albern, essas modificações grosseiras eram comuns. O fabricante original, Byrosa, tem comprado essas células para testar como elas suportam condições extremas."
154584,Item_Name_154584,Item_Desc_154584,False,154584,True,False,True,[],3,1,0,8,34,2031,0,0,0,0,9999,0,0,0,False,1,0,10,0,0,0,0,0,0,0,0,0,0,0,0,0,0,0,0,0,0,0,0,0,0,0,0,0,0,0,0,0,0,0,0,0,0,0,0,0,0,1810050,0,0,0,0,0,0,0,0,0,,0,/Game/Streaming/ArtAsset/UI/UIResource/UITexture/Common_Icon/Icon_Collection/icon_collection_MetalCrystal.icon_collection_MetalCrystal,,0,True,False,False,False,0,Cristal Metálico,Um cristal metálico que cresceu na superfície planetária. Os pesquisadores acreditam que seu surgimento apenas recentemente aponta para os efeitos do arquivo de Nether. Eles especulam ainda que não são encontrados em Novus porque não há arquivos de Nether totalmente funcionais lá.
154585,Item_Name_154585,Item_Desc_154585,False,154585,True,True,True,[],4,1,0,8,34,2031,0,0,0,0,9999,0,0,0,False,1,0,10,0,0,0,0,0,0,0,0,0,0,0,0,0,0,0,0,0,0,0,0,0,0,0,0,0,0,0,0,0,0,0,0,0,0,0,0,0,0,1810051,0,0,0,0,0,0,0,0,0,,0,/Game/Streaming/ArtAsset/UI/UIResource/UITexture/Common_Icon/Icon_Collection/icon_collection_PurifiedNetherCrystal.icon_collection_PurifiedNetherCrystal,,0,True,False,False,False,0,Cristal Nether Refinado,"Cristal de energia refinado pelos Nethers. Suas fontes de energia contêm essas formas cristalizadas de energia. Quando avaliado por métricas convencionais, este cristal parece absorver energia e transferi-la para outro lugar. No entanto, pelos padrões dos Nethers, esse próprio processo parece ser interpretado como a geração de energia em si."
154586,Item_Name_154586,Item_Desc_154586,False,154586,True,True,True,[],4,1,0,8,34,2031,0,0,0,0,9999,0,0,0,False,1,0,10,0,0,0,0,0,0,0,0,0,0,0,0,0,0,0,0,0,0,0,0,0,0,0,0,0,0,0,0,0,0,0,0,0,0,0,0,0,0,1810051,0,0,0,0,0,0,0,0,0,,0,/Game/Streaming/ArtAsset/UI/UIResource/UITexture/Common_Icon/Icon_Collection/icon_collection_FragmentsoftheNetherPiles.icon_collection_FragmentsoftheNetherPiles,,0,True,False,False,False,0,Fragmento de Arquivo de Nether,"Um fragmento lascado de um arquivo Nether. Dada a sua importância no estudo da tecnologia Nether, tanto corporações quanto colecionadores o compram avidamente a preços premium."
154587,Item_Name_154587,Item_Desc_154587,False,154587,True,True,True,[],4,1,0,8,34,2031,0,0,0,0,9999,0,0,0,False,1,0,10,0,0,0,0,0,0,0,0,0,0,0,0,0,0,0,0,0,0,0,0,0,0,0,0,0,0,0,0,0,0,0,0,0,0,0,0,0,0,1810051,0,0,0,0,0,0,0,0,0,,0,/Game/Streaming/ArtAsset/UI/UIResource/UITexture/Common_Icon/Icon_Collection/icon_collection_FilterforExoplanets.icon_collection_FilterforExoplanets,,0,True,False,False,False,0,Filtro de Purificação do Planeta Exterior,"Um recipiente purificador adaptado para as condições de Albern. O ar do Planeta Exterior contém inúmeras partículas nocivas que exigem Proteção constante do equipamento, levando ao uso de vários filtros. Este parece ser um deles."
154588,Item_Name_154588,Item_Desc_154588,False,154588,True,True,True,[],4,1,0,8,34,2031,0,0,0,0,9999,0,0,0,False,1,0,10,0,0,0,0,0,0,0,0,0,0,0,0,0,0,0,0,0,0,0,0,0,0,0,0,0,0,0,0,0,0,0,0,0,0,0,0,0,0,1810051,0,0,0,0,0,0,0,0,0,,0,/Game/Streaming/ArtAsset/UI/UIResource/UITexture/Common_Icon/Icon_Collection/icon_collection_SuperGravityFrame.icon_collection_SuperGravityFrame,,0,True,False,False,False,0,Estrutura Anti-Hipergravidade,"Uma estrutura giroscópica projetada para a hipergravidade de Albern. Usada tanto em naves quanto em veículos, é um dos componentes críticos necessários para manter as embarcações funcionais no planeta exterior."
154589,Item_Name_154589,Item_Desc_154589,False,154589,True,True,True,[],4,1,0,8,34,2031,0,0,0,0,9999,0,0,0,False,1,0,10,0,0,0,0,0,0,0,0,0,0,0,0,0,0,0,0,0,0,0,0,0,0,0,0,0,0,0,0,0,0,0,0,0,0,0,0,0,0,1810051,0,0,0,0,0,0,0,0,0,,0,/Game/Streaming/ArtAsset/UI/UIResource/UITexture/Common_Icon/Icon_Collection/icon_collection_CrimsonPlantFragment.icon_collection_CrimsonPlantFragment,,0,True,False,False,False,0,Fragmento de Planta Carmesim,"Um pedaço de matéria vegetal cultivado em contaminação Carmesim. Seus tecidos exibem um padrão de mutação semelhante ao de músculos animais. Com a contaminação ameaçando ecossistemas inteiros, os dados relacionados a ela se tornaram a principal prioridade de cada Facção."
154590,Item_Name_154590,Item_Desc_154590,False,154590,True,True,True,[],4,1,0,8,34,2031,0,0,0,0,9999,0,0,0,False,1,0,10,0,0,0,0,0,0,0,0,0,0,0,0,0,0,0,0,0,0,0,0,0,0,0,0,0,0,0,0,0,0,0,0,0,0,0,0,0,0,1810051,0,0,0,0,0,0,0,0,0,,0,/Game/Streaming/ArtAsset/UI/UIResource/UITexture/Common_Icon/Icon_Collection/icon_collection_NetherRecorder.icon_collection_NetherRecorder,,0,True,False,False,False,0,Dispositivo de Gravação de Nether,"Um dispositivo de gravação usado pelos Nethers. Embora ilegível para nós, é vendido como um colecionável valioso a preços elevados. Para os ricos excêntricos, dispositivos de gravação alienígenas devem ter um charme que simplesmente não podem resistir."
154615,Item_Name_154615,Item_Desc_154615,False,154615,True,False,True,[],1,1,0,8,34,2031,0,0,0,0,9999,0,0,0,False,1,0,10,0,0,0,0,0,0,0,0,0,0,0,0,0,0,0,0,0,0,0,0,0,0,0,0,0,0,0,0,0,0,0,0,0,0,0,0,0,0,1810052,0,0,0,0,1004,0,0,0,0,,0,/Game/Streaming/ArtAsset/UI/UIResource/UITexture/Common_Icon/Icon_Collection/icon_collection_VriniumRock.icon_collection_VriniumRock,,0,True,False,False,False,0,Rocha Contendo Brinium,"Uma rocha contendo um mineral raro chamado Brinium.
Seus depósitos são escassos e tipicamente descobertos no subsolo profundo. Rochas contendo Brinium emitem um brilho esmeralda sutil."
154616,Item_Name_154616,Item_Desc_154616,False,154616,True,False,True,[],1,1,0,8,34,2031,0,0,0,0,9999,0,0,0,False,1,0,10,0,0,0,0,0,0,0,0,0,0,0,0,0,0,0,0,0,0,0,0,0,0,0,0,0,0,0,0,0,0,0,0,0,0,0,0,0,0,1810052,0,0,0,0,1004,0,0,0,0,,0,/Game/Streaming/ArtAsset/UI/UIResource/UITexture/Common_Icon/Icon_Collection/icon_collection_RubediumRock.icon_collection_RubediumRock,,0,True,False,False,False,0,Rocha Contendo Rubedium,"Uma rocha contendo um mineral raro chamado Rubedium. Assim como o Brinium, seus depósitos são escassos e também são descobertos em profundidades subterrâneas. Uma certa quantidade foi extraída na área da Mina Crag. A cor é âmbar-amarelo."
154617,Item_Name_154617,Item_Desc_154617,False,154617,True,False,True,[],2,1,0,8,34,2031,0,0,0,0,9999,0,0,0,False,1,0,10,0,0,0,0,0,0,0,0,0,0,0,0,0,0,0,0,0,0,0,0,0,0,0,0,0,0,0,0,0,0,0,0,0,0,0,0,0,0,1810053,0,0,0,0,1104,0,0,0,0,,0,/Game/Streaming/ArtAsset/UI/UIResource/UITexture/Common_Icon/Icon_Collection/icon_collection_VriniumStone.icon_collection_VriniumStone,,0,True,False,False,False,0,Pedaço de Rocha de Brinium,Grande parte da rocha que envolve o Brinium foi removida. O brilho esmeralda está mais forte agora.
154618,Item_Name_154618,Item_Desc_154618,False,154618,True,False,True,[],2,1,0,8,34,2031,0,0,0,0,9999,0,0,0,False,1,0,10,0,0,0,0,0,0,0,0,0,0,0,0,0,0,0,0,0,0,0,0,0,0,0,0,0,0,0,0,0,0,0,0,0,0,0,0,0,0,1810053,0,0,0,0,1104,0,0,0,0,,0,/Game/Streaming/ArtAsset/UI/UIResource/UITexture/Common_Icon/Icon_Collection/icon_collection_RubediumStone.icon_collection_RubediumStone,,0,True,False,False,False,0,Pedaço de Rocha de Rubedium,Um pedaço de rocha com um foco aparentemente alto de Rubedium. Ele emite um brilho amarelo luminoso.
154619,Item_Name_154619,Item_Desc_154619,False,154619,True,False,True,[],3,1,0,8,34,2031,0,0,0,0,9999,0,0,0,False,1,0,10,0,0,0,0,0,0,0,0,0,0,0,0,0,0,0,0,0,0,0,0,0,0,0,0,0,0,0,0,0,0,0,0,0,0,0,0,0,0,1810054,0,0,0,0,1204,0,0,0,0,,0,/Game/Streaming/ArtAsset/UI/UIResource/UITexture/Common_Icon/Icon_Collection/icon_collection_VriniumOre.icon_collection_VriniumOre,,0,True,False,False,False,0,Pedaço de Brinium,"A parte de Brinium está quase totalmente exposta. Previsto para ter um valor imenso, está atualmente em estudo para aplicações tanto como matéria-prima quanto como fonte de energia."
154620,Item_Name_154620,Item_Desc_154620,False,154620,True,False,True,[],3,1,0,8,34,2031,0,0,0,0,9999,0,0,0,False,1,0,10,0,0,0,0,0,0,0,0,0,0,0,0,0,0,0,0,0,0,0,0,0,0,0,0,0,0,0,0,0,0,0,0,0,0,0,0,0,0,1810054,0,0,0,0,1204,0,0,0,0,,0,/Game/Streaming/ArtAsset/UI/UIResource/UITexture/Common_Icon/Icon_Collection/icon_collection_RubediumOre.icon_collection_RubediumOre,,0,True,False,False,False,0,Pedaço de Rubedium,"A parte de Rubedium está quase totalmente exposta. Um estudo sugere que ele emite ondas misteriosas, e talvez por essa razão, vê-lo faz com que se queira coletar mais dele."
154621,Item_Name_154621,Item_Desc_154621,False,154621,True,True,True,[],4,1,0,8,34,2031,0,0,0,0,9999,0,0,0,False,1,0,10,0,0,0,0,0,0,0,0,0,0,0,0,0,0,0,0,0,0,0,0,0,0,0,0,0,0,0,0,0,0,0,0,0,0,0,0,0,0,1810055,0,0,0,0,1304,0,0,0,0,,0,/Game/Streaming/ArtAsset/UI/UIResource/UITexture/Common_Icon/Icon_Collection/icon_collection_VriniumMineral.icon_collection_VriniumMineral,,0,True,False,False,False,0,Minério de Brinium,Um cristal de Brinium cuidadosamente extraído. Ele brilha com um tom mais profundo de esmeralda. Coletar várias peças como esta pode conceder um poder extraordinário.
154622,Item_Name_154622,Item_Desc_154622,False,154622,True,True,True,[],4,1,0,8,34,2031,0,0,0,0,9999,0,0,0,False,1,0,10,0,0,0,0,0,0,0,0,0,0,0,0,0,0,0,0,0,0,0,0,0,0,0,0,0,0,0,0,0,0,0,0,0,0,0,0,0,0,1810055,0,0,0,0,1304,0,0,0,0,,0,/Game/Streaming/ArtAsset/UI/UIResource/UITexture/Common_Icon/Icon_Collection/icon_collection_RubediumMineral.icon_collection_RubediumMineral,,0,True,False,False,False,0,Minério de Rubedium,Um cristal de Rubedium. Ele contém um brilho âmbar luminoso. Pesquisas contínuas sobre suas ondas podem levar à expansão da consciência humana.
154631,Item_Name_154631,Item_Desc_154631,False,154631,True,False,True,[],1,1,0,8,34,2031,0,0,0,0,9999,0,0,0,False,1,0,10,0,0,0,0,0,0,0,0,0,0,0,0,0,0,0,0,0,0,0,0,0,0,0,0,0,0,0,0,0,0,0,0,0,0,0,0,0,0,1810052,0,0,0,0,1004,0,0,0,0,,0,/Game/Streaming/ArtAsset/UI/UIResource/UITexture/Common_Icon/Icon_Collection/icon_collection_FlowerofDarkness.icon_collection_FlowerofDarkness,,0,True,False,False,False,0,Flor da Escuridão,"Uma planta encontrada nas partes mais profundas de Crag. À primeira vista, parece queimada de branco, mas na verdade está viva."
154632,Item_Name_154632,Item_Desc_154632,False,154632,True,False,True,[],2,1,0,8,34,2031,0,0,0,0,9999,0,0,0,False,1,0,10,0,0,0,0,0,0,0,0,0,0,0,0,0,0,0,0,0,0,0,0,0,0,0,0,0,0,0,0,0,0,0,0,0,0,0,0,0,0,1810053,0,0,0,0,1104,0,0,0,0,,0,/Game/Streaming/ArtAsset/UI/UIResource/UITexture/Common_Icon/Icon_Collection/icon_collection_TsavoriteDaggerBroken.icon_collection_TsavoriteDaggerBroken,,0,True,False,False,False,0,Adaga Tsavorita Quebrada,Uma Adaga Tsavorita quebrada. O que ou quem estava atacando para este mineral se despedaçar assim?
154633,Item_Name_154633,Item_Desc_154633,False,154633,True,False,True,[],3,1,0,8,34,2031,0,0,0,0,9999,0,0,0,False,1,0,10,0,0,0,0,0,0,0,0,0,0,0,0,0,0,0,0,0,0,0,0,0,0,0,0,0,0,0,0,0,0,0,0,0,0,0,0,0,0,1810054,0,0,0,0,1204,0,0,0,0,,0,/Game/Streaming/ArtAsset/UI/UIResource/UITexture/Common_Icon/Icon_Collection/icon_collection_GemFlyer2gen.icon_collection_GemFlyer2gen,,0,True,False,False,False,0,Detector de Gemas de 2ª Geração,Um robô de segunda geração projetado para detecção de gemas. Ele escaneia e identifica automaticamente elementos geológicos na área. O modelo atualizado agora pode lidar com uma análise mineral mais ampla e até sinalizar potenciais perigos.
154634,Item_Name_154634,Item_Desc_154634,False,154634,True,True,True,[],4,1,0,8,34,2031,0,0,0,0,9999,0,0,0,False,1,0,10,0,0,0,0,0,0,0,0,0,0,0,0,0,0,0,0,0,0,0,0,0,0,0,0,0,0,0,0,0,0,0,0,0,0,0,0,0,0,1810055,0,0,0,0,1304,0,0,0,0,,0,/Game/Streaming/ArtAsset/UI/UIResource/UITexture/Common_Icon/Icon_Collection/icon_collection_BleedingCrystal.icon_collection_BleedingCrystal,,0,True,False,False,False,0,Cristal Sangrento,Uma estranha massa de pedra. Sua forma hexagonal e a pedra preciosa embutida sugerem um artesanato deliberado em vez de uma formação natural. Parece que um líquido vermelho escorre pela superfície a partir da gema no meio.
154639,Item_Name_154639,Item_Desc_154639,False,154639,True,False,True,[],1,1,0,8,34,2031,0,0,0,0,9999,0,0,0,False,1,0,10,0,0,0,0,0,0,0,0,0,0,0,0,0,0,0,0,0,0,0,0,0,0,0,0,0,0,0,0,0,0,0,0,0,0,0,0,0,0,1810056,0,0,0,0,1021,0,0,0,0,,0,/Game/Streaming/ArtAsset/UI/UIResource/UITexture/Common_Icon/Icon_Collection/icon_collection_EmergencyEnergyCapsule.icon_collection_EmergencyEnergyCapsule,,0,True,False,False,False,0,Cápsula de Energia de Emergência,Uma cápsula de energia destinada ao uso em situações de emergência. É tipicamente usada para estender o tempo de operação de um biosuit ou para comunicações de emergência de longo alcance. Parece ser um item que mercenários carregam como precaução contra eventos inesperados.
154640,Item_Name_154640,Item_Desc_154640,False,154640,True,False,True,[],2,1,0,8,34,2031,0,0,0,0,9999,0,0,0,False,1,0,10,0,0,0,0,0,0,0,0,0,0,0,0,0,0,0,0,0,0,0,0,0,0,0,0,0,0,0,0,0,0,0,0,0,0,0,0,0,0,1810057,0,0,0,0,1121,0,0,0,0,,0,/Game/Streaming/ArtAsset/UI/UIResource/UITexture/Common_Icon/Icon_Collection/icon_collection_FluidCircuit.icon_collection_FluidCircuit,,0,True,False,False,False,0,Circuito de Fluido,"Um circuito fluido que parece originado do Arcano. Quando funcionando normalmente, acredita-se que o circuito poderia mudar livremente sua forma de acordo com comandos externos."
154641,Item_Name_154641,Item_Desc_154641,False,154641,True,False,True,[],3,1,0,8,34,2031,0,0,0,0,9999,0,0,0,False,1,0,10,0,0,0,0,0,0,0,0,0,0,0,0,0,0,0,0,0,0,0,0,0,0,0,0,0,0,0,0,0,0,0,0,0,0,0,0,0,0,1810058,0,0,0,0,1221,0,0,0,0,,0,/Game/Streaming/ArtAsset/UI/UIResource/UITexture/Common_Icon/Icon_Collection/icon_collection_LocationVerificationDevice.icon_collection_LocationVerificationDevice,,0,True,False,False,False,0,Dispositivo de Posicionamento,"Um dispositivo de medição de coordenadas usado em sistemas de transporte. Ao se mover de um local para outro, garantir um posicionamento preciso é de suma importância."
154642,Item_Name_154642,Item_Desc_154642,False,154642,True,True,True,[],4,1,0,8,34,2031,0,0,0,0,9999,0,0,0,False,1,0,10,0,0,0,0,0,0,0,0,0,0,0,0,0,0,0,0,0,0,0,0,0,0,0,0,0,0,0,0,0,0,0,0,0,0,0,0,0,0,1810059,0,0,0,0,1321,0,0,0,0,,0,/Game/Streaming/ArtAsset/UI/UIResource/UITexture/Common_Icon/Icon_Collection/icon_collection_ArcaneEnergyShard.icon_collection_ArcaneEnergyShard,,0,True,False,False,False,0,Fragmento de Energia Arcana,"Uma relíquia de Arcano que só pode ser descrita como um fragmento de energia. Embora sólida em forma, ela perde massa à medida que libera energia e desaparece completamente quando toda a energia é descarregada. Esta preciosa relíquia é extremamente rara e comanda um alto preço no Mercado."
154647,Item_Name_154647,Item_Desc_154647,False,154647,True,False,True,[],1,1,0,8,34,2031,0,0,0,0,9999,0,0,0,False,1,0,10,0,0,0,0,0,0,0,0,0,0,0,0,0,0,0,0,0,0,0,0,0,0,0,0,0,0,0,0,0,0,0,0,0,0,0,0,0,0,1810060,0,0,0,0,0,0,0,0,0,,0,/Game/Streaming/ArtAsset/UI/UIResource/UITexture/Common_Icon/Icon_Collection/icon_collection_OutfieldSyringeLight.icon_collection_OutfieldSyringeLight,,0,True,False,False,False,0,Seringa de Campo Leve,Uma seringa médica comumente usada em combate e no campo. É um modelo leve projetado para facilitar a portabilidade.
154648,Item_Name_154648,Item_Desc_154648,False,154648,True,False,True,[],1,1,0,8,34,2031,0,0,0,0,9999,0,0,0,False,1,0,10,0,0,0,0,0,0,0,0,0,0,0,0,0,0,0,0,0,0,0,0,0,0,0,0,0,0,0,0,0,0,0,0,0,0,0,0,0,0,1810060,0,0,0,0,0,0,0,0,0,,0,/Game/Streaming/ArtAsset/UI/UIResource/UITexture/Common_Icon/Icon_Collection/icon_collection_OutfieldSyringeTrauma.icon_collection_OutfieldSyringeTrauma,,0,True,False,False,False,0,Seringa de Campo para Trauma,Uma seringa médica comumente usada em combate e no campo. Ela possui um número aumentado de agulhas para aplicar antisséptico marrom no local do trauma.
154649,Item_Name_154649,Item_Desc_154649,False,154649,True,False,True,[],1,1,0,8,34,2031,0,0,0,0,9999,0,0,0,False,1,0,10,0,0,0,0,0,0,0,0,0,0,0,0,0,0,0,0,0,0,0,0,0,0,0,0,0,0,0,0,0,0,0,0,0,0,0,0,0,0,1810060,0,0,0,0,0,0,0,0,0,,0,/Game/Streaming/ArtAsset/UI/UIResource/UITexture/Common_Icon/Icon_Collection/icon_collection_OutfieldSyringeEmergency.icon_collection_OutfieldSyringeEmergency,,0,True,False,False,False,0,Seringa de Campo de Emergência,Uma seringa médica comumente usada em combate e no campo. Sua cor vermelha e conteúdo de medicação de ação rápida indicam que é para uso emergencial.
154650,Item_Name_154650,Item_Desc_154650,False,154650,True,False,True,[],1,1,0,8,34,2031,0,0,0,0,9999,0,0,0,False,1,0,10,0,0,0,0,0,0,0,0,0,0,0,0,0,0,0,0,0,0,0,0,0,0,0,0,0,0,0,0,0,0,0,0,0,0,0,0,0,0,1810064,0,0,0,0,0,0,0,0,0,,0,/Game/Streaming/ArtAsset/UI/UIResource/UITexture/Common_Icon/Icon_Collection/icon_collection_LaserPointerA.icon_collection_LaserPointerA,,0,True,False,False,False,0,Mira Laser Tipo A,Pode ser usado com armas de combate e máquinas industriais para marcar ou mirar em alvos. O Tipo A é o modelo de baixo custo equipado apenas com funções básicas.
154651,Item_Name_154651,Item_Desc_154651,False,154651,True,False,True,[],1,1,0,8,34,2031,0,0,0,0,9999,0,0,0,False,1,0,10,0,0,0,0,0,0,0,0,0,0,0,0,0,0,0,0,0,0,0,0,0,0,0,0,0,0,0,0,0,0,0,0,0,0,0,0,0,0,1810064,0,0,0,0,0,0,0,0,0,,0,/Game/Streaming/ArtAsset/UI/UIResource/UITexture/Common_Icon/Icon_Collection/icon_collection_LaserPointerB.icon_collection_LaserPointerB,,0,True,False,False,False,0,Mira Laser Tipo B,"Pode ser usado com armas de combate e máquinas industriais para marcar ou mirar em alvos. O Tipo B, comumente equipado em máquinas industriais, possui três lentes para permitir a marcação e o rastreamento simultâneo de alvos."
154652,Item_Name_154652,Item_Desc_154652,False,154652,True,False,True,[],1,1,0,8,34,2031,0,0,0,0,9999,0,0,0,False,1,0,10,0,0,0,0,0,0,0,0,0,0,0,0,0,0,0,0,0,0,0,0,0,0,0,0,0,0,0,0,0,0,0,0,0,0,0,0,0,0,1810064,0,0,0,0,0,0,0,0,0,,0,/Game/Streaming/ArtAsset/UI/UIResource/UITexture/Common_Icon/Icon_Collection/icon_collection_LaserPointerC.icon_collection_LaserPointerC,,0,True,False,False,False,0,Mira Laser Tipo C,"Pode ser usado com armas de combate e máquinas industriais para marcar ou mirar em alvos. O Tipo C foi desenvolvido para ser usado com armas de combate, apresentando uma lente estendida para permitir uma mira precisa."
154653,Item_Name_154653,Item_Desc_154653,False,154653,True,False,True,[],2,1,0,8,34,2031,0,0,0,0,9999,0,0,0,False,1,0,10,0,0,0,0,0,0,0,0,0,0,0,0,0,0,0,0,0,0,0,0,0,0,0,0,0,0,0,0,0,0,0,0,0,0,0,0,0,0,1810061,0,0,0,0,0,0,0,0,0,,0,/Game/Streaming/ArtAsset/UI/UIResource/UITexture/Common_Icon/Icon_Collection/icon_collection_RescueSignalTransmitter.icon_collection_RescueSignalTransmitter,,0,True,False,False,False,0,Transmissor de Sinal de Socorro,"Um item emitido para todo o pessoal destacado para a Cratera Albern. É de uso único, mas transmite um sinal que não é menos poderoso."
154654,Item_Name_154654,Item_Desc_154654,False,154654,True,False,True,[],2,1,0,8,34,2031,0,0,0,0,9999,0,0,0,False,1,0,10,0,0,0,0,0,0,0,0,0,0,0,0,0,0,0,0,0,0,0,0,0,0,0,0,0,0,0,0,0,0,0,0,0,0,0,0,0,0,1810061,0,0,0,0,0,0,0,0,0,,0,/Game/Streaming/ArtAsset/UI/UIResource/UITexture/Common_Icon/Icon_Collection/icon_collection_VictimSignalTransmitter.icon_collection_VictimSignalTransmitter,,0,True,False,False,False,0,Sinalizador de Socorro,"Um item emitido para todo o pessoal destacado para a Cratera Albern. É de uso único, mas transmite um sinal que não é menos poderoso. Este modelo foi modificado para estender o alcance do sinal de socorro."
154655,Item_Name_154655,Item_Desc_154655,False,154655,True,False,True,[],2,1,0,8,34,2031,0,0,0,0,9999,0,0,0,False,1,0,10,0,0,0,0,0,0,0,0,0,0,0,0,0,0,0,0,0,0,0,0,0,0,0,0,0,0,0,0,0,0,0,0,0,0,0,0,0,0,1810061,0,0,0,0,0,0,0,0,0,,0,/Game/Streaming/ArtAsset/UI/UIResource/UITexture/Common_Icon/Icon_Collection/icon_collection_EmergencySignalTransmitter.icon_collection_EmergencySignalTransmitter,,0,True,False,False,False,0,Sinalizador de Emergênci,"Um item emitido para todo o pessoal destacado para a Cratera Albern. É de uso único, mas transmite um sinal que não é menos poderoso. É usado principalmente pelo exército, adicionando uma função para solicitar reforços."
154656,Item_Name_154656,Item_Desc_154656,False,154656,True,False,True,[],2,1,0,8,34,2031,0,0,0,0,9999,0,0,0,False,1,0,10,0,0,0,0,0,0,0,0,0,0,0,0,0,0,0,0,0,0,0,0,0,0,0,0,0,0,0,0,0,0,0,0,0,0,0,0,0,0,1810065,0,0,0,0,0,0,0,0,0,,0,/Game/Streaming/ArtAsset/UI/UIResource/UITexture/Common_Icon/Icon_Collection/icon_collection_GrainSeedsIncubator.icon_collection_GrainSeedsIncubator,,0,True,False,False,False,0,Incubadora de Sementes de Grãos,Um dispositivo que incuba sementes para que possam ser imediatamente plantadas durante a colonização planetária. Um modelo ajustado para incubar grãos.
154657,Item_Name_154657,Item_Desc_154657,False,154657,True,False,True,[],2,1,0,8,34,2031,0,0,0,0,9999,0,0,0,False,1,0,10,0,0,0,0,0,0,0,0,0,0,0,0,0,0,0,0,0,0,0,0,0,0,0,0,0,0,0,0,0,0,0,0,0,0,0,0,0,0,1810065,0,0,0,0,0,0,0,0,0,,0,/Game/Streaming/ArtAsset/UI/UIResource/UITexture/Common_Icon/Icon_Collection/icon_collection_NonphotoblasticSeedsIncubator.icon_collection_NonphotoblasticSeedsIncubator,,0,True,False,False,False,0,Incubadora de Sementes Indiferente à Luz,Um dispositivo que incuba sementes para que possam ser imediatamente plantadas durante a colonização planetária. Ele armazena sementes que podem ser incubadas independentemente da presença de luz.
154658,Item_Name_154658,Item_Desc_154658,False,154658,True,False,True,[],2,1,0,8,34,2031,0,0,0,0,9999,0,0,0,False,1,0,10,0,0,0,0,0,0,0,0,0,0,0,0,0,0,0,0,0,0,0,0,0,0,0,0,0,0,0,0,0,0,0,0,0,0,0,0,0,0,1810065,0,0,0,0,0,0,0,0,0,,0,/Game/Streaming/ArtAsset/UI/UIResource/UITexture/Common_Icon/Icon_Collection/icon_collection_ExalbuminousSeedsIncubator.icon_collection_ExalbuminousSeedsIncubator,,0,True,False,False,False,0,Incubadora de Sementes Não Endospérmicas,"Um dispositivo que incuba sementes para que possam ser imediatamente plantadas durante a colonização planetária. Ele incuba sementes não-endospérmicas, tipicamente feijões."
154659,Item_Name_154659,Item_Desc_154659,False,154659,True,False,True,[],3,1,0,8,34,2031,0,0,0,0,9999,0,0,0,False,1,0,10,0,0,0,0,0,0,0,0,0,0,0,0,0,0,0,0,0,0,0,0,0,0,0,0,0,0,0,0,0,0,0,0,0,0,0,0,0,0,1810062,0,0,0,0,0,0,0,0,0,,0,/Game/Streaming/ArtAsset/UI/UIResource/UITexture/Common_Icon/Icon_Collection/icon_collection_NetheranWorkingKnife.icon_collection_NetheranWorkingKnife,,0,True,False,False,False,0,Faca de Trabalho de Nether,Uma faca comumente carregada por Nethers. Parece ser feita de peças de máquinas e apresenta claros sinais de uso em várias tarefas.
154660,Item_Name_154660,Item_Desc_154660,False,154660,True,False,True,[],3,1,0,8,34,2031,0,0,0,0,9999,0,0,0,False,1,0,10,0,0,0,0,0,0,0,0,0,0,0,0,0,0,0,0,0,0,0,0,0,0,0,0,0,0,0,0,0,0,0,0,0,0,0,0,0,0,1810062,0,0,0,0,0,0,0,0,0,,0,/Game/Streaming/ArtAsset/UI/UIResource/UITexture/Common_Icon/Icon_Collection/icon_collection_NetheranCombatKnife.icon_collection_NetheranCombatKnife,,0,True,False,False,False,0,Faca de Combate de Nether,"Uma faca comumente carregada por Nethers. Parece ser feita de peças de máquinas. Está bem afiada e limpa, como convém a uma ferramenta de combate."
154661,Item_Name_154661,Item_Desc_154661,False,154661,True,False,True,[],3,1,0,8,34,2031,0,0,0,0,9999,0,0,0,False,1,0,10,0,0,0,0,0,0,0,0,0,0,0,0,0,0,0,0,0,0,0,0,0,0,0,0,0,0,0,0,0,0,0,0,0,0,0,0,0,0,1810062,0,0,0,0,0,0,0,0,0,,0,/Game/Streaming/ArtAsset/UI/UIResource/UITexture/Common_Icon/Icon_Collection/icon_collection_NetheranDecorationKnife.icon_collection_NetheranDecorationKnife,,0,True,False,False,False,0,Faca Decorativa de Nether,Uma faca comumente carregada por Nethers. Parece ser feita de peças de máquina. Seu design ornamentado sugere que é provavelmente decorativa.
154662,Item_Name_154662,Item_Desc_154662,False,154662,True,False,True,[],3,1,0,8,34,2031,0,0,0,0,9999,0,0,0,False,1,0,10,0,0,0,0,0,0,0,0,0,0,0,0,0,0,0,0,0,0,0,0,0,0,0,0,0,0,0,0,0,0,0,0,0,0,0,0,0,0,1810066,0,0,0,0,0,0,0,0,0,,0,/Game/Streaming/ArtAsset/UI/UIResource/UITexture/Common_Icon/Icon_Collection/icon_collection_OxidizedLiquidMetal.icon_collection_OxidizedLiquidMetal,,0,True,False,False,False,0,Metal Líquido Oxidado,Um metal líquido descoberto na Cratera Albern. A oxidação fez com que sua cor mudasse.
154663,Item_Name_154663,Item_Desc_154663,False,154663,True,False,True,[],3,1,0,8,34,2031,0,0,0,0,9999,0,0,0,False,1,0,10,0,0,0,0,0,0,0,0,0,0,0,0,0,0,0,0,0,0,0,0,0,0,0,0,0,0,0,0,0,0,0,0,0,0,0,0,0,0,1810066,0,0,0,0,0,0,0,0,0,,0,/Game/Streaming/ArtAsset/UI/UIResource/UITexture/Common_Icon/Icon_Collection/icon_collection_SulfideLiquidMetal.icon_collection_SulfideLiquidMetal,,0,True,False,False,False,0,Metal Líquido Sulfúrico,Um metal líquido descoberto na Cratera Albern. Uma reação sulfúrica fez com que sua cor mudasse.
154664,Item_Name_154664,Item_Desc_154664,False,154664,True,False,True,[],3,1,0,8,34,2031,0,0,0,0,9999,0,0,0,False,1,0,10,0,0,0,0,0,0,0,0,0,0,0,0,0,0,0,0,0,0,0,0,0,0,0,0,0,0,0,0,0,0,0,0,0,0,0,0,0,0,1810066,0,0,0,0,0,0,0,0,0,,0,/Game/Streaming/ArtAsset/UI/UIResource/UITexture/Common_Icon/Icon_Collection/icon_collection_CryogenicLiquidMetal.icon_collection_CryogenicLiquidMetal,,0,True,False,False,False,0,Metal Líquido Criogênico,"Um metal líquido descoberto na Cratera Albern. Está em estado criogênico, portanto deve ser manuseado com cuidado."
154665,Item_Name_154665,Item_Desc_154665,False,154665,True,True,True,[],4,1,0,8,34,2031,0,0,0,0,9999,0,0,0,False,1,0,10,0,0,0,0,0,0,0,0,0,0,0,0,0,0,0,0,0,0,0,0,0,0,0,0,0,0,0,0,0,0,0,0,0,0,0,0,0,0,1810063,0,0,0,0,0,0,0,0,0,,0,/Game/Streaming/ArtAsset/UI/UIResource/UITexture/Common_Icon/Icon_Collection/icon_collection_CombatDroneController.icon_collection_CombatDroneController,,0,True,False,False,False,0,Controlador de Drone de Combate,"Usado para controlar drones, possui várias funções integradas. Sua estrutura foi simplificada para controle eficiente de drones de combate."
154666,Item_Name_154666,Item_Desc_154666,False,154666,True,True,True,[],4,1,0,8,34,2031,0,0,0,0,9999,0,0,0,False,1,0,10,0,0,0,0,0,0,0,0,0,0,0,0,0,0,0,0,0,0,0,0,0,0,0,0,0,0,0,0,0,0,0,0,0,0,0,0,0,0,1810063,0,0,0,0,0,0,0,0,0,,0,/Game/Streaming/ArtAsset/UI/UIResource/UITexture/Common_Icon/Icon_Collection/icon_collection_ExplorationDroneController.icon_collection_ExplorationDroneController,,0,True,False,False,False,0,Controlador de Drones de Exploração,"Usado para controlar drones, possui várias funções integradas. Várias antenas foram adicionadas para permitir o controle de drones de exploração mesmo a longas distâncias."
154667,Item_Name_154667,Item_Desc_154667,False,154667,True,True,True,[],4,1,0,8,34,2031,0,0,0,0,9999,0,0,0,False,1,0,10,0,0,0,0,0,0,0,0,0,0,0,0,0,0,0,0,0,0,0,0,0,0,0,0,0,0,0,0,0,0,0,0,0,0,0,0,0,0,1810063,0,0,0,0,0,0,0,0,0,,0,/Game/Streaming/ArtAsset/UI/UIResource/UITexture/Common_Icon/Icon_Collection/icon_collection_ScoutDroneController.icon_collection_ScoutDroneController,,0,True,False,False,False,0,Controlador de Drone de Patrulha,"Usado para controlar drones, possui múltiplas funções integradas. Ele pode controlar drones de patrulha militar e possui várias características e funções adaptadas de acordo."
154668,Item_Name_154668,Item_Desc_154668,False,154668,True,True,True,[],4,1,0,8,34,2031,0,0,0,0,9999,0,0,0,False,1,0,10,0,0,0,0,0,0,0,0,0,0,0,0,0,0,0,0,0,0,0,0,0,0,0,0,0,0,0,0,0,0,0,0,0,0,0,0,0,0,1810067,0,0,0,0,0,0,0,0,0,,0,/Game/Streaming/ArtAsset/UI/UIResource/UITexture/Common_Icon/Icon_Collection/icon_collection_ExperimentalPlasmaCapsule.icon_collection_ExperimentalPlasmaCapsule,,0,True,False,False,False,0,Cápsula de Plasma Experimental,"Uma cápsula que armazena plasma em forma esférica. Foi projetada para uso em vários experimentos científicos, incluindo testes ambientais."
154669,Item_Name_154669,Item_Desc_154669,False,154669,True,True,True,[],4,1,0,8,34,2031,0,0,0,0,9999,0,0,0,False,1,0,10,0,0,0,0,0,0,0,0,0,0,0,0,0,0,0,0,0,0,0,0,0,0,0,0,0,0,0,0,0,0,0,0,0,0,0,0,0,0,1810067,0,0,0,0,0,0,0,0,0,,0,/Game/Streaming/ArtAsset/UI/UIResource/UITexture/Common_Icon/Icon_Collection/icon_collection_StoragePlasmaCapsule.icon_collection_StoragePlasmaCapsule,,0,True,False,False,False,0,Cápsula de Plasma de Armazenamento,Uma cápsula que armazena plasma em forma esférica. Um modelo usado principalmente para transportar com segurança o plasma utilizado como combustível.
154670,Item_Name_154670,Item_Desc_154670,False,154670,True,True,True,[],4,1,0,8,34,2031,0,0,0,0,9999,0,0,0,False,1,0,10,0,0,0,0,0,0,0,0,0,0,0,0,0,0,0,0,0,0,0,0,0,0,0,0,0,0,0,0,0,0,0,0,0,0,0,0,0,0,1810067,0,0,0,0,0,0,0,0,0,,0,/Game/Streaming/ArtAsset/UI/UIResource/UITexture/Common_Icon/Icon_Collection/icon_collection_ExplosionPlasmaCapsule.icon_collection_ExplosionPlasmaCapsule,,0,True,False,False,False,0,Cápsula de Plasma Explosiva,Uma cápsula que armazena plasma em forma esférica. Foi criada como um explosivo para destruir certos terrenos e objetos.
154695,Item_Name_154695,Item_Desc_154695,False,154695,True,False,True,[],1,1,0,8,34,2031,0,0,0,0,9999,0,0,0,False,1,0,10,0,0,0,0,0,0,0,0,0,0,0,0,0,0,0,0,0,0,0,0,0,0,0,0,0,0,0,0,0,0,0,0,0,0,0,0,0,0,1810068,0,0,0,0,1004,0,0,0,0,,0,/Game/Streaming/ArtAsset/UI/UIResource/UITexture/Common_Icon/Icon_Collection/icon_collection_RedShiningEye.icon_collection_RedShiningEye,,0,True,False,False,False,0,Olho Vermelho Luminoso,O olho mecânico destacado do androide brilha em vermelho. Ele se comporta mais como uma lente do que como um olho. Parece que ainda está conectado à sua fonte de energia interna.
154696,Item_Name_154696,Item_Desc_154696,False,154696,True,False,True,[],2,1,0,8,34,2031,0,0,0,0,9999,0,0,0,False,1,0,10,0,0,0,0,0,0,0,0,0,0,0,0,0,0,0,0,0,0,0,0,0,0,0,0,0,0,0,0,0,0,0,0,0,0,0,0,0,0,1810069,0,0,0,0,1104,0,0,0,0,,0,/Game/Streaming/ArtAsset/UI/UIResource/UITexture/Common_Icon/Icon_Collection/icon_collection_ModifiedAndroidAIchip.icon_collection_ModifiedAndroidAIchip,,0,True,False,False,False,0,Chip de IA de Androide,Um chip de IA projetado para Androides. Sua estrutura parece diferente dos chips industriais comumente usados. Pode ter sido modificado para combate por alguém.
154697,Item_Name_154697,Item_Desc_154697,False,154697,True,False,True,[],3,1,0,8,34,2031,0,0,0,0,9999,0,0,0,False,1,0,10,0,0,0,0,0,0,0,0,0,0,0,0,0,0,0,0,0,0,0,0,0,0,0,0,0,0,0,0,0,0,0,0,0,0,0,0,0,0,1810070,0,0,0,0,1204,0,0,0,0,,0,/Game/Streaming/ArtAsset/UI/UIResource/UITexture/Common_Icon/Icon_Collection/icon_collection_TornCombatUniform.icon_collection_TornCombatUniform,,0,True,False,False,False,0,Pedaço Rasgado de Uniforme de Combate,"Um pedaço de pano esfarrapado. A julgar pelo padrão amarelo e material, parece ser o uniforme de combate rasgado de um soldado Bellato."
154698,Item_Name_154698,Item_Desc_154698,False,154698,True,True,True,[],4,1,0,8,34,2031,0,0,0,0,9999,0,0,0,False,1,0,10,0,0,0,0,0,0,0,0,0,0,0,0,0,0,0,0,0,0,0,0,0,0,0,0,0,0,0,0,0,0,0,0,0,0,0,0,0,0,1810071,0,0,0,0,1304,0,0,0,0,,0,/Game/Streaming/ArtAsset/UI/UIResource/UITexture/Common_Icon/Icon_Collection/icon_collection_AndroidDisposalGuideline.icon_collection_AndroidDisposalGuideline,,0,True,False,False,False,0,Guia de Descarte de Androide,Um bloco de notas digital com uma classificação de segurança. Seu conteúdo diz respeito ao descarte de Androides. Arranhões que parecem ter sido feitos por algo metálico são visíveis em sua superfície. Poderiam ser de dedos mecânicos?
154703,Item_Name_154703,Item_Desc_154703,False,154703,True,False,True,[],1,1,0,8,34,2031,0,0,0,0,9999,0,0,0,False,1,0,10,0,0,0,0,0,0,0,0,0,0,0,0,0,0,0,0,0,0,0,0,0,0,0,0,0,0,0,0,0,0,0,0,0,0,0,0,0,0,1810072,0,0,0,0,0,0,0,0,0,,0,/Game/Streaming/ArtAsset/UI/UIResource/UITexture/Common_Icon/Icon_Collection/icon_collection_AcretiaShipFragment.icon_collection_AcretiaShipFragment,,0,True,False,False,False,0,Fragmento de Aeronave Accretiano,Um pedaço do exterior blindado de uma nave aérea Accretiana. O fragmento de metal danificado ostenta o emblema Imperial. Presume-se que seja parte dos destroços de uma nave aérea que caiu nesta área.
154704,Item_Name_154704,Item_Desc_154704,False,154704,True,False,True,[],1,1,0,8,34,2031,0,0,0,0,9999,0,0,0,False,1,0,10,0,0,0,0,0,0,0,0,0,0,0,0,0,0,0,0,0,0,0,0,0,0,0,0,0,0,0,0,0,0,0,0,0,0,0,0,0,0,1810072,0,0,0,0,0,0,0,0,0,,0,/Game/Streaming/ArtAsset/UI/UIResource/UITexture/Common_Icon/Icon_Collection/icon_collection_GiantBeastDNA.icon_collection_GiantBeastDNA,,0,True,False,False,False,0,DNA de Besta Gigante,"Uma cápsula de metal contendo um líquido esverdeado. Com base na descrição na parte de trás, parece ser material genético de uma forma de vida gigante que existiu nesta área."
154705,Item_Name_154705,Item_Desc_154705,False,154705,True,False,True,[],1,1,0,8,34,2031,0,0,0,0,9999,0,0,0,False,1,0,10,0,0,0,0,0,0,0,0,0,0,0,0,0,0,0,0,0,0,0,0,0,0,0,0,0,0,0,0,0,0,0,0,0,0,0,0,0,0,1810072,0,0,0,0,0,0,0,0,0,,0,/Game/Streaming/ArtAsset/UI/UIResource/UITexture/Common_Icon/Icon_Collection/icon_collection_RedPlant.icon_collection_RedPlant,,0,True,False,False,False,0,Planta Vermelha,Uma parte de uma planta vermelha encontrada nesta região. O fato de crescer nas planícies nevadas a torna digna de estudo adicional.
154706,Item_Name_154706,Item_Desc_154706,False,154706,True,False,True,[],1,1,0,8,34,2031,0,0,0,0,9999,0,0,0,False,1,0,10,0,0,0,0,0,0,0,0,0,0,0,0,0,0,0,0,0,0,0,0,0,0,0,0,0,0,0,0,0,0,0,0,0,0,0,0,0,0,1810072,0,0,0,0,0,0,0,0,0,,0,/Game/Streaming/ArtAsset/UI/UIResource/UITexture/Common_Icon/Icon_Collection/icon_collection_RuinsFragment.icon_collection_RuinsFragment,,0,True,False,False,False,0,Fragmento de Ruínas,"Uma tábua de pedra descoberta no local das ruínas. A superfície foi cuidadosamente limpa, provavelmente para fins de pesquisa. Seus padrões gravados são claramente visíveis."
154707,Item_Name_154707,Item_Desc_154707,False,154707,True,False,True,[],1,1,0,8,34,2031,0,0,0,0,9999,0,0,0,False,1,0,10,0,0,0,0,0,0,0,0,0,0,0,0,0,0,0,0,0,0,0,0,0,0,0,0,0,0,0,0,0,0,0,0,0,0,0,0,0,0,1810072,0,0,0,0,0,0,0,0,0,,0,/Game/Streaming/ArtAsset/UI/UIResource/UITexture/Common_Icon/Icon_Collection/icon_collection_SnowyBeastHide.icon_collection_SnowyBeastHide,,0,True,False,False,False,0,Pele de Fera do Campo de Neve,"Parece ser a pele de uma besta do campo de neve. A pelagem foi completamente removida e a pele aparada, sugerindo que foi destinada para uso em artesanato."
154713,Item_Name_154713,Item_Desc_154713,False,154713,True,False,True,[],2,1,0,8,34,2031,0,0,0,0,9999,0,0,0,False,1,0,10,0,0,0,0,0,0,0,0,0,0,0,0,0,0,0,0,0,0,0,0,0,0,0,0,0,0,0,0,0,0,0,0,0,0,0,0,0,0,1810073,0,0,0,0,0,0,0,0,0,,0,/Game/Streaming/ArtAsset/UI/UIResource/UITexture/Common_Icon/Icon_Collection/icon_collection_WasteWaterBottle.icon_collection_WasteWaterBottle,,0,True,False,False,False,0,Água Residual Engarrafada,Contém águas residuais da área de mineração. Parece ter sido coletada para fins de pesquisa. Algo parece estar se contorcendo dentro do líquido opaco.
154714,Item_Name_154714,Item_Desc_154714,False,154714,True,False,True,[],2,1,0,8,34,2031,0,0,0,0,9999,0,0,0,False,1,0,10,0,0,0,0,0,0,0,0,0,0,0,0,0,0,0,0,0,0,0,0,0,0,0,0,0,0,0,0,0,0,0,0,0,0,0,0,0,0,1810073,0,0,0,0,0,0,0,0,0,,0,/Game/Streaming/ArtAsset/UI/UIResource/UITexture/Common_Icon/Icon_Collection/icon_collection_StorageManagementTable.icon_collection_StorageManagementTable,,0,True,False,False,False,0,Livro de Registro de Inventário Armazenado,"Um livro de registro de inventário usado no centro de dados. Está marcado, presumivelmente por um administrador verificando o inventário. Parece que os estoques do inventário estão diminuindo."
154715,Item_Name_154715,Item_Desc_154715,False,154715,True,False,True,[],2,1,0,8,34,2031,0,0,0,0,9999,0,0,0,False,1,0,10,0,0,0,0,0,0,0,0,0,0,0,0,0,0,0,0,0,0,0,0,0,0,0,0,0,0,0,0,0,0,0,0,0,0,0,0,0,0,1810073,0,0,0,0,0,0,0,0,0,,0,/Game/Streaming/ArtAsset/UI/UIResource/UITexture/Common_Icon/Icon_Collection/icon_collection_RepairToolFerinky.icon_collection_RepairToolFerinky,,0,True,False,False,False,0,Ferramenta de Reparação Ferinky,"Um implemento frequentemente carregado por Fenrinkies. Eles afirmam que é uma ferramenta de reparo, mas as faíscas saindo da ponta são difíceis de ignorar. Esperamos que eles não o usem repentinamente como uma arma."
154716,Item_Name_154716,Item_Desc_154716,False,154716,True,False,True,[],2,1,0,8,34,2031,0,0,0,0,9999,0,0,0,False,1,0,10,0,0,0,0,0,0,0,0,0,0,0,0,0,0,0,0,0,0,0,0,0,0,0,0,0,0,0,0,0,0,0,0,0,0,0,0,0,0,1810073,0,0,0,0,0,0,0,0,0,,0,/Game/Streaming/ArtAsset/UI/UIResource/UITexture/Common_Icon/Icon_Collection/icon_collection_CapsuleContainingInfectious.icon_collection_CapsuleContainingInfectious,,0,True,False,False,False,0,Tubo de Ensaio com Agente Infeccioso,Um tubo de ensaio contendo um líquido vermelho-escuro que se parece suspeitosamente com sangue. Presume-se que seja outra forma de material infeccioso.
154717,Item_Name_154717,Item_Desc_154717,False,154717,True,False,True,[],2,1,0,8,34,2031,0,0,0,0,9999,0,0,0,False,1,0,10,0,0,0,0,0,0,0,0,0,0,0,0,0,0,0,0,0,0,0,0,0,0,0,0,0,0,0,0,0,0,0,0,0,0,0,0,0,0,1810073,0,0,0,0,0,0,0,0,0,,0,/Game/Streaming/ArtAsset/UI/UIResource/UITexture/Common_Icon/Icon_Collection/icon_collection_SnowExplorationKnife.icon_collection_SnowExplorationKnife,,0,True,False,False,False,0,Pertences do Expedicionário do Campo de Neve,Uma pequena faca dobrável que provavelmente teria sido carregada por um membro de uma expedição em campo de neve. Está fortemente enferrujada e a ponta da lâmina está quebrada. O que poderia ter acontecido lá?
154723,Item_Name_154723,Item_Desc_154723,False,154723,True,False,True,[],3,1,0,8,34,2031,0,0,0,0,9999,0,0,0,False,1,0,10,0,0,0,0,0,0,0,0,0,0,0,0,0,0,0,0,0,0,0,0,0,0,0,0,0,0,0,0,0,0,0,0,0,0,0,0,0,0,1810074,0,0,0,0,0,0,0,0,0,,0,/Game/Streaming/ArtAsset/UI/UIResource/UITexture/Common_Icon/Icon_Collection/icon_collection_DiaryOfMiner.icon_collection_DiaryOfMiner,,0,True,False,False,False,0,Diário do Minerador,Um diário de papel grosso com reforço de metal na capa e nos cantos. Examinar o conteúdo deste diário pode fornecer informações sobre as áreas de mineração na região.
154724,Item_Name_154724,Item_Desc_154724,False,154724,True,False,True,[],3,1,0,8,34,2031,0,0,0,0,9999,0,0,0,False,1,0,10,0,0,0,0,0,0,0,0,0,0,0,0,0,0,0,0,0,0,0,0,0,0,0,0,0,0,0,0,0,0,0,0,0,0,0,0,0,0,1810074,0,0,0,0,0,0,0,0,0,,0,/Game/Streaming/ArtAsset/UI/UIResource/UITexture/Common_Icon/Icon_Collection/icon_collection_BlueCrystalOrnaments.icon_collection_BlueCrystalOrnaments,,0,True,False,False,False,0,Decoração de Cristal Azul,"Dentro há um cristal azul brilhante, enquanto o exterior é composto por um minério semelhante a obsidiana. Parece um ornamento caro."
154725,Item_Name_154725,Item_Desc_154725,False,154725,True,False,True,[],3,1,0,8,34,2031,0,0,0,0,9999,0,0,0,False,1,0,10,0,0,0,0,0,0,0,0,0,0,0,0,0,0,0,0,0,0,0,0,0,0,0,0,0,0,0,0,0,0,0,0,0,0,0,0,0,0,1810074,0,0,0,0,0,0,0,0,0,,0,/Game/Streaming/ArtAsset/UI/UIResource/UITexture/Common_Icon/Icon_Collection/icon_collection_CrystallizedContaminants.icon_collection_CrystallizedContaminants,,0,True,False,False,False,0,Cristal Vermelho,"Uma substância cristalina vermelha está anexada. Parece sinistra, quase como se estivesse se espalhando."
154726,Item_Name_154726,Item_Desc_154726,False,154726,True,False,True,[],3,1,0,8,34,2031,0,0,0,0,9999,0,0,0,False,1,0,10,0,0,0,0,0,0,0,0,0,0,0,0,0,0,0,0,0,0,0,0,0,0,0,0,0,0,0,0,0,0,0,0,0,0,0,0,0,0,1810074,0,0,0,0,0,0,0,0,0,,0,/Game/Streaming/ArtAsset/UI/UIResource/UITexture/Common_Icon/Icon_Collection/icon_collection_ShiningRelicFragment.icon_collection_ShiningRelicFragment,,0,True,False,False,False,0,Fragmento das Ruínas Brilhantes,"Um fragmento de ruínas vermelho que aparentemente foi descoberto no sítio das ruínas. Seu brilho parece ter se apagado pela metade, como se sua força vital estivesse se esvaindo."
154727,Item_Name_154727,Item_Desc_154727,False,154727,True,False,True,[],3,1,0,8,34,2031,0,0,0,0,9999,0,0,0,False,1,0,10,0,0,0,0,0,0,0,0,0,0,0,0,0,0,0,0,0,0,0,0,0,0,0,0,0,0,0,0,0,0,0,0,0,0,0,0,0,0,1810074,0,0,0,0,0,0,0,0,0,,0,/Game/Streaming/ArtAsset/UI/UIResource/UITexture/Common_Icon/Icon_Collection/icon_collection_LofusSymbiHorn.icon_collection_LofusSymbiHorn,,0,True,False,False,False,0,Chifre de Symbi de Ropus,"O chifre de um Symbi nativo da região de Ropus. É endurecido e sólido, ligeiramente mais curto do que outros tipos de chifres, com uma curva para cima."
154733,Item_Name_154733,Item_Desc_154733,False,154733,True,True,True,[],4,1,0,8,34,2031,0,0,0,0,9999,0,0,0,False,1,0,10,0,0,0,0,0,0,0,0,0,0,0,0,0,0,0,0,0,0,0,0,0,0,0,0,0,0,0,0,0,0,0,0,0,0,0,0,0,0,1810075,0,0,0,0,0,0,0,0,0,,0,/Game/Streaming/ArtAsset/UI/UIResource/UITexture/Common_Icon/Icon_Collection/icon_collection_ContaminantCylinder.icon_collection_ContaminantCylinder,,0,True,False,False,False,0,Cilindro Contaminante,Um cilindro contendo um contaminante não identificado diferente do esgoto. Parece estar selado hermeticamente. Poderia este ser a causa raiz do esgoto?
154734,Item_Name_154734,Item_Desc_154734,False,154734,True,True,True,[],4,1,0,8,34,2031,0,0,0,0,9999,0,0,0,False,1,0,10,0,0,0,0,0,0,0,0,0,0,0,0,0,0,0,0,0,0,0,0,0,0,0,0,0,0,0,0,0,0,0,0,0,0,0,0,0,0,1810075,0,0,0,0,0,0,0,0,0,,0,/Game/Streaming/ArtAsset/UI/UIResource/UITexture/Common_Icon/Icon_Collection/icon_collection_DamagedDataChip.icon_collection_DamagedDataChip,,0,True,False,False,False,0,Chip de Dados Danificado,"Um chip de dados. Parece conter informações importantes. A ponta está quebrada, e sua cor vermelha sugere que pode estar relacionado à inteligência nacional Accretiana."
154735,Item_Name_154735,Item_Desc_154735,False,154735,True,True,True,[],4,1,0,8,34,2031,0,0,0,0,9999,0,0,0,False,1,0,10,0,0,0,0,0,0,0,0,0,0,0,0,0,0,0,0,0,0,0,0,0,0,0,0,0,0,0,0,0,0,0,0,0,0,0,0,0,0,1810075,0,0,0,0,0,0,0,0,0,,0,/Game/Streaming/ArtAsset/UI/UIResource/UITexture/Common_Icon/Icon_Collection/icon_collection_InfectedMachineParts.icon_collection_InfectedMachineParts,,0,True,False,False,False,0,Peça da Máquina Infectada,Uma peça mecânica danificada. Parece o olho de um androide. Há algo que se parece suspeitosamente com material infeccioso dentro da lente. Será que as máquinas também podem ser suscetíveis a infecções?
154736,Item_Name_154736,Item_Desc_154736,False,154736,True,True,True,[],4,1,0,8,34,2031,0,0,0,0,9999,0,0,0,False,1,0,10,0,0,0,0,0,0,0,0,0,0,0,0,0,0,0,0,0,0,0,0,0,0,0,0,0,0,0,0,0,0,0,0,0,0,0,0,0,0,1810075,0,0,0,0,0,0,0,0,0,,0,/Game/Streaming/ArtAsset/UI/UIResource/UITexture/Common_Icon/Icon_Collection/icon_collection_RelicSiteCrystal.icon_collection_RelicSiteCrystal,,0,True,False,False,False,0,Cristal das Ruínas,"Um cristal azul encontrado perto das ruínas. Diz-se que gera energia elétrica, é um item valioso entre os colecionadores."
154737,Item_Name_154737,Item_Desc_154737,False,154737,True,True,True,[],4,1,0,8,34,2031,0,0,0,0,9999,0,0,0,False,1,0,10,0,0,0,0,0,0,0,0,0,0,0,0,0,0,0,0,0,0,0,0,0,0,0,0,0,0,0,0,0,0,0,0,0,0,0,0,0,0,1810075,0,0,0,0,0,0,0,0,0,,0,/Game/Streaming/ArtAsset/UI/UIResource/UITexture/Common_Icon/Icon_Collection/icon_collection_IceResearcherCard.icon_collection_IceResearcherCard,,0,True,False,False,False,0,ID do Pesquisador da Ice Cap,"Um cartão de ID que concede acesso ao nível mais profundo do laboratório de pesquisa. Atualmente, parece estar inutilizável."
154743,Item_Name_154743,Item_Desc_154743,False,154743,True,False,True,[],1,1,0,8,34,2031,0,0,0,0,9999,0,0,0,False,1,0,10,0,0,0,0,0,0,0,0,0,0,0,0,0,0,0,0,0,0,0,0,0,0,0,0,0,0,0,0,0,0,0,0,0,0,0,0,0,0,1810076,0,0,0,0,0,0,0,0,0,,0,/Game/Streaming/ArtAsset/UI/UIResource/UITexture/Common_Icon/Icon_Collection/icon_collection_RustyKey.icon_collection_RustyKey,,0,True,False,False,False,0,Chave Enferrujada,"Uma chave enferrujada, de emissão padrão da Federação. Ela era usada para acessar as instalações da cidade, mas enferrujou bastante ao longo dos anos desde que a cidade foi abandonada."
154744,Item_Name_154744,Item_Desc_154744,False,154744,True,False,True,[],2,1,0,8,34,2031,0,0,0,0,9999,0,0,0,False,1,0,10,0,0,0,0,0,0,0,0,0,0,0,0,0,0,0,0,0,0,0,0,0,0,0,0,0,0,0,0,0,0,0,0,0,0,0,0,0,0,1810077,0,0,0,0,0,0,0,0,0,,0,/Game/Streaming/ArtAsset/UI/UIResource/UITexture/Common_Icon/Icon_Collection/icon_collection_policebadge.icon_collection_policebadge,,0,True,False,False,False,0,Distintivo de Polícia Sujo,Um distintivo de polícia dos dias em que a cidade ainda estava operacional. As manchas de sangue no distintivo dão uma sensação dos sacrifícios feitos pela aplicação da lei durante as batalhas desesperadas nos primeiros dias da Contaminação Carmesim.
154745,Item_Name_154745,Item_Desc_154745,False,154745,True,False,True,[],3,1,0,8,34,2031,0,0,0,0,9999,0,0,0,False,1,0,10,0,0,0,0,0,0,0,0,0,0,0,0,0,0,0,0,0,0,0,0,0,0,0,0,0,0,0,0,0,0,0,0,0,0,0,0,0,0,1810078,0,0,0,0,0,0,0,0,0,,0,/Game/Streaming/ArtAsset/UI/UIResource/UITexture/Common_Icon/Icon_Collection/icon_collection_CrystallizedContamination.icon_collection_CrystallizedContamination,,0,True,False,False,False,0,Contaminação Cristalizada,Esta forma de cristalização ocorre quando a Contaminação Carmesim é deixada sem supervisão por um longo período de tempo. Alimentar esse crescimento o reativa.
154746,Item_Name_154746,Item_Desc_154746,False,154746,True,True,True,[],4,1,0,8,34,2031,0,0,0,0,9999,0,0,0,False,1,0,10,0,0,0,0,0,0,0,0,0,0,0,0,0,0,0,0,0,0,0,0,0,0,0,0,0,0,0,0,0,0,0,0,0,0,0,0,0,0,1810079,0,0,0,0,0,0,0,0,0,,0,/Game/Streaming/ArtAsset/UI/UIResource/UITexture/Common_Icon/Icon_Collection/icon_collection_CrimsonTissueSample.icon_collection_CrimsonTissueSample,,0,True,False,False,False,0,Amostra de Tecido Carmesim,Uma massa intacta de Contaminação Carmesim. Seu micélio está se espalhando em todas as direções em busca de algo para alimentar seu crescimento.
154751,Item_Name_154751,Item_Desc_154751,False,154751,True,False,True,[],1,1,0,8,34,2031,0,0,0,0,9999,0,0,0,False,1,0,10,0,0,0,0,0,0,0,0,0,0,0,0,0,0,0,0,0,0,0,0,0,0,0,0,0,0,0,0,0,0,0,0,0,0,0,0,0,0,1810080,0,0,0,0,0,0,0,0,0,,0,/Game/Streaming/ArtAsset/UI/UIResource/UITexture/Common_Icon/Icon_Collection/icon_collection_AbandonedCable.icon_collection_AbandonedCable,,0,True,False,False,False,0,Cabo de Energia de Emergência,"Um cabo que já esteve conectado à rede de energia de emergência da plataforma. O isolamento externo está rasgado, expondo a linha de energia, com sinais de corte deliberado."
154752,Item_Name_154752,Item_Desc_154752,False,154752,True,False,True,[],1,1,0,8,34,2031,0,0,0,0,9999,0,0,0,False,1,0,10,0,0,0,0,0,0,0,0,0,0,0,0,0,0,0,0,0,0,0,0,0,0,0,0,0,0,0,0,0,0,0,0,0,0,0,0,0,0,1810080,0,0,0,0,0,0,0,0,0,,0,/Game/Streaming/ArtAsset/UI/UIResource/UITexture/Common_Icon/Icon_Collection/icon_collection_9thButton.icon_collection_9thButton,,0,True,False,False,False,0,Botão de Console Danificado,"Um módulo de botão destacado do painel da sala de controle. Sua função é desconhecida, mas a superfície gasta sugere que foi frequentemente usado."
154753,Item_Name_154753,Item_Desc_154753,False,154753,True,False,True,[],2,1,0,8,34,2031,0,0,0,0,9999,0,0,0,False,1,0,10,0,0,0,0,0,0,0,0,0,0,0,0,0,0,0,0,0,0,0,0,0,0,0,0,0,0,0,0,0,0,0,0,0,0,0,0,0,0,1810081,0,0,0,0,0,0,0,0,0,,0,/Game/Streaming/ArtAsset/UI/UIResource/UITexture/Common_Icon/Icon_Collection/icon_collection_DiaryManual.icon_collection_DiaryManual,,0,True,False,False,False,0,Manual de Manutenção da Plataforma,"Uma seção do manual que instrui como realizar a manutenção da plataforma de elevação orbital. Várias páginas estão faltando, então apenas parte do conteúdo permanece, e os termos técnicos dificultam a compreensão para um não-especialista."
154754,Item_Name_154754,Item_Desc_154754,False,154754,True,False,True,[],2,1,0,8,34,2031,0,0,0,0,9999,0,0,0,False,1,0,10,0,0,0,0,0,0,0,0,0,0,0,0,0,0,0,0,0,0,0,0,0,0,0,0,0,0,0,0,0,0,0,0,0,0,0,0,0,0,1810081,0,0,0,0,0,0,0,0,0,,0,/Game/Streaming/ArtAsset/UI/UIResource/UITexture/Common_Icon/Icon_Collection/icon_collection_LarvalCoolingCapsule.icon_collection_LarvalCoolingCapsule,,0,True,False,False,False,0,Cápsula de Armazenamento de Refrigerante,"Uma pequena cápsula de armazenamento de refrigerante usada em dispositivos de resfriamento. Apenas uma pequena quantidade de refrigerante permanece dentro, e a superfície da cápsula está descolorida devido a negligência prolongada."
154755,Item_Name_154755,Item_Desc_154755,False,154755,True,False,True,[],3,1,0,8,34,2031,0,0,0,0,9999,0,0,0,False,1,0,10,0,0,0,0,0,0,0,0,0,0,0,0,0,0,0,0,0,0,0,0,0,0,0,0,0,0,0,0,0,0,0,0,0,0,0,0,0,0,1810082,0,0,0,0,0,0,0,0,0,,0,/Game/Streaming/ArtAsset/UI/UIResource/UITexture/Common_Icon/Icon_Collection/icon_collection_SolarPanelPiece.icon_collection_SolarPanelPiece,,0,True,False,False,False,0,Fragmento de Painel Solar,"Um fragmento de um pequeno painel solar montado na parede externa da base de lançamento de naves. Uma pequena quantidade de energia residual permanece, sugerindo que estava operacional até bem recentemente."
154756,Item_Name_154756,Item_Desc_154756,False,154756,True,False,True,[],3,1,0,8,34,2031,0,0,0,0,9999,0,0,0,False,1,0,10,0,0,0,0,0,0,0,0,0,0,0,0,0,0,0,0,0,0,0,0,0,0,0,0,0,0,0,0,0,0,0,0,0,0,0,0,0,0,1810082,0,0,0,0,0,0,0,0,0,,0,/Game/Streaming/ArtAsset/UI/UIResource/UITexture/Common_Icon/Icon_Collection/icon_collection_WeirdArtificialLens.icon_collection_WeirdArtificialLens,,0,True,False,False,False,0,Módulo de Lente de Vigilância,"Um componente de lente de vigilância de um androide que patrulhava os níveis superiores da base. Alguns circuitos internos estão expostos, e marcas de Impacto e arranhões na superfície indicam que foi danificado durante o combate."
154757,Item_Name_154757,Item_Desc_154757,False,154757,True,True,True,[],4,1,0,8,34,2031,0,0,0,0,9999,0,0,0,False,1,0,10,0,0,0,0,0,0,0,0,0,0,0,0,0,0,0,0,0,0,0,0,0,0,0,0,0,0,0,0,0,0,0,0,0,0,0,0,0,0,1810083,0,0,0,0,0,0,0,0,0,,0,/Game/Streaming/ArtAsset/UI/UIResource/UITexture/Common_Icon/Icon_Collection/icon_collection_SecurityMasterKey.icon_collection_SecurityMasterKey,,0,True,False,False,False,0,Chave de Acesso de Nível Superior,"Uma chave de autorização mecânica usada por oficiais Accretianos para acessar os níveis superiores. Era usada em conjunto com um dispositivo de verificação de comando para desbloquear áreas seguras da plataforma superior. A maioria foi desativada desde então, e poucas chaves funcionais permanecem."
154758,Item_Name_154758,Item_Desc_154758,False,154758,True,True,True,[],4,1,0,8,34,2031,0,0,0,0,9999,0,0,0,False,1,0,10,0,0,0,0,0,0,0,0,0,0,0,0,0,0,0,0,0,0,0,0,0,0,0,0,0,0,0,0,0,0,0,0,0,0,0,0,0,0,1810083,0,0,0,0,0,0,0,0,0,,0,/Game/Streaming/ArtAsset/UI/UIResource/UITexture/Common_Icon/Icon_Collection/icon_collection_AndroidPowerCore.icon_collection_AndroidPowerCore,,0,True,False,False,False,0,Núcleo de Energia Modificado,"Um componente recuperado de um núcleo de energia Accretian e remontado. Parece ter sido usado para fornecer energia ao corpo mecanizado de soldados pesados Vafer. Sua saída é instável, tornando-o inadequado para equipamentos padrão."
154767,Item_Name_154767,Item_Desc_154767,False,154767,True,False,True,[],1,1,0,8,34,2031,0,0,0,0,9999,0,0,0,False,1,0,10,0,0,0,0,0,0,0,0,0,0,0,0,0,0,0,0,0,0,0,0,0,0,0,0,0,0,0,0,0,0,0,0,0,0,0,0,0,0,1810084,0,0,0,0,0,0,0,0,0,,0,/Game/Streaming/ArtAsset/UI/UIResource/UITexture/Common_Icon/Icon_Collection/icon_collection_PairofScrews.icon_collection_PairofScrews,,0,True,False,False,False,0,Par de Parafusos,Parafusos de origem indeterminada. Há tanta maquinaria em Nemesis que é impossível descobrir de qual peça mecânica eles caíram.
154768,Item_Name_154768,Item_Desc_154768,False,154768,True,False,True,[],1,1,0,8,34,2031,0,0,0,0,9999,0,0,0,False,1,0,10,0,0,0,0,0,0,0,0,0,0,0,0,0,0,0,0,0,0,0,0,0,0,0,0,0,0,0,0,0,0,0,0,0,0,0,0,0,0,1810084,0,0,0,0,0,0,0,0,0,,0,/Game/Streaming/ArtAsset/UI/UIResource/UITexture/Common_Icon/Icon_Collection/icon_collection_PasswordCodeTable.icon_collection_PasswordCodeTable,,0,True,False,False,False,0,Tabela de Código de Criptografia,"Evidência de uma tentativa de acessar a rede de comunicações de Nemesis. Quem quer que tenha sido, seu esforço para tentar decifrar o código com métodos analógicos é louvável."
154769,Item_Name_154769,Item_Desc_154769,False,154769,True,False,True,[],2,1,0,8,34,2031,0,0,0,0,9999,0,0,0,False,1,0,10,0,0,0,0,0,0,0,0,0,0,0,0,0,0,0,0,0,0,0,0,0,0,0,0,0,0,0,0,0,0,0,0,0,0,0,0,0,0,1810085,0,0,0,0,0,0,0,0,0,,0,/Game/Streaming/ArtAsset/UI/UIResource/UITexture/Common_Icon/Icon_Collection/icon_collection_ContrabandFound.icon_collection_ContrabandFound,,0,True,False,False,False,0,Contrabando Descoberto,"Uma caixa de saque conquistada com dificuldade na batalha de Nemesis. A julgar pelos bens raros e difíceis de encontrar em seu conteúdo, os rumores de uma operação de contrabando em Nemesis podem ser verdadeiros."
154770,Item_Name_154770,Item_Desc_154770,False,154770,True,False,True,[],2,1,0,8,34,2031,0,0,0,0,9999,0,0,0,False,1,0,10,0,0,0,0,0,0,0,0,0,0,0,0,0,0,0,0,0,0,0,0,0,0,0,0,0,0,0,0,0,0,0,0,0,0,0,0,0,0,1810085,0,0,0,0,0,0,0,0,0,,0,/Game/Streaming/ArtAsset/UI/UIResource/UITexture/Common_Icon/Icon_Collection/icon_collection_DiceforBetting.icon_collection_DiceforBetting,,0,True,False,False,False,0,Dados de Jogo,"Com o passar de incontáveis anos, a raiva se dissipa, e até mesmo esperar se torna rotina. Esses dados são usados para afastar o tédio."
154771,Item_Name_154771,Item_Desc_154771,False,154771,True,False,True,[],3,1,0,8,34,2031,0,0,0,0,9999,0,0,0,False,1,0,10,0,0,0,0,0,0,0,0,0,0,0,0,0,0,0,0,0,0,0,0,0,0,0,0,0,0,0,0,0,0,0,0,0,0,0,0,0,0,1810086,0,0,0,0,0,0,0,0,0,,0,/Game/Streaming/ArtAsset/UI/UIResource/UITexture/Common_Icon/Icon_Collection/icon_collection_LeakedCoolant.icon_collection_LeakedCoolant,,0,True,False,False,False,0,Refrigerante Vazado,Refrigerante usado para dispersar o calor de um dispositivo utilizado para processar grandes quantidades de dados. É provavelmente melhor não tocá-lo com as mãos nuas.
154772,Item_Name_154772,Item_Desc_154772,False,154772,True,False,True,[],3,1,0,8,34,2031,0,0,0,0,9999,0,0,0,False,1,0,10,0,0,0,0,0,0,0,0,0,0,0,0,0,0,0,0,0,0,0,0,0,0,0,0,0,0,0,0,0,0,0,0,0,0,0,0,0,0,1810086,0,0,0,0,0,0,0,0,0,,0,/Game/Streaming/ArtAsset/UI/UIResource/UITexture/Common_Icon/Icon_Collection/icon_collection_MaskwithCircuitry.icon_collection_MaskwithCircuitry,,0,True,False,False,False,0,Máscara Gravada em Circuito,"Alguns indivíduos com corpos mecanizados preferem essas máscaras mecânicas a rostos humanos comuns. No entanto, aparentemente, isso não ajuda muito a manter um senso de identidade."
154773,Item_Name_154773,Item_Desc_154773,False,154773,True,True,True,[],4,1,0,8,34,2031,0,0,0,0,9999,0,0,0,False,1,0,10,0,0,0,0,0,0,0,0,0,0,0,0,0,0,0,0,0,0,0,0,0,0,0,0,0,0,0,0,0,0,0,0,0,0,0,0,0,0,1810087,0,0,0,0,0,0,0,0,0,,0,/Game/Streaming/ArtAsset/UI/UIResource/UITexture/Common_Icon/Icon_Collection/icon_collection_TornWire.icon_collection_TornWire,,0,True,False,False,False,0,Fio Desfiado,Cabo desgastado que foi arrancado com Força bruta. Normalmente encontrado no 5º andar de Nemesis. Ainda está faiscando nas extremidades.
154774,Item_Name_154774,Item_Desc_154774,False,154774,True,True,True,[],4,1,0,8,34,2031,0,0,0,0,9999,0,0,0,False,1,0,10,0,0,0,0,0,0,0,0,0,0,0,0,0,0,0,0,0,0,0,0,0,0,0,0,0,0,0,0,0,0,0,0,0,0,0,0,0,0,1810087,0,0,0,0,0,0,0,0,0,,0,/Game/Streaming/ArtAsset/UI/UIResource/UITexture/Common_Icon/Icon_Collection/icon_collection_StatueofVengeance.icon_collection_StatueofVengeance,,0,True,False,False,False,0,Estátua da Deusa da Vingança,"Não importa quantas partes do corpo você substitua por máquinas, você nunca poderá realmente mudar a natureza humana. Onde quer que haja pessoas, novas religiões estão destinadas a surgir. Parece se assemelhar a algo."
154783,Item_Name_154783,Item_Desc_154783,False,154783,True,False,True,[],1,1,0,8,34,2031,0,0,0,0,9999,0,0,0,False,1,0,10,0,0,0,0,0,0,0,0,0,0,0,0,0,0,0,0,0,0,0,0,0,0,0,0,0,0,0,0,0,0,0,0,0,0,0,0,0,0,1810088,0,0,0,0,0,0,0,0,0,,0,/Game/Streaming/ArtAsset/UI/UIResource/UITexture/Common_Icon/Icon_Collection/icon_collection_EmergencyEnergyCapsuleDimension.icon_collection_EmergencyEnergyCapsuleDimension,,0,True,False,False,False,0,Cápsula de Energia Dimensional,"Uma cápsula de energia usada para viagens interdimensionais. A escotilha superior parece estar com defeito, causando vazamento de energia."
154784,Item_Name_154784,Item_Desc_154784,False,154784,True,False,True,[],2,1,0,8,34,2031,0,0,0,0,9999,0,0,0,False,1,0,10,0,0,0,0,0,0,0,0,0,0,0,0,0,0,0,0,0,0,0,0,0,0,0,0,0,0,0,0,0,0,0,0,0,0,0,0,0,0,1810089,0,0,0,0,0,0,0,0,0,,0,/Game/Streaming/ArtAsset/UI/UIResource/UITexture/Common_Icon/Icon_Collection/icon_collection_FluidCircuitComplex.icon_collection_FluidCircuitComplex,,0,True,False,False,False,0,Circuito de Fluido Composto,"Um circuito fluido complexo, aparentemente de tecnologia Arcano. Ao contrário dos circuitos padrão, ele conecta duas placas de circuito e diz-se que oferece dezenas de vezes mais poder computacional."
154785,Item_Name_154785,Item_Desc_154785,False,154785,True,False,True,[],3,1,0,8,34,2031,0,0,0,0,9999,0,0,0,False,1,0,10,0,0,0,0,0,0,0,0,0,0,0,0,0,0,0,0,0,0,0,0,0,0,0,0,0,0,0,0,0,0,0,0,0,0,0,0,0,0,1810090,0,0,0,0,0,0,0,0,0,,0,/Game/Streaming/ArtAsset/UI/UIResource/UITexture/Common_Icon/Icon_Collection/icon_collection_LocationVerificationDimension.icon_collection_LocationVerificationDimension,,0,True,False,False,False,0,Dispositivo de Posicionamento Dimensional,Um dispositivo de medição de coordenadas usado para viagens interdimensionais. Ele exibe coordenadas espaciais como uma projeção holográfica.
154786,Item_Name_154786,Item_Desc_154786,False,154786,True,True,True,[],4,1,0,8,34,2031,0,0,0,0,9999,0,0,0,False,1,0,10,0,0,0,0,0,0,0,0,0,0,0,0,0,0,0,0,0,0,0,0,0,0,0,0,0,0,0,0,0,0,0,0,0,0,0,0,0,0,1810091,0,0,0,0,0,0,0,0,0,,0,/Game/Streaming/ArtAsset/UI/UIResource/UITexture/Common_Icon/Icon_Collection/icon_collection_ArcaneEnergyShardExtend.icon_collection_ArcaneEnergyShardExtend,,0,True,False,False,False,0,Fragmento de Energia Amplificada,"Um fragmento de energia interconectada, aparentemente auto-replicado da esfera de energia original. Este artefato é extremamente raro e tem um preço elevado."
154791,Item_Name_154791,Item_Desc_154791,False,154791,True,False,True,[],1,1,0,8,34,2031,0,0,0,0,9999,0,0,0,False,1,0,10,0,0,0,0,0,0,0,0,0,0,0,0,0,0,0,0,0,0,0,0,0,0,0,0,0,0,0,0,0,0,0,0,0,0,0,0,0,0,1810092,0,0,0,0,0,0,0,0,0,,0,/Game/Streaming/ArtAsset/UI/UIResource/UITexture/Common_Icon/Icon_Collection/icon_collection_FilterforMiners.icon_collection_FilterforMiners,,0,True,False,False,False,0,Cilindro de Purificação do Técnico,"Um filtro de respirador descartável que os mineiros prendem às suas máscaras de gás. Apesar de ser de uso único, purifica o ar excepcionalmente bem."
154792,Item_Name_154792,Item_Desc_154792,False,154792,True,False,True,[],1,1,0,8,34,2031,0,0,0,0,9999,0,0,0,False,1,0,10,0,0,0,0,0,0,0,0,0,0,0,0,0,0,0,0,0,0,0,0,0,0,0,0,0,0,0,0,0,0,0,0,0,0,0,0,0,0,1810092,0,0,0,0,0,0,0,0,0,,0,/Game/Streaming/ArtAsset/UI/UIResource/UITexture/Common_Icon/Icon_Collection/icon_collection_GoldenCigaretteCase.icon_collection_GoldenCigaretteCase,,0,True,False,False,False,0,Pacote de Cigarros Dourado,"Um maço de cigarros de uma marca amplamente popular vendida em todas as três facções. Conhecido por ser bastante potente. O quadrado vermelho na embalagem simboliza um coração, um emblema da humanidade."
154793,Item_Name_154793,Item_Desc_154793,False,154793,True,False,True,[],2,1,0,8,34,2031,0,0,0,0,9999,0,0,0,False,1,0,10,0,0,0,0,0,0,0,0,0,0,0,0,0,0,0,0,0,0,0,0,0,0,0,0,0,0,0,0,0,0,0,0,0,0,0,0,0,0,1810093,0,0,0,0,0,0,0,0,0,,0,/Game/Streaming/ArtAsset/UI/UIResource/UITexture/Common_Icon/Icon_Collection/icon_collection_NutritiousTonic.icon_collection_NutritiousTonic,,0,True,False,False,False,0,Tônico de Vitalidade,"Um tônico frequentemente consumido por mineiros no trabalho. Feito de ingredientes totalmente naturais, não é viciante e praticamente não tem efeitos colaterais."
154794,Item_Name_154794,Item_Desc_154794,False,154794,True,False,True,[],2,1,0,8,34,2031,0,0,0,0,9999,0,0,0,False,1,0,10,0,0,0,0,0,0,0,0,0,0,0,0,0,0,0,0,0,0,0,0,0,0,0,0,0,0,0,0,0,0,0,0,0,0,0,0,0,0,1810093,0,0,0,0,0,0,0,0,0,,0,/Game/Streaming/ArtAsset/UI/UIResource/UITexture/Common_Icon/Icon_Collection/icon_collection_MultiuseUnit.icon_collection_MultiuseUnit,,0,True,False,False,False,0,Terminal Multifuncional,"Este terminal foi projetado para uso militar, mas seu alto desempenho e confiabilidade também o tornam uma escolha popular para mineradores. Ele pode verificar a qualidade do ar, escanear vários objetos e até transmitir e receber dados."
154795,Item_Name_154795,Item_Desc_154795,False,154795,True,False,True,[],3,1,0,8,34,2031,0,0,0,0,9999,0,0,0,False,1,0,10,0,0,0,0,0,0,0,0,0,0,0,0,0,0,0,0,0,0,0,0,0,0,0,0,0,0,0,0,0,0,0,0,0,0,0,0,0,0,1810094,0,0,0,0,0,0,0,0,0,,0,/Game/Streaming/ArtAsset/UI/UIResource/UITexture/Common_Icon/Icon_Collection/icon_collection_HighendDrillGun.icon_collection_HighendDrillGun,,0,True,False,False,False,0,Pistola de Perfuração de Alta Qualidade,"Uma pistola de perfuração fabricada pelo Vault. Um modelo de alta qualidade que ostenta especificações de ponta, seu uso é reservado apenas para os mineradores mais experientes no campo."
154796,Item_Name_154796,Item_Desc_154796,False,154796,True,False,True,[],3,1,0,8,34,2031,0,0,0,0,9999,0,0,0,False,1,0,10,0,0,0,0,0,0,0,0,0,0,0,0,0,0,0,0,0,0,0,0,0,0,0,0,0,0,0,0,0,0,0,0,0,0,0,0,0,0,1810094,0,0,0,0,0,0,0,0,0,,0,/Game/Streaming/ArtAsset/UI/UIResource/UITexture/Common_Icon/Icon_Collection/icon_collection_ProtectingForcefieldGenerator.icon_collection_ProtectingForcefieldGenerator,,0,True,False,False,False,0,Gerador de Campo de Energia Protetora,Um dispositivo que gera um campo de energia protetora para manter os mineiros seguros no trabalho. Ele salvou inúmeras vidas de mineiros de desmoronamentos fatais que eles não teriam sobrevivido de outra forma.
154797,Item_Name_154797,Item_Desc_154797,False,154797,True,True,True,[],4,1,0,8,34,2031,0,0,0,0,9999,0,0,0,False,1,0,10,0,0,0,0,0,0,0,0,0,0,0,0,0,0,0,0,0,0,0,0,0,0,0,0,0,0,0,0,0,0,0,0,0,0,0,0,0,0,1810095,0,0,0,0,0,0,0,0,0,,0,/Game/Streaming/ArtAsset/UI/UIResource/UITexture/Common_Icon/Icon_Collection/icon_collection_SubMachineArmforMining.icon_collection_SubMachineArmforMining,,0,True,False,False,False,0,Braço Mecânico de Mineração,"Um tipo de braço mecânico que os mineiros podem anexar aos seus trajes de trabalho. Embora não possa empunhar ferramentas de mineração diretamente, ele faz um excelente trabalho ao apoiar várias tarefas auxiliares."
154798,Item_Name_154798,Item_Desc_154798,False,154798,True,True,True,[],4,1,0,8,34,2031,0,0,0,0,9999,0,0,0,False,1,0,10,0,0,0,0,0,0,0,0,0,0,0,0,0,0,0,0,0,0,0,0,0,0,0,0,0,0,0,0,0,0,0,0,0,0,0,0,0,0,1810095,0,0,0,0,0,0,0,0,0,,0,/Game/Streaming/ArtAsset/UI/UIResource/UITexture/Common_Icon/Icon_Collection/icon_collection_PlasmaCutterforMineral.icon_collection_PlasmaCutterforMineral,,0,True,False,False,False,0,Cortador de Minério de Plasma,"Uma pequena e compacta ferramenta de mineração, principalmente usada para pesquisas de qualidade mineral. Sua lâmina curta a torna impraticável para defesa pessoal. Apenas mineradores experientes têm permissão para carregar uma."
154807,Item_Name_154807,Item_Desc_154807,False,154807,True,False,True,[],1,1,0,8,34,2031,0,0,0,0,9999,0,0,0,False,1,0,10,0,0,0,0,0,0,0,0,0,0,0,0,0,0,0,0,0,0,0,0,0,0,0,0,0,0,0,0,0,0,0,0,0,0,0,0,0,0,1810092,0,0,0,0,0,0,0,0,0,,0,/Game/Streaming/ArtAsset/UI/UIResource/UITexture/Common_Icon/Icon_Collection/icon_collection_MiningGearPro.icon_collection_MiningGearPro,,0,True,False,False,False,0,Equipamento de Mineração Pro,"Equipamento de cabeça multifuncional projetado para trabalhadores de campo. É caro, mas tem uma base de fãs dedicada de profissionais."
154808,Item_Name_154808,Item_Desc_154808,False,154808,True,False,True,[],2,1,0,8,34,2031,0,0,0,0,9999,0,0,0,False,1,0,10,0,0,0,0,0,0,0,0,0,0,0,0,0,0,0,0,0,0,0,0,0,0,0,0,0,0,0,0,0,0,0,0,0,0,0,0,0,0,1810093,0,0,0,0,0,0,0,0,0,,0,/Game/Streaming/ArtAsset/UI/UIResource/UITexture/Common_Icon/Icon_Collection/icon_collection_MinersJewelCharm.icon_collection_MinersJewelCharm,,0,True,False,False,False,0,Talismã de Gemas do Mineiro,"Um talismã que dizem garantir condições de trabalho seguras. Para ser eficaz, deve ser confeccionado a partir de minerais extraídos diretamente da mina, independentemente do tipo."
154809,Item_Name_154809,Item_Desc_154809,False,154809,True,False,True,[],3,1,0,8,34,2031,0,0,0,0,9999,0,0,0,False,1,0,10,0,0,0,0,0,0,0,0,0,0,0,0,0,0,0,0,0,0,0,0,0,0,0,0,0,0,0,0,0,0,0,0,0,0,0,0,0,0,1810094,0,0,0,0,0,0,0,0,0,,0,/Game/Streaming/ArtAsset/UI/UIResource/UITexture/Common_Icon/Icon_Collection/icon_collection_SurfaceMapper.icon_collection_SurfaceMapper,,0,True,False,False,False,0,Medidor de Pesquisa Geológica,Uma ferramenta de mineração comumente usada que utiliza lasers de precisão para avaliar as condições geológicas e a presença de certos minerais.
154810,Item_Name_154810,Item_Desc_154810,False,154810,True,True,True,[],4,1,0,8,34,2031,0,0,0,0,9999,0,0,0,False,1,0,10,0,0,0,0,0,0,0,0,0,0,0,0,0,0,0,0,0,0,0,0,0,0,0,0,0,0,0,0,0,0,0,0,0,0,0,0,0,0,1810095,0,0,0,0,0,0,0,0,0,,0,/Game/Streaming/ArtAsset/UI/UIResource/UITexture/Common_Icon/Icon_Collection/icon_collection_UnkwownStelePiece.icon_collection_UnkwownStelePiece,,0,True,False,False,False,0,Fragmento de Tabuleta Não Identificada,"Um fragmento de tábua de pedra que foi descoberto durante a mineração. Gravado com personagens indecifráveis, está sendo armazenado temporariamente no local de mineração."
154815,Item_Name_154815,Item_Desc_154815,False,154815,True,False,True,[],1,1,0,8,34,2031,0,0,0,0,9999,0,0,0,False,1,0,10,0,0,0,0,0,0,0,0,0,0,0,0,0,0,0,0,0,0,0,0,0,0,0,0,0,0,0,0,0,0,0,0,0,0,0,0,0,0,1810096,0,0,0,0,0,0,0,0,0,,0,/Game/Streaming/ArtAsset/UI/UIResource/UITexture/Common_Icon/Icon_Collection/icon_collection_DeveleratorReinforcement.icon_collection_DeveleratorReinforcement,,0,True,False,False,False,0,Dispositivo de Desaceleração Reforçado,"Um componente crítico para o controle de movimento de androides, possui conectores inferiores reforçados para maior durabilidade. Suas engrenagens compostas duplas embutidas o tornam essencial para a fabricação de robôs."
154816,Item_Name_154816,Item_Desc_154816,False,154816,True,False,True,[],2,1,0,8,34,2031,0,0,0,0,9999,0,0,0,False,1,0,10,0,0,0,0,0,0,0,0,0,0,0,0,0,0,0,0,0,0,0,0,0,0,0,0,0,0,0,0,0,0,0,0,0,0,0,0,0,0,1810097,0,0,0,0,0,0,0,0,0,,0,/Game/Streaming/ArtAsset/UI/UIResource/UITexture/Common_Icon/Icon_Collection/icon_collection_SmallArcReactor2nd.icon_collection_SmallArcReactor2nd,,0,True,False,False,False,0,Célula de Energia Arc de 2ª Geração,"A principal fonte de energia para androides. Esta unidade em particular é um produto de segunda geração. Construída com base na tecnologia de fusão composta, ela possui eficiência aprimorada e uma vida útil mais longa."
154817,Item_Name_154817,Item_Desc_154817,False,154817,True,False,True,[],3,1,0,8,34,2031,0,0,0,0,9999,0,0,0,False,1,0,10,0,0,0,0,0,0,0,0,0,0,0,0,0,0,0,0,0,0,0,0,0,0,0,0,0,0,0,0,0,0,0,0,0,0,0,0,0,0,1810098,0,0,0,0,0,0,0,0,0,,0,/Game/Streaming/ArtAsset/UI/UIResource/UITexture/Common_Icon/Icon_Collection/icon_collection_MotionDetectionError.icon_collection_MotionDetectionError,,0,True,False,False,False,0,Detector de Movimento com Mau Funcionamento,"Um dispositivo instalado para gerenciamento de androide. Não há sinais de danos externos, mas está atualmente desativado devido a algum erro inexplicável."
154818,Item_Name_154818,Item_Desc_154818,False,154818,True,True,True,[],4,1,0,8,34,2031,0,0,0,0,9999,0,0,0,False,1,0,10,0,0,0,0,0,0,0,0,0,0,0,0,0,0,0,0,0,0,0,0,0,0,0,0,0,0,0,0,0,0,0,0,0,0,0,0,0,0,1810099,0,0,0,0,0,0,0,0,0,,0,/Game/Streaming/ArtAsset/UI/UIResource/UITexture/Common_Icon/Icon_Collection/icon_collection_5thGenChipOverclock.icon_collection_5thGenChipOverclock,,0,True,False,False,False,0,Chip de IA Ilegalmente Modificado,Um chip de IA instalado em androides. O logotipo e a marca de certificação da CyberCon estão ausentes. Parece ter sido modificado ilegalmente.
154823,Item_Name_154823,Item_Desc_154823,False,154823,True,False,True,[],1,1,0,8,34,2031,0,0,0,0,9999,0,0,0,False,1,0,10,0,0,0,0,0,0,0,0,0,0,0,0,0,0,0,0,0,0,0,0,0,0,0,0,0,0,0,0,0,0,0,0,0,0,0,0,0,0,1810100,0,0,0,0,0,0,0,0,0,,0,/Game/Streaming/ArtAsset/UI/UIResource/UITexture/Common_Icon/Icon_Collection/Icon_collection_BrokenSpacesuit.Icon_collection_BrokenSpacesuit,,0,True,False,False,False,0,Sucata de Traje Espacial,"Um pedaço rasgado de um traje espacial, provavelmente da área do tronco ou peito.
Há marcas de abrasão a vácuo na superfície, juntamente com vestígios de corrosão vermelha. Com base no design do uniforme, parece ter pertencido a um mercenário Bellateano."
154824,Item_Name_154824,Item_Desc_154824,False,154824,True,False,True,[],2,1,0,8,34,2031,0,0,0,0,9999,0,0,0,False,1,0,10,0,0,0,0,0,0,0,0,0,0,0,0,0,0,0,0,0,0,0,0,0,0,0,0,0,0,0,0,0,0,0,0,0,0,0,0,0,0,1810101,0,0,0,0,0,0,0,0,0,,0,/Game/Streaming/ArtAsset/UI/UIResource/UITexture/Common_Icon/Icon_Collection/icon_collection_ExpeditionTransmitter.icon_collection_ExpeditionTransmitter,,0,True,False,False,False,0,Transceptor de Expedição,"Um transceptor usado pela equipe de expedição enviada para a Base de Escavação de Ushas.
Seu exterior está muito danificado, mas partes dos registros de transmissão foram restauradas. O registro final contém um alerta de emergência emitido durante o surto inicial da infecção."
154825,Item_Name_154825,Item_Desc_154825,False,154825,True,False,True,[],3,1,0,8,34,2031,0,0,0,0,9999,0,0,0,False,1,0,10,0,0,0,0,0,0,0,0,0,0,0,0,0,0,0,0,0,0,0,0,0,0,0,0,0,0,0,0,0,0,0,0,0,0,0,0,0,0,1810102,0,0,0,0,0,0,0,0,0,,0,/Game/Streaming/ArtAsset/UI/UIResource/UITexture/Common_Icon/Icon_Collection/icon_collection_BlackCrystalModule.icon_collection_BlackCrystalModule,,0,True,False,False,False,0,Módulo de Controle Orbital,"Um dispositivo compacto outrora acoplado à superfície de um asteroide para fazer ajustes finos em sua órbita.
Ainda há circuitos de ajuste microgravitacionais dentro. Parece ter sido desprendido quando a base colapsou durante a propagação da infecção Carmesim."
154826,Item_Name_154826,Item_Desc_154826,False,154826,True,True,True,[],4,1,0,8,34,2031,0,0,0,0,9999,0,0,0,False,1,0,10,0,0,0,0,0,0,0,0,0,0,0,0,0,0,0,0,0,0,0,0,0,0,0,0,0,0,0,0,0,0,0,0,0,0,0,0,0,0,1810103,0,0,0,0,0,0,0,0,0,,0,/Game/Streaming/ArtAsset/UI/UIResource/UITexture/Common_Icon/Icon_Collection/icon_collection_VriniumGravityRock.icon_collection_VriniumGravityRock,,0,True,False,False,False,0,Pedra de Reação Gravitacional,"Um mineral raro e único encontrado apenas dentro do Anel de Ushas.
Quando submetido a um forte Impacto, ele desestabiliza brevemente o campo gravitacional circundante.
Ele mantém suas propriedades únicas mesmo em ambientes contaminados pelo Carmesim."
154827,Item_Name_154827,Item_Desc_154827,False,154827,True,False,True,[],1,1,0,8,34,2031,0,0,0,0,9999,0,0,0,False,1,0,10,0,0,0,0,0,0,0,0,0,0,0,0,0,0,0,0,0,0,0,0,0,0,0,0,0,0,0,0,0,0,0,0,0,0,0,0,0,0,1810104,0,0,0,0,0,0,0,0,0,,0,/Game/Streaming/ArtAsset/UI/UIResource/UITexture/Common_Icon/Icon_Collection/Icon_collection_BrokenPanel.Icon_collection_BrokenPanel,,0,True,False,False,False,0,Painel de Parede Exterior da Base de Escavação,"Um pedaço de painel de liga que outrora formava a parede exterior da base.
O exterior mostra sinais de desgaste devido à exposição prolongada ao espaço, enquanto o interior mostra sinais claros de Erosão Carmesim."
154828,Item_Name_154828,Item_Desc_154828,False,154828,True,False,True,[],2,1,0,8,34,2031,0,0,0,0,9999,0,0,0,False,1,0,10,0,0,0,0,0,0,0,0,0,0,0,0,0,0,0,0,0,0,0,0,0,0,0,0,0,0,0,0,0,0,0,0,0,0,0,0,0,0,1810105,0,0,0,0,0,0,0,0,0,,0,/Game/Streaming/ArtAsset/UI/UIResource/UITexture/Common_Icon/Icon_Collection/icon_collection_CrimsonMeteorite.icon_collection_CrimsonMeteorite,,0,True,False,False,False,0,Meteorito de Moldador Carmesim,"Um meteorito vermelho colhido de dentro do Anel.
Sua superfície parece alterada devido à influência de células Carmesim. Uma seção transversal do meteorito revela fibras microscópicas que se assemelham a tecido biológico."
154829,Item_Name_154829,Item_Desc_154829,False,154829,True,False,True,[],3,1,0,8,34,2031,0,0,0,0,9999,0,0,0,False,1,0,10,0,0,0,0,0,0,0,0,0,0,0,0,0,0,0,0,0,0,0,0,0,0,0,0,0,0,0,0,0,0,0,0,0,0,0,0,0,0,1810106,0,0,0,0,0,0,0,0,0,,0,/Game/Streaming/ArtAsset/UI/UIResource/UITexture/Common_Icon/Icon_Collection/icon_collection_DasraCell.icon_collection_DasraCell,,0,True,False,False,False,0,Tecido Celular de Tentáculo,"Tecido biológico microscópico recuperado ao longo do caminho de movimento de Dazrah.
Acredita-se que esteja associado a células capazes de corroer matéria orgânica. Embora reaja fracamente a temperaturas extremamente baixas, atualmente não mostra sinais de atividade."
154830,Item_Name_154830,Item_Desc_154830,False,154830,True,True,True,[],4,1,0,8,34,2031,0,0,0,0,9999,0,0,0,False,1,0,10,0,0,0,0,0,0,0,0,0,0,0,0,0,0,0,0,0,0,0,0,0,0,0,0,0,0,0,0,0,0,0,0,0,0,0,0,0,0,1810107,0,0,0,0,0,0,0,0,0,,0,/Game/Streaming/ArtAsset/UI/UIResource/UITexture/Common_Icon/Icon_Collection/icon_collection_CrimsonBridge.icon_collection_CrimsonBridge,,0,True,False,False,False,0,Fragmento da Ponte Carmesim,"Uma porção da estrutura da Ponte Carmesim que liga os asteroides Ushas.
Formado por biofibras vermelhas entrelaçadas, semelhantes a filamentos, este compósito de alta densidade tem Força suficiente para suportar o peso de asteroides massivos. A integridade estrutural de suas ligações permanece intacta apesar de seu estado seccionado."
154839,Item_Name_154839,Item_Desc_154839,False,154839,True,False,True,[],1,1,0,8,34,2031,0,0,0,0,9999,0,0,0,False,1,0,10,0,0,0,0,0,0,0,0,0,0,0,0,0,0,0,0,0,0,0,0,0,0,0,0,0,0,0,0,0,0,0,0,0,0,0,0,0,0,1810108,0,0,0,0,1021,0,0,0,0,,0,/Game/Streaming/ArtAsset/UI/UIResource/UITexture/Common_Icon/Icon_Collection/icon_collection_HolystonebulletForce.icon_collection_HolystonebulletForce,,0,True,False,False,False,0,Bala de Força,"Uma munição especializada usada pela Unidade de Operações Especiais dos Cavaleiros Cora.
Contém o poder da Força. Apesar da passagem do tempo, fracos vestígios de energia da Força ainda permanecem dentro."
154840,Item_Name_154840,Item_Desc_154840,False,154840,True,False,True,[],2,1,0,8,34,2031,0,0,0,0,9999,0,0,0,False,1,0,10,0,0,0,0,0,0,0,0,0,0,0,0,0,0,0,0,0,0,0,0,0,0,0,0,0,0,0,0,0,0,0,0,0,0,0,0,0,0,1810109,0,0,0,0,1121,0,0,0,0,,0,/Game/Streaming/ArtAsset/UI/UIResource/UITexture/Common_Icon/Icon_Collection/icon_collection_HologramFormationForceDetection.icon_collection_HologramFormationForceDetection,,0,True,False,False,False,0,Detector de Energia de Força,"Um dispositivo usado para detectar atividade da Força próxima.
Quando ativado, ele dispersa partículas azuis no ar que indicam a magnitude e a direção do fluxo de energia presente."
154841,Item_Name_154841,Item_Desc_154841,False,154841,True,False,True,[],3,1,0,8,34,2031,0,0,0,0,9999,0,0,0,False,1,0,10,0,0,0,0,0,0,0,0,0,0,0,0,0,0,0,0,0,0,0,0,0,0,0,0,0,0,0,0,0,0,0,0,0,0,0,0,0,0,1810110,0,0,0,0,1221,0,0,0,0,,0,/Game/Streaming/ArtAsset/UI/UIResource/UITexture/Common_Icon/Icon_Collection/icon_collection_HighPriestsGloveBlood.icon_collection_HighPriestsGloveBlood,,0,True,False,False,False,0,Luvas do Sacerdote Manchadas de Sangue,"Luvas manchadas de sangue, outrora usadas por um sacerdote de alto escalão.
Sangue antigo infiltrou-se profundamente na superfície. É desconhecido de quem era o sangue derramado nestas luvas, mas provavelmente pertence a uma das inúmeras outras vítimas."
154842,Item_Name_154842,Item_Desc_154842,False,154842,True,True,True,[],4,1,0,8,34,2031,0,0,0,0,9999,0,0,0,False,1,0,10,0,0,0,0,0,0,0,0,0,0,0,0,0,0,0,0,0,0,0,0,0,0,0,0,0,0,0,0,0,0,0,0,0,0,0,0,0,0,1810111,0,0,0,0,1321,0,0,0,0,,0,/Game/Streaming/ArtAsset/UI/UIResource/UITexture/Common_Icon/Icon_Collection/icon_collection_DeathmaskHeretic.icon_collection_DeathmaskHeretic,,0,True,False,False,False,0,Máscara do Herege,"Uma Máscara da Morte herege.
Esta Máscara da Morte teria sido colocada naqueles marcados como hereges que morreram durante a punição. O interior da máscara é revestido com arranhões e incrustado com sangue velho e seco."
154847,Item_Name_154847,Item_Desc_154847,False,154847,True,False,True,[],1,1,0,8,34,2031,0,0,0,0,9999,0,0,0,False,1,0,10,0,0,0,0,0,0,0,0,0,0,0,0,0,0,0,0,0,0,0,0,0,0,0,0,0,0,0,0,0,0,0,0,0,0,0,0,0,0,1810112,0,0,0,0,0,0,0,0,0,,0,/Game/Streaming/ArtAsset/UI/UIResource/UITexture/Common_Icon/Icon_Collection/icon_collection_SoilSampleBlack.icon_collection_SoilSampleBlack,,0,True,False,False,False,0,Amostra de Subsolo,"Uma amostra de solo coletada das profundezas da superfície.
Comparada a amostras retiradas acima do solo, o tamanho das partículas e a cor diferem. Coletada de uma área de difícil acesso nos primeiros dias da pesquisa de exoplanetas, ela mostra fracos vestígios de atividade energética."
154848,Item_Name_154848,Item_Desc_154848,False,154848,True,False,True,[],2,1,0,8,34,2031,0,0,0,0,9999,0,0,0,False,1,0,10,0,0,0,0,0,0,0,0,0,0,0,0,0,0,0,0,0,0,0,0,0,0,0,0,0,0,0,0,0,0,0,0,0,0,0,0,0,0,1810113,0,0,0,0,0,0,0,0,0,,0,/Game/Streaming/ArtAsset/UI/UIResource/UITexture/Common_Icon/Icon_Collection/icon_collection_MetalCrystalOre.icon_collection_MetalCrystalOre,,0,True,False,False,False,0,Minério de Cristal Metálico,"Um cristal de metal encontrado exclusivamente na superfície de Albern.
Um minério formado pela agregação de cristais de metal previamente descobertos dentro de uma única zona, exibindo uma estrutura diferente dos cristais individuais. Sua estrutura ligada é estável e sua dureza é alta, tornando-o objeto de pesquisa contínua para uso potencial como recurso de criação."
154849,Item_Name_154849,Item_Desc_154849,False,154849,True,False,True,[],3,1,0,8,34,2031,0,0,0,0,9999,0,0,0,False,1,0,10,0,0,0,0,0,0,0,0,0,0,0,0,0,0,0,0,0,0,0,0,0,0,0,0,0,0,0,0,0,0,0,0,0,0,0,0,0,0,1810114,0,0,0,0,0,0,0,0,0,,0,/Game/Streaming/ArtAsset/UI/UIResource/UITexture/Common_Icon/Icon_Collection/icon_collection_BlueCrystalPowerCore.icon_collection_BlueCrystalPowerCore,,0,True,False,False,False,0,Núcleo de Energia do Gerador de Atmosfera,"O componente de energia central de um gerador atmosférico instalado dentro de uma cratera.
Responsável pela maior carga no processo de geração de gás e fornecimento de energia para manter a atmosfera. Mesmo quando desanexado do dispositivo, ele continua a emitir um nível constante de energia."
154850,Item_Name_154850,Item_Desc_154850,False,154850,True,True,True,[],4,1,0,8,34,2031,0,0,0,0,9999,0,0,0,False,1,0,10,0,0,0,0,0,0,0,0,0,0,0,0,0,0,0,0,0,0,0,0,0,0,0,0,0,0,0,0,0,0,0,0,0,0,0,0,0,0,1810115,0,0,0,0,0,0,0,0,0,,0,/Game/Streaming/ArtAsset/UI/UIResource/UITexture/Common_Icon/Icon_Collection/icon_collection_SuperGravityFrameFo.icon_collection_SuperGravityFrameFo,,0,True,False,False,False,0,Estrutura de Hipergravidade Aprimorada,"Uma estrutura reforçada com um sistema de resposta à hipergravidade aprimorado, adaptado para o ambiente de Albern.
Projetado para suportar pesados Impactos, com uma estrutura de distribuição de carga aprimorada em relação às estruturas anteriores, permitindo operação estável por períodos prolongados."
154855,Item_Name_154855,Item_Desc_154855,False,154855,True,False,True,[],1,1,0,8,34,2031,0,0,0,0,9999,0,0,0,False,1,0,10,0,0,0,0,0,0,0,0,0,0,0,0,0,0,0,0,0,0,0,0,0,0,0,0,0,0,0,0,0,0,0,0,0,0,0,0,0,0,1810116,0,0,0,0,0,0,0,0,0,,0,/Game/Streaming/ArtAsset/UI/UIResource/UITexture/Common_Icon/Icon_Collection/icon_collection_PollutedSoilcapsule.icon_collection_PollutedSoilcapsule,,0,True,False,False,False,0,Cápsula de Amostra de Solo,"Um recipiente contendo amostras de solo coletadas ao redor das fissuras no solo na Zona 3 de Albern. Dentro, uma pequena quantidade de poeira mineral azulada permanece, e parte da parede interna está descolorida como se tivesse sido queimada pelo calor."
154856,Item_Name_154856,Item_Desc_154856,False,154856,True,False,True,[],2,1,0,8,34,2031,0,0,0,0,9999,0,0,0,False,1,0,10,0,0,0,0,0,0,0,0,0,0,0,0,0,0,0,0,0,0,0,0,0,0,0,0,0,0,0,0,0,0,0,0,0,0,0,0,0,0,1810117,0,0,0,0,0,0,0,0,0,,0,/Game/Streaming/ArtAsset/UI/UIResource/UITexture/Common_Icon/Icon_Collection/icon_collection_FragmentofthesStratum.icon_collection_FragmentofthesStratum,,0,True,False,False,False,0,Fragmento de Estrato,"Um fragmento de rocha que se desprendeu quando o chão subitamente se ergueu. A superfície externa é de um cinza seco e acinzentado, mas no interior da seção transversal fraturada, um brilho azul se infiltra, lembrando a luz de um núcleo."
154857,Item_Name_154857,Item_Desc_154857,False,154857,True,False,True,[],3,1,0,8,34,2031,0,0,0,0,9999,0,0,0,False,1,0,10,0,0,0,0,0,0,0,0,0,0,0,0,0,0,0,0,0,0,0,0,0,0,0,0,0,0,0,0,0,0,0,0,0,0,0,0,0,0,1810118,0,0,0,0,0,0,0,0,0,,0,/Game/Streaming/ArtAsset/UI/UIResource/UITexture/Common_Icon/Icon_Collection/icon_collection_MineralsEnergyCore.icon_collection_MineralsEnergyCore,,0,True,False,False,False,0,Cristal de Energia Central,"Um núcleo de energia do planeta Albern, extraído das rachaduras do solo revolvido. Ele emana um brilho azul puro, e quando mantido perto de equipamentos, gera uma leve eletricidade estática que causa interferência de sinal."
154858,Item_Name_154858,Item_Desc_154858,False,154858,True,True,True,[],4,1,0,8,34,2031,0,0,0,0,9999,0,0,0,False,1,0,10,0,0,0,0,0,0,0,0,0,0,0,0,0,0,0,0,0,0,0,0,0,0,0,0,0,0,0,0,0,0,0,0,0,0,0,0,0,0,1810119,0,0,0,0,0,0,0,0,0,,0,/Game/Streaming/ArtAsset/UI/UIResource/UITexture/Common_Icon/Icon_Collection/icon_collection_TowerControlCore.icon_collection_TowerControlCore,,0,True,False,False,False,0,Núcleo de Controle da Torre,"O componente de controle central localizado na parte mais profunda da Torre Nether. Um dispositivo responsável pela extração de energia do núcleo e sincronização estrutural completa, com registros operacionais e sinais de controle parciais ainda intactos em seu interior."
154859,Item_Name_154859,Item_Desc_154859,False,154859,True,False,True,[],1,1,0,8,34,2031,0,0,0,0,9999,0,0,0,False,1,0,10,0,0,0,0,0,0,0,0,0,0,0,0,0,0,0,0,0,0,0,0,0,0,0,0,0,0,0,0,0,0,0,0,0,0,0,0,0,0,1810120,0,0,0,0,0,0,0,0,0,,0,/Game/Streaming/ArtAsset/UI/UIResource/UITexture/Common_Icon/Icon_Collection/icon_collection_BrokenNetherArmor.icon_collection_BrokenNetherArmor,,0,True,False,False,False,0,Fragmento de Armadura Destruída,Um fragmento de blindagem cerâmica que outrora protegia o corpo de um Nether. Rachaduras afiadas percorrem a superfície onde foi atingido por fragmentos de rocha arremessados pelo ambiente de hipergravidade e pelo revolvimento do solo.
154860,Item_Name_154860,Item_Desc_154860,False,154860,True,False,True,[],2,1,0,8,34,2031,0,0,0,0,9999,0,0,0,False,1,0,10,0,0,0,0,0,0,0,0,0,0,0,0,0,0,0,0,0,0,0,0,0,0,0,0,0,0,0,0,0,0,0,0,0,0,0,0,0,0,1810121,0,0,0,0,0,0,0,0,0,,0,/Game/Streaming/ArtAsset/UI/UIResource/UITexture/Common_Icon/Icon_Collection/icon_collection_CrackedVisorLens.icon_collection_CrackedVisorLens,,0,True,False,False,False,0,Lente de Visor Rachada,"Uma lente de visor acoplada a um capacete de exploração espacial. A superfície está rachada devido a um forte Impacto, e o dano é grave o suficiente para obstruir pesadamente a visibilidade, tornando-o inutilizável."
154861,Item_Name_154861,Item_Desc_154861,False,154861,True,False,True,[],3,1,0,8,34,2031,0,0,0,0,9999,0,0,0,False,1,0,10,0,0,0,0,0,0,0,0,0,0,0,0,0,0,0,0,0,0,0,0,0,0,0,0,0,0,0,0,0,0,0,0,0,0,0,0,0,0,1810122,0,0,0,0,0,0,0,0,0,,0,/Game/Streaming/ArtAsset/UI/UIResource/UITexture/Common_Icon/Icon_Collection/icon_collection_SmallEnergyCell.icon_collection_SmallEnergyCell,,0,True,False,False,False,0,Célula de Energia de Backup,"Uma fonte de energia auxiliar carregada pela infantaria do Nether para emergências. Suas reservas internas de energia foram completamente esgotadas, e a carcaça externa está empenada e deformada pela imensa pressão de um ambiente de hipergravidade. Foi usada como um backup para compensar — e estabilizar — a saída flutuante do reator de energia primário."
154862,Item_Name_154862,Item_Desc_154862,False,154862,True,True,True,[],4,1,0,8,34,2031,0,0,0,0,9999,0,0,0,False,1,0,10,0,0,0,0,0,0,0,0,0,0,0,0,0,0,0,0,0,0,0,0,0,0,0,0,0,0,0,0,0,0,0,0,0,0,0,0,0,0,1810123,0,0,0,0,0,0,0,0,0,,0,/Game/Streaming/ArtAsset/UI/UIResource/UITexture/Common_Icon/Icon_Collection/icon_collection_NetherCoreDevice.icon_collection_NetherCoreDevice,,0,True,False,False,False,0,Dispositivo de Controle Central,"Um dispositivo de precisão projetado para estabilizar os comprimentos de onda flutuantes da energia instável do núcleo e regular sua saída. Usado para auxiliar nas operações do núcleo ao redor da Torre Nether, contém circuitos cuja arquitetura interna é difícil de interpretar usando a tecnologia de engenharia humana atual."
154863,Item_Name_154863,Item_Desc_154863,False,154863,True,False,True,[],1,1,0,8,34,2031,0,0,0,0,9999,0,0,0,False,1,0,10,0,0,0,0,0,0,0,0,0,0,0,0,0,0,0,0,0,0,0,0,0,0,0,0,0,0,0,0,0,0,0,0,0,0,0,0,0,0,1810124,0,0,0,0,0,0,0,0,0,,0,/Game/Streaming/ArtAsset/UI/UIResource/UITexture/Common_Icon/Icon_Collection/icon_collection_5thGenChipData.icon_collection_5thGenChipData,,0,True,False,False,False,0,Chip de Transmissão de Dados,"Um meio de armazenamento de dados usado pelo Nether para se comunicar com suas naves. A exposição aos intensos ventos estelares da Cratera Albern causou perda parcial de dados, mas ele continua a emitir intermitentemente um sinal não identificado."
154864,Item_Name_154864,Item_Desc_154864,False,154864,True,False,True,[],2,1,0,8,34,2031,0,0,0,0,9999,0,0,0,False,1,0,10,0,0,0,0,0,0,0,0,0,0,0,0,0,0,0,0,0,0,0,0,0,0,0,0,0,0,0,0,0,0,0,0,0,0,0,0,0,0,1810125,0,0,0,0,0,0,0,0,0,,0,/Game/Streaming/ArtAsset/UI/UIResource/UITexture/Common_Icon/Icon_Collection/icon_collection_NetherCableBodyBroken.icon_collection_NetherCableBodyBroken,,0,True,False,False,False,0,Cabo Conector Desgastado,"Um cabo de transmissão de energia conectando um traje de combate ao reator de energia em suas costas. Parece ter se soltado durante o movimento através do terreno acidentado da Zona 3, com a blindagem externa desgastada pela fricção contra rochas, expondo parte do circuito interno."
154865,Item_Name_154865,Item_Desc_154865,False,154865,True,False,True,[],3,1,0,8,34,2031,0,0,0,0,9999,0,0,0,False,1,0,10,0,0,0,0,0,0,0,0,0,0,0,0,0,0,0,0,0,0,0,0,0,0,0,0,0,0,0,0,0,0,0,0,0,0,0,0,0,0,1810126,0,0,0,0,0,0,0,0,0,,0,/Game/Streaming/ArtAsset/UI/UIResource/UITexture/Common_Icon/Icon_Collection/icon_collection_PlasmaBarrelParts.icon_collection_PlasmaBarrelParts,,0,True,False,False,False,0,Componente do Barril de Plasma,"Um componente do canhão de quatro canos montado no braço da Bestia 6. Escurecido por repetidas descargas de energia de alta compressão, com leves vestígios de energia residual ainda percorrendo a superfície."
154866,Item_Name_154866,Item_Desc_154866,False,154866,True,True,True,[],4,1,0,8,34,2031,0,0,0,0,9999,0,0,0,False,1,0,10,0,0,0,0,0,0,0,0,0,0,0,0,0,0,0,0,0,0,0,0,0,0,0,0,0,0,0,0,0,0,0,0,0,0,0,0,0,0,1810127,0,0,0,0,0,0,0,0,0,,0,/Game/Streaming/ArtAsset/UI/UIResource/UITexture/Common_Icon/Icon_Collection/icon_collection_GravitonExtract.icon_collection_GravitonExtract,,0,True,False,False,False,0,Extrato de Graviton,"Uma forma solidificada de partículas de gravitão, hipotetizada como a causa dos fenômenos de hipergravidade observados em Albern. Apesar de seu tamanho microscópico, exerce uma poderosa atração gravitacional que atrai poeira e partículas finas ao redor. Pesquisas descobriram um método para controlar as reações dessas partículas de gravidade, levando ao desenvolvimento de ""Cápsulas de Gravitão"" capazes de mitigar os efeitos de ambientes de hipergravidade."
154867,Item_Name_154867,Item_Desc_154867,False,154867,True,False,True,[],1,1,0,8,34,2031,0,0,0,0,9999,0,0,0,False,1,0,10,0,0,0,0,0,0,0,0,0,0,0,0,0,0,0,0,0,0,0,0,0,0,0,0,0,0,0,0,0,0,0,0,0,0,0,0,0,0,1810128,0,0,0,0,0,0,0,0,0,,0,/Game/Streaming/ArtAsset/UI/UIResource/UITexture/Common_Icon/Icon_Collection/icon_collection_ProtectivePad.icon_collection_ProtectivePad,,0,True,False,False,False,0,Almofada de Proteção de Hipergravidade,"Uma almofada de amortecimento usada dentro de um traje espacial para reduzir a tensão nas articulações em ambientes de alta gravidade. Múltiplas camadas de fibra são firmemente tecidas para suportar a pressão, com a superfície desgastada pelo uso prolongado."
154868,Item_Name_154868,Item_Desc_154868,False,154868,True,False,True,[],2,1,0,8,34,2031,0,0,0,0,9999,0,0,0,False,1,0,10,0,0,0,0,0,0,0,0,0,0,0,0,0,0,0,0,0,0,0,0,0,0,0,0,0,0,0,0,0,0,0,0,0,0,0,0,0,0,1810129,0,0,0,0,0,0,0,0,0,,0,/Game/Streaming/ArtAsset/UI/UIResource/UITexture/Common_Icon/Icon_Collection/icon_collection_BlueCoreConcentrate.icon_collection_BlueCoreConcentrate,,0,True,False,False,False,0,Concentrado de Núcleo Azul,"Uma essência energética de Albern que vaza de fissuras em terreno revolvido. Uma substância de alta densidade de energia planetária, sua composição volátil acarreta o risco de reações explosivas e deve ser manuseada com cuidado."
154869,Item_Name_154869,Item_Desc_154869,False,154869,True,False,True,[],3,1,0,8,34,2031,0,0,0,0,9999,0,0,0,False,1,0,10,0,0,0,0,0,0,0,0,0,0,0,0,0,0,0,0,0,0,0,0,0,0,0,0,0,0,0,0,0,0,0,0,0,0,0,0,0,0,1810130,0,0,0,0,0,0,0,0,0,,0,/Game/Streaming/ArtAsset/UI/UIResource/UITexture/Common_Icon/Icon_Collection/icon_collection_MiniDetectingCrack.icon_collection_MiniDetectingCrack,,0,True,False,False,False,0,Dispositivo de Medição de Ruptura,"Um dispositivo de medição construído para registrar simultaneamente a largura e a profundidade de fissuras tectônicas, juntamente com a quantidade de vazamento de energia. O corpo apresenta inúmeras marcas de Impacto devido ao uso repetido, com leituras de uma zona em particular permanecendo notavelmente mais altas do que as demais."
154870,Item_Name_154870,Item_Desc_154870,False,154870,True,True,True,[],4,1,0,8,34,2031,0,0,0,0,9999,0,0,0,False,1,0,10,0,0,0,0,0,0,0,0,0,0,0,0,0,0,0,0,0,0,0,0,0,0,0,0,0,0,0,0,0,0,0,0,0,0,0,0,0,0,1810131,0,0,0,0,0,0,0,0,0,,0,/Game/Streaming/ArtAsset/UI/UIResource/UITexture/Common_Icon/Icon_Collection/icon_collection_ForceSensitiveModule.icon_collection_ForceSensitiveModule,,0,True,False,False,False,0,Módulo de Orientação de Berço,"Um dispositivo de sinalização presumivelmente usado para guiar a nave-cidade do Nether ""Cradle"" para Albern. Estruturado para interagir com a Torre do Nether da Zona 3, parece funcionar transmitindo energia para coordenadas específicas. Ele armazena internamente dados de coordenadas para transferência dimensional, sugerindo que foi usado para atrair o Cradle para a dimensão física."
154871,Item_Name_154871,Item_Desc_154871,False,154871,True,False,True,[],1,1,0,8,34,2031,0,0,0,0,9999,0,0,0,False,1,0,10,0,0,0,0,0,0,0,0,0,0,0,0,0,0,0,0,0,0,0,0,0,0,0,0,0,0,0,0,0,0,0,0,0,0,0,0,0,0,1810132,0,0,0,0,0,0,0,0,0,,0,/Game/Streaming/ArtAsset/UI/UIResource/UITexture/Common_Icon/Icon_Collection/icon_collection_ArcaneMagneticCoreOldAndro.icon_collection_ArcaneMagneticCoreOldAndro,,0,True,False,False,False,0,Núcleo de Energia Android,"Uma unidade de energia que foi instalada em androides de modelo antigo. Ela continua a emitir traços fracos de energia, e vibrações irregulares podem ser detectadas. Suas reações internas instáveis representam um risco constante de explosão."
154872,Item_Name_154872,Item_Desc_154872,False,154872,True,False,True,[],2,1,0,8,34,2031,0,0,0,0,9999,0,0,0,False,1,0,10,0,0,0,0,0,0,0,0,0,0,0,0,0,0,0,0,0,0,0,0,0,0,0,0,0,0,0,0,0,0,0,0,0,0,0,0,0,0,1810133,0,0,0,0,0,0,0,0,0,,0,/Game/Streaming/ArtAsset/UI/UIResource/UITexture/Common_Icon/Icon_Collection/icon_collection_FightingKnucklesAndro.icon_collection_FightingKnucklesAndro,,0,True,False,False,False,0,Mão de Android de Combate,"Apesar de ser um modelo inicial, sua estrutura sofisticada é capaz de imitar os movimentos das mãos humanas com uma precisão impressionante. Projetado especificamente para manusear armamento humano, sua superfície ensanguentada sugere que esta unidade em particular foi implantada em combate real."
154873,Item_Name_154873,Item_Desc_154873,False,154873,True,False,True,[],3,1,0,8,34,2031,0,0,0,0,9999,0,0,0,False,1,0,10,0,0,0,0,0,0,0,0,0,0,0,0,0,0,0,0,0,0,0,0,0,0,0,0,0,0,0,0,0,0,0,0,0,0,0,0,0,0,1810134,0,0,0,0,0,0,0,0,0,,0,/Game/Streaming/ArtAsset/UI/UIResource/UITexture/Common_Icon/Icon_Collection/icon_collection_AnimusReserchAndroDiscard.icon_collection_AnimusReserchAndroDiscard,,0,True,False,False,False,0,Ordem de Descomissionamento Parcial de Android,Persistem rumores de que os androides mobilizados durante os estágios iniciais da construção urbana foram eventualmente descartados em massa. Este componente parece ser um dos remanescentes sobreviventes dessa purga.
154874,Item_Name_154874,Item_Desc_154874,False,154874,True,True,True,[],4,1,0,8,34,2031,0,0,0,0,9999,0,0,0,False,1,0,10,0,0,0,0,0,0,0,0,0,0,0,0,0,0,0,0,0,0,0,0,0,0,0,0,0,0,0,0,0,0,0,0,0,0,0,0,0,0,1810135,0,0,0,0,0,0,0,0,0,,0,/Game/Streaming/ArtAsset/UI/UIResource/UITexture/Common_Icon/Icon_Collection/icon_collection_JKsBraninPhotoAndroBrain.icon_collection_JKsBraninPhotoAndroBrain,,0,True,False,False,False,0,Blueprint do Cérebro Eletrônico,"Registros de dados que se acredita originarem de testes de sistemas cognitivos de androides informados por pesquisas sobre o cérebro humano. Evidências sugerem que as capacidades cognitivas dos androides foram deliberadamente restritas durante o processo de desenvolvimento, indicando que o desenvolvedor pode não ter desejado que os androides excedam as capacidades humanas."
154896,Item_Name_154896,Item_Desc_154896,False,154896,True,False,True,[],1,1,0,8,34,2031,0,0,0,0,9999,0,0,0,False,1,0,10,0,0,0,0,0,0,0,0,0,0,0,0,0,0,0,0,0,0,0,0,0,0,0,0,0,0,0,0,0,0,0,0,0,0,0,0,0,0,1810136,0,0,0,0,0,0,0,0,0,,0,/Game/Streaming/ArtAsset/UI/UIResource/UITexture/Common_Icon/Icon_Collection/icon_collection_Nexus_ITIDCardSurveyTeam.icon_collection_Nexus_ITIDCardSurveyTeam,,0,True,False,False,False,0,Placa de Identificação da Equipe de Pesquisa Estratigráfica,"Uma placa de identificação pertencente a uma equipe de levantamento estratigráfico que opera extensivamente nesta região. A julgar pela forma como foi deixada em uma área tão remota, presume-se que tenha sido perdida por seu dono. Os inúmeros arranhões profundos gravados em sua superfície levantam uma questão inquietante: o que poderia tê-los causado?"
154897,Item_Name_154897,Item_Desc_154897,False,154897,True,False,True,[],2,1,0,8,34,2031,0,0,0,0,9999,0,0,0,False,1,0,10,0,0,0,0,0,0,0,0,0,0,0,0,0,0,0,0,0,0,0,0,0,0,0,0,0,0,0,0,0,0,0,0,0,0,0,0,0,0,1810137,0,0,0,0,0,0,0,0,0,,0,/Game/Streaming/ArtAsset/UI/UIResource/UITexture/Common_Icon/Icon_Collection/icon_collection_Mission_First-aidKitBroken.icon_collection_Mission_First-aidKitBroken,,0,True,False,False,False,0,Caixa de Suprimentos Danificada,"Um baú de suprimentos que uma vez continha itens básicos de sobrevivência. Agora está gravemente danificado, e nenhum de seus conteúdos permanece. As marcas ásperas e seções rasgadas da carcaça sugerem que uma luta desesperada pode ter ocorrido por este baú."
154898,Item_Name_154898,Item_Desc_154898,False,154898,True,False,True,[],3,1,0,8,34,2031,0,0,0,0,9999,0,0,0,False,1,0,10,0,0,0,0,0,0,0,0,0,0,0,0,0,0,0,0,0,0,0,0,0,0,0,0,0,0,0,0,0,0,0,0,0,0,0,0,0,0,1810138,0,0,0,0,0,0,0,0,0,,0,/Game/Streaming/ArtAsset/UI/UIResource/UITexture/Common_Icon/Icon_Collection/icon_collection_BlackMetalGangMask.icon_collection_BlackMetalGangMask,,0,True,False,False,False,0,Máscara da Gangue,Uma máscara usada pelas gangues que operam na área ao realizar ataques. As listras grosseiras pintadas na superfície parecem servir como a marca de uma gangue específica.
154899,Item_Name_154899,Item_Desc_154899,False,154899,True,True,True,[],4,1,0,8,34,2031,0,0,0,0,9999,0,0,0,False,1,0,10,0,0,0,0,0,0,0,0,0,0,0,0,0,0,0,0,0,0,0,0,0,0,0,0,0,0,0,0,0,0,0,0,0,0,0,0,0,0,1810139,0,0,0,0,0,0,0,0,0,,0,/Game/Streaming/ArtAsset/UI/UIResource/UITexture/Common_Icon/Icon_Collection/icon_collection_IceCrystalOrnamentsDeteriorated.icon_collection_IceCrystalOrnamentsDeteriorated,,0,True,False,False,False,0,Cristal Corrompido,"Um ornamento de cristal vermelho que perdeu sua forma original e se transformou em algo grotesco. Mesmo agora, uma névoa carmesim ominosa continua a emanar do cristal em seu centro."
154904,Item_Name_154904,Item_Desc_154904,False,154904,True,False,True,[],1,1,0,8,34,2031,0,0,0,0,9999,0,0,0,False,1,0,10,0,0,0,0,0,0,0,0,0,0,0,0,0,0,0,0,0,0,0,0,0,0,0,0,0,0,0,0,0,0,0,0,0,0,0,0,0,0,1810136,0,0,0,0,0,0,0,0,0,,0,/Game/Streaming/ArtAsset/UI/UIResource/UITexture/Common_Icon/Icon_Collection/icon_collection_DeciratedMechanicVegabond.icon_collection_DeciratedMechanicVegabond,,0,True,False,False,False,0,Braço Mecânico do Vagabundo,"Uma prótese mecânica pertencente a um vagabundo, alguém que sobreviveu através de uma luta incessante em um ambiente hostil. Parece ter sido deixada sem manutenção por muitos anos, pois sua superfície está bastante desgastada e enferrujada."
154905,Item_Name_154905,Item_Desc_154905,False,154905,True,False,True,[],2,1,0,8,34,2031,0,0,0,0,9999,0,0,0,False,1,0,10,0,0,0,0,0,0,0,0,0,0,0,0,0,0,0,0,0,0,0,0,0,0,0,0,0,0,0,0,0,0,0,0,0,0,0,0,0,0,1810137,0,0,0,0,0,0,0,0,0,,0,/Game/Streaming/ArtAsset/UI/UIResource/UITexture/Common_Icon/Icon_Collection/icon_collection_DataDiskLavaExtraction.icon_collection_DataDiskLavaExtraction,,0,True,False,False,False,0,Dados de Extração de Lava,Dados detalhados sobre lava extraídos da região vulcânica próxima. O visor do dispositivo mostra claramente uma variedade de gráficos e leituras analíticas precisamente medidas. Que informações eles estavam procurando ao enfrentar o calor intenso neste lugar?
154906,Item_Name_154906,Item_Desc_154906,False,154906,True,False,True,[],3,1,0,8,34,2031,0,0,0,0,9999,0,0,0,False,1,0,10,0,0,0,0,0,0,0,0,0,0,0,0,0,0,0,0,0,0,0,0,0,0,0,0,0,0,0,0,0,0,0,0,0,0,0,0,0,0,1810138,0,0,0,0,0,0,0,0,0,,0,/Game/Streaming/ArtAsset/UI/UIResource/UITexture/Common_Icon/Icon_Collection/icon_collection_AcretiaShipDetachmentSeal.icon_collection_AcretiaShipDetachmentSeal,,0,True,False,False,False,0,Selo de Despacho Accretia,Um objeto que parece ser o selo de uma equipe de pesquisa enviada de Accretia. O dano é tão severo que é difícil distinguir sua forma original. Será que uma batalha feroz já aconteceu aqui?
154907,Item_Name_154907,Item_Desc_154907,False,154907,True,True,True,[],4,1,0,8,34,2031,0,0,0,0,9999,0,0,0,False,1,0,10,0,0,0,0,0,0,0,0,0,0,0,0,0,0,0,0,0,0,0,0,0,0,0,0,0,0,0,0,0,0,0,0,0,0,0,0,0,0,1810139,0,0,0,0,0,0,0,0,0,,0,/Game/Streaming/ArtAsset/UI/UIResource/UITexture/Common_Icon/Icon_Collection/icon_collection_DiscoverybotVolcanicArea.icon_collection_DiscoverybotVolcanicArea,,0,True,False,False,False,0,Analisador Geológico Vulcânico,Um pequeno robô especialmente projetado para analisar a composição geológica de regiões vulcânicas. Uma amostra de magma coletada pode ser vista abaixo do dispositivo. O fato de ter suportado um calor tão extremo sem ser destruído fala de sua durabilidade extraordinária.
154912,Item_Name_154912,Item_Desc_154912,False,154912,True,False,True,[],1,1,0,8,34,2031,0,0,0,0,9999,0,0,0,False,1,0,10,0,0,0,0,0,0,0,0,0,0,0,0,0,0,0,0,0,0,0,0,0,0,0,0,0,0,0,0,0,0,0,0,0,0,0,0,0,0,1810136,0,0,0,0,0,0,0,0,0,,0,/Game/Streaming/ArtAsset/UI/UIResource/UITexture/Common_Icon/Icon_Collection/icon_collection_FeatherCoastalBirds.icon_collection_FeatherCoastalBirds,,0,True,False,False,False,0,Pena de Ave Marinha,"Uma pena de um pássaro comumente encontrado ao longo da costa desta região. À primeira vista, parece bastante comum, mas pode ser um recurso valioso para estudar o ecossistema local."
154913,Item_Name_154913,Item_Desc_154913,False,154913,True,False,True,[],2,1,0,8,34,2031,0,0,0,0,9999,0,0,0,False,1,0,10,0,0,0,0,0,0,0,0,0,0,0,0,0,0,0,0,0,0,0,0,0,0,0,0,0,0,0,0,0,0,0,0,0,0,0,0,0,0,1810137,0,0,0,0,0,0,0,0,0,,0,/Game/Streaming/ArtAsset/UI/UIResource/UITexture/Common_Icon/Icon_Collection/icon_collection_BlueMetalBeadOldRitual.icon_collection_BlueMetalBeadOldRitual,,0,True,False,False,False,0,Ferramenta Ritual Antiga Cora,Uma ferramenta ritualística usada uma vez nos rituais religiosos de Cora. Tanto tempo se passou desde que foi usada pela última vez que toda a sua superfície ficou manchada com a idade.
154914,Item_Name_154914,Item_Desc_154914,False,154914,True,False,True,[],3,1,0,8,34,2031,0,0,0,0,9999,0,0,0,False,1,0,10,0,0,0,0,0,0,0,0,0,0,0,0,0,0,0,0,0,0,0,0,0,0,0,0,0,0,0,0,0,0,0,0,0,0,0,0,0,0,1810138,0,0,0,0,0,0,0,0,0,,0,/Game/Streaming/ArtAsset/UI/UIResource/UITexture/Common_Icon/Icon_Collection/icon_collection_HighendDrillLaserDevice.icon_collection_HighendDrillLaserDevice,,0,True,False,False,False,0,Unidade Emissora de Laser,"Um dispositivo que emite um laser poderoso para analisar formações geológicas e amostras de rochas. Sua saída impressionante sugere engenharia avançada, e seu design distintivo indica que provavelmente foi fabricado por uma corporação Accretian."
154915,Item_Name_154915,Item_Desc_154915,False,154915,True,True,True,[],4,1,0,8,34,2031,0,0,0,0,9999,0,0,0,False,1,0,10,0,0,0,0,0,0,0,0,0,0,0,0,0,0,0,0,0,0,0,0,0,0,0,0,0,0,0,0,0,0,0,0,0,0,0,0,0,0,1810139,0,0,0,0,0,0,0,0,0,,0,/Game/Streaming/ArtAsset/UI/UIResource/UITexture/Common_Icon/Icon_Collection/icon_collection_PurifiedNetherCrystalUnusual.icon_collection_PurifiedNetherCrystalUnusual,,0,True,False,False,False,0,Amostra de Rocha Incomum,"Uma amostra de rocha que parece excepcionalmente dura e durável. Pequenas rochas se ramificam do corpo principal como se fossem capazes de crescer e se dividir. Parece ser uma substância altamente incomum, diferente de qualquer coisa encontrada no mundo natural."
154920,Item_Name_154920,Item_Desc_154920,False,154920,True,False,True,[],1,1,0,8,34,2031,0,0,0,0,9999,0,0,0,False,1,0,10,0,0,0,0,0,0,0,0,0,0,0,0,0,0,0,0,0,0,0,0,0,0,0,0,0,0,0,0,0,0,0,0,0,0,0,0,0,0,1810136,0,0,0,0,0,0,0,0,0,,0,/Game/Streaming/ArtAsset/UI/UIResource/UITexture/Common_Icon/Icon_Collection/icon_collection_DasraCellPlantSample.icon_collection_DasraCellPlantSample,,0,True,False,False,False,0,Amostra de Rocha Peculiar,Uma planta peculiar cujos caules se estendem a partir de suas raízes e se entrelaçam e se separam repetidamente como uma teia de aranha. Seu comportamento de crescimento único é raramente observado no mundo natural e parece justificar mais pesquisas ecológicas.
154921,Item_Name_154921,Item_Desc_154921,False,154921,True,False,True,[],2,1,0,8,34,2031,0,0,0,0,9999,0,0,0,False,1,0,10,0,0,0,0,0,0,0,0,0,0,0,0,0,0,0,0,0,0,0,0,0,0,0,0,0,0,0,0,0,0,0,0,0,0,0,0,0,0,1810137,0,0,0,0,0,0,0,0,0,,0,/Game/Streaming/ArtAsset/UI/UIResource/UITexture/Common_Icon/Icon_Collection/icon_collection_Mission_PoisonInternalTissue.icon_collection_Mission_PoisonInternalTissue,,0,True,False,False,False,0,Tecido Interno Mutado,Tecido que se acredita ser parte dos órgãos internos de uma criatura nativa da região de Lavaron. A extensa descoloração e as deformidades grotescas visíveis por todo o tecido deixam claro que este espécime está longe de ser normal.
154922,Item_Name_154922,Item_Desc_154922,False,154922,True,False,True,[],3,1,0,8,34,2031,0,0,0,0,9999,0,0,0,False,1,0,10,0,0,0,0,0,0,0,0,0,0,0,0,0,0,0,0,0,0,0,0,0,0,0,0,0,0,0,0,0,0,0,0,0,0,0,0,0,0,1810138,0,0,0,0,0,0,0,0,0,,0,/Game/Streaming/ArtAsset/UI/UIResource/UITexture/Common_Icon/Icon_Collection/icon_collection_SealofthekalianaMercenaryMark.icon_collection_SealofthekalianaMercenaryMark,,0,True,False,False,False,0,Distintivo de Mercenário Danificado,"Um pedaço do uniforme de combate de um mercenário, marcado com o emblema de uma companhia de mercenários. Sua condição esfarrapada e fortemente danificada sugere que uma grande batalha ocorreu aqui. Será que este mercenário sobreviveu?"
154923,Item_Name_154923,Item_Desc_154923,False,154923,True,True,True,[],4,1,0,8,34,2031,0,0,0,0,9999,0,0,0,False,1,0,10,0,0,0,0,0,0,0,0,0,0,0,0,0,0,0,0,0,0,0,0,0,0,0,0,0,0,0,0,0,0,0,0,0,0,0,0,0,0,1810139,0,0,0,0,0,0,0,0,0,,0,/Game/Streaming/ArtAsset/UI/UIResource/UITexture/Common_Icon/Icon_Collection/icon_collection_BlackDeityParticleDetector.icon_collection_BlackDeityParticleDetector,,0,True,False,False,False,0,Detector de Partículas Destruído,"Um dispositivo Cora avançado projetado para detectar e analisar partículas ao redor. Ele está em ruínas, sua superfície marcada com o que parecem ser buracos de bala."
154928,Item_Name_154928,Item_Desc_154928,False,154928,True,False,True,[],1,1,0,8,34,2031,0,0,0,0,9999,0,0,0,False,1,0,10,0,0,0,0,0,0,0,0,0,0,0,0,0,0,0,0,0,0,0,0,0,0,0,0,0,0,0,0,0,0,0,0,0,0,0,0,0,0,1810136,0,0,0,0,0,0,0,0,0,,0,/Game/Streaming/ArtAsset/UI/UIResource/UITexture/Common_Icon/Icon_Collection/icon_collection_BlueCrystalOrnamentsMagma.icon_collection_BlueCrystalOrnamentsMagma,,0,True,False,False,False,0,Amostra de Rocha de Magma,"Uma rocha incomum, diferente de qualquer material formado a partir de magma solidificado comum. Embora ainda retenha as propriedades do magma derretido, sua aparência é tudo menos comum."
154929,Item_Name_154929,Item_Desc_154929,False,154929,True,False,True,[],2,1,0,8,34,2031,0,0,0,0,9999,0,0,0,False,1,0,10,0,0,0,0,0,0,0,0,0,0,0,0,0,0,0,0,0,0,0,0,0,0,0,0,0,0,0,0,0,0,0,0,0,0,0,0,0,0,1810137,0,0,0,0,0,0,0,0,0,,0,/Game/Streaming/ArtAsset/UI/UIResource/UITexture/Common_Icon/Icon_Collection/icon_collection_MunitionCatalogueVolcanicActivity.icon_collection_MunitionCatalogueVolcanicActivity,,0,True,False,False,False,0,Relatório de Análise de Atividade Vulcânica,"Um gráfico documentando uma análise detalhada da atividade vulcânica na região. Particularmente notáveis são as linhas do gráfico erráticas, que flutuam em um padrão complexo e irregular."
154930,Item_Name_154930,Item_Desc_154930,False,154930,True,False,True,[],3,1,0,8,34,2031,0,0,0,0,9999,0,0,0,False,1,0,10,0,0,0,0,0,0,0,0,0,0,0,0,0,0,0,0,0,0,0,0,0,0,0,0,0,0,0,0,0,0,0,0,0,0,0,0,0,0,1810138,0,0,0,0,0,0,0,0,0,,0,/Game/Streaming/ArtAsset/UI/UIResource/UITexture/Common_Icon/Icon_Collection/icon_collection_GoldenDicemSpinyMineral.icon_collection_GoldenDicemSpinyMineral,,0,True,False,False,False,0,Mineral com Espinhos,"Um mineral descoberto na região de Lavaron, com uma forma que se torna progressivamente mais afiada em direção à ponta. Acredita-se que tenha se formado como resultado da intensa atividade vulcânica que uma vez varreu esta área."
154931,Item_Name_154931,Item_Desc_154931,False,154931,True,True,True,[],4,1,0,8,34,2031,0,0,0,0,9999,0,0,0,False,1,0,10,0,0,0,0,0,0,0,0,0,0,0,0,0,0,0,0,0,0,0,0,0,0,0,0,0,0,0,0,0,0,0,0,0,0,0,0,0,0,1810139,0,0,0,0,0,0,0,0,0,,0,/Game/Streaming/ArtAsset/UI/UIResource/UITexture/Common_Icon/Icon_Collection/icon_collection_DamagedOrderBellato.icon_collection_DamagedOrderBellato,,0,True,False,False,False,0,Selo Bellato Chamuscado,"O selo de um comandante de alta patente representando a Facção Bellato. Recuperado de uma nave caída, está enegrecido com fuligem, talvez um remanescente da feroz batalha que ocorreu aqui."
157000,Item_Name_157000,Item_Desc_157000,False,157000,True,False,True,[],1,1,0,8,34,2031,0,0,0,0,9999,0,0,0,False,1,0,10,0,0,0,0,0,0,0,0,0,0,0,0,0,0,0,0,0,0,0,0,0,0,0,0,0,0,0,0,0,0,0,0,0,0,0,0,0,0,1810040,0,0,0,0,0,0,0,0,0,,0,/Game/Streaming/ArtAsset/UI/UIResource/UITexture/Common_Icon/Icon_Collection/icon_collection_MaterialConversion_Molecule_01.icon_collection_MaterialConversion_Molecule_01,,0,True,False,False,False,0,Molécula de Líquido Inflamável,Uma estrutura molecular obtida através da conversão de material. Ela representa um líquido volátil e inflamável.
157001,Item_Name_157001,Item_Desc_157001,False,157001,True,False,True,[],1,1,0,8,34,2031,0,0,0,0,9999,0,0,0,False,1,0,10,0,0,0,0,0,0,0,0,0,0,0,0,0,0,0,0,0,0,0,0,0,0,0,0,0,0,0,0,0,0,0,0,0,0,0,0,0,0,1810040,0,0,0,0,0,0,0,0,0,,0,/Game/Streaming/ArtAsset/UI/UIResource/UITexture/Common_Icon/Icon_Collection/icon_collection_MaterialConversion_Gas_01.icon_collection_MaterialConversion_Gas_01,,0,True,False,False,False,0,Gás Branco,Um dos gases inertes que raramente reage com outros elementos. Um subproduto da conversão de material que não se misturou com o restante.
157002,Item_Name_157002,Item_Desc_157002,False,157002,True,False,True,[],1,1,0,8,34,2031,0,0,0,0,9999,0,0,0,False,1,0,10,0,0,0,0,0,0,0,0,0,0,0,0,0,0,0,0,0,0,0,0,0,0,0,0,0,0,0,0,0,0,0,0,0,0,0,0,0,0,1810040,0,0,0,0,0,0,0,0,0,,0,/Game/Streaming/ArtAsset/UI/UIResource/UITexture/Common_Icon/Icon_Collection/icon_collection_MaterialConversion_Liguid_01.icon_collection_MaterialConversion_Liguid_01,,0,True,False,False,False,0,Líquido na Cápsula I,Um líquido de alta pureza. É mais fácil de obter através da conversão de material do que pela colheita de fontes naturais.
157003,Item_Name_157003,Item_Desc_157003,False,157003,True,False,True,[],1,1,0,8,34,2031,0,0,0,0,9999,0,0,0,False,1,0,10,0,0,0,0,0,0,0,0,0,0,0,0,0,0,0,0,0,0,0,0,0,0,0,0,0,0,0,0,0,0,0,0,0,0,0,0,0,0,1810040,0,0,0,0,0,0,0,0,0,,0,/Game/Streaming/ArtAsset/UI/UIResource/UITexture/Common_Icon/Icon_Collection/icon_collection_MaterialConversion_Powder_01.icon_collection_MaterialConversion_Powder_01,,0,True,False,False,False,0,Pó Seguro I,Um pó obtido através da conversão de material. Tem muitos usos diversos.
157004,Item_Name_157004,Item_Desc_157004,False,157004,True,False,True,[],1,1,0,8,34,2031,0,0,0,0,9999,0,0,0,False,1,0,10,0,0,0,0,0,0,0,0,0,0,0,0,0,0,0,0,0,0,0,0,0,0,0,0,0,0,0,0,0,0,0,0,0,0,0,0,0,0,1810040,0,0,0,0,0,0,0,0,0,,0,/Game/Streaming/ArtAsset/UI/UIResource/UITexture/Common_Icon/Icon_Collection/icon_collection_MaterialConversion_Molecule_02.icon_collection_MaterialConversion_Molecule_02,,0,True,False,False,False,0,Molécula de Crescimento,Uma estrutura molecular obtida através da conversão de material. Ajuda no crescimento das plantas e também é amplamente utilizada como ingrediente para cosméticos.
157005,Item_Name_157005,Item_Desc_157005,False,157005,True,False,True,[],1,1,0,8,34,2031,0,0,0,0,9999,0,0,0,False,1,0,10,0,0,0,0,0,0,0,0,0,0,0,0,0,0,0,0,0,0,0,0,0,0,0,0,0,0,0,0,0,0,0,0,0,0,0,0,0,0,1810040,0,0,0,0,0,0,0,0,0,,0,/Game/Streaming/ArtAsset/UI/UIResource/UITexture/Common_Icon/Icon_Collection/icon_collection_MaterialConversion_Gas_02.icon_collection_MaterialConversion_Gas_02,,0,True,False,False,False,0,Gás Amarelo,Um dos gases inertes que raramente reage com outros elementos. Um subproduto da conversão de material que não se misturou com o restante.
157006,Item_Name_157006,Item_Desc_157006,False,157006,True,False,True,[],1,1,0,8,34,2031,0,0,0,0,9999,0,0,0,False,1,0,10,0,0,0,0,0,0,0,0,0,0,0,0,0,0,0,0,0,0,0,0,0,0,0,0,0,0,0,0,0,0,0,0,0,0,0,0,0,0,1810040,0,0,0,0,0,0,0,0,0,,0,/Game/Streaming/ArtAsset/UI/UIResource/UITexture/Common_Icon/Icon_Collection/icon_collection_MaterialConversion_Liguid_02.icon_collection_MaterialConversion_Liguid_02,,0,True,False,False,False,0,Líquido na Cápsula II,Um líquido de alta pureza. É mais fácil de obter através da conversão de material do que pela colheita de fontes naturais.
157007,Item_Name_157007,Item_Desc_157007,False,157007,True,False,True,[],1,1,0,8,34,2031,0,0,0,0,9999,0,0,0,False,1,0,10,0,0,0,0,0,0,0,0,0,0,0,0,0,0,0,0,0,0,0,0,0,0,0,0,0,0,0,0,0,0,0,0,0,0,0,0,0,0,1810040,0,0,0,0,0,0,0,0,0,,0,/Game/Streaming/ArtAsset/UI/UIResource/UITexture/Common_Icon/Icon_Collection/icon_collection_MaterialConversion_Powder_02.icon_collection_MaterialConversion_Powder_02,,0,True,False,False,False,0,Pó Seguro II,Um pó obtido através da conversão de material. Tem muitos usos diversos.
157050,Item_Name_157050,Item_Desc_157050,False,157050,True,False,True,[],1,1,0,8,34,2031,0,0,0,0,9999,0,0,0,False,1,0,10,0,0,0,0,0,0,0,0,0,0,0,0,0,0,0,0,0,0,0,0,0,0,0,0,0,0,0,0,0,0,0,0,0,0,0,0,0,0,1810041,0,0,0,0,0,0,0,0,0,,0,/Game/Streaming/ArtAsset/UI/UIResource/UITexture/Common_Icon/Icon_Collection/icon_collection_MaterialConversion_Molecule_07.icon_collection_MaterialConversion_Molecule_07,,0,True,False,False,False,0,Molécula de Alívio da Dor,"Uma estrutura molecular obtida através da conversão de material. Supostamente, pode aliviar a dor e baixar a temperatura corporal."
157051,Item_Name_157051,Item_Desc_157051,False,157051,True,False,True,[],1,1,0,8,34,2031,0,0,0,0,9999,0,0,0,False,1,0,10,0,0,0,0,0,0,0,0,0,0,0,0,0,0,0,0,0,0,0,0,0,0,0,0,0,0,0,0,0,0,0,0,0,0,0,0,0,0,1810041,0,0,0,0,0,0,0,0,0,,0,/Game/Streaming/ArtAsset/UI/UIResource/UITexture/Common_Icon/Icon_Collection/icon_collection_MaterialConversion_Solid_01.icon_collection_MaterialConversion_Solid_01,,0,True,False,False,False,0,Matéria Sólida Dura,Um sólido cristalino na forma de um tetraedro. Uma substância composta obtida através da Conversão de Material.
157052,Item_Name_157052,Item_Desc_157052,False,157052,True,False,True,[],2,1,0,8,34,2031,0,0,0,0,9999,0,0,0,False,1,0,10,0,0,0,0,0,0,0,0,0,0,0,0,0,0,0,0,0,0,0,0,0,0,0,0,0,0,0,0,0,0,0,0,0,0,0,0,0,0,1810041,0,0,0,0,0,0,0,0,0,,0,/Game/Streaming/ArtAsset/UI/UIResource/UITexture/Common_Icon/Icon_Collection/icon_collection_MaterialConversion_Molecule_03.icon_collection_MaterialConversion_Molecule_03,,0,True,False,False,False,0,Molécula do Hormônio do Prazer,Uma estrutura molecular obtida através da conversão de material. É um hormônio envolvido no processamento de prazer e recompensas.
157053,Item_Name_157053,Item_Desc_157053,False,157053,True,False,True,[],2,1,0,8,34,2031,0,0,0,0,9999,0,0,0,False,1,0,10,0,0,0,0,0,0,0,0,0,0,0,0,0,0,0,0,0,0,0,0,0,0,0,0,0,0,0,0,0,0,0,0,0,0,0,0,0,0,1810041,0,0,0,0,0,0,0,0,0,,0,/Game/Streaming/ArtAsset/UI/UIResource/UITexture/Common_Icon/Icon_Collection/icon_collection_MaterialConversion_Gas_03.icon_collection_MaterialConversion_Gas_03,,0,True,False,False,False,0,Gás Laranja,Um dos gases inertes que raramente reage com outros elementos. Um subproduto da conversão de material que não se misturou com o restante.
157054,Item_Name_157054,Item_Desc_157054,False,157054,True,False,True,[],2,1,0,8,34,2031,0,0,0,0,9999,0,0,0,False,1,0,10,0,0,0,0,0,0,0,0,0,0,0,0,0,0,0,0,0,0,0,0,0,0,0,0,0,0,0,0,0,0,0,0,0,0,0,0,0,0,1810041,0,0,0,0,0,0,0,0,0,,0,/Game/Streaming/ArtAsset/UI/UIResource/UITexture/Common_Icon/Icon_Collection/icon_collection_MaterialConversion_Liguid_03.icon_collection_MaterialConversion_Liguid_03,,0,True,False,False,False,0,Líquido Ardente I,"Um líquido de alta pureza. Mesmo confinado em uma cápsula fechada, ele permanece fervendo."
157055,Item_Name_157055,Item_Desc_157055,False,157055,True,False,True,[],2,1,0,8,34,2031,0,0,0,0,9999,0,0,0,False,1,0,10,0,0,0,0,0,0,0,0,0,0,0,0,0,0,0,0,0,0,0,0,0,0,0,0,0,0,0,0,0,0,0,0,0,0,0,0,0,0,1810041,0,0,0,0,0,0,0,0,0,,0,/Game/Streaming/ArtAsset/UI/UIResource/UITexture/Common_Icon/Icon_Collection/icon_collection_MaterialConversion_Powder_03.icon_collection_MaterialConversion_Powder_03,,0,True,False,False,False,0,Pó Processado I,Um pó obtido através da conversão de material. Foi processado para se adequar aos seus usos.
157056,Item_Name_157056,Item_Desc_157056,False,157056,True,False,True,[],2,1,0,8,34,2031,0,0,0,0,9999,0,0,0,False,1,0,10,0,0,0,0,0,0,0,0,0,0,0,0,0,0,0,0,0,0,0,0,0,0,0,0,0,0,0,0,0,0,0,0,0,0,0,0,0,0,1810041,0,0,0,0,0,0,0,0,0,,0,/Game/Streaming/ArtAsset/UI/UIResource/UITexture/Common_Icon/Icon_Collection/icon_collection_MaterialConversion_Molecule_04.icon_collection_MaterialConversion_Molecule_04,,0,True,False,False,False,0,Molécula de Hormônio Calmante,"Uma estrutura molecular obtida através da conversão de material. Este hormônio afeta o corpo humano de várias maneiras, mas é mais comumente associado a sentimentos de felicidade."
157057,Item_Name_157057,Item_Desc_157057,False,157057,True,False,True,[],2,1,0,8,34,2031,0,0,0,0,9999,0,0,0,False,1,0,10,0,0,0,0,0,0,0,0,0,0,0,0,0,0,0,0,0,0,0,0,0,0,0,0,0,0,0,0,0,0,0,0,0,0,0,0,0,0,1810041,0,0,0,0,0,0,0,0,0,,0,/Game/Streaming/ArtAsset/UI/UIResource/UITexture/Common_Icon/Icon_Collection/icon_collection_MaterialConversion_Gas_04.icon_collection_MaterialConversion_Gas_04,,0,True,False,False,False,0,Gás Vermelho,Um dos gases inertes que raramente reage com outros elementos. Um subproduto da conversão de material que não se misturou com o restante.
157100,Item_Name_157100,Item_Desc_157100,False,157100,True,False,True,[],2,1,0,8,34,2031,0,0,0,0,9999,0,0,0,False,1,0,10,0,0,0,0,0,0,0,0,0,0,0,0,0,0,0,0,0,0,0,0,0,0,0,0,0,0,0,0,0,0,0,0,0,0,0,0,0,0,1810042,0,0,0,0,0,0,0,0,0,,0,/Game/Streaming/ArtAsset/UI/UIResource/UITexture/Common_Icon/Icon_Collection/icon_collection_MaterialConversion_Liguid_04.icon_collection_MaterialConversion_Liguid_04,,0,True,False,False,False,0,Líquido Ardente II,"Um líquido de alta pureza. Mesmo confinado em uma cápsula fechada, ele permanece fervendo."
157101,Item_Name_157101,Item_Desc_157101,False,157101,True,False,True,[],2,1,0,8,34,2031,0,0,0,0,9999,0,0,0,False,1,0,10,0,0,0,0,0,0,0,0,0,0,0,0,0,0,0,0,0,0,0,0,0,0,0,0,0,0,0,0,0,0,0,0,0,0,0,0,0,0,1810042,0,0,0,0,0,0,0,0,0,,0,/Game/Streaming/ArtAsset/UI/UIResource/UITexture/Common_Icon/Icon_Collection/icon_collection_MaterialConversion_Powder_04.icon_collection_MaterialConversion_Powder_04,,0,True,False,False,False,0,Pó Processado II,Um pó obtido através da conversão de material. Foi processado para se adequar aos seus usos.
157102,Item_Name_157102,Item_Desc_157102,False,157102,True,False,True,[],2,1,0,8,34,2031,0,0,0,0,9999,0,0,0,False,1,0,10,0,0,0,0,0,0,0,0,0,0,0,0,0,0,0,0,0,0,0,0,0,0,0,0,0,0,0,0,0,0,0,0,0,0,0,0,0,0,1810042,0,0,0,0,0,0,0,0,0,,0,/Game/Streaming/ArtAsset/UI/UIResource/UITexture/Common_Icon/Icon_Collection/icon_collection_MaterialConversion_Molecule_10.icon_collection_MaterialConversion_Molecule_10,,0,True,False,False,False,0,Molécula de Sensação Doce,"Uma estrutura molecular obtida através da conversão de material. Tem uma ampla variedade de usos culinários para humanos, mas é desagradada por algumas espécies alienígenas."
157103,Item_Name_157103,Item_Desc_157103,False,157103,True,False,True,[],2,1,0,8,34,2031,0,0,0,0,9999,0,0,0,False,1,0,10,0,0,0,0,0,0,0,0,0,0,0,0,0,0,0,0,0,0,0,0,0,0,0,0,0,0,0,0,0,0,0,0,0,0,0,0,0,0,1810042,0,0,0,0,0,0,0,0,0,,0,/Game/Streaming/ArtAsset/UI/UIResource/UITexture/Common_Icon/Icon_Collection/icon_collection_MaterialConversion_Solid_02.icon_collection_MaterialConversion_Solid_02,,0,True,False,False,False,0,Matéria Sólida Translúcida,"Um sólido cristalino em forma de tetraedro, com outra estrutura visível em seu interior translúcido. Uma substância composta obtida por meio de conversão de material."
157104,Item_Name_157104,Item_Desc_157104,False,157104,True,False,True,[],3,1,0,8,34,2031,0,0,0,0,9999,0,0,0,False,1,0,10,0,0,0,0,0,0,0,0,0,0,0,0,0,0,0,0,0,0,0,0,0,0,0,0,0,0,0,0,0,0,0,0,0,0,0,0,0,0,1810042,0,0,0,0,0,0,0,0,0,,0,/Game/Streaming/ArtAsset/UI/UIResource/UITexture/Common_Icon/Icon_Collection/icon_collection_MaterialConversion_Molecule_05.icon_collection_MaterialConversion_Molecule_05,,0,True,False,False,False,0,Molécula de Nucleobase de DNA,Uma estrutura molecular obtida através da conversão de material. É uma das quatro bases nucleicas essenciais encontradas no DNA.
157105,Item_Name_157105,Item_Desc_157105,False,157105,True,False,True,[],3,1,0,8,34,2031,0,0,0,0,9999,0,0,0,False,1,0,10,0,0,0,0,0,0,0,0,0,0,0,0,0,0,0,0,0,0,0,0,0,0,0,0,0,0,0,0,0,0,0,0,0,0,0,0,0,0,1810042,0,0,0,0,0,0,0,0,0,,0,/Game/Streaming/ArtAsset/UI/UIResource/UITexture/Common_Icon/Icon_Collection/icon_collection_MaterialConversion_Gas_05.icon_collection_MaterialConversion_Gas_05,,0,True,False,False,False,0,Gás Roxo,Um dos gases inertes que raramente reage com outros elementos. Um subproduto da conversão de material que não se misturou com o restante.
157106,Item_Name_157106,Item_Desc_157106,False,157106,True,False,True,[],3,1,0,8,34,2031,0,0,0,0,9999,0,0,0,False,1,0,10,0,0,0,0,0,0,0,0,0,0,0,0,0,0,0,0,0,0,0,0,0,0,0,0,0,0,0,0,0,0,0,0,0,0,0,0,0,0,1810042,0,0,0,0,0,0,0,0,0,,0,/Game/Streaming/ArtAsset/UI/UIResource/UITexture/Common_Icon/Icon_Collection/icon_collection_MaterialConversion_Liguid_05.icon_collection_MaterialConversion_Liguid_05,,0,True,False,False,False,0,Líquido Não-Misturante I,"Um líquido de alta pureza. Permanece instável, repetindo um ciclo interminável de mistura e separação dentro da cápsula."
157107,Item_Name_157107,Item_Desc_157107,False,157107,True,False,True,[],3,1,0,8,34,2031,0,0,0,0,9999,0,0,0,False,1,0,10,0,0,0,0,0,0,0,0,0,0,0,0,0,0,0,0,0,0,0,0,0,0,0,0,0,0,0,0,0,0,0,0,0,0,0,0,0,0,1810042,0,0,0,0,0,0,0,0,0,,0,/Game/Streaming/ArtAsset/UI/UIResource/UITexture/Common_Icon/Icon_Collection/icon_collection_MaterialConversion_Powder_05.icon_collection_MaterialConversion_Powder_05,,0,True,False,False,False,0,Pó Selado I,Um pó obtido através da conversão de material. Está bem selado devido à sua natureza tóxica.
157108,Item_Name_157108,Item_Desc_157108,False,157108,True,False,True,[],3,1,0,8,34,2031,0,0,0,0,9999,0,0,0,False,1,0,10,0,0,0,0,0,0,0,0,0,0,0,0,0,0,0,0,0,0,0,0,0,0,0,0,0,0,0,0,0,0,0,0,0,0,0,0,0,0,1810042,0,0,0,0,0,0,0,0,0,,0,/Game/Streaming/ArtAsset/UI/UIResource/UITexture/Common_Icon/Icon_Collection/icon_collection_MaterialConversion_Molecule_06.icon_collection_MaterialConversion_Molecule_06,,0,True,False,False,False,0,Molécula de Vitamina Antioxidante,Uma estrutura molecular obtida através da conversão de material. Um dos elementos essenciais no processo metabólico dos seres vivos.
157109,Item_Name_157109,Item_Desc_157109,False,157109,True,False,True,[],3,1,0,8,34,2031,0,0,0,0,9999,0,0,0,False,1,0,10,0,0,0,0,0,0,0,0,0,0,0,0,0,0,0,0,0,0,0,0,0,0,0,0,0,0,0,0,0,0,0,0,0,0,0,0,0,0,1810042,0,0,0,0,0,0,0,0,0,,0,/Game/Streaming/ArtAsset/UI/UIResource/UITexture/Common_Icon/Icon_Collection/icon_collection_MaterialConversion_Gas_06.icon_collection_MaterialConversion_Gas_06,,0,True,False,False,False,0,Gás Violeta,Um dos gases inertes que raramente reage com outros elementos. Um subproduto da conversão de material que não se misturou com o restante.
157110,Item_Name_157110,Item_Desc_157110,False,157110,True,False,True,[],3,1,0,8,34,2031,0,0,0,0,9999,0,0,0,False,1,0,10,0,0,0,0,0,0,0,0,0,0,0,0,0,0,0,0,0,0,0,0,0,0,0,0,0,0,0,0,0,0,0,0,0,0,0,0,0,0,1810042,0,0,0,0,0,0,0,0,0,,0,/Game/Streaming/ArtAsset/UI/UIResource/UITexture/Common_Icon/Icon_Collection/icon_collection_MaterialConversion_Liguid_06.icon_collection_MaterialConversion_Liguid_06,,0,True,False,False,False,0,Líquido Não-Misturável II,"Um líquido de alta pureza. Permanece instável, repetindo um ciclo interminável de mistura e separação dentro da cápsula."
157111,Item_Name_157111,Item_Desc_157111,False,157111,True,False,True,[],3,1,0,8,34,2031,0,0,0,0,9999,0,0,0,False,1,0,10,0,0,0,0,0,0,0,0,0,0,0,0,0,0,0,0,0,0,0,0,0,0,0,0,0,0,0,0,0,0,0,0,0,0,0,0,0,0,1810042,0,0,0,0,0,0,0,0,0,,0,/Game/Streaming/ArtAsset/UI/UIResource/UITexture/Common_Icon/Icon_Collection/icon_collection_MaterialConversion_Powder_06.icon_collection_MaterialConversion_Powder_06,,0,True,False,False,False,0,Pó Selado II,Um pó obtido através da conversão de material. Está bem selado devido à sua natureza tóxica.
157150,Item_Name_157150,Item_Desc_157150,False,157150,True,False,True,[],3,1,0,8,34,2031,0,0,0,0,9999,0,0,0,False,1,0,10,0,0,0,0,0,0,0,0,0,0,0,0,0,0,0,0,0,0,0,0,0,0,0,0,0,0,0,0,0,0,0,0,0,0,0,0,0,0,1810043,0,0,0,0,0,0,0,0,0,,0,/Game/Streaming/ArtAsset/UI/UIResource/UITexture/Common_Icon/Icon_Collection/icon_collection_MaterialConversion_Powder_07.icon_collection_MaterialConversion_Powder_07,,0,True,False,False,False,0,Pó Selado III,Um pó obtido através da conversão de material. Está bem selado devido à sua natureza tóxica.
157151,Item_Name_157151,Item_Desc_157151,False,157151,True,False,True,[],3,1,0,8,34,2031,0,0,0,0,9999,0,0,0,False,1,0,10,0,0,0,0,0,0,0,0,0,0,0,0,0,0,0,0,0,0,0,0,0,0,0,0,0,0,0,0,0,0,0,0,0,0,0,0,0,0,1810043,0,0,0,0,0,0,0,0,0,,0,/Game/Streaming/ArtAsset/UI/UIResource/UITexture/Common_Icon/Icon_Collection/icon_collection_MaterialConversion_Egg_01.icon_collection_MaterialConversion_Egg_01,,0,True,False,False,False,0,Ovo Pulsante,Um objeto em forma de ovo criado por meio de conversão de material. Sua casca emite uma luz pulsante de dentro.
157152,Item_Name_157152,Item_Desc_157152,False,157152,True,True,True,[],4,1,0,8,34,2031,0,0,0,0,9999,0,0,0,False,1,0,10,0,0,0,0,0,0,0,0,0,0,0,0,0,0,0,0,0,0,0,0,0,0,0,0,0,0,0,0,0,0,0,0,0,0,0,0,0,0,1810043,0,0,0,0,0,0,0,0,0,,0,/Game/Streaming/ArtAsset/UI/UIResource/UITexture/Common_Icon/Icon_Collection/icon_collection_MaterialConversion_Molecule_08.icon_collection_MaterialConversion_Molecule_08,,0,True,False,False,False,0,Molécula de Hormônio de Crise,"Uma estrutura molecular obtida através da conversão de material. Está associada à tensão e ao estresse, permitindo maior foco em momentos críticos."
157153,Item_Name_157153,Item_Desc_157153,False,157153,True,True,True,[],4,1,0,8,34,2031,0,0,0,0,9999,0,0,0,False,1,0,10,0,0,0,0,0,0,0,0,0,0,0,0,0,0,0,0,0,0,0,0,0,0,0,0,0,0,0,0,0,0,0,0,0,0,0,0,0,0,1810043,0,0,0,0,0,0,0,0,0,,0,/Game/Streaming/ArtAsset/UI/UIResource/UITexture/Common_Icon/Icon_Collection/icon_collection_MaterialConversion_Gas_07.icon_collection_MaterialConversion_Gas_07,,0,True,False,False,False,0,Gás Azul,Um dos gases inertes que raramente reage com outros elementos. Um subproduto da conversão de material que não se misturou com o restante.
157154,Item_Name_157154,Item_Desc_157154,False,157154,True,True,True,[],4,1,0,8,34,2031,0,0,0,0,9999,0,0,0,False,1,0,10,0,0,0,0,0,0,0,0,0,0,0,0,0,0,0,0,0,0,0,0,0,0,0,0,0,0,0,0,0,0,0,0,0,0,0,0,0,0,1810043,0,0,0,0,0,0,0,0,0,,0,/Game/Streaming/ArtAsset/UI/UIResource/UITexture/Common_Icon/Icon_Collection/icon_collection_MaterialConversion_Liguid_07.icon_collection_MaterialConversion_Liguid_07,,0,True,False,False,False,0,Líquido Brilhante I,Um líquido de alta pureza. Ele brilha por conta própria. Só pode ser obtido através da conversão de material.
157155,Item_Name_157155,Item_Desc_157155,False,157155,True,True,True,[],4,1,0,8,34,2031,0,0,0,0,9999,0,0,0,False,1,0,10,0,0,0,0,0,0,0,0,0,0,0,0,0,0,0,0,0,0,0,0,0,0,0,0,0,0,0,0,0,0,0,0,0,0,0,0,0,0,1810043,0,0,0,0,0,0,0,0,0,,0,/Game/Streaming/ArtAsset/UI/UIResource/UITexture/Common_Icon/Icon_Collection/icon_collection_MaterialConversion_Powder_08.icon_collection_MaterialConversion_Powder_08,,0,True,False,False,False,0,Pó Cintilante I,Um pó obtido através da conversão de material. Tem um brilho metálico.
157156,Item_Name_157156,Item_Desc_157156,False,157156,True,True,True,[],4,1,0,8,34,2031,0,0,0,0,9999,0,0,0,False,1,0,10,0,0,0,0,0,0,0,0,0,0,0,0,0,0,0,0,0,0,0,0,0,0,0,0,0,0,0,0,0,0,0,0,0,0,0,0,0,0,1810043,0,0,0,0,0,0,0,0,0,,0,/Game/Streaming/ArtAsset/UI/UIResource/UITexture/Common_Icon/Icon_Collection/icon_collection_MaterialConversion_Molecule_09.icon_collection_MaterialConversion_Molecule_09,,0,True,False,False,False,0,Molécula Supressora de Sono,Uma estrutura molecular obtida através da conversão de material. Continua a ser um dos compostos psicoativos mais prevalentes do mundo.
157157,Item_Name_157157,Item_Desc_157157,False,157157,True,True,True,[],4,1,0,8,34,2031,0,0,0,0,9999,0,0,0,False,1,0,10,0,0,0,0,0,0,0,0,0,0,0,0,0,0,0,0,0,0,0,0,0,0,0,0,0,0,0,0,0,0,0,0,0,0,0,0,0,0,1810043,0,0,0,0,0,0,0,0,0,,0,/Game/Streaming/ArtAsset/UI/UIResource/UITexture/Common_Icon/Icon_Collection/icon_collection_MaterialConversion_Gas_08.icon_collection_MaterialConversion_Gas_08,,0,True,False,False,False,0,Gás Verde,Um dos gases inertes que raramente reage com outros elementos. Um subproduto da conversão de material que não se misturou com o restante.
157158,Item_Name_157158,Item_Desc_157158,False,157158,True,True,True,[],4,1,0,8,34,2031,0,0,0,0,9999,0,0,0,False,1,0,10,0,0,0,0,0,0,0,0,0,0,0,0,0,0,0,0,0,0,0,0,0,0,0,0,0,0,0,0,0,0,0,0,0,0,0,0,0,0,1810043,0,0,0,0,0,0,0,0,0,,0,/Game/Streaming/ArtAsset/UI/UIResource/UITexture/Common_Icon/Icon_Collection/icon_collection_MaterialConversion_Liguid_08.icon_collection_MaterialConversion_Liguid_08,,0,True,False,False,False,0,Líquido Brilhante II,Um líquido de alta pureza. Ele brilha por conta própria. Só pode ser obtido através da conversão de material.
157159,Item_Name_157159,Item_Desc_157159,False,157159,True,True,True,[],4,1,0,8,34,2031,0,0,0,0,9999,0,0,0,False,1,0,10,0,0,0,0,0,0,0,0,0,0,0,0,0,0,0,0,0,0,0,0,0,0,0,0,0,0,0,0,0,0,0,0,0,0,0,0,0,0,1810043,0,0,0,0,0,0,0,0,0,,0,/Game/Streaming/ArtAsset/UI/UIResource/UITexture/Common_Icon/Icon_Collection/icon_collection_MaterialConversion_Powder_09.icon_collection_MaterialConversion_Powder_09,,0,True,False,False,False,0,Pó Cintilante II,Um pó obtido através da conversão de material. Tem um brilho metálico.
157160,Item_Name_157160,Item_Desc_157160,False,157160,True,True,True,[],4,1,0,8,34,2031,0,0,0,0,9999,0,0,0,False,1,0,10,0,0,0,0,0,0,0,0,0,0,0,0,0,0,0,0,0,0,0,0,0,0,0,0,0,0,0,0,0,0,0,0,0,0,0,0,0,0,1810043,0,0,0,0,0,0,0,0,0,,0,/Game/Streaming/ArtAsset/UI/UIResource/UITexture/Common_Icon/Icon_Collection/icon_collection_MaterialConversion_Powder_10.icon_collection_MaterialConversion_Powder_10,,0,True,False,False,False,0,Pó Cintilante III,Um pó obtido através da conversão de material. Tem um brilho metálico.
157161,Item_Name_157161,Item_Desc_157161,False,157161,True,True,True,[],4,1,0,8,34,2031,0,0,0,0,9999,0,0,0,False,1,0,10,0,0,0,0,0,0,0,0,0,0,0,0,0,0,0,0,0,0,0,0,0,0,0,0,0,0,0,0,0,0,0,0,0,0,0,0,0,0,1810043,0,0,0,0,0,0,0,0,0,,0,/Game/Streaming/ArtAsset/UI/UIResource/UITexture/Common_Icon/Icon_Collection/icon_collection_MaterialConversion_Egg_02.icon_collection_MaterialConversion_Egg_02,,0,True,False,False,False,0,Ovo Segurando o Mundo,"Um objeto em forma de ovo criado por meio de conversão de material. Uma galáxia em espiral brilha dentro, como se contivesse o universo."
159000,Item_Name_159000,Item_Desc_159000,False,159000,True,False,True,[],1,1,0,8,34,2051,0,0,0,0,9999,0,0,0,False,1,5000,10,0,0,0,0,0,0,0,0,0,0,0,0,0,0,0,0,0,0,0,0,0,0,0,0,0,0,0,0,0,0,0,0,0,0,0,0,0,0,1990004,0,0,0,0,0,0,0,0,0,,0,/Game/Streaming/ArtAsset/UI/UIResource/UITexture/Common_Icon/Icon_Collection/icon_Fof_beginningsgetmixedup.icon_Fof_beginningsgetmixedup,,0,True,False,False,False,0,Fragmento dos Começos Turbulentos,Um material obtido ao desmontar itens coletados em Lowed.
159001,Item_Name_159001,Item_Desc_159001,False,159001,True,False,True,[],1,1,0,8,34,2051,0,0,0,0,9999,0,0,0,False,1,5000,10,0,0,0,0,0,0,0,0,0,0,0,0,0,0,0,0,0,0,0,0,0,0,0,0,0,0,0,0,0,0,0,0,0,0,0,0,0,0,1990004,0,0,0,0,0,0,0,0,0,,0,/Game/Streaming/ArtAsset/UI/UIResource/UITexture/Common_Icon/Icon_Collection/icon_Fof_theForgottenMountainside.icon_Fof_theForgottenMountainside,,0,True,False,False,False,0,Fragmento das Colinas Esquecidas,Um material obtido ao desmontar itens coletados em Anakade.
159002,Item_Name_159002,Item_Desc_159002,False,159002,True,False,True,[],1,1,0,8,34,2051,0,0,0,0,9999,0,0,0,False,1,5000,10,0,0,0,0,0,0,0,0,0,0,0,0,0,0,0,0,0,0,0,0,0,0,0,0,0,0,0,0,0,0,0,0,0,0,0,0,0,0,1990004,0,0,0,0,0,0,0,0,0,,0,/Game/Streaming/ArtAsset/UI/UIResource/UITexture/Common_Icon/Icon_Collection/icon_Fof_arising_conspiracy.icon_Fof_arising_conspiracy,,0,True,False,False,False,0,Fragmento da Trama Ascendente,Um material obtido ao desmontar itens coletados em Mayazar.
159003,Item_Name_159003,Item_Desc_159003,False,159003,True,False,True,[],1,1,0,8,34,2051,0,0,0,0,9999,0,0,0,False,1,5000,10,0,0,0,0,0,0,0,0,0,0,0,0,0,0,0,0,0,0,0,0,0,0,0,0,0,0,0,0,0,0,0,0,0,0,0,0,0,0,1990004,0,0,0,0,0,0,0,0,0,,0,/Game/Streaming/ArtAsset/UI/UIResource/UITexture/Common_Icon/Icon_Collection/icon_Fof_CorruptedScream.icon_Fof_CorruptedScream,,0,True,False,False,False,0,Fragmento dos Gritos Corrompidos,Um material obtido ao desmontar itens coletados em Dorian.
159004,Item_Name_159004,Item_Desc_159004,False,159004,True,False,True,[],1,1,0,8,34,2051,0,0,0,0,9999,0,0,0,False,1,5000,10,0,0,0,0,0,0,0,0,0,0,0,0,0,0,0,0,0,0,0,0,0,0,0,0,0,0,0,0,0,0,0,0,0,0,0,0,0,0,1990004,0,0,0,0,0,0,0,0,0,,0,/Game/Streaming/ArtAsset/UI/UIResource/UITexture/Common_Icon/Icon_Collection/icon_Fof_theAimlessHeretic.icon_Fof_theAimlessHeretic,,0,True,False,False,False,0,Fragmento do Herege Errante,Um material obtido ao desmontar itens coletados em Spire.
159005,Item_Name_159005,Item_Desc_159005,False,159005,True,False,True,[],1,1,0,8,34,2051,0,0,0,0,9999,0,0,0,False,1,5000,10,0,0,0,0,0,0,0,0,0,0,0,0,0,0,0,0,0,0,0,0,0,0,0,0,0,0,0,0,0,0,0,0,0,0,0,0,0,0,1990004,0,0,0,0,0,0,0,0,0,,0,/Game/Streaming/ArtAsset/UI/UIResource/UITexture/Common_Icon/Icon_Collection/icon_Fof_brokenfaith.icon_Fof_brokenfaith,,0,True,False,False,False,0,Fragmento da Fé Quebrada,Um material obtido ao desmontar itens coletados em Numerus.
159006,Item_Name_159006,Item_Desc_159006,False,159006,True,False,True,[],2,1,0,8,34,2051,0,0,0,0,9999,0,0,0,False,1,5000,10,0,0,0,0,0,0,0,0,0,0,0,0,0,0,0,0,0,0,0,0,0,0,0,0,0,0,0,0,0,0,0,0,0,0,0,0,0,0,1990004,0,0,0,0,0,0,0,0,0,,0,/Game/Streaming/ArtAsset/UI/UIResource/UITexture/Common_Icon/Icon_Collection/icon_Fof_moltensteel.icon_Fof_moltensteel,,0,True,False,False,False,0,Fragmento do Aço Derretido,Um material obtido ao desmontar itens coletados em Arcron.
159007,Item_Name_159007,Item_Desc_159007,False,159007,True,False,True,[],2,1,0,8,34,2051,0,0,0,0,9999,0,0,0,False,1,5000,10,0,0,0,0,0,0,0,0,0,0,0,0,0,0,0,0,0,0,0,0,0,0,0,0,0,0,0,0,0,0,0,0,0,0,0,0,0,0,1990004,0,0,0,0,0,0,0,0,0,,0,/Game/Streaming/ArtAsset/UI/UIResource/UITexture/Common_Icon/Icon_Collection/icon_Fof_SingingSand.icon_Fof_SingingSand,,0,True,False,False,False,0,Fragmento da Areia Cantante,Um material obtido ao desmontar itens coletados em Vastana.
159008,Item_Name_159008,Item_Desc_159008,False,159008,True,False,True,[],2,1,0,8,34,2051,0,0,0,0,9999,0,0,0,False,1,5000,10,0,0,0,0,0,0,0,0,0,0,0,0,0,0,0,0,0,0,0,0,0,0,0,0,0,0,0,0,0,0,0,0,0,0,0,0,0,0,1990004,0,0,0,0,0,0,0,0,0,,0,/Game/Streaming/ArtAsset/UI/UIResource/UITexture/Common_Icon/Icon_Collection/icon_Fof_RustyWasteland.icon_Fof_RustyWasteland,,0,True,False,False,False,0,Fragmento do Deserto Enferrujado,Um material obtido ao desmontar itens coletados em Kallis.
159009,Item_Name_159009,Item_Desc_159009,False,159009,True,False,True,[],2,1,0,8,34,2051,0,0,0,0,9999,0,0,0,False,1,5000,10,0,0,0,0,0,0,0,0,0,0,0,0,0,0,0,0,0,0,0,0,0,0,0,0,0,0,0,0,0,0,0,0,0,0,0,0,0,0,1990004,0,0,0,0,0,0,0,0,0,,0,/Game/Streaming/ArtAsset/UI/UIResource/UITexture/Common_Icon/Icon_Collection/icon_Fof_SecretAvenger_.icon_Fof_SecretAvenger_,,0,True,False,False,False,0,Fragmento do Abandonado,Um material obtido ao desmontar itens coletados no Ferro-Velho de Androides.
159010,Item_Name_159010,Item_Desc_159010,False,159010,True,False,True,[],2,1,0,8,34,2051,0,0,0,0,9999,0,0,0,False,1,5000,10,0,0,0,0,0,0,0,0,0,0,0,0,0,0,0,0,0,0,0,0,0,0,0,0,0,0,0,0,0,0,0,0,0,0,0,0,0,0,1990004,0,0,0,0,0,0,0,0,0,,0,/Game/Streaming/ArtAsset/UI/UIResource/UITexture/Common_Icon/Icon_Collection/icon_Fof_theAbandoned_One.icon_Fof_theAbandoned_One,,0,True,False,False,False,0,Fragmento do Vingador Oculto,Um material obtido ao desmontar itens coletados na Base Secreta Nemesis.
159011,Item_Name_159011,Item_Desc_159011,False,159011,True,False,True,[],2,1,0,8,34,2051,0,0,0,0,9999,0,0,0,False,1,5000,10,0,0,0,0,0,0,0,0,0,0,0,0,0,0,0,0,0,0,0,0,0,0,0,0,0,0,0,0,0,0,0,0,0,0,0,0,0,0,1990004,0,0,0,0,0,0,0,0,0,,0,/Game/Streaming/ArtAsset/UI/UIResource/UITexture/Common_Icon/Icon_Collection/icon_Fof_theDeep.icon_Fof_theDeep,,0,True,False,False,False,0,Fragmento das Profundezas,Um material obtido ao desmontar itens coletados no Campo de Mineração.
159012,Item_Name_159012,Item_Desc_159012,False,159012,True,False,True,[],2,1,0,8,34,2051,0,0,0,0,9999,0,0,0,False,1,5000,10,0,0,0,0,0,0,0,0,0,0,0,0,0,0,0,0,0,0,0,0,0,0,0,0,0,0,0,0,0,0,0,0,0,0,0,0,0,0,1990004,0,0,0,0,0,0,0,0,0,,0,/Game/Streaming/ArtAsset/UI/UIResource/UITexture/Common_Icon/Icon_Collection/icon_Fof_ascorchingbattlefield.icon_Fof_ascorchingbattlefield,,0,True,False,False,False,0,Fragmento do Campo de Batalha Ardente,Um material obtido ao desmontar itens coletados nos Campos de Batalha.
159027,Item_Name_159027,Item_Desc_159027,False,159027,True,False,True,[],2,1,0,8,34,2051,0,0,0,0,9999,0,0,0,False,1,5000,10,0,0,0,0,0,0,0,0,0,0,0,0,0,0,0,0,0,0,0,0,0,0,0,0,0,0,0,0,0,0,0,0,0,0,0,0,0,0,1990004,0,0,0,0,0,0,0,0,0,,0,/Game/Streaming/ArtAsset/UI/UIResource/UITexture/Common_Icon/Icon_Collection/icon_Fof_fragmentofShiningIntelligence.icon_Fof_fragmentofShiningIntelligence,,0,True,False,False,False,0,Fragmento de Inteligência Brilhante,Um material obtido ao desmontar itens coletados no Ferro-Velho de Androides 9º Andar.
159028,Item_Name_159028,Item_Desc_159028,False,159028,True,False,True,[],2,1,0,8,34,2051,0,0,0,0,9999,0,0,0,False,1,5000,10,0,0,0,0,0,0,0,0,0,0,0,0,0,0,0,0,0,0,0,0,0,0,0,0,0,0,0,0,0,0,0,0,0,0,0,0,0,0,1990004,0,0,0,0,0,0,0,0,0,,0,/Game/Streaming/ArtAsset/UI/UIResource/UITexture/Common_Icon/Icon_Collection/icon_Fof_fragmentsofaScatteredSoul.icon_Fof_fragmentsofaScatteredSoul,,0,True,False,False,False,0,Fragmento de Alma Dispersa,Um material obtido ao desmontar itens coletados no Ferro-Velho de Androides 10º Andar.
159029,Item_Name_159029,Item_Desc_159029,False,159029,True,False,True,[],2,1,0,8,34,2051,0,0,0,0,9999,0,0,0,False,1,5000,10,0,0,0,0,0,0,0,0,0,0,0,0,0,0,0,0,0,0,0,0,0,0,0,0,0,0,0,0,0,0,0,0,0,0,0,0,0,0,1990040,0,0,0,0,0,0,0,0,0,,0,/Game/Streaming/ArtAsset/UI/UIResource/UITexture/Common_Icon/Icon_Collection/icon_Fof_fragmentofFaintLight.icon_Fof_fragmentofFaintLight,,0,True,False,False,False,0,Fragmento de Luz Fraca,Um material obtido ao desmontar itens coletados na Cratera Albern.
159030,Item_Name_159030,Item_Desc_159030,False,159030,True,False,True,[],2,1,0,8,34,2051,0,0,0,0,9999,0,0,0,False,1,5000,10,0,0,0,0,0,0,0,0,0,0,0,0,0,0,0,0,0,0,0,0,0,0,0,0,0,0,0,0,0,0,0,0,0,0,0,0,0,0,1990040,0,0,0,0,0,0,0,0,0,,0,/Game/Streaming/ArtAsset/UI/UIResource/UITexture/Common_Icon/Icon_Collection/icon_Fof_fragmentofdistantbreath.icon_Fof_fragmentofdistantbreath,,0,True,False,False,False,0,Fragmento de Respiração Desvanecente,Um material obtido ao desmontar itens coletados na Cratera Albern.
159031,Item_Name_159031,Item_Desc_159031,False,159031,True,False,True,[],2,1,0,8,34,2051,0,0,0,0,9999,0,0,0,False,1,5000,10,0,0,0,0,0,0,0,0,0,0,0,0,0,0,0,0,0,0,0,0,0,0,0,0,0,0,0,0,0,0,0,0,0,0,0,0,0,0,1990040,0,0,0,0,0,0,0,0,0,,0,/Game/Streaming/ArtAsset/UI/UIResource/UITexture/Common_Icon/Icon_Collection/icon_Fof_fragmentofScatteredfog.icon_Fof_fragmentofScatteredfog,,0,True,False,False,False,0,Fragmento de Névoa Dissipante,Um material obtido ao desmontar itens coletados na Cratera Albern.
159032,Item_Name_159032,Item_Desc_159032,False,159032,True,False,True,[],2,1,0,8,34,2051,0,0,0,0,9999,0,0,0,False,1,5000,10,0,0,0,0,0,0,0,0,0,0,0,0,0,0,0,0,0,0,0,0,0,0,0,0,0,0,0,0,0,0,0,0,0,0,0,0,0,0,1990040,0,0,0,0,0,0,0,0,0,,0,/Game/Streaming/ArtAsset/UI/UIResource/UITexture/Common_Icon/Icon_Collection/icon_Fof_fragmentofvividlight.icon_Fof_fragmentofvividlight,,0,True,False,False,False,0,Fragmento de Brilho Vívido,Um material obtido ao desmontar itens coletados na Cratera Albern.
159033,Item_Name_159033,Item_Desc_159033,False,159033,True,False,True,[],2,1,0,8,34,2051,0,0,0,0,9999,0,0,0,False,1,5000,10,0,0,0,0,0,0,0,0,0,0,0,0,0,0,0,0,0,0,0,0,0,0,0,0,0,0,0,0,0,0,0,0,0,0,0,0,0,0,1990040,0,0,0,0,0,0,0,0,0,,0,/Game/Streaming/ArtAsset/UI/UIResource/UITexture/Common_Icon/Icon_Collection/icon_Fof_fragmentoftheechoingbreath.icon_Fof_fragmentoftheechoingbreath,,0,True,False,False,False,0,Fragmento de Respiração Ressonante,Um material obtido ao desmontar itens coletados na Cratera Albern.
159034,Item_Name_159034,Item_Desc_159034,False,159034,True,False,True,[],2,1,0,8,34,2051,0,0,0,0,9999,0,0,0,False,1,5000,10,0,0,0,0,0,0,0,0,0,0,0,0,0,0,0,0,0,0,0,0,0,0,0,0,0,0,0,0,0,0,0,0,0,0,0,0,0,0,1990040,0,0,0,0,0,0,0,0,0,,0,/Game/Streaming/ArtAsset/UI/UIResource/UITexture/Common_Icon/Icon_Collection/icon_Fof_fragmentofanoblewave.icon_Fof_fragmentofanoblewave,,0,True,False,False,False,0,Fragmento da Onda Nobre,Um material obtido ao desmontar itens coletados na Cratera Albern.
159043,Item_Name_159043,Item_Desc_159043,False,159043,True,False,True,[],2,1,0,8,34,2051,0,0,0,0,9999,0,0,0,False,1,5000,10,0,0,0,0,0,0,0,0,0,0,0,0,0,0,0,0,0,0,0,0,0,0,0,0,0,0,0,0,0,0,0,0,0,0,0,0,0,0,1990040,0,0,0,0,0,0,0,0,0,,0,/Game/Streaming/ArtAsset/UI/UIResource/UITexture/Common_Icon/Icon_Collection/icon_Fof_FrozenFragmentsOfWinter.icon_Fof_FrozenFragmentsOfWinter,,0,True,False,False,False,0,Fragmento de Inverno Congelado,Um material obtido ao desmontar itens coletados em Severia.
159046,Item_Name_159046,Item_Desc_159046,False,159046,True,False,True,[],2,1,0,8,34,2051,0,0,0,0,9999,0,0,0,False,1,5000,10,0,0,0,0,0,0,0,0,0,0,0,0,0,0,0,0,0,0,0,0,0,0,0,0,0,0,0,0,0,0,0,0,0,0,0,0,0,0,1990040,0,0,0,0,0,0,0,0,0,,0,/Game/Streaming/ArtAsset/UI/UIResource/UITexture/Common_Icon/Icon_Collection/icon_Fof_SparklingFragmentsofCreation.icon_Fof_SparklingFragmentsofCreation,,0,True,False,False,False,0,Fragmento de Criação Cintilante,Um material obtido ao desmontar itens coletados através da conversão de material.
159048,Item_Name_159048,Item_Desc_159048,False,159048,True,False,True,[],2,1,0,8,34,2051,0,0,0,0,9999,0,0,0,False,1,5000,10,0,0,0,0,0,0,0,0,0,0,0,0,0,0,0,0,0,0,0,0,0,0,0,0,0,0,0,0,0,0,0,0,0,0,0,0,0,0,1990040,0,0,0,0,0,0,0,0,0,,0,/Game/Streaming/ArtAsset/UI/UIResource/UITexture/Common_Icon/Icon_Collection/icon_Fof_Fragmentsofadepartedpioneer.icon_Fof_Fragmentsofadepartedpioneer,,0,True,False,False,False,0,Fragmento do Pioneiro Partido,Um material obtido ao desmontar itens coletados na Base de Lançamento em Órbita Alta.
159050,Item_Name_159050,Item_Desc_159050,False,159050,True,False,True,[],2,1,0,8,34,2051,0,0,0,0,9999,0,0,0,False,1,5000,10,0,0,0,0,0,0,0,0,0,0,0,0,0,0,0,0,0,0,0,0,0,0,0,0,0,0,0,0,0,0,0,0,0,0,0,0,0,0,1990040,0,0,0,0,0,0,0,0,0,,0,/Game/Streaming/ArtAsset/UI/UIResource/UITexture/Common_Icon/Icon_Collection/icon_Fof_Fragmentsofanunbreakablestruggle.icon_Fof_Fragmentsofanunbreakablestruggle,,0,True,False,False,False,0,Fragmento de Luta Inflexível,Um material obtido ao desmontar itens coletados no 4º Andar de Nemesis.
159054,Item_Name_159054,Item_Desc_159054,False,159054,True,False,True,[],2,1,0,8,34,2051,0,0,0,0,9999,0,0,0,False,1,5000,10,0,0,0,0,0,0,0,0,0,0,0,0,0,0,0,0,0,0,0,0,0,0,0,0,0,0,0,0,0,0,0,0,0,0,0,0,0,0,1990040,0,0,0,0,0,0,0,0,0,,0,/Game/Streaming/ArtAsset/UI/UIResource/UITexture/Common_Icon/Icon_Collection/icon_Fof_FragmentsoftheSilentRobber.icon_Fof_FragmentsoftheSilentRobber,,0,True,False,False,False,0,Fragmento do Silencioso Usurpador,Um material obtido ao desmontar itens coletados na Zona de Guerra Albern.
159056,Item_Name_159056,Item_Desc_159056,False,159056,True,False,True,[],2,1,0,8,34,2051,0,0,0,0,9999,0,0,0,False,1,5000,10,0,0,0,0,0,0,0,0,0,0,0,0,0,0,0,0,0,0,0,0,0,0,0,0,0,0,0,0,0,0,0,0,0,0,0,0,0,0,1990040,0,0,0,0,0,0,0,0,0,,0,/Game/Streaming/ArtAsset/UI/UIResource/UITexture/Common_Icon/Icon_Collection/icon_Fof_FragmentsofSoaringPower.icon_Fof_FragmentsofSoaringPower,,0,True,False,False,False,0,Fragmento de Poder Crescente,Um material obtido ao desmontar itens coletados no Campo de Mineração 4º Andar.
159058,Item_Name_159058,Item_Desc_159058,False,159058,True,False,True,[],2,1,0,8,34,2051,0,0,0,0,9999,0,0,0,False,1,5000,10,0,0,0,0,0,0,0,0,0,0,0,0,0,0,0,0,0,0,0,0,0,0,0,0,0,0,0,0,0,0,0,0,0,0,0,0,0,0,1990040,0,0,0,0,0,0,0,0,0,,0,/Game/Streaming/ArtAsset/UI/UIResource/UITexture/Common_Icon/Icon_Collection/icon_Fof_FragmentsofBranchedTimeline.icon_Fof_FragmentsofBranchedTimeline,,0,True,False,False,False,0,Fragmento de Linha do Tempo Ramificada,Um material obtido ao desmontar itens coletados nas Provas Arcanas.
159060,Item_Name_159060,Item_Desc_159060,False,159060,True,False,True,[],2,1,0,8,34,2051,0,0,0,0,9999,0,0,0,False,1,5000,10,0,0,0,0,0,0,0,0,0,0,0,0,0,0,0,0,0,0,0,0,0,0,0,0,0,0,0,0,0,0,0,0,0,0,0,0,0,0,1990040,0,0,0,0,0,0,0,0,0,,0,/Game/Streaming/ArtAsset/UI/UIResource/UITexture/Common_Icon/Icon_Collection/icon_Fof_fragmentofAngryIntelligence.icon_Fof_fragmentofAngryIntelligence,,0,True,False,False,False,0,Fragmento de Determinação Estilhaçada,Um material obtido ao desmontar itens coletados na Área 2 da Cratera Albern.
159062,Item_Name_159062,Item_Desc_159062,False,159062,True,False,True,[],2,1,0,8,34,2051,0,0,0,0,9999,0,0,0,False,1,5000,10,0,0,0,0,0,0,0,0,0,0,0,0,0,0,0,0,0,0,0,0,0,0,0,0,0,0,0,0,0,0,0,0,0,0,0,0,0,0,1990040,0,0,0,0,0,0,0,0,0,,0,/Game/Streaming/ArtAsset/UI/UIResource/UITexture/Common_Icon/Icon_Collection/icon_Fof_FragmentsOfShatteredFightingspirit.icon_Fof_FragmentsOfShatteredFightingspirit,,0,True,False,False,False,0,Fragmento do Caos Ondulante,Um material obtido ao desmontar itens coletados na Área 2 da Cratera Albern.
159064,Item_Name_159064,Item_Desc_159064,False,159064,True,False,True,[],2,1,0,8,34,2051,0,0,0,0,9999,0,0,0,False,1,5000,10,0,0,0,0,0,0,0,0,0,0,0,0,0,0,0,0,0,0,0,0,0,0,0,0,0,0,0,0,0,0,0,0,0,0,0,0,0,0,1990040,0,0,0,0,0,0,0,0,0,,0,/Game/Streaming/ArtAsset/UI/UIResource/UITexture/Common_Icon/Icon_Collection/icon_Fof_FragmentsOfaChaos.icon_Fof_FragmentsOfaChaos,,0,True,False,False,False,0,Fragmento de Inteligência Enfurecida,Um material obtido ao desmontar itens coletados no Ferro-Velho de Androides 11º Andar e 12º Andar.
159066,Item_Name_159066,Item_Desc_159066,False,159066,True,False,True,[],2,1,0,8,34,2051,0,0,0,0,9999,0,0,0,False,1,5000,10,0,0,0,0,0,0,0,0,0,0,0,0,0,0,0,0,0,0,0,0,0,0,0,0,0,0,0,0,0,0,0,0,0,0,0,0,0,0,1990040,0,0,0,0,0,0,0,0,0,,0,/Game/Streaming/ArtAsset/UI/UIResource/UITexture/Common_Icon/Icon_Collection/icon_Fof_FragmentsofCrimsonDeath.icon_Fof_FragmentsofCrimsonDeath,,0,True,False,False,False,0,Fragmento de Morte Vermelho-Sangue,Um material obtido ao desmontar itens coletados em Paleos.
159068,Item_Name_159068,Item_Desc_159068,False,159068,True,False,True,[],2,1,0,8,34,2051,0,0,0,0,9999,0,0,0,False,1,5000,10,0,0,0,0,0,0,0,0,0,0,0,0,0,0,0,0,0,0,0,0,0,0,0,0,0,0,0,0,0,0,0,0,0,0,0,0,0,0,1990040,0,0,0,0,0,0,0,0,0,,0,/Game/Streaming/ArtAsset/UI/UIResource/UITexture/Common_Icon/Icon_Collection/icon_Fof_FragmentsofCollapsedCity.icon_Fof_FragmentsofCollapsedCity,,0,True,False,False,False,0,Fragmento da Cidade Caída,Um material obtido ao desmontar itens coletados na Cidade Arruinada da Babilônia.
159070,Item_Name_159070,Item_Desc_159070,False,159070,True,False,True,[],2,1,0,8,34,2051,0,0,0,0,9999,0,0,0,False,1,5000,10,0,0,0,0,0,0,0,0,0,0,0,0,0,0,0,0,0,0,0,0,0,0,0,0,0,0,0,0,0,0,0,0,0,0,0,0,0,0,1990040,0,0,0,0,0,0,0,0,0,,0,/Game/Streaming/ArtAsset/UI/UIResource/UITexture/Common_Icon/Icon_Collection/icon_Fof_FragmentsofanOrbitingStarCluster.icon_Fof_FragmentsofanOrbitingStarCluster,,0,True,False,False,False,0,Fragmento do Aglomerado Estelar Orbitante,Um material obtido ao desmontar itens coletados na Instalação de Defesa Orbital.
159072,Item_Name_159072,Item_Desc_159072,False,159072,True,False,True,[],2,1,0,8,34,2051,0,0,0,0,9999,0,0,0,False,1,5000,10,0,0,0,0,0,0,0,0,0,0,0,0,0,0,0,0,0,0,0,0,0,0,0,0,0,0,0,0,0,0,0,0,0,0,0,0,0,0,1990040,0,0,0,0,0,0,0,0,0,,0,/Game/Streaming/ArtAsset/UI/UIResource/UITexture/Common_Icon/Icon_Collection/icon_Fof_FragmentsofDriedscreams.icon_Fof_FragmentsofDriedscreams,,0,True,False,False,False,0,Fragmento de Gritos Murchos,Um material obtido ao desmontar itens coletados no 5º Andar de Nemesis.
159074,Item_Name_159074,Item_Desc_159074,False,159074,True,False,True,[],2,1,0,8,34,2051,0,0,0,0,9999,0,0,0,False,1,5000,10,0,0,0,0,0,0,0,0,0,0,0,0,0,0,0,0,0,0,0,0,0,0,0,0,0,0,0,0,0,0,0,0,0,0,0,0,0,0,1990040,0,0,0,0,0,0,0,0,0,,0,/Game/Streaming/ArtAsset/UI/UIResource/UITexture/Common_Icon/Icon_Collection/icon_Fof_FragmentsofPressedAsh.icon_Fof_FragmentsofPressedAsh,,0,True,False,False,False,0,Fragmento de Cinzas Queimadas,Um material obtido ao desmontar itens coletados no Masmorra de Grupo no modo Inferno.
159077,Item_Name_159077,Item_Desc_159077,False,159077,True,False,True,[],2,1,0,8,34,2051,0,0,0,0,9999,0,0,0,False,1,5000,10,0,0,0,0,0,0,0,0,0,0,0,0,0,0,0,0,0,0,0,0,0,0,0,0,0,0,0,0,0,0,0,0,0,0,0,0,0,0,1990040,0,0,0,0,0,0,0,0,0,,0,/Game/Streaming/ArtAsset/UI/UIResource/UITexture/Common_Icon/Icon_Collection/icon_Fof_fragmentofPastpresent.icon_Fof_fragmentofPastpresent,,0,True,False,False,False,0,Fragmento do Presente Longínquo,Um material obtido ao desmontar itens coletados no Campo de Mineração Público 5º Andar.
159079,Item_Name_159079,Item_Desc_159079,False,159079,True,False,True,[],2,1,0,8,34,2051,0,0,0,0,9999,0,0,0,False,1,5000,10,0,0,0,0,0,0,0,0,0,0,0,0,0,0,0,0,0,0,0,0,0,0,0,0,0,0,0,0,0,0,0,0,0,0,0,0,0,0,1990040,0,0,0,0,0,0,0,0,0,,0,/Game/Streaming/ArtAsset/UI/UIResource/UITexture/Common_Icon/Icon_Collection/icon_Fof_fragmentofRustedIntelligence.icon_Fof_fragmentofRustedIntelligence,,0,True,False,False,False,0,Fragmento de Inteligência Enferrujada,Um material obtido ao desmontar itens coletados no Ferro-Velho de Androides 13º Andar.
159081,Item_Name_159081,Item_Desc_159081,False,159081,True,False,True,[],2,1,0,8,34,2051,0,0,0,0,9999,0,0,0,False,1,5000,10,0,0,0,0,0,0,0,0,0,0,0,0,0,0,0,0,0,0,0,0,0,0,0,0,0,0,0,0,0,0,0,0,0,0,0,0,0,0,1990040,0,0,0,0,0,0,0,0,0,,0,/Game/Streaming/ArtAsset/UI/UIResource/UITexture/Common_Icon/Icon_Collection/icon_Fof_FragmentofDevouredLife.icon_Fof_FragmentofDevouredLife,,0,True,False,False,False,0,Fragmento de Vida Corroído,Um material obtido ao desmontar itens coletados no Enxame Ushas.
159083,Item_Name_159083,Item_Desc_159083,False,159083,True,False,True,[],2,1,0,8,34,2051,0,0,0,0,9999,0,0,0,False,1,5000,10,0,0,0,0,0,0,0,0,0,0,0,0,0,0,0,0,0,0,0,0,0,0,0,0,0,0,0,0,0,0,0,0,0,0,0,0,0,0,1990040,0,0,0,0,0,0,0,0,0,,0,/Game/Streaming/ArtAsset/UI/UIResource/UITexture/Common_Icon/Icon_Collection/icon_Fof_fragmentofCruelMemory.icon_Fof_fragmentofCruelMemory,,0,True,False,False,False,0,Fragmento de Memória Brutal,Um material obtido ao desmontar itens coletados na masmorra de grupo do Campo de Batalha da Memória.
159087,Item_Name_159087,Item_Desc_159087,False,159087,True,False,True,[],2,1,0,8,34,2051,0,0,0,0,9999,0,0,0,False,1,5000,10,0,0,0,0,0,0,0,0,0,0,0,0,0,0,0,0,0,0,0,0,0,0,0,0,0,0,0,0,0,0,0,0,0,0,0,0,0,0,1990040,0,0,0,0,0,0,0,0,0,,0,/Game/Streaming/ArtAsset/UI/UIResource/UITexture/Common_Icon/Icon_Collection/icon_Fof_FragmentsofawarpedStruggle.icon_Fof_FragmentsofawarpedStruggle,,0,True,False,False,False,0,Fragmento do Usurpador Retorcido,Um material obtido ao desmontar itens coletados na Zona de Guerra Albern.
159089,Item_Name_159089,Item_Desc_159089,False,159089,True,False,True,[],2,1,0,8,34,2051,0,0,0,0,9999,0,0,0,False,1,5000,10,0,0,0,0,0,0,0,0,0,0,0,0,0,0,0,0,0,0,0,0,0,0,0,0,0,0,0,0,0,0,0,0,0,0,0,0,0,0,1990040,0,0,0,0,0,0,0,0,0,,0,/Game/Streaming/ArtAsset/UI/UIResource/UITexture/Common_Icon/Icon_Collection/icon_Fof_FragmentofaFracturedStratum.icon_Fof_FragmentofaFracturedStratum,,0,True,False,False,False,0,Fragmento de Estrato Fraturado,Um material obtido ao desmontar itens coletados na Área 3 da Cratera Albern
159091,Item_Name_159091,Item_Desc_159091,False,159091,True,False,True,[],2,1,0,8,34,2051,0,0,0,0,9999,0,0,0,False,1,5000,10,0,0,0,0,0,0,0,0,0,0,0,0,0,0,0,0,0,0,0,0,0,0,0,0,0,0,0,0,0,0,0,0,0,0,0,0,0,0,1990040,0,0,0,0,0,0,0,0,0,,0,/Game/Streaming/ArtAsset/UI/UIResource/UITexture/Common_Icon/Icon_Collection/icon_Fof_FragmentofaCollapsedStratum.icon_Fof_FragmentofaCollapsedStratum,,0,True,False,False,False,0,Fragmento de Estrato Colapsado,Um material obtido ao resgatar itens coletados na Área 3 da Cratera Albern
159093,Item_Name_159093,Item_Desc_159093,False,159093,True,False,True,[],2,1,0,8,34,2051,0,0,0,0,9999,0,0,0,False,1,5000,10,0,0,0,0,0,0,0,0,0,0,0,0,0,0,0,0,0,0,0,0,0,0,0,0,0,0,0,0,0,0,0,0,0,0,0,0,0,0,1990040,0,0,0,0,0,0,0,0,0,,0,/Game/Streaming/ArtAsset/UI/UIResource/UITexture/Common_Icon/Icon_Collection/icon_Fof_FragmentofBrokenIntellect.icon_Fof_FragmentofBrokenIntellect,,0,True,False,False,False,0,Fragmento de Inteligência Despedaçada,Um material obtido ao recuperar itens coletados no Ferro-Velho de Androides 14F.
159095,Item_Name_159095,Item_Desc_159095,False,159095,True,False,True,[],2,1,0,8,34,2051,0,0,0,0,9999,0,0,0,False,1,5000,10,0,0,0,0,0,0,0,0,0,0,0,0,0,0,0,0,0,0,0,0,0,0,0,0,0,0,0,0,0,0,0,0,0,0,0,0,0,0,1990040,0,0,0,0,0,0,0,0,0,,0,/Game/Streaming/ArtAsset/UI/UIResource/UITexture/Common_Icon/Icon_Collection/icon_Fof_FragmentsOfBoilingFlames.icon_Fof_FragmentsOfBoilingFlames,,0,True,False,False,False,0,Fragmento de Chama Ardente,Um material obtido ao desmontar itens coletados em Lavaron.
240004,Item_Name_240004,Item_Desc_240004,False,240004,True,False,True,[],3,1,0,7,32,2025,0,0,0,0,9999,0,0,0,False,1,5000,50,0,0,0,0,0,0,0,0,0,0,0,0,0,0,0,0,0,0,0,0,0,0,0,0,0,0,0,0,0,0,0,0,0,0,0,0,0,0,300311,0,0,0,0,0,0,0,0,0,,0,/Game/Streaming/ArtAsset/UI/UIResource/UITexture/Common_Icon/Icon_Item_Mau/icon_mau_BP_Kronos.icon_mau_BP_Kronos,,0,True,False,False,False,0,Diagrama Kronos MAU,"Diagrama Kronos MAU
Kronos é equipado com um poderoso lança-chamas, projetado para enfrentar organismos vivos e alvos levemente blindados."
240007,Item_Name_240007,Item_Desc_240007,False,240007,True,True,True,[],4,1,0,7,32,2025,0,0,0,0,9999,0,0,0,False,1,7000,300,0,0,0,0,0,0,0,0,0,0,0,0,0,0,0,0,0,0,0,0,0,0,0,0,0,0,0,0,0,0,0,0,0,0,0,0,0,0,300411,0,0,0,0,0,0,0,0,0,,0,/Game/Streaming/ArtAsset/UI/UIResource/UITexture/Common_Icon/Icon_Item_Mau/icon_mau_BP_Ares.icon_mau_BP_Ares,,0,True,False,False,False,0,Diagrama Ares MAU,"Diagrama Ares MAU
Ares é projetado para destruir alvos grandes como MAUs hostis em combate de curto alcance."
240009,Item_Name_240009,Item_Desc_240009,False,240009,True,True,True,[],5,1,0,7,32,2025,0,0,0,0,9999,0,0,0,False,1,9000,1000,0,0,0,0,0,0,0,0,0,0,0,0,0,0,0,0,0,0,0,0,0,0,0,0,0,0,0,0,0,0,0,0,0,0,0,0,0,0,300511,0,0,0,0,0,0,0,0,0,,0,/Game/Streaming/ArtAsset/UI/UIResource/UITexture/Common_Icon/Icon_Item_Mau/icon_mau_BP_Odin.icon_mau_BP_Odin,,0,True,False,False,False,0,Diagrama Odin MAU,"Diagrama Odin MAU
Odin é um MAU de combate de curto alcance equipado com poderosas capacidades de combate anti-MAU."
240010,Item_Name_240010,Item_Desc_240010,False,240010,True,True,True,[],5,1,0,7,32,2025,0,0,0,0,9999,0,0,0,False,1,9000,1000,0,0,0,0,0,0,0,0,0,0,0,0,0,0,0,0,0,0,0,0,0,0,0,0,0,0,0,0,0,0,0,0,0,0,0,0,0,0,300511,0,0,0,0,0,0,0,0,0,,0,/Game/Streaming/ArtAsset/UI/UIResource/UITexture/Common_Icon/Icon_Item_Mau/icon_mau_BP_Thor.icon_mau_BP_Thor,,0,True,False,False,False,0,Diagrama Thor MAU,"Diagrama Thor MAU
Thor é projetado para romper as linhas inimigas com sua armadura pesada e poderes de combate corpo a corpo devastadores."
240011,Item_Name_240011,Item_Desc_240011,False,240011,True,True,True,[],4,1,0,7,32,2025,0,0,0,0,9999,0,0,0,False,1,7000,300,0,0,0,0,0,0,0,0,0,0,0,0,0,0,0,0,0,0,0,0,0,0,0,0,0,0,0,0,0,0,0,0,0,0,0,0,0,0,300411,0,0,0,0,0,0,0,0,0,,0,/Game/Streaming/ArtAsset/UI/UIResource/UITexture/Common_Icon/Icon_Item_Mau/icon_mau_BP_Pantera.icon_mau_BP_Pantera,,0,True,False,False,False,0,Diagrama Pantera MAU,"Diagrama MAU Pantera
Pantera é um MAU conhecido por sua durabilidade e confiabilidade excepcionais, destacando-se especialmente em situações de combate imprevisíveis."
240013,Item_Name_240013,Item_Desc_240013,False,240013,True,True,True,[],5,1,0,7,32,2025,0,0,0,0,9999,0,0,0,False,1,9000,1000,0,0,0,0,0,0,0,0,0,0,0,0,0,0,0,0,0,0,0,0,0,0,0,0,0,0,0,0,0,0,0,0,0,0,0,0,0,0,300511,0,0,0,0,0,0,0,0,0,,0,/Game/Streaming/ArtAsset/UI/UIResource/UITexture/Common_Icon/Icon_Item_Mau/icon_mau_BP_Hercules.icon_mau_BP_Hercules,,0,True,False,False,False,0,Diagrama Hercules MAU,"Diagrama MAU Hercules.
Hercules é um MAU de combate corpo a corpo especializado em suprimir MAUs inimigos à queima-roupa."
240014,Item_Name_240014,Item_Desc_240014,False,240014,True,True,True,[],5,1,0,7,32,2025,0,0,0,0,9999,0,0,0,False,1,9000,1000,0,0,0,0,0,0,0,0,0,0,0,0,0,0,0,0,0,0,0,0,0,0,0,0,0,0,0,0,0,0,0,0,0,0,0,0,0,0,300511,0,0,0,0,0,0,0,0,0,,0,/Game/Streaming/ArtAsset/UI/UIResource/UITexture/Common_Icon/Icon_Item_Mau/icon_mau_BP_Tempest.icon_mau_BP_Tempest,,0,True,False,False,False,0,Diagrama Tempest MAU,Diagrama Tempest MAU. O Tempest é um MAU de propósito especial projetado para replicar energia da Força. É especializado em combate em larga escala e de alto poder de fogo utilizando energia da Força.
240501,Item_Name_240501,Item_Desc_240501,False,240501,True,True,True,[],5,1,0,7,32,2025,0,0,0,0,9999,0,0,0,False,1,9000,300,0,0,0,0,0,0,0,0,0,0,0,0,0,0,0,0,0,0,0,0,0,0,0,0,0,0,0,0,0,0,0,0,0,0,0,0,0,0,301511,0,0,0,0,0,0,0,0,0,,0,/Game/Streaming/ArtAsset/UI/UIResource/UITexture/Common_Icon/Icon_Item_Mau/icon_DDF_Odin.icon_DDF_Odin,,0,True,False,False,False,0,Fragmento de Diagrama Odin MAU,Pode obter o Diagrama Odin MAU através de criação.
240502,Item_Name_240502,Item_Desc_240502,False,240502,True,True,True,[],5,1,0,7,32,2025,0,0,0,0,9999,0,0,0,False,1,9000,300,0,0,0,0,0,0,0,0,0,0,0,0,0,0,0,0,0,0,0,0,0,0,0,0,0,0,0,0,0,0,0,0,0,0,0,0,0,0,301511,0,0,0,0,0,0,0,0,0,,0,/Game/Streaming/ArtAsset/UI/UIResource/UITexture/Common_Icon/Icon_Item_Mau/icon_DDF_Thor.icon_DDF_Thor,,0,True,False,False,False,0,Fragmento de Diagrama Thor MAU,Pode obter o Diagrama Thor MAU através de criação.
240503,Item_Name_240503,Item_Desc_240503,False,240503,True,True,True,[],5,1,0,7,32,2025,0,0,0,0,9999,0,0,0,False,1,9000,300,0,0,0,0,0,0,0,0,0,0,0,0,0,0,0,0,0,0,0,0,0,0,0,0,0,0,0,0,0,0,0,0,0,0,0,0,0,0,301511,0,0,0,0,0,0,0,0,0,,0,/Game/Streaming/ArtAsset/UI/UIResource/UITexture/Common_Icon/Icon_Item_Mau/icon_DDF_Hercules.icon_DDF_Hercules,,0,True,False,False,False,0,Fragmento de Diagrama Hercules MAU,Pode obter o Diagrama Hercules MAU através de criação.
240504,Item_Name_240504,Item_Desc_240504,False,240504,True,True,True,[],5,1,0,7,32,2025,0,0,0,0,9999,0,0,0,False,1,9000,300,0,0,0,0,0,0,0,0,0,0,0,0,0,0,0,0,0,0,0,0,0,0,0,0,0,0,0,0,0,0,0,0,0,0,0,0,0,0,301511,0,0,0,0,0,0,0,0,0,,0,/Game/Streaming/ArtAsset/UI/UIResource/UITexture/Common_Icon/Icon_Item_Mau/icon_DDF_Tempest.icon_DDF_Tempest,,0,True,False,False,False,0,Fragmento de Diagrama Tempest MAU,Pode obter o Diagrama Tempest MAU através de criação.
250002,Item_Name_250002,Item_Desc_250002,False,250002,True,False,True,[],2,1,0,7,32,2026,0,0,0,0,9999,0,0,0,False,1,3000,10,0,0,0,0,0,0,0,0,0,0,0,0,0,0,0,0,0,0,0,0,0,0,0,0,0,0,0,0,0,0,0,0,0,0,0,0,0,0,300211,0,0,0,0,0,0,0,0,0,,0,/Game/Streaming/ArtAsset/UI/UIResource/UITexture/Common_Icon/Icon_Item_Mau/icon_mau_BP_Kadmos.icon_mau_BP_Kadmos,,0,True,False,False,False,0,Diagrama Lançador Kadmos - Tipo PC,"Projeto tipo Canhão de Plasma para a estrutura do Lançador Cadmo
Cadmo é o Lançador leve mais comumente emitido do Império.
O Canhão de Plasma oferece suporte de fogo em área de longo alcance."
250005,Item_Name_250005,Item_Desc_250005,False,250005,True,False,True,[],3,1,0,7,32,2026,0,0,0,0,9999,0,0,0,False,1,5000,50,0,0,0,0,0,0,0,0,0,0,0,0,0,0,0,0,0,0,0,0,0,0,0,0,0,0,0,0,0,0,0,0,0,0,0,0,0,0,300311,0,0,0,0,0,0,0,0,0,,0,/Game/Streaming/ArtAsset/UI/UIResource/UITexture/Common_Icon/Icon_Item_Mau/icon_mau_BP_Hector.icon_mau_BP_Hector,,0,True,False,False,False,0,Diagrama Lançador Hector - Tipo PC,"Projeto de Canhão de Plasma para a estrutura do Lançador Hector
Hector é o Lançador padrão mais comumente emitido do Império.
O Canhão de Plasma oferece suporte de fogo em área a longo alcance."
250008,Item_Name_250008,Item_Desc_250008,False,250008,True,True,True,[],4,1,0,7,32,2026,0,0,0,0,9999,0,0,0,False,1,7000,300,0,0,0,0,0,0,0,0,0,0,0,0,0,0,0,0,0,0,0,0,0,0,0,0,0,0,0,0,0,0,0,0,0,0,0,0,0,0,300411,0,0,0,0,0,0,0,0,0,,0,/Game/Streaming/ArtAsset/UI/UIResource/UITexture/Common_Icon/Icon_Item_Mau/icon_mau_BP_Achilles.icon_mau_BP_Achilles,,0,True,False,False,False,0,Diagrama Lançador Achilles - Tipo PC,"Projeto tipo Canhão de Plasma para a estrutura do Lançador Aquiles
Aquiles é o Lançador de ponta recentemente desenvolvido do Império.
O Canhão de Plasma oferece suporte de fogo em área de longo alcance."
250010,Item_Name_250010,Item_Desc_250010,False,250010,True,True,True,[],5,1,0,7,32,2026,0,0,0,0,9999,0,0,0,False,1,9000,1000,0,0,0,0,0,0,0,0,0,0,0,0,0,0,0,0,0,0,0,0,0,0,0,0,0,0,0,0,0,0,0,0,0,0,0,0,0,0,300511,0,0,0,0,0,0,0,0,0,,0,/Game/Streaming/ArtAsset/UI/UIResource/UITexture/Common_Icon/Icon_Item_Mau/icon_mau_BP_Achilles.icon_mau_BP_Achilles,,0,True,False,False,False,0,Diagrama Lançador Chiron - Tipo IC,"Projeto de Canhão Inferno para a estrutura do Lançador Chiron
Chiron é o Lançador mais celebrado do Império com a maior estrutura.
O Canhão Inferno tem um alcance curto, mas pode atingir uma área ampla de uma só vez."
250011,Item_Name_250011,Item_Desc_250011,False,250011,True,True,True,[],5,1,0,7,32,2026,0,0,0,0,9999,0,0,0,False,1,9000,1000,0,0,0,0,0,0,0,0,0,0,0,0,0,0,0,0,0,0,0,0,0,0,0,0,0,0,0,0,0,0,0,0,0,0,0,0,0,0,300511,0,0,0,0,0,0,0,0,0,,0,/Game/Streaming/ArtAsset/UI/UIResource/UITexture/Common_Icon/Icon_Item_Mau/icon_mau_BP_Achilles.icon_mau_BP_Achilles,,0,True,False,False,False,0,Diagrama Lançador Chiron - Tipo PC,"Projeto de Canhão de Plasma para a estrutura do Lançador Chiron
Chiron é o Lançador mais celebrado do Império com a maior estrutura.
O Canhão de Plasma oferece suporte de fogo em área a longo alcance."
250012,Item_Name_250012,Item_Desc_250012,False,250012,True,True,True,[],4,1,0,7,32,2026,0,0,0,0,9999,0,0,0,False,1,7000,300,0,0,0,0,0,0,0,0,0,0,0,0,0,0,0,0,0,0,0,0,0,0,0,0,0,0,0,0,0,0,0,0,0,0,0,0,0,0,300411,0,0,0,0,0,0,0,0,0,,0,/Game/Streaming/ArtAsset/UI/UIResource/UITexture/Common_Icon/Icon_Item_Mau/icon_mau_BP_Basilisk.icon_mau_BP_Basilisk,,0,True,False,False,False,0,Diagrama Lançador Basilisk,"Projeto de Lançador Basilisk
Basilisk é uma estrutura de Lançador de foguetes conhecida por sua excepcional capacidade de resposta.
Lançadores de foguetes entregam poder de fogo constante em qualquer situação de combate."
250014,Item_Name_250014,Item_Desc_250014,False,250014,True,True,True,[],5,1,0,7,32,2026,0,0,0,0,9999,0,0,0,False,1,9000,1000,0,0,0,0,0,0,0,0,0,0,0,0,0,0,0,0,0,0,0,0,0,0,0,0,0,0,0,0,0,0,0,0,0,0,0,0,0,0,300511,0,0,0,0,0,0,0,0,0,,0,/Game/Streaming/ArtAsset/UI/UIResource/UITexture/Common_Icon/Icon_Item_Mau/icon_mau_BP_Typhon.icon_mau_BP_Typhon,,0,True,False,False,False,0,Diagrama Lançador Typhon,"Projeto do Lançador Typhon.
Equipado com um canhão de pulso, Typhon é uma estrutura de lançador construída para destruição em larga escala.
Seu canhão de pulso entrega um poder de fogo devastador que oblitera estruturas e terreno igualmente."
250501,Item_Name_250501,Item_Desc_250501,False,250501,True,True,True,[],5,1,0,7,32,2026,0,0,0,0,9999,0,0,0,False,1,9000,300,0,0,0,0,0,0,0,0,0,0,0,0,0,0,0,0,0,0,0,0,0,0,0,0,0,0,0,0,0,0,0,0,0,0,0,0,0,0,301511,0,0,0,0,0,0,0,0,0,,0,/Game/Streaming/ArtAsset/UI/UIResource/UITexture/Common_Icon/Icon_Item_Mau/icon_DDF_CheironTYPE-1.icon_DDF_CheironTYPE-1,,0,True,False,False,False,0,Fragmento de Diagrama Lançador Chiron - Tipo IC,Obtenha o Diagrama Lançador Chiron - Tipo IC através da criação.
250502,Item_Name_250502,Item_Desc_250502,False,250502,True,True,True,[],5,1,0,7,32,2026,0,0,0,0,9999,0,0,0,False,1,9000,300,0,0,0,0,0,0,0,0,0,0,0,0,0,0,0,0,0,0,0,0,0,0,0,0,0,0,0,0,0,0,0,0,0,0,0,0,0,0,301511,0,0,0,0,0,0,0,0,0,,0,/Game/Streaming/ArtAsset/UI/UIResource/UITexture/Common_Icon/Icon_Item_Mau/icon_DDF_CheironTYPE-1.icon_DDF_CheironTYPE-1,,0,True,False,False,False,0,Fragmento de Diagrama Lançador Chiron - Tipo PC,Obtenha o Diagrama Lançador Chiron - Tipo PC através da fabricação.
250503,Item_Name_250503,Item_Desc_250503,False,250503,True,True,True,[],5,1,0,7,32,2026,0,0,0,0,9999,0,0,0,False,1,9000,300,0,0,0,0,0,0,0,0,0,0,0,0,0,0,0,0,0,0,0,0,0,0,0,0,0,0,0,0,0,0,0,0,0,0,0,0,0,0,301511,0,0,0,0,0,0,0,0,0,,0,/Game/Streaming/ArtAsset/UI/UIResource/UITexture/Common_Icon/Icon_Item_Mau/icon_DDF_Typhon.icon_DDF_Typhon,,0,True,False,False,False,0,Fragmento de Diagrama Lançador Typhon,Pode obter o Diagrama do Lançador Typhon através de criação.
270000,Item_Name_270000,Item_Desc_270000,False,270000,True,False,True,[],1,1,0,7,31,2024,0,0,0,0,9999,0,0,0,False,1,10,10,0,0,0,0,0,0,0,0,0,0,0,0,0,0,0,0,0,0,0,0,0,0,0,0,0,0,0,0,0,0,0,0,0,0,0,0,0,0,0,0,0,0,0,0,0,0,0,0,,0,/Game/Streaming/ArtAsset/UI/UIResource/UITexture/Common_Icon/Icon_Item/icon_item_Alloyplate_01.icon_item_Alloyplate_01,,0,True,False,False,False,0,Placa de Metal Fragmentada,"Um fragmento de placa de metal.
Usado na criação."
270001,Item_Name_270001,Item_Desc_270001,False,270001,True,False,True,[],1,1,0,7,31,2024,0,0,0,0,9999,0,0,0,False,1,10,10,0,0,0,0,0,0,0,0,0,0,0,0,0,0,0,0,0,0,0,0,0,0,0,0,0,0,0,0,0,0,0,0,0,0,0,0,0,0,0,0,0,0,0,0,0,0,0,0,,0,/Game/Streaming/ArtAsset/UI/UIResource/UITexture/Common_Icon/Icon_Item/icon_item_abrasive_01.icon_item_abrasive_01,,0,True,False,False,False,0,Abrasivo Inferior,"Um agente abrasivo de baixa qualidade.
Usado na criação."
270002,Item_Name_270002,Item_Desc_270002,False,270002,True,False,True,[],1,1,0,7,31,2024,0,0,0,0,9999,0,0,0,False,1,10,10,0,0,0,0,0,0,0,0,0,0,0,0,0,0,0,0,0,0,0,0,0,0,0,0,0,0,0,0,0,0,0,0,0,0,0,0,0,0,0,0,0,0,0,0,0,0,0,0,,0,/Game/Streaming/ArtAsset/UI/UIResource/UITexture/Common_Icon/Icon_Item/icon_item_Fiber_01.icon_item_Fiber_01,,0,True,False,False,False,0,Feixe de Fibra Inferior,"Um feixe de fibra de baixa qualidade.
Usado em vários tipos de criação."
270003,Item_Name_270003,Item_Desc_270003,False,270003,True,False,True,[],1,1,0,7,31,2024,0,0,0,0,9999,0,0,0,False,1,10,10,0,0,0,0,0,0,0,0,0,0,0,0,0,0,0,0,0,0,0,0,0,0,0,0,0,0,0,0,0,0,0,0,0,0,0,0,0,0,0,0,0,0,0,0,0,0,0,0,,0,/Game/Streaming/ArtAsset/UI/UIResource/UITexture/Common_Icon/Icon_Item/icon_item_Filament_01.icon_item_Filament_01,,0,True,False,False,False,0,Filamento Inferior,"Filamento de baixa qualidade para impressão 3D.
Usado em vários tipos de fabricação."
270004,Item_Name_270004,Item_Desc_270004,False,270004,True,False,True,[],2,1,0,7,31,2024,0,0,0,0,9999,0,0,0,False,1,100,10,0,0,0,0,0,0,0,0,0,0,0,0,0,0,0,0,0,0,0,0,0,0,0,0,0,0,0,0,0,0,0,0,0,0,0,0,0,0,0,0,0,0,0,0,0,0,0,0,,0,/Game/Streaming/ArtAsset/UI/UIResource/UITexture/Common_Icon/Icon_Item/icon_item_Alloyplate_02.icon_item_Alloyplate_02,,0,True,False,False,False,0,Placa de Metal Avançado,"Uma placa de metal de qualidade.
Usada em vários tipos de fabricação."
270005,Item_Name_270005,Item_Desc_270005,False,270005,True,False,True,[],2,1,0,7,31,2024,0,0,0,0,9999,0,0,0,False,1,100,10,0,0,0,0,0,0,0,0,0,0,0,0,0,0,0,0,0,0,0,0,0,0,0,0,0,0,0,0,0,0,0,0,0,0,0,0,0,0,0,0,0,0,0,0,0,0,0,0,,0,/Game/Streaming/ArtAsset/UI/UIResource/UITexture/Common_Icon/Icon_Item/icon_item_abrasive_02.icon_item_abrasive_02,,0,True,False,False,False,0,Abrasivo Avançado,"Um agente abrasivo de qualidade.
Usado na fabricação."
270006,Item_Name_270006,Item_Desc_270006,False,270006,True,False,True,[],2,1,0,7,31,2024,0,0,0,0,9999,0,0,0,False,1,100,10,0,0,0,0,0,0,0,0,0,0,0,0,0,0,0,0,0,0,0,0,0,0,0,0,0,0,0,0,0,0,0,0,0,0,0,0,0,0,0,0,0,0,0,0,0,0,0,0,,0,/Game/Streaming/ArtAsset/UI/UIResource/UITexture/Common_Icon/Icon_Item/icon_item_Fiber_02.icon_item_Fiber_02,,0,True,False,False,False,0,Feixe de Fibra Avançado,"Um feixe de fibra de qualidade.
Usado em vários tipos de fabricação."
270007,Item_Name_270007,Item_Desc_270007,False,270007,True,False,True,[],2,1,0,7,31,2024,0,0,0,0,9999,0,0,0,False,1,100,10,0,0,0,0,0,0,0,0,0,0,0,0,0,0,0,0,0,0,0,0,0,0,0,0,0,0,0,0,0,0,0,0,0,0,0,0,0,0,0,0,0,0,0,0,0,0,0,0,,0,/Game/Streaming/ArtAsset/UI/UIResource/UITexture/Common_Icon/Icon_Item/icon_item_Filament_02.icon_item_Filament_02,,0,True,False,False,False,0,Filamento Avançado,"Filamento de grau médio para impressão 3D.
Usado em vários tipos de criação."
270008,Item_Name_270008,Item_Desc_270008,False,270008,True,False,True,[],3,1,0,7,31,2024,0,0,0,0,9999,0,0,0,False,1,1000,10,0,0,0,0,0,0,0,0,0,0,0,0,0,0,0,0,0,0,0,0,0,0,0,0,0,0,0,0,0,0,0,0,0,0,0,0,0,0,0,0,0,0,0,0,0,0,0,0,,0,/Game/Streaming/ArtAsset/UI/UIResource/UITexture/Common_Icon/Icon_Item/icon_item_Alloyplate_03.icon_item_Alloyplate_03,,0,True,False,False,False,0,Placa de Metal Superior,"Uma placa de metal de alto nível.
Usado em vários tipos de criação."
270009,Item_Name_270009,Item_Desc_270009,False,270009,True,False,True,[],3,1,0,7,31,2024,0,0,0,0,9999,0,0,0,False,1,1000,10,0,0,0,0,0,0,0,0,0,0,0,0,0,0,0,0,0,0,0,0,0,0,0,0,0,0,0,0,0,0,0,0,0,0,0,0,0,0,0,0,0,0,0,0,0,0,0,0,,0,/Game/Streaming/ArtAsset/UI/UIResource/UITexture/Common_Icon/Icon_Item/icon_item_abrasive_03.icon_item_abrasive_03,,0,True,False,False,False,0,Abrasivo Superior,"Um agente abrasivo de alto nível.
Usado na criação."
270010,Item_Name_270010,Item_Desc_270010,False,270010,True,False,True,[],3,1,0,7,31,2024,0,0,0,0,9999,0,0,0,False,1,1000,10,0,0,0,0,0,0,0,0,0,0,0,0,0,0,0,0,0,0,0,0,0,0,0,0,0,0,0,0,0,0,0,0,0,0,0,0,0,0,0,0,0,0,0,0,0,0,0,0,,0,/Game/Streaming/ArtAsset/UI/UIResource/UITexture/Common_Icon/Icon_Item/icon_item_Fiber_03.icon_item_Fiber_03,,0,True,False,False,False,0,Feixe de Fibra Superior,"Um feixe de fibra de alto nível.
Usado em vários tipos de criação."
270011,Item_Name_270011,Item_Desc_270011,False,270011,True,False,True,[],3,1,0,7,31,2024,0,0,0,0,9999,0,0,0,False,1,1000,10,0,0,0,0,0,0,0,0,0,0,0,0,0,0,0,0,0,0,0,0,0,0,0,0,0,0,0,0,0,0,0,0,0,0,0,0,0,0,0,0,0,0,0,0,0,0,0,0,,0,/Game/Streaming/ArtAsset/UI/UIResource/UITexture/Common_Icon/Icon_Item/icon_item_Filament_03.icon_item_Filament_03,,0,True,False,False,False,0,Filamento Superior,"Filamento de alto nível para impressão 3D.
Usado exclusivamente em criações de alta dificuldade."
270012,Item_Name_270012,Item_Desc_270012,False,270012,True,False,True,[],1,1,0,7,31,2024,0,0,0,0,9999,0,0,0,False,1,10,10,0,0,0,0,0,0,0,0,0,0,0,0,0,0,0,0,0,0,0,0,0,0,0,0,0,0,0,0,0,0,0,0,0,0,0,0,0,0,0,0,0,0,0,0,0,0,0,0,,0,/Game/Streaming/ArtAsset/UI/UIResource/UITexture/Common_Icon/Icon_Item/icon_item_Alloy_01.icon_item_Alloy_01,,0,True,False,False,False,0,Liga Rudimentar,"Material obtido ao recuperar várias substâncias.
Vários elementos brutos são completamente decompostos e, em seguida, moldados para incorporar uma característica unificada."
270013,Item_Name_270013,Item_Desc_270013,False,270013,True,False,True,[],3,1,0,7,31,2024,0,0,0,0,9999,0,0,0,False,1,100,10,0,0,0,0,0,0,0,0,0,0,0,0,0,0,0,0,0,0,0,0,0,0,0,0,0,0,0,0,0,0,0,0,0,0,0,0,0,0,0,0,0,0,0,0,0,0,0,0,,0,/Game/Streaming/ArtAsset/UI/UIResource/UITexture/Common_Icon/Icon_Item/icon_item_Raremetal_01.icon_item_Raremetal_01,,0,True,False,False,False,0,Metal Raro Inferior,"Um pedaço de metal raro de baixa qualidade.
Usado em vários tipos de fabricação."
270014,Item_Name_270014,Item_Desc_270014,False,270014,True,True,True,[],4,1,0,7,31,2024,0,0,0,0,9999,0,0,0,False,1,1000,10,0,0,0,0,0,0,0,0,0,0,0,0,0,0,0,0,0,0,0,0,0,0,0,0,0,0,0,0,0,0,0,0,0,0,0,0,0,0,0,0,0,0,0,0,0,0,0,0,,0,/Game/Streaming/ArtAsset/UI/UIResource/UITexture/Common_Icon/Icon_Item/icon_item_Raremetal_02.icon_item_Raremetal_02,,0,True,False,False,False,0,Metal Raro Avançado,"Um pedaço de metal raro de grau médio.
Usado em vários tipos de criação."
270022,Item_Name_270022,Item_Desc_270022,False,270022,True,True,True,[],4,1,0,7,31,2024,0,0,0,0,9999,0,0,0,False,1,5000,10,0,0,0,0,0,0,0,0,0,0,0,0,0,0,0,0,0,0,0,0,0,0,0,0,0,0,0,0,0,0,0,0,0,0,0,0,0,0,0,0,0,0,0,0,0,0,0,0,,0,/Game/Streaming/ArtAsset/UI/UIResource/UITexture/Common_Icon/Icon_Item/icon_item_heroic_weaponBlueprint.icon_item_heroic_weaponBlueprint,,0,True,False,False,False,0,Diagrama de Arma Épica,"Um projeto para criar armas Épicas.
Como consolida informações de todos os tipos de armas, o grau do projeto importa muito mais do que seu tipo específico."
270023,Item_Name_270023,Item_Desc_270023,False,270023,True,True,True,[],4,1,0,7,31,2024,0,0,0,0,9999,0,0,0,False,1,5000,10,0,0,0,0,0,0,0,0,0,0,0,0,0,0,0,0,0,0,0,0,0,0,0,0,0,0,0,0,0,0,0,0,0,0,0,0,0,0,0,0,0,0,0,0,0,0,0,0,,0,/Game/Streaming/ArtAsset/UI/UIResource/UITexture/Common_Icon/Icon_Item/icon_item_heroic_ArmorBlueprint.icon_item_heroic_ArmorBlueprint,,0,True,False,False,False,0,Diagrama de Armadura Épica,"Um projeto para criar armaduras Épicas.
Como consolida informações de todos os tipos de armadura, o grau do projeto importa muito mais do que seu tipo específico."
270024,Item_Name_270024,Item_Desc_270024,False,270024,True,True,True,[],4,1,0,7,31,2024,0,0,0,0,9999,0,0,0,False,1,5000,10,0,0,0,0,0,0,0,0,0,0,0,0,0,0,0,0,0,0,0,0,0,0,0,0,0,0,0,0,0,0,0,0,0,0,0,0,0,0,0,0,0,0,0,0,0,0,0,0,,0,/Game/Streaming/ArtAsset/UI/UIResource/UITexture/Common_Icon/Icon_Item/icon_item_heroic_AcceBlueprint.icon_item_heroic_AcceBlueprint,,0,True,False,False,False,0,Diagrama de Acessório Épico,"Um projeto para criar acessórios Épicos.
Como consolida informações de todos os tipos de acessórios, o grau do projeto importa muito mais do que seu tipo específico."
270026,Item_Name_270026,Item_Desc_270026,False,270026,True,True,True,[],5,1,0,7,31,2024,0,0,0,0,9999,0,0,0,False,1,10000,10,0,0,0,0,0,0,0,0,0,0,0,0,0,0,0,0,0,0,0,0,0,0,0,0,0,0,0,0,0,0,0,0,0,0,0,0,0,0,0,0,0,0,0,0,0,0,0,0,,0,/Game/Streaming/ArtAsset/UI/UIResource/UITexture/Common_Icon/Icon_Item/icon_item_legendary_ArmorBlueprint.icon_item_legendary_ArmorBlueprint,,0,True,False,False,False,0,Diagrama de Armadura Lendária,"Um projeto para criar armaduras Lendárias.
Porque consolida informações de todos os tipos de armadura, o grau do projeto importa muito mais do que seu tipo específico."
270031,Item_Name_270031,Item_Desc_270031,False,270031,True,True,True,[],4,1,0,7,31,2024,0,0,0,0,9999,0,0,0,False,1,1000,10,0,0,0,0,0,0,0,0,0,0,0,0,0,0,0,0,0,0,0,0,0,0,0,0,0,0,0,0,0,0,0,0,0,0,0,0,0,0,0,0,0,0,0,0,0,0,0,0,,0,/Game/Streaming/ArtAsset/UI/UIResource/UITexture/Common_Icon/Icon_Item/icon_item_Holystone_crystal_01.icon_item_Holystone_crystal_01,,0,True,False,False,False,0,Cristal de Pedra Sagrada,"Um material adquirido com pouca frequência de inimigos poderosos.
Uma peça condensada de Cristal de Pedra Sagrada.
Usado em vários tipos de criação."
270032,Item_Name_270032,Item_Desc_270032,False,270032,True,True,True,[],4,1,0,7,31,2024,0,0,0,0,9999,0,0,0,False,1,1000,10,0,0,0,0,0,0,0,0,0,0,0,0,0,0,0,0,0,0,0,0,0,0,0,0,0,0,0,0,0,0,0,0,0,0,0,0,0,0,0,0,0,0,0,0,0,0,0,0,,0,/Game/Streaming/ArtAsset/UI/UIResource/UITexture/Common_Icon/Icon_Item/icon_item_Controlchip_01.icon_item_Controlchip_01,,0,True,False,False,False,0,Chip de Controle,"Um material adquirido com pouca frequência de inimigos poderosos.
Um fragmento de um Chip de Controle vazado de algum laboratório.
Usado em vários tipos de criação."
270033,Item_Name_270033,Item_Desc_270033,False,270033,True,True,True,[],4,1,0,7,31,2024,0,0,0,0,9999,0,0,0,False,1,1000,10,0,0,0,0,0,0,0,0,0,0,0,0,0,0,0,0,0,0,0,0,0,0,0,0,0,0,0,0,0,0,0,0,0,0,0,0,0,0,0,0,0,0,0,0,0,0,0,0,,0,/Game/Streaming/ArtAsset/UI/UIResource/UITexture/Common_Icon/Icon_Item/icon_item_Lifecore_01.icon_item_Lifecore_01,,0,True,False,False,False,0,Núcleo Vital,"Um material adquirido com pouca frequência de inimigos poderosos.
Um fragmento de um núcleo condensado com a energia de formas de vida.
Usado em vários tipos de fabricação."
270034,Item_Name_270034,Item_Desc_270034,False,270034,True,True,True,[],4,1,0,7,31,2024,0,0,0,0,9999,0,0,0,False,1,1000,10,0,0,0,0,0,0,0,0,0,0,0,0,0,0,0,0,0,0,0,0,0,0,0,0,0,0,0,0,0,0,0,0,0,0,0,0,0,0,0,0,0,0,0,0,0,0,0,0,,0,/Game/Streaming/ArtAsset/UI/UIResource/UITexture/Common_Icon/Icon_Item/icon_ArcaneMagneticCore.icon_ArcaneMagneticCore,,0,True,False,False,False,0,Controlador de Campo Magnético,"Um material adquirido com pouca frequência de inimigos poderosos.
Ao ser fabricado, pode replicar ambientes extremos com um forte campo magnético.
Usado em vários tipos de fabricação."
270035,Item_Name_270035,Item_Desc_270035,False,270035,True,True,True,[],4,1,0,7,31,2024,0,0,0,0,9999,0,0,0,False,1,1000,10,0,0,0,0,0,0,0,0,0,0,0,0,0,0,0,0,0,0,0,0,0,0,0,0,0,0,0,0,0,0,0,0,0,0,0,0,0,0,0,0,0,0,0,0,0,0,0,0,,0,/Game/Streaming/ArtAsset/UI/UIResource/UITexture/Common_Icon/Icon_Item/icon_KalonCatalyst.icon_KalonCatalyst,,0,True,False,False,False,0,Catalisador Kallon,"Um material adquirido com pouca frequência de inimigos poderosos.
Um catalisador que pode levar o potencial de um material aos seus limites.
Usado em vários tipos de fabricação."
270036,Item_Name_270036,Item_Desc_270036,False,270036,True,True,True,[],4,1,0,7,31,2024,0,0,0,0,9999,0,0,0,False,1,1000,10,0,0,0,0,0,0,0,0,0,0,0,0,0,0,0,0,0,0,0,0,0,0,0,0,0,0,0,0,0,0,0,0,0,0,0,0,0,0,0,0,0,0,0,0,0,0,0,0,,0,/Game/Streaming/ArtAsset/UI/UIResource/UITexture/Common_Icon/Icon_Item/icon_item_LightMatrix.icon_item_LightMatrix,,0,True,False,False,False,0,Matriz de Luz,"Uma substância sólida extremamente rara composta de energia ou luz pura. Acredita-se que cresça ao absorver energia potente, sendo raramente encontrado próximo a formas de vida poderosas e fontes de energia. Seu uso é limitado à criação de equipamentos poderosos."
270037,Item_Name_270037,Item_Desc_270037,False,270037,True,True,True,[],4,1,0,7,31,2024,0,0,0,0,9999,0,0,0,False,1,1000,10,0,0,0,0,0,0,0,0,0,0,0,0,0,0,0,0,0,0,0,0,0,0,0,0,0,0,0,0,0,0,0,0,0,0,0,0,0,0,0,0,0,0,0,0,0,0,0,0,,0,/Game/Streaming/ArtAsset/UI/UIResource/UITexture/Common_Icon/Icon_Item/icon_ODMaterial.icon_ODMaterial,,0,True,False,False,False,0,Cristal de Pedra Sagrada Superior,"Um material condensado com imensa Força vital.
Pode ser obtido de inimigos poderosos e é usado para fabricar equipamentos de alta qualidade."
270044,Item_Name_270044,Item_Desc_270044,False,270044,True,False,True,[],2,1,0,7,31,2024,0,0,0,0,9999,0,0,0,False,1,100,10,0,0,0,0,0,0,0,0,0,0,0,0,0,0,0,0,0,0,0,0,0,0,0,0,0,0,0,0,0,0,0,0,0,0,0,0,0,0,0,0,0,0,0,0,0,0,0,0,,0,/Game/Streaming/ArtAsset/UI/UIResource/UITexture/Common_Icon/Icon_Item/icon_item_Alloy_02.icon_item_Alloy_02,,0,True,False,False,False,0,Liga Arcana,"Material obtido ao recuperar várias substâncias.
Vários elementos brutos são completamente decompostos e, em seguida, moldados para incorporar uma característica unificada."
270045,Item_Name_270045,Item_Desc_270045,False,270045,True,False,True,[],3,1,0,7,31,2024,0,0,0,0,9999,0,0,0,False,1,1000,10,0,0,0,0,0,0,0,0,0,0,0,0,0,0,0,0,0,0,0,0,0,0,0,0,0,0,0,0,0,0,0,0,0,0,0,0,0,0,0,0,0,0,0,0,0,0,0,0,,0,/Game/Streaming/ArtAsset/UI/UIResource/UITexture/Common_Icon/Icon_Item/icon_item_Alloy_03.icon_item_Alloy_03,,0,True,False,False,False,0,Liga de Pedra Sagrada,"Material obtido ao recuperar várias substâncias.
Vários elementos brutos são completamente decompostos e, em seguida, moldados para incorporar uma característica unificada."
270049,Item_Name_270049,Item_Desc_270049,False,270049,True,False,True,[],3,1,0,7,31,2024,0,0,0,0,9999,0,0,0,False,1,2000,10,0,0,0,0,0,0,0,0,0,0,0,0,0,0,0,0,0,0,0,0,0,0,0,0,0,0,0,0,0,0,0,0,0,0,0,0,0,0,0,0,0,0,0,0,0,0,0,0,,0,/Game/Streaming/ArtAsset/UI/UIResource/UITexture/Common_Icon/Icon_Item/icon_item_Rare_WeaponBlueprint.icon_item_Rare_WeaponBlueprint,,0,True,False,False,False,0,Diagrama de Arma Rara II,Um diagrama para criar armas Raras Nv. 2.
270050,Item_Name_270050,Item_Desc_270050,False,270050,True,False,True,[],3,1,0,7,31,2024,0,0,0,0,9999,0,0,0,False,1,2000,10,0,0,0,0,0,0,0,0,0,0,0,0,0,0,0,0,0,0,0,0,0,0,0,0,0,0,0,0,0,0,0,0,0,0,0,0,0,0,0,0,0,0,0,0,0,0,0,0,,0,/Game/Streaming/ArtAsset/UI/UIResource/UITexture/Common_Icon/Icon_Item/icon_item_Rare_ArmorBlueprint.icon_item_Rare_ArmorBlueprint,,0,True,False,False,False,0,Diagrama de Armadura Rara II,Um diagrama para criar armaduras Raras Nv. 2.
270051,Item_Name_270051,Item_Desc_270051,False,270051,True,False,True,[],3,1,0,7,31,2024,0,0,0,0,9999,0,0,0,False,1,2000,10,0,0,0,0,0,0,0,0,0,0,0,0,0,0,0,0,0,0,0,0,0,0,0,0,0,0,0,0,0,0,0,0,0,0,0,0,0,0,0,0,0,0,0,0,0,0,0,0,,0,/Game/Streaming/ArtAsset/UI/UIResource/UITexture/Common_Icon/Icon_Item/icon_item_Rare_AcceBlueprint.icon_item_Rare_AcceBlueprint,,0,True,False,False,False,0,Diagrama de Acessório Raro II,Um diagrama para criar acessórios Raros Nv. 2.
270052,Item_Name_270052,Item_Desc_270052,False,270052,True,False,True,[],3,1,0,7,31,2024,0,0,0,0,9999,0,0,0,False,1,2000,10,0,0,0,0,0,0,0,0,0,0,0,0,0,0,0,0,0,0,0,0,0,0,0,0,0,0,0,0,0,0,0,0,0,0,0,0,0,0,0,0,0,0,0,0,0,0,0,0,,0,/Game/Streaming/ArtAsset/UI/UIResource/UITexture/Common_Icon/Icon_Item/icon_item_Rare_WeaponBlueprint.icon_item_Rare_WeaponBlueprint,,0,True,False,False,False,0,Diagrama de Arma Rara III,Um diagrama para criar armas Raras Nv. 3.
270053,Item_Name_270053,Item_Desc_270053,False,270053,True,False,True,[],3,1,0,7,31,2024,0,0,0,0,9999,0,0,0,False,1,2000,10,0,0,0,0,0,0,0,0,0,0,0,0,0,0,0,0,0,0,0,0,0,0,0,0,0,0,0,0,0,0,0,0,0,0,0,0,0,0,0,0,0,0,0,0,0,0,0,0,,0,/Game/Streaming/ArtAsset/UI/UIResource/UITexture/Common_Icon/Icon_Item/icon_item_Rare_ArmorBlueprint.icon_item_Rare_ArmorBlueprint,,0,True,False,False,False,0,Diagrama de Armadura Rara III,Um diagrama para criar armaduras Raras Nv. 3.
270054,Item_Name_270054,Item_Desc_270054,False,270054,True,False,True,[],3,1,0,7,31,2024,0,0,0,0,9999,0,0,0,False,1,2000,10,0,0,0,0,0,0,0,0,0,0,0,0,0,0,0,0,0,0,0,0,0,0,0,0,0,0,0,0,0,0,0,0,0,0,0,0,0,0,0,0,0,0,0,0,0,0,0,0,,0,/Game/Streaming/ArtAsset/UI/UIResource/UITexture/Common_Icon/Icon_Item/icon_item_Rare_AcceBlueprint.icon_item_Rare_AcceBlueprint,,0,True,False,False,False,0,Diagrama de Acessório Raro III,Um diagrama para criar acessórios Raros Nv. 3.
270055,Item_Name_270055,Item_Desc_270055,False,270055,True,False,True,[],3,1,0,7,31,2024,0,0,0,0,9999,0,0,0,False,1,2000,10,0,0,0,0,0,0,0,0,0,0,0,0,0,0,0,0,0,0,0,0,0,0,0,0,0,0,0,0,0,0,0,0,0,0,0,0,0,0,0,0,0,0,0,0,0,0,0,0,,0,/Game/Streaming/ArtAsset/UI/UIResource/UITexture/Common_Icon/Icon_Item/icon_item_Rare_WeaponBlueprint.icon_item_Rare_WeaponBlueprint,,0,True,False,False,False,0,Diagrama de Arma Rara IV,Um diagrama para criar armas Raras Nv. 4.
270056,Item_Name_270056,Item_Desc_270056,False,270056,True,False,True,[],3,1,0,7,31,2024,0,0,0,0,9999,0,0,0,False,1,2000,10,0,0,0,0,0,0,0,0,0,0,0,0,0,0,0,0,0,0,0,0,0,0,0,0,0,0,0,0,0,0,0,0,0,0,0,0,0,0,0,0,0,0,0,0,0,0,0,0,,0,/Game/Streaming/ArtAsset/UI/UIResource/UITexture/Common_Icon/Icon_Item/icon_item_Rare_ArmorBlueprint.icon_item_Rare_ArmorBlueprint,,0,True,False,False,False,0,Diagrama de Armadura Rara IV,Um diagrama para criar armaduras Raras Nv. 4.
270057,Item_Name_270057,Item_Desc_270057,False,270057,True,False,True,[],3,1,0,7,31,2024,0,0,0,0,9999,0,0,0,False,1,2000,10,0,0,0,0,0,0,0,0,0,0,0,0,0,0,0,0,0,0,0,0,0,0,0,0,0,0,0,0,0,0,0,0,0,0,0,0,0,0,0,0,0,0,0,0,0,0,0,0,,0,/Game/Streaming/ArtAsset/UI/UIResource/UITexture/Common_Icon/Icon_Item/icon_item_Rare_AcceBlueprint.icon_item_Rare_AcceBlueprint,,0,True,False,False,False,0,Diagrama de Acessório Raro IV,Um diagrama para criar acessórios Raros Nv. 4.
270058,Item_Name_270058,Item_Desc_270058,False,270058,True,False,True,[],3,1,0,7,31,2024,0,0,0,0,9999,0,0,0,False,1,2000,10,0,0,0,0,0,0,0,0,0,0,0,0,0,0,0,0,0,0,0,0,0,0,0,0,0,0,0,0,0,0,0,0,0,0,0,0,0,0,0,0,0,0,0,0,0,0,0,0,,0,/Game/Streaming/ArtAsset/UI/UIResource/UITexture/Common_Icon/Icon_Item/icon_item_Rare_WeaponBlueprint.icon_item_Rare_WeaponBlueprint,,0,True,False,False,False,0,Diagrama de Arma Rara V,Um diagrama para criar armas Raras Nv. 5.
270059,Item_Name_270059,Item_Desc_270059,False,270059,True,False,True,[],3,1,0,7,31,2024,0,0,0,0,9999,0,0,0,False,1,2000,10,0,0,0,0,0,0,0,0,0,0,0,0,0,0,0,0,0,0,0,0,0,0,0,0,0,0,0,0,0,0,0,0,0,0,0,0,0,0,0,0,0,0,0,0,0,0,0,0,,0,/Game/Streaming/ArtAsset/UI/UIResource/UITexture/Common_Icon/Icon_Item/icon_item_Rare_ArmorBlueprint.icon_item_Rare_ArmorBlueprint,,0,True,False,False,False,0,Diagrama de Armadura Rara V,Um diagrama para criar armaduras Raras Nv. 5.
270060,Item_Name_270060,Item_Desc_270060,False,270060,True,False,True,[],3,1,0,7,31,2024,0,0,0,0,9999,0,0,0,False,1,2000,10,0,0,0,0,0,0,0,0,0,0,0,0,0,0,0,0,0,0,0,0,0,0,0,0,0,0,0,0,0,0,0,0,0,0,0,0,0,0,0,0,0,0,0,0,0,0,0,0,,0,/Game/Streaming/ArtAsset/UI/UIResource/UITexture/Common_Icon/Icon_Item/icon_item_Rare_AcceBlueprint.icon_item_Rare_AcceBlueprint,,0,True,False,False,False,0,Diagrama de Acessório Raro V,Um diagrama para criar acessórios Raros Nv. 5.
270061,Item_Name_270061,Item_Desc_270061,False,270061,True,False,True,[],3,1,0,7,31,2024,0,0,0,0,9999,0,0,0,False,1,2000,10,0,0,0,0,0,0,0,0,0,0,0,0,0,0,0,0,0,0,0,0,0,0,0,0,0,0,0,0,0,0,0,0,0,0,0,0,0,0,0,0,0,0,0,0,0,0,0,0,,0,/Game/Streaming/ArtAsset/UI/UIResource/UITexture/Common_Icon/Icon_Item/icon_item_Rare_WeaponBlueprint.icon_item_Rare_WeaponBlueprint,,0,True,False,False,False,0,Diagrama de Arma Rara VI,Um diagrama para criar armas Raras Nv. 6.
270062,Item_Name_270062,Item_Desc_270062,False,270062,True,False,True,[],3,1,0,7,31,2024,0,0,0,0,9999,0,0,0,False,1,2000,10,0,0,0,0,0,0,0,0,0,0,0,0,0,0,0,0,0,0,0,0,0,0,0,0,0,0,0,0,0,0,0,0,0,0,0,0,0,0,0,0,0,0,0,0,0,0,0,0,,0,/Game/Streaming/ArtAsset/UI/UIResource/UITexture/Common_Icon/Icon_Item/icon_item_Rare_ArmorBlueprint.icon_item_Rare_ArmorBlueprint,,0,True,False,False,False,0,Diagrama de Armadura Rara VI,Um diagrama para criar armaduras Raras Nv. 6.
270063,Item_Name_270063,Item_Desc_270063,False,270063,True,False,True,[],3,1,0,7,31,2024,0,0,0,0,9999,0,0,0,False,1,2000,10,0,0,0,0,0,0,0,0,0,0,0,0,0,0,0,0,0,0,0,0,0,0,0,0,0,0,0,0,0,0,0,0,0,0,0,0,0,0,0,0,0,0,0,0,0,0,0,0,,0,/Game/Streaming/ArtAsset/UI/UIResource/UITexture/Common_Icon/Icon_Item/icon_item_Rare_AcceBlueprint.icon_item_Rare_AcceBlueprint,,0,True,False,False,False,0,Diagrama de Acessório Raro VI,Um diagrama para criar acessórios Raros Nv. 6.
270064,Item_Name_270064,Item_Desc_270064,False,270064,True,True,True,[],4,1,0,7,31,2024,0,0,0,0,9999,0,0,0,False,1,5000,10,0,0,0,0,0,0,0,0,0,0,0,0,0,0,0,0,0,0,0,0,0,0,0,0,0,0,0,0,0,0,0,0,0,0,0,0,0,0,0,0,0,0,0,0,0,0,0,0,,0,/Game/Streaming/ArtAsset/UI/UIResource/UITexture/Common_Icon/Icon_Item/icon_item_heroic_weaponBlueprint02.icon_item_heroic_weaponBlueprint02,,0,True,False,False,False,0,Diagrama de Arma Épica Brilhante,"Um projeto para criar armas Épicas.
Como consolida informações de todos os tipos de armas, o grau do projeto importa muito mais do que seu tipo específico."
270065,Item_Name_270065,Item_Desc_270065,False,270065,True,True,True,[],4,1,0,7,31,2024,0,0,0,0,9999,0,0,0,False,1,5000,10,0,0,0,0,0,0,0,0,0,0,0,0,0,0,0,0,0,0,0,0,0,0,0,0,0,0,0,0,0,0,0,0,0,0,0,0,0,0,0,0,0,0,0,0,0,0,0,0,,0,/Game/Streaming/ArtAsset/UI/UIResource/UITexture/Common_Icon/Icon_Item/icon_item_heroic_ArmorBlueprint02.icon_item_heroic_ArmorBlueprint02,,0,True,False,False,False,0,Diagrama de Armadura Épica Brilhante,"Um projeto para criar armaduras Épicas.
Como consolida informações de todos os tipos de armadura, o grau do projeto importa muito mais do que seu tipo específico."
270066,Item_Name_270066,Item_Desc_270066,False,270066,True,True,True,[],4,1,0,7,31,2024,0,0,0,0,9999,0,0,0,False,1,5000,10,0,0,0,0,0,0,0,0,0,0,0,0,0,0,0,0,0,0,0,0,0,0,0,0,0,0,0,0,0,0,0,0,0,0,0,0,0,0,0,0,0,0,0,0,0,0,0,0,,0,/Game/Streaming/ArtAsset/UI/UIResource/UITexture/Common_Icon/Icon_Item/icon_item_heroic_AcceBlueprint02.icon_item_heroic_AcceBlueprint02,,0,True,False,False,False,0,Diagrama de Acessório Épico Brilhante,"Um projeto para criar acessórios Épicos.
Como consolida informações de todos os tipos de acessórios, o grau do projeto importa muito mais do que seu tipo específico."
270067,Item_Name_270067,Item_Desc_270067,False,270067,True,False,True,[],3,1,0,7,31,2024,0,0,0,0,9999,0,0,0,False,1,2000,10,0,0,0,0,0,0,0,0,0,0,0,0,0,0,0,0,0,0,0,0,0,0,0,0,0,0,0,0,0,0,0,0,0,0,0,0,0,0,0,0,0,0,0,0,0,0,0,0,,0,/Game/Streaming/ArtAsset/UI/UIResource/UITexture/Common_Icon/Icon_Item/icon_item_Rare_WeaponBlueprint.icon_item_Rare_WeaponBlueprint,,0,True,False,False,False,0,Diagrama de Arma Rara VII,Um diagrama para criar armas Raras Nv. 7.
270068,Item_Name_270068,Item_Desc_270068,False,270068,True,False,True,[],3,1,0,7,31,2024,0,0,0,0,9999,0,0,0,False,1,2000,10,0,0,0,0,0,0,0,0,0,0,0,0,0,0,0,0,0,0,0,0,0,0,0,0,0,0,0,0,0,0,0,0,0,0,0,0,0,0,0,0,0,0,0,0,0,0,0,0,,0,/Game/Streaming/ArtAsset/UI/UIResource/UITexture/Common_Icon/Icon_Item/icon_item_Rare_ArmorBlueprint.icon_item_Rare_ArmorBlueprint,,0,True,False,False,False,0,Diagrama de Armadura Rara VII,Um diagrama para criar armaduras Raras Nv. 7.
270069,Item_Name_270069,Item_Desc_270069,False,270069,True,False,True,[],3,1,0,7,31,2024,0,0,0,0,9999,0,0,0,False,1,2000,10,0,0,0,0,0,0,0,0,0,0,0,0,0,0,0,0,0,0,0,0,0,0,0,0,0,0,0,0,0,0,0,0,0,0,0,0,0,0,0,0,0,0,0,0,0,0,0,0,,0,/Game/Streaming/ArtAsset/UI/UIResource/UITexture/Common_Icon/Icon_Item/icon_item_Rare_AcceBlueprint.icon_item_Rare_AcceBlueprint,,0,True,False,False,False,0,Diagrama de Acessório Raro VII,Um diagrama para criar acessórios Raros Nv. 7.
270070,Item_Name_270070,Item_Desc_270070,False,270070,True,True,True,[],4,1,0,7,31,2024,0,0,0,0,9999,0,0,0,False,1,2000,10,0,0,0,0,0,0,0,0,0,0,0,0,0,0,0,0,0,0,0,0,0,0,0,0,0,0,0,0,0,0,0,0,0,0,0,0,0,0,0,0,0,0,0,0,0,0,0,0,,0,/Game/Streaming/ArtAsset/UI/UIResource/UITexture/Common_Icon/Icon_Item/icon_item_CrimsonOrganism.icon_item_CrimsonOrganism,,0,True,False,False,False,0,Matéria Orgânica Carmesim,"Fragmento orgânico caído de uma poderosa forma de vida Carmesim. Embora tenha perdido suas propriedades infecciosas, sua capacidade de mudança de forma permanece intacta, tornando-o útil para a criação de equipamentos Carmesim."
270071,Item_Name_270071,Item_Desc_270071,False,270071,True,True,True,[],4,1,0,7,31,2024,0,0,0,0,9999,0,0,0,False,1,2000,10,0,0,0,0,0,0,0,0,0,0,0,0,0,0,0,0,0,0,0,0,0,0,0,0,0,0,0,0,0,0,0,0,0,0,0,0,0,0,0,0,0,0,0,0,0,0,0,0,,0,/Game/Streaming/ArtAsset/UI/UIResource/UITexture/Common_Icon/Icon_Item/icon_item_NetherMaterialComposeDevice.icon_item_NetherMaterialComposeDevice,,0,True,False,False,False,0,Sintetizador de Material de Nether,"Um configurador de materiais usado pelos Nethers para produzir máquinas de guerra massivas como o Xenogeyser. Quando fornecido com matérias-primas, cada unidade pode controlar moléculas dentro de um alcance limitado, moldando-as em formas designadas. Essa capacidade permite a criação de uma ampla variedade de objetos."
270072,Item_Name_270072,Item_Desc_270072,False,270072,True,True,True,[],4,1,0,7,31,2024,0,0,0,0,9999,0,0,0,False,1,2000,10,0,0,0,0,0,0,0,0,0,0,0,0,0,0,0,0,0,0,0,0,0,0,0,0,0,0,0,0,0,0,0,0,0,0,0,0,0,0,0,0,0,0,0,0,0,0,0,0,,0,/Game/Streaming/ArtAsset/UI/UIResource/UITexture/Common_Icon/Icon_Item/icon_AbyssCrystal.icon_AbyssCrystal,,0,True,False,False,False,0,Cristal do Abismo,"Um catalisador de conversão de energia usado em ataques de energia Xenopsíquico. Pode ser considerado o auge da engenharia de energia Nether. Pode ser usado para criar vários equipamentos, mas geralmente é de uso único."
270073,Item_Name_270073,Item_Desc_270073,False,270073,True,False,True,[],3,1,0,7,31,2024,0,0,0,0,9999,0,0,0,False,1,2000,10,0,0,0,0,0,0,0,0,0,0,0,0,0,0,0,0,0,0,0,0,0,0,0,0,0,0,0,0,0,0,0,0,0,0,0,0,0,0,0,0,0,0,0,0,0,0,0,0,,0,/Game/Streaming/ArtAsset/UI/UIResource/UITexture/Common_Icon/Icon_Item/icon_item_Rare_WeaponBlueprint.icon_item_Rare_WeaponBlueprint,,0,True,False,False,False,0,Diagrama de Arma Rara VIII,Um diagrama para criar armas Raras Nv. 8.
270074,Item_Name_270074,Item_Desc_270074,False,270074,True,False,True,[],3,1,0,7,31,2024,0,0,0,0,9999,0,0,0,False,1,2000,10,0,0,0,0,0,0,0,0,0,0,0,0,0,0,0,0,0,0,0,0,0,0,0,0,0,0,0,0,0,0,0,0,0,0,0,0,0,0,0,0,0,0,0,0,0,0,0,0,,0,/Game/Streaming/ArtAsset/UI/UIResource/UITexture/Common_Icon/Icon_Item/icon_item_Rare_ArmorBlueprint.icon_item_Rare_ArmorBlueprint,,0,True,False,False,False,0,Diagrama de Armadura Rara VIII,Um diagrama para criar armaduras Raras Nv. 8.
270075,Item_Name_270075,Item_Desc_270075,False,270075,True,False,True,[],3,1,0,7,31,2024,0,0,0,0,9999,0,0,0,False,1,2000,10,0,0,0,0,0,0,0,0,0,0,0,0,0,0,0,0,0,0,0,0,0,0,0,0,0,0,0,0,0,0,0,0,0,0,0,0,0,0,0,0,0,0,0,0,0,0,0,0,,0,/Game/Streaming/ArtAsset/UI/UIResource/UITexture/Common_Icon/Icon_Item/icon_item_Rare_AcceBlueprint.icon_item_Rare_AcceBlueprint,,0,True,False,False,False,0,Diagrama de Acessório Raro VIII,Um diagrama para criar acessórios Raros Nv. 8.
270076,Item_Name_270076,Item_Desc_270076,False,270076,True,True,True,[],4,1,0,7,31,2024,0,0,0,0,9999,0,0,0,False,1,2000,10,0,0,0,0,0,0,0,0,0,0,0,0,0,0,0,0,0,0,0,0,0,0,0,0,0,0,0,0,0,0,0,0,0,0,0,0,0,0,0,0,0,0,0,0,0,0,0,0,,0,/Game/Streaming/ArtAsset/UI/UIResource/UITexture/Common_Icon/Icon_Item/icon_item_CrimsonStructureFragment.icon_item_CrimsonStructureFragment,,0,True,False,False,False,0,Fragmento de Constructo Carmesim,"Um constructo Carmesim encontrado apenas em entidades Carmesim poderosas e avançadas. Ele atua como células-tronco durante o processo de mutação do Carmesim avançado, tornando-se um material versátil usado em várias criações, especialmente para itens relacionados ao Carmesim."
270077,Item_Name_270077,Item_Desc_270077,False,270077,True,True,True,[],4,1,0,7,31,2024,0,0,0,0,9999,0,0,0,False,1,2000,10,0,0,0,0,0,0,0,0,0,0,0,0,0,0,0,0,0,0,0,0,0,0,0,0,0,0,0,0,0,0,0,0,0,0,0,0,0,0,0,0,0,0,0,0,0,0,0,0,,0,/Game/Streaming/ArtAsset/UI/UIResource/UITexture/Common_Icon/Icon_Item/icon_Memoryfragment_Cortia.icon_Memoryfragment_Cortia,,0,True,False,False,False,0,Fragmento de Memória - Cortia,"Embora pareça ser feito de vidro, na verdade é um fragmento de dados altamente comprimido. Usando esses dados 3D, você pode aplicar uma forma especial ao seu equipamento. Também pode ser vendido a um preço alto através de canais de comércio."
270079,Item_Name_270079,Item_Desc_270079,False,270079,True,True,True,[],4,1,0,7,31,2024,0,0,0,0,9999,0,0,0,False,1,1000,10,0,0,0,0,0,0,0,0,0,0,0,0,0,0,0,0,0,0,0,0,0,0,0,0,0,0,0,0,0,0,0,0,0,0,0,0,0,0,0,0,0,0,0,0,0,0,0,0,,0,/Game/Streaming/ArtAsset/UI/UIResource/UITexture/Common_Icon/Icon_Item/icon_item_Alloyplate_04.icon_item_Alloyplate_04,,0,True,False,False,False,0,Placa de Metal de Ultra-Alta Densidade,Uma placa de metal feita comprimindo matérias-primas ao extremo. Usada na criação de mais alta qualidade.
270080,Item_Name_270080,Item_Desc_270080,False,270080,True,True,True,[],4,1,0,7,31,2024,0,0,0,0,9999,0,0,0,False,1,1000,10,0,0,0,0,0,0,0,0,0,0,0,0,0,0,0,0,0,0,0,0,0,0,0,0,0,0,0,0,0,0,0,0,0,0,0,0,0,0,0,0,0,0,0,0,0,0,0,0,,0,/Game/Streaming/ArtAsset/UI/UIResource/UITexture/Common_Icon/Icon_Item/icon_item_abrasive_04.icon_item_abrasive_04,,0,True,False,False,False,0,Abrasivo de Ultra-Alta Densidade,Um abrasivo feito usando partículas de ultra-alta densidade. Usado na criação de mais alta qualidade.
270081,Item_Name_270081,Item_Desc_270081,False,270081,True,True,True,[],4,1,0,7,31,2024,0,0,0,0,9999,0,0,0,False,1,1000,10,0,0,0,0,0,0,0,0,0,0,0,0,0,0,0,0,0,0,0,0,0,0,0,0,0,0,0,0,0,0,0,0,0,0,0,0,0,0,0,0,0,0,0,0,0,0,0,0,,0,/Game/Streaming/ArtAsset/UI/UIResource/UITexture/Common_Icon/Icon_Item/icon_item_Fiber_04.icon_item_Fiber_04,,0,True,False,False,False,0,Pacote de Fibras de Ultra-Alta Densidade,Uma fibra de alta densidade tecida em nível subpartícula. Usada na criação de mais alta qualidade.
270082,Item_Name_270082,Item_Desc_270082,False,270082,True,True,True,[],4,1,0,7,31,2024,0,0,0,0,9999,0,0,0,False,1,1000,10,0,0,0,0,0,0,0,0,0,0,0,0,0,0,0,0,0,0,0,0,0,0,0,0,0,0,0,0,0,0,0,0,0,0,0,0,0,0,0,0,0,0,0,0,0,0,0,0,,0,/Game/Streaming/ArtAsset/UI/UIResource/UITexture/Common_Icon/Icon_Item/icon_item_Filament_04.icon_item_Filament_04,,0,True,False,False,False,0,Filamento de Ultra-Alta Densidade,Um filamento feito comprimindo matérias-primas ao extremo. Usado na criação de mais alta qualidade.
270083,Item_Name_270083,Item_Desc_270083,False,270083,True,True,True,[],4,1,0,7,31,2024,0,0,0,0,9999,0,0,0,False,1,1000,10,0,0,0,0,0,0,0,0,0,0,0,0,0,0,0,0,0,0,0,0,0,0,0,0,0,0,0,0,0,0,0,0,0,0,0,0,0,0,0,0,0,0,0,0,0,0,0,0,,0,/Game/Streaming/ArtAsset/UI/UIResource/UITexture/Common_Icon/Icon_Item/icon_item_Alloy_04.icon_item_Alloy_04,,0,True,False,False,False,0,Liga de Partículas Comprimidas,"Um material obtido desmontando equipamentos de alta qualidade. Usado na criação de mais alta qualidade, exigindo que uma grande quantidade de material seja comprimida no processo."
270084,Item_Name_270084,Item_Desc_270084,False,270084,True,True,True,[],5,1,0,7,31,2024,0,0,0,0,9999,0,0,0,False,1,1000,10,0,0,0,0,0,0,0,0,0,0,0,0,0,0,0,0,0,0,0,0,0,0,0,0,0,0,0,0,0,0,0,0,0,0,0,0,0,0,0,0,0,0,0,0,0,0,0,0,,0,/Game/Streaming/ArtAsset/UI/UIResource/UITexture/Common_Icon/Icon_Item/icon_PureHolystoneCrystal.icon_PureHolystoneCrystal,,0,True,False,False,False,0,Cristal de Pedra Sagrada Puro,Um material raramente obtido de inimigos poderosos. Um refinado Cristal de Pedra Sagrada formado naturalmente ao longo de um longo período de tempo. Um componente chave na criação de mais alta qualidade.
270085,Item_Name_270085,Item_Desc_270085,False,270085,True,True,True,[],5,1,0,7,31,2024,0,0,0,0,9999,0,0,0,False,1,1000,10,0,0,0,0,0,0,0,0,0,0,0,0,0,0,0,0,0,0,0,0,0,0,0,0,0,0,0,0,0,0,0,0,0,0,0,0,0,0,0,0,0,0,0,0,0,0,0,0,,0,/Game/Streaming/ArtAsset/UI/UIResource/UITexture/Common_Icon/Icon_Item/icon_UHSConnector.icon_UHSConnector,,0,True,False,False,False,0,Conector de Ultra-Alta Resistência,Um material raramente obtido de inimigos poderosos. Formado quando microscópicos Cristais de Pedra Sagrada se unem naturalmente em uma estrutura conectada. Sua imensa Força de tração une materiais de criação com grande Força. Um catalisador essencial na criação de mais alta qualidade.
270086,Item_Name_270086,Item_Desc_270086,False,270086,True,True,True,[],5,1,0,7,31,2024,0,0,0,0,9999,0,0,0,False,1,1000,10,0,0,0,0,0,0,0,0,0,0,0,0,0,0,0,0,0,0,0,0,0,0,0,0,0,0,0,0,0,0,0,0,0,0,0,0,0,0,0,0,0,0,0,0,0,0,0,0,,0,/Game/Streaming/ArtAsset/UI/UIResource/UITexture/Common_Icon/Icon_Item/icon_CrystalUpperguardframe.icon_CrystalUpperguardframe,,0,True,False,False,False,0,Moldura de Guarda do Baú de Cristal,Uma estrutura extraída de uma Guarda de peito de alta qualidade. Um componente nascido dos esforços dos engenheiros para unir os melhores materiais.
270087,Item_Name_270087,Item_Desc_270087,False,270087,True,True,True,[],4,1,0,7,31,2024,0,0,0,0,9999,0,0,0,False,1,2000,10,0,0,0,0,0,0,0,0,0,0,0,0,0,0,0,0,0,0,0,0,0,0,0,0,0,0,0,0,0,0,0,0,0,0,0,0,0,0,0,0,0,0,0,0,0,0,0,0,,0,/Game/Streaming/ArtAsset/UI/UIResource/UITexture/Common_Icon/Icon_Item/icon_item_NetherPowerControllerFragment.icon_item_NetherPowerControllerFragment,,0,True,False,False,False,0,Fragmento do Controlador de Poder do Nether,"Um dispositivo de controle do Nether projetado para aproveitar eficientemente a imensa Força energética de Bestia 6.
Ele é construído de forma que a carga operacional seja distribuída uniformemente por cada circuito.
Como resultado, mesmo um único fragmento é suficiente para funcionar como o regulador de energia primário para equipamentos de alta potência."
1000000,Item_Name_1000000,Item_Desc_1000000,False,1000000,True,False,True,[],1,1,1,1,2,20001,1,1,0,0,0,0,0,0,False,1,100,10,0,0,1000000,0,33,12,0,0,0,0,0,0,0,0,0,0,0,0,0,0,0,0,0,0,0,0,0,0,0,0,0,0,0,0,0,0,0,0,2000111,0,0,0,0,2001,0,0,0,0,,0,/Game/Streaming/ArtAsset/UI/UIResource/UITexture/Common_Icon/Icon_Item_Weapon/icon_wpn_RF_Vibro_001.icon_wpn_RF_Vibro_001,,1000000,True,False,False,False,0,Rifle do Praticante,
1000001,Item_Name_1000001,Item_Desc_1000001,False,1000001,True,False,True,[],1,1,1,1,2,20001,1,1,0,0,0,0,0,0,False,1,100,10,0,0,1000001,0,33,12,38,2,0,0,79,3,0,0,0,0,0,0,0,0,0,0,0,0,0,0,0,0,0,0,0,0,0,0,0,0,0,0,2000111,0,0,0,0,2001,0,0,0,0,,0,/Game/Streaming/ArtAsset/UI/UIResource/UITexture/Common_Icon/Icon_Item_Weapon/icon_wpn_RF_Fermion_001.icon_wpn_RF_Fermion_001,,1000001,True,False,False,False,0,Rifle do Mercenário,
1000002,Item_Name_1000002,Item_Desc_1000002,False,1000002,True,False,True,[],1,1,1,1,2,20001,1,1,0,0,0,0,0,0,False,1,100,10,0,0,1000002,0,33,12,38,2,0,0,120,50,0,0,0,0,0,0,0,0,0,0,0,0,0,0,0,0,0,0,0,0,0,0,0,0,0,0,2000111,0,0,0,0,2001,0,0,0,0,,0,/Game/Streaming/ArtAsset/UI/UIResource/UITexture/Common_Icon/Icon_Item_Weapon/icon_wpn_RF_Photon_001.icon_wpn_RF_Photon_001,,1000002,True,False,False,False,0,Rifle do Errante,
1000003,Item_Name_1000003,Item_Desc_1000003,False,1000003,True,False,True,[],1,1,2,1,2,20001,1,1,0,0,0,0,0,0,False,1,100,10,0,0,1000003,0,33,16,38,4,0,0,96,5,0,0,0,0,0,0,0,0,0,0,0,0,0,0,0,0,0,0,0,0,0,0,0,0,0,0,2000111,0,0,0,0,2001,0,0,0,0,,0,/Game/Streaming/ArtAsset/UI/UIResource/UITexture/Common_Icon/Icon_Item_Weapon/icon_wpn_RF_Magneta_001.icon_wpn_RF_Magneta_001,,1000003,True,False,False,False,0,Rifle do Especialista,
1000004,Item_Name_1000004,Item_Desc_1000004,False,1000004,True,False,True,[],1,1,2,1,2,20001,1,1,0,0,0,0,0,0,False,1,100,10,0,0,1000004,0,33,16,38,4,0,0,93,2,0,0,0,0,0,0,0,0,0,0,0,0,0,0,0,0,0,0,0,0,0,0,0,0,0,0,2000111,0,0,0,0,2001,0,0,0,0,,0,/Game/Streaming/ArtAsset/UI/UIResource/UITexture/Common_Icon/Icon_Item_Weapon/icon_wpn_RF_Muon_001.icon_wpn_RF_Muon_001,,1000004,True,False,False,False,0,Rifle do Sentinela,
1000005,Item_Name_1000005,Item_Desc_1000005,False,1000005,True,False,True,[],1,1,2,1,2,20001,1,1,0,0,0,0,0,0,False,1,100,10,0,0,1000005,0,33,16,38,4,0,0,155,4,0,0,0,0,0,0,0,0,0,0,0,0,0,0,0,0,0,0,0,0,0,0,0,0,0,0,2000111,0,0,0,0,2001,0,0,0,0,,0,/Game/Streaming/ArtAsset/UI/UIResource/UITexture/Common_Icon/Icon_Item_Weapon/icon_wpn_RF_Polariton_001.icon_wpn_RF_Polariton_001,,1000005,True,False,False,False,0,Rifle do Executor,
1000006,Item_Name_1000006,Item_Desc_1000006,False,1000006,True,False,True,[],1,1,1,1,3,20001,1,2,0,0,0,0,0,0,False,1,100,10,0,0,1000006,0,33,12,0,0,0,0,0,0,0,0,0,0,0,0,0,0,0,0,0,0,0,0,0,0,0,0,0,0,0,0,0,0,0,0,2000111,0,0,0,0,2001,0,0,0,0,,0,/Game/Streaming/ArtAsset/UI/UIResource/UITexture/Common_Icon/Icon_Item_Weapon/icon_wpn_BL_Vibro_001.icon_wpn_BL_Vibro_001,,1000006,True,False,False,False,0,Lâmina do Praticante,
1000007,Item_Name_1000007,Item_Desc_1000007,False,1000007,True,False,True,[],1,1,1,1,3,20001,1,2,0,0,0,0,0,0,False,1,100,10,0,0,1000007,0,33,12,38,2,0,0,77,3,0,0,0,0,0,0,0,0,0,0,0,0,0,0,0,0,0,0,0,0,0,0,0,0,0,0,2000111,0,0,0,0,2001,0,0,0,0,,0,/Game/Streaming/ArtAsset/UI/UIResource/UITexture/Common_Icon/Icon_Item_Weapon/icon_wpn_BL_Fermion_001.icon_wpn_BL_Fermion_001,,1000007,True,False,False,False,0,Lâmina do Mercenário,
1000008,Item_Name_1000008,Item_Desc_1000008,False,1000008,True,False,True,[],1,1,1,1,3,20001,1,2,0,0,0,0,0,0,False,1,100,10,0,0,1000008,0,33,12,38,2,0,0,123,50,0,0,0,0,0,0,0,0,0,0,0,0,0,0,0,0,0,0,0,0,0,0,0,0,0,0,2000111,0,0,0,0,2001,0,0,0,0,,0,/Game/Streaming/ArtAsset/UI/UIResource/UITexture/Common_Icon/Icon_Item_Weapon/icon_wpn_BL_Photon_001.icon_wpn_BL_Photon_001,,1000008,True,False,False,False,0,Lâmina do Errante,
1000009,Item_Name_1000009,Item_Desc_1000009,False,1000009,True,False,True,[],1,1,2,1,3,20001,1,2,0,0,0,0,0,0,False,1,100,10,0,0,1000009,0,33,16,38,4,0,0,10,5,0,0,0,0,0,0,0,0,0,0,0,0,0,0,0,0,0,0,0,0,0,0,0,0,0,0,2000111,0,0,0,0,2001,0,0,0,0,,0,/Game/Streaming/ArtAsset/UI/UIResource/UITexture/Common_Icon/Icon_Item_Weapon/icon_wpn_BL_Magneta_001.icon_wpn_BL_Magneta_001,,1000009,True,False,False,False,0,Lâmina do Especialista,
1000010,Item_Name_1000010,Item_Desc_1000010,False,1000010,True,False,True,[],1,1,2,1,3,20001,1,2,0,0,0,0,0,0,False,1,100,10,0,0,1000010,0,33,16,38,4,0,0,93,2,0,0,0,0,0,0,0,0,0,0,0,0,0,0,0,0,0,0,0,0,0,0,0,0,0,0,2000111,0,0,0,0,2001,0,0,0,0,,0,/Game/Streaming/ArtAsset/UI/UIResource/UITexture/Common_Icon/Icon_Item_Weapon/icon_wpn_BL_Muon_001.icon_wpn_BL_Muon_001,,1000010,True,False,False,False,0,Lâmina do Sentinela,
1000011,Item_Name_1000011,Item_Desc_1000011,False,1000011,True,False,True,[],1,1,2,1,3,20001,1,2,0,0,0,0,0,0,False,1,100,10,0,0,1000011,0,33,16,38,4,0,0,155,4,0,0,0,0,0,0,0,0,0,0,0,0,0,0,0,0,0,0,0,0,0,0,0,0,0,0,2000111,0,0,0,0,2001,0,0,0,0,,0,/Game/Streaming/ArtAsset/UI/UIResource/UITexture/Common_Icon/Icon_Item_Weapon/icon_wpn_BL_Polariton_001.icon_wpn_BL_Polariton_001,,1000011,True,False,False,False,0,Lâmina do Executor,
1000012,Item_Name_1000012,Item_Desc_1000012,False,1000012,True,False,True,[],1,1,1,1,4,20001,1,3,0,0,0,0,0,0,False,1,100,10,0,0,1000012,0,33,12,0,0,0,0,0,0,0,0,0,0,0,0,0,0,0,0,0,0,0,0,0,0,0,0,0,0,0,0,0,0,0,0,2000111,0,0,0,0,2001,0,0,0,0,,0,/Game/Streaming/ArtAsset/UI/UIResource/UITexture/Common_Icon/Icon_Item_Weapon/icon_wpn_SW_Vibro_001.icon_wpn_SW_Vibro_001,,1000012,True,False,False,False,0,Espada e Escudo do Praticante,
1000013,Item_Name_1000013,Item_Desc_1000013,False,1000013,True,False,True,[],1,1,1,1,4,20001,1,3,0,0,0,0,0,0,False,1,100,10,0,0,1000013,0,33,12,38,2,0,0,77,3,0,0,0,0,0,0,0,0,0,0,0,0,0,0,0,0,0,0,0,0,0,0,0,0,0,0,2000111,0,0,0,0,2001,0,0,0,0,,0,/Game/Streaming/ArtAsset/UI/UIResource/UITexture/Common_Icon/Icon_Item_Weapon/icon_wpn_SW_Fermion_001.icon_wpn_SW_Fermion_001,,1000013,True,False,False,False,0,Espada e Escudo do Mercenário,
1000014,Item_Name_1000014,Item_Desc_1000014,False,1000014,True,False,True,[],1,1,1,1,4,20001,1,3,0,0,0,0,0,0,False,1,100,10,0,0,1000014,0,33,12,38,2,0,0,115,50,0,0,0,0,0,0,0,0,0,0,0,0,0,0,0,0,0,0,0,0,0,0,0,0,0,0,2000111,0,0,0,0,2001,0,0,0,0,,0,/Game/Streaming/ArtAsset/UI/UIResource/UITexture/Common_Icon/Icon_Item_Weapon/icon_wpn_SW_Photon_001.icon_wpn_SW_Photon_001,,1000014,True,False,False,False,0,Espada e Escudo do Errante,
1000015,Item_Name_1000015,Item_Desc_1000015,False,1000015,True,False,True,[],1,1,2,1,4,20001,1,3,0,0,0,0,0,0,False,1,100,10,0,0,1000015,0,33,16,38,4,0,0,70,100,0,0,0,0,0,0,0,0,0,0,0,0,0,0,0,0,0,0,0,0,0,0,0,0,0,0,2000111,0,0,0,0,2001,0,0,0,0,,0,/Game/Streaming/ArtAsset/UI/UIResource/UITexture/Common_Icon/Icon_Item_Weapon/icon_wpn_SW_Magneta_001.icon_wpn_SW_Magneta_001,,1000015,True,False,False,False,0,Espada e Escudo do Especialista,
1000016,Item_Name_1000016,Item_Desc_1000016,False,1000016,True,False,True,[],1,1,2,1,4,20001,1,3,0,0,0,0,0,0,False,1,100,10,0,0,1000016,0,33,16,38,4,0,0,93,2,0,0,0,0,0,0,0,0,0,0,0,0,0,0,0,0,0,0,0,0,0,0,0,0,0,0,2000111,0,0,0,0,2001,0,0,0,0,,0,/Game/Streaming/ArtAsset/UI/UIResource/UITexture/Common_Icon/Icon_Item_Weapon/icon_wpn_SW_Muon_001.icon_wpn_SW_Muon_001,,1000016,True,False,False,False,0,Espada e Escudo do Sentinela,
1000017,Item_Name_1000017,Item_Desc_1000017,False,1000017,True,False,True,[],1,1,2,1,4,20001,1,3,0,0,0,0,0,0,False,1,100,10,0,0,1000017,0,33,16,38,4,0,0,156,4,0,0,0,0,0,0,0,0,0,0,0,0,0,0,0,0,0,0,0,0,0,0,0,0,0,0,2000111,0,0,0,0,2001,0,0,0,0,,0,/Game/Streaming/ArtAsset/UI/UIResource/UITexture/Common_Icon/Icon_Item_Weapon/icon_wpn_SW_Polariton_001.icon_wpn_SW_Polariton_001,,1000017,True,False,False,False,0,Espada e Escudo do Executor,
1000018,Item_Name_1000018,Item_Desc_1000018,False,1000018,True,False,True,[],1,1,1,1,5,20001,1,4,0,0,0,0,0,0,False,1,100,10,0,0,1000018,0,33,12,0,0,0,0,0,0,0,0,0,0,0,0,0,0,0,0,0,0,0,0,0,0,0,0,0,0,0,0,0,0,0,0,2000111,0,0,0,0,2001,0,0,0,0,,0,/Game/Streaming/ArtAsset/UI/UIResource/UITexture/Common_Icon/Icon_Item_Weapon/icon_wpn_GL_Vibro_001.icon_wpn_GL_Vibro_001,,1000018,True,False,False,False,0,Carregador de Força do Praticante,
1000019,Item_Name_1000019,Item_Desc_1000019,False,1000019,True,False,True,[],1,1,1,1,5,20001,1,4,0,0,0,0,0,0,False,1,100,10,0,0,1000019,0,33,12,38,2,0,0,79,3,0,0,0,0,0,0,0,0,0,0,0,0,0,0,0,0,0,0,0,0,0,0,0,0,0,0,2000111,0,0,0,0,2001,0,0,0,0,,0,/Game/Streaming/ArtAsset/UI/UIResource/UITexture/Common_Icon/Icon_Item_Weapon/icon_wpn_GL_Fermion_001.icon_wpn_GL_Fermion_001,,1000019,True,False,False,False,0,Carregador de Força do Mercenário,
1000020,Item_Name_1000020,Item_Desc_1000020,False,1000020,True,False,True,[],1,1,1,1,5,20001,1,4,0,0,0,0,0,0,False,1,100,10,0,0,1000020,0,33,12,38,2,0,0,113,50,0,0,0,0,0,0,0,0,0,0,0,0,0,0,0,0,0,0,0,0,0,0,0,0,0,0,2000111,0,0,0,0,2001,0,0,0,0,,0,/Game/Streaming/ArtAsset/UI/UIResource/UITexture/Common_Icon/Icon_Item_Weapon/icon_wpn_GL_Photon_001.icon_wpn_GL_Photon_001,,1000020,True,False,False,False,0,Carregador de Força do Errante,Rifle de Combate Dekabris
1000021,Item_Name_1000021,Item_Desc_1000021,False,1000021,True,False,True,[],1,1,2,1,5,20001,1,4,0,0,0,0,0,0,False,1,100,10,0,0,1000021,0,33,16,38,4,0,0,97,5,0,0,0,0,0,0,0,0,0,0,0,0,0,0,0,0,0,0,0,0,0,0,0,0,0,0,2000111,0,0,0,0,2001,0,0,0,0,,0,/Game/Streaming/ArtAsset/UI/UIResource/UITexture/Common_Icon/Icon_Item_Weapon/icon_wpn_GL_Magneta_001.icon_wpn_GL_Magneta_001,,1000021,True,False,False,False,0,Carregador de Força do Especialista,Rifle Pallacia do Executor
1000022,Item_Name_1000022,Item_Desc_1000022,False,1000022,True,False,True,[],1,1,2,1,5,20001,1,4,0,0,0,0,0,0,False,1,100,10,0,0,1000022,0,33,16,38,4,0,0,93,2,0,0,0,0,0,0,0,0,0,0,0,0,0,0,0,0,0,0,0,0,0,0,0,0,0,0,2000111,0,0,0,0,2001,0,0,0,0,,0,/Game/Streaming/ArtAsset/UI/UIResource/UITexture/Common_Icon/Icon_Item_Weapon/icon_wpn_GL_Muon_001.icon_wpn_GL_Muon_001,,1000022,True,False,False,False,0,Carregador de Força do Sentinela,Rifle Oblivion do Juiz
1000023,Item_Name_1000023,Item_Desc_1000023,False,1000023,True,False,True,[],1,1,2,1,5,20001,1,4,0,0,0,0,0,0,False,1,100,10,0,0,1000023,0,33,16,38,4,0,0,156,4,0,0,0,0,0,0,0,0,0,0,0,0,0,0,0,0,0,0,0,0,0,0,0,0,0,0,2000111,0,0,0,0,2001,0,0,0,0,,0,/Game/Streaming/ArtAsset/UI/UIResource/UITexture/Common_Icon/Icon_Item_Weapon/icon_wpn_GL_Polariton_001.icon_wpn_GL_Polariton_001,,1000023,True,False,False,False,0,Carregador de Força do Executor,Rifle Erebus do Pioneiro
1000024,Item_Name_1000024,Item_Desc_1000024,False,1000024,True,False,True,[],1,1,1,1,6,20001,1,5,0,0,0,0,0,0,False,1,100,10,0,0,1000024,0,33,12,0,0,0,0,0,0,0,0,0,0,0,0,0,0,0,0,0,0,0,0,0,0,0,0,0,0,0,0,0,0,0,0,2000111,0,0,0,0,2001,0,0,0,0,,0,/Game/Streaming/ArtAsset/UI/UIResource/UITexture/Common_Icon/Icon_Item_Weapon/icon_wpn_AX_Vibro_001.icon_wpn_AX_Vibro_001,,1000024,True,False,False,False,0,Machado do Praticante,Rifle Quasar do Comandante
1000025,Item_Name_1000025,Item_Desc_1000025,False,1000025,True,False,True,[],1,1,1,1,6,20001,1,5,0,0,0,0,0,0,False,1,100,10,0,0,1000025,0,33,12,38,2,0,0,75,3,0,0,0,0,0,0,0,0,0,0,0,0,0,0,0,0,0,0,0,0,0,0,0,0,0,0,2000111,0,0,0,0,2001,0,0,0,0,,0,/Game/Streaming/ArtAsset/UI/UIResource/UITexture/Common_Icon/Icon_Item_Weapon/icon_wpn_AX_Fermion_001.icon_wpn_AX_Fermion_001,,1000025,True,False,False,False,0,Machado do Mercenário,Rifle Starburst do Soberano
1000026,Item_Name_1000026,Item_Desc_1000026,False,1000026,True,False,True,[],1,1,1,1,6,20001,1,5,0,0,0,0,0,0,False,1,100,10,0,0,1000026,0,33,12,38,2,0,0,113,50,0,0,0,0,0,0,0,0,0,0,0,0,0,0,0,0,0,0,0,0,0,0,0,0,0,0,2000111,0,0,0,0,2001,0,0,0,0,,0,/Game/Streaming/ArtAsset/UI/UIResource/UITexture/Common_Icon/Icon_Item_Weapon/icon_wpn_AX_Photon_001.icon_wpn_AX_Photon_001,,1000026,True,False,False,False,0,Machado do Errante,Rifle Enigma do Dominador
1000027,Item_Name_1000027,Item_Desc_1000027,False,1000027,True,False,True,[],1,1,2,1,6,20001,1,5,0,0,0,0,0,0,False,1,100,10,0,0,1000027,0,33,16,38,4,0,0,141,100,0,0,0,0,0,0,0,0,0,0,0,0,0,0,0,0,0,0,0,0,0,0,0,0,0,0,2000111,0,0,0,0,2001,0,0,0,0,,0,/Game/Streaming/ArtAsset/UI/UIResource/UITexture/Common_Icon/Icon_Item_Weapon/icon_wpn_AX_Magneta_001.icon_wpn_AX_Magneta_001,,1000027,True,False,False,False,0,Machado do Especialista,Rifle do Vencedor da Guerra de Cerco
1000028,Item_Name_1000028,Item_Desc_1000028,False,1000028,True,False,True,[],1,1,2,1,6,20001,1,5,0,0,0,0,0,0,False,1,100,10,0,0,1000028,0,33,16,38,4,0,0,93,2,0,0,0,0,0,0,0,0,0,0,0,0,0,0,0,0,0,0,0,0,0,0,0,0,0,0,2000111,0,0,0,0,2001,0,0,0,0,,0,/Game/Streaming/ArtAsset/UI/UIResource/UITexture/Common_Icon/Icon_Item_Weapon/icon_wpn_AX_Muon_001.icon_wpn_AX_Muon_001,,1000028,True,False,False,False,0,Machado do Sentinela,Rifle Piercing de Karis
1000029,Item_Name_1000029,Item_Desc_1000029,False,1000029,True,False,True,[],1,1,2,1,6,20001,1,5,0,0,0,0,0,0,False,1,100,10,0,0,1000029,0,33,16,38,4,0,0,155,4,0,0,0,0,0,0,0,0,0,0,0,0,0,0,0,0,0,0,0,0,0,0,0,0,0,0,2000111,0,0,0,0,2001,0,0,0,0,,0,/Game/Streaming/ArtAsset/UI/UIResource/UITexture/Common_Icon/Icon_Item_Weapon/icon_wpn_AX_Polariton_001.icon_wpn_AX_Polariton_001,,1000029,True,False,False,False,0,Machado do Executor,Rifle Broaden de Tanya
1000030,Item_Name_1000030,Item_Desc_1000030,False,1000030,True,False,True,[],1,1,1,1,7,20001,1,6,0,0,0,0,0,0,False,1,100,10,0,0,1000030,0,33,12,0,0,0,0,0,0,0,0,0,0,0,0,0,0,0,0,0,0,0,0,0,0,0,0,0,0,0,0,0,0,0,0,2000111,0,0,0,0,2001,0,0,0,0,,0,/Game/Streaming/ArtAsset/UI/UIResource/UITexture/Common_Icon/Icon_Item_Weapon/icon_wpn_MG_Vibro_001.icon_wpn_MG_Vibro_001,,1000030,True,False,False,False,0,Arma de Força do Praticante,Lâmina do Praticante
1000031,Item_Name_1000031,Item_Desc_1000031,False,1000031,True,False,True,[],1,1,1,1,7,20001,1,6,0,0,0,0,0,0,False,1,100,10,0,0,1000031,0,33,12,38,2,0,0,75,3,0,0,0,0,0,0,0,0,0,0,0,0,0,0,0,0,0,0,0,0,0,0,0,0,0,0,2000111,0,0,0,0,2001,0,0,0,0,,0,/Game/Streaming/ArtAsset/UI/UIResource/UITexture/Common_Icon/Icon_Item_Weapon/icon_wpn_MG_Fermion_001.icon_wpn_MG_Fermion_001,,1000031,True,False,False,False,0,Arma de Força do Mercenário,Lâmina do Mercenário
1000032,Item_Name_1000032,Item_Desc_1000032,False,1000032,True,False,True,[],1,1,1,1,7,20001,1,6,0,0,0,0,0,0,False,1,100,10,0,0,1000032,0,33,12,38,2,0,0,168,50,0,0,0,0,0,0,0,0,0,0,0,0,0,0,0,0,0,0,0,0,0,0,0,0,0,0,2000111,0,0,0,0,2001,0,0,0,0,,0,/Game/Streaming/ArtAsset/UI/UIResource/UITexture/Common_Icon/Icon_Item_Weapon/icon_wpn_MG_Photon_001.icon_wpn_MG_Photon_001,,1000032,True,False,False,False,0,Arma de Força do Errante,Lâmina do Errante
1000033,Item_Name_1000033,Item_Desc_1000033,False,1000033,True,False,True,[],1,1,2,1,7,20001,1,6,0,0,0,0,0,0,False,1,100,10,0,0,1000033,0,33,16,38,4,0,0,164,100,0,0,0,0,0,0,0,0,0,0,0,0,0,0,0,0,0,0,0,0,0,0,0,0,0,0,2000111,0,0,0,0,2001,0,0,0,0,,0,/Game/Streaming/ArtAsset/UI/UIResource/UITexture/Common_Icon/Icon_Item_Weapon/icon_wpn_MG_Magneta_001.icon_wpn_MG_Magneta_001,,1000033,True,False,False,False,0,Arma de Força do Especialista,Lâmina do Especialista
1000034,Item_Name_1000034,Item_Desc_1000034,False,1000034,True,False,True,[],1,1,2,1,7,20001,1,6,0,0,0,0,0,0,False,1,100,10,0,0,1000034,0,33,16,38,4,0,0,93,2,0,0,0,0,0,0,0,0,0,0,0,0,0,0,0,0,0,0,0,0,0,0,0,0,0,0,2000111,0,0,0,0,2001,0,0,0,0,,0,/Game/Streaming/ArtAsset/UI/UIResource/UITexture/Common_Icon/Icon_Item_Weapon/icon_wpn_MG_Muon_001.icon_wpn_MG_Muon_001,,1000034,True,False,False,False,0,Arma de Força do Sentinela,Lâmina do Sentinela
1000035,Item_Name_1000035,Item_Desc_1000035,False,1000035,True,False,True,[],1,1,2,1,7,20001,1,6,0,0,0,0,0,0,False,1,100,10,0,0,1000035,0,33,16,38,4,0,0,156,4,0,0,0,0,0,0,0,0,0,0,0,0,0,0,0,0,0,0,0,0,0,0,0,0,0,0,2000111,0,0,0,0,2001,0,0,0,0,,0,/Game/Streaming/ArtAsset/UI/UIResource/UITexture/Common_Icon/Icon_Item_Weapon/icon_wpn_MG_Polariton_001.icon_wpn_MG_Polariton_001,,1000035,True,False,False,False,0,Arma de Força do Executor,Lâmina do Executor
1000036,Item_Name_1000036,Item_Desc_1000036,False,1000036,True,False,True,[],2,1,1,1,2,20001,1,1,0,0,0,0,0,0,False,1,500,10,0,0,1000036,0,33,32,38,6,79,6,120,100,0,0,0,0,0,0,0,0,0,0,0,0,0,0,0,0,0,0,0,0,0,0,0,0,0,0,2000211,0,0,0,0,3001,0,0,0,0,,0,/Game/Streaming/ArtAsset/UI/UIResource/UITexture/Common_Icon/Icon_Item_Weapon/icon_wpn_RF_Prism_001.icon_wpn_RF_Prism_001,,1000036,True,False,False,False,0,Rifle Prism,Lâmina Prism
1000037,Item_Name_1000037,Item_Desc_1000037,False,1000037,True,False,True,[],2,1,1,1,2,20001,1,1,0,0,0,0,0,0,False,1,500,10,0,0,1000037,0,33,32,38,6,79,6,155,4,0,0,0,0,0,0,0,0,0,0,0,0,0,0,0,0,0,0,0,0,0,0,0,0,0,0,2000211,0,0,0,0,3001,0,0,0,0,,0,/Game/Streaming/ArtAsset/UI/UIResource/UITexture/Common_Icon/Icon_Item_Weapon/icon_wpn_RF_Weyl_001.icon_wpn_RF_Weyl_001,,1000037,True,False,False,False,0,Rifle Weyl,Lâmina Weyl
1000038,Item_Name_1000038,Item_Desc_1000038,False,1000038,True,False,True,[],2,1,1,1,2,20001,1,1,0,0,0,0,0,0,False,1,500,10,0,0,1000038,0,33,32,38,6,79,6,147,6,0,0,0,0,0,0,0,0,0,0,0,0,0,0,0,0,0,0,0,0,0,0,0,0,0,0,2000211,0,0,0,0,3001,0,0,0,0,,0,/Game/Streaming/ArtAsset/UI/UIResource/UITexture/Common_Icon/Icon_Item_Weapon/icon_wpn_RF_Scalar_001.icon_wpn_RF_Scalar_001,,1000038,True,False,False,False,0,Rifle Scalar,Lâmina Scalar
1000039,Item_Name_1000039,Item_Desc_1000039,False,1000039,True,False,True,[],2,1,2,1,2,20001,1,1,0,0,0,0,0,0,False,1,500,10,0,0,1000039,0,33,36,38,8,79,8,102,6,0,0,0,0,0,0,0,0,0,0,0,0,0,0,0,0,0,0,0,0,0,0,0,0,0,0,2000211,0,0,0,0,3001,0,0,0,0,,0,/Game/Streaming/ArtAsset/UI/UIResource/UITexture/Common_Icon/Icon_Item_Weapon/icon_wpn_RF_Eclipse_001.icon_wpn_RF_Eclipse_001,,1000039,True,False,False,False,0,Rifle Eclipse,Lâmina Eclipse
1000040,Item_Name_1000040,Item_Desc_1000040,False,1000040,True,False,True,[],2,1,2,1,2,20001,1,1,0,0,0,0,0,0,False,1,500,10,0,0,1000040,0,33,36,38,8,79,8,96,10,0,0,0,0,0,0,0,0,0,0,0,0,0,0,0,0,0,0,0,0,0,0,0,0,0,0,2000211,0,0,0,0,3001,0,0,0,0,,0,/Game/Streaming/ArtAsset/UI/UIResource/UITexture/Common_Icon/Icon_Item_Weapon/icon_wpn_RF_Etendue_001.icon_wpn_RF_Etendue_001,,1000040,True,False,False,False,0,Rifle Etendue,Lâmina Etendue
1000041,Item_Name_1000041,Item_Desc_1000041,False,1000041,True,False,True,[],2,1,3,1,2,20001,1,1,0,0,0,0,0,0,False,1,500,10,0,0,1000041,0,33,40,38,10,79,10,93,3,0,0,0,0,0,0,0,0,0,0,0,0,0,0,0,0,0,0,0,0,0,0,0,0,0,0,2000211,0,0,0,0,3001,0,0,0,0,,0,/Game/Streaming/ArtAsset/UI/UIResource/UITexture/Common_Icon/Icon_Item_Weapon/icon_wpn_RF_Kilonova_001.icon_wpn_RF_Kilonova_001,,1000041,True,False,False,False,0,Rifle Kilonova,Lâmina Kilonova
1000042,Item_Name_1000042,Item_Desc_1000042,False,1000042,True,False,True,[],2,1,3,1,2,20001,1,1,0,0,0,0,0,0,False,1,500,10,0,0,1000042,0,33,40,38,10,79,10,155,10,0,0,0,0,0,0,0,0,0,0,0,0,0,0,0,0,0,0,0,0,0,0,0,0,0,0,2000211,0,0,0,0,3001,0,0,0,0,,0,/Game/Streaming/ArtAsset/UI/UIResource/UITexture/Common_Icon/Icon_Item_Weapon/icon_wpn_RF_Magnox_001.icon_wpn_RF_Magnox_001,,1000042,True,False,False,False,0,Rifle Magnox,Lâmina Magnox
1000043,Item_Name_1000043,Item_Desc_1000043,False,1000043,True,False,True,[],2,1,1,1,3,20001,1,2,0,0,0,0,0,0,False,1,500,10,0,0,1000043,0,33,32,38,6,77,6,123,100,0,0,0,0,0,0,0,0,0,0,0,0,0,0,0,0,0,0,0,0,0,0,0,0,0,0,2000211,0,0,0,0,3001,0,0,0,0,,0,/Game/Streaming/ArtAsset/UI/UIResource/UITexture/Common_Icon/Icon_Item_Weapon/icon_wpn_BL_Prism_001.icon_wpn_BL_Prism_001,,1000043,True,False,False,False,0,Lâmina Prism,Lâmina de Combate Specter
1000044,Item_Name_1000044,Item_Desc_1000044,False,1000044,True,False,True,[],2,1,1,1,3,20001,1,2,0,0,0,0,0,0,False,1,500,10,0,0,1000044,0,33,32,38,6,77,6,155,4,0,0,0,0,0,0,0,0,0,0,0,0,0,0,0,0,0,0,0,0,0,0,0,0,0,0,2000211,0,0,0,0,3001,0,0,0,0,,0,/Game/Streaming/ArtAsset/UI/UIResource/UITexture/Common_Icon/Icon_Item_Weapon/icon_wpn_BL_Weyl_001.icon_wpn_BL_Weyl_001,,1000044,True,False,False,False,0,Lâmina Weyl,Lâmina de Combate Retícula
1000045,Item_Name_1000045,Item_Desc_1000045,False,1000045,True,False,True,[],2,1,1,1,3,20001,1,2,0,0,0,0,0,0,False,1,500,10,0,0,1000045,0,33,32,38,6,77,6,147,6,0,0,0,0,0,0,0,0,0,0,0,0,0,0,0,0,0,0,0,0,0,0,0,0,0,0,2000211,0,0,0,0,3001,0,0,0,0,,0,/Game/Streaming/ArtAsset/UI/UIResource/UITexture/Common_Icon/Icon_Item_Weapon/icon_wpn_BL_Scalar_001.icon_wpn_BL_Scalar_001,,1000045,True,False,False,False,0,Lâmina Scalar,Lâmina de Combate Eminência
1000046,Item_Name_1000046,Item_Desc_1000046,False,1000046,True,False,True,[],2,1,2,1,3,20001,1,2,0,0,0,0,0,0,False,1,500,10,0,0,1000046,0,33,36,38,8,77,8,102,6,0,0,0,0,0,0,0,0,0,0,0,0,0,0,0,0,0,0,0,0,0,0,0,0,0,0,2000211,0,0,0,0,3001,0,0,0,0,,0,/Game/Streaming/ArtAsset/UI/UIResource/UITexture/Common_Icon/Icon_Item_Weapon/icon_wpn_BL_Eclipse_001.icon_wpn_BL_Eclipse_001,,1000046,True,False,False,False,0,Lâmina Eclipse,Lâmina de Combate Sigma
1000047,Item_Name_1000047,Item_Desc_1000047,False,1000047,True,False,True,[],2,1,2,1,3,20001,1,2,0,0,0,0,0,0,False,1,500,10,0,0,1000047,0,33,36,38,8,77,8,10,10,0,0,0,0,0,0,0,0,0,0,0,0,0,0,0,0,0,0,0,0,0,0,0,0,0,0,2000211,0,0,0,0,3001,0,0,0,0,,0,/Game/Streaming/ArtAsset/UI/UIResource/UITexture/Common_Icon/Icon_Item_Weapon/icon_wpn_BL_Etendue_001.icon_wpn_BL_Etendue_001,,1000047,True,False,False,False,0,Lâmina Etendue,Lâmina de Combate Xenon
1000048,Item_Name_1000048,Item_Desc_1000048,False,1000048,True,False,True,[],2,1,3,1,3,20001,1,2,0,0,0,0,0,0,False,1,500,10,0,0,1000048,0,33,40,38,10,77,10,93,3,0,0,0,0,0,0,0,0,0,0,0,0,0,0,0,0,0,0,0,0,0,0,0,0,0,0,2000211,0,0,0,0,3001,0,0,0,0,,0,/Game/Streaming/ArtAsset/UI/UIResource/UITexture/Common_Icon/Icon_Item_Weapon/icon_wpn_BL_Kilonova_001.icon_wpn_BL_Kilonova_001,,1000048,True,False,False,False,0,Lâmina Kilonova,Lâmina de Combate Anathema
1000049,Item_Name_1000049,Item_Desc_1000049,False,1000049,True,False,True,[],2,1,3,1,3,20001,1,2,0,0,0,0,0,0,False,1,500,10,0,0,1000049,0,33,40,38,10,77,10,155,10,0,0,0,0,0,0,0,0,0,0,0,0,0,0,0,0,0,0,0,0,0,0,0,0,0,0,2000211,0,0,0,0,3001,0,0,0,0,,0,/Game/Streaming/ArtAsset/UI/UIResource/UITexture/Common_Icon/Icon_Item_Weapon/icon_wpn_BL_Magnox_001.icon_wpn_BL_Magnox_001,,1000049,True,False,False,False,0,Lâmina Magnox,Lâmina de Combate Void
1000050,Item_Name_1000050,Item_Desc_1000050,False,1000050,True,False,True,[],2,1,1,1,4,20001,1,3,0,0,0,0,0,0,False,1,500,10,0,0,1000050,0,33,32,38,6,77,6,115,100,0,0,0,0,0,0,0,0,0,0,0,0,0,0,0,0,0,0,0,0,0,0,0,0,0,0,2000211,0,0,0,0,3001,0,0,0,0,,0,/Game/Streaming/ArtAsset/UI/UIResource/UITexture/Common_Icon/Icon_Item_Weapon/icon_wpn_SW_Prism_001.icon_wpn_SW_Prism_001,,1000050,True,False,False,False,0,Espada e Escudo Prism,Lâmina de Combate Dekabris
1000051,Item_Name_1000051,Item_Desc_1000051,False,1000051,True,False,True,[],2,1,1,1,4,20001,1,3,0,0,0,0,0,0,False,1,500,10,0,0,1000051,0,33,32,38,6,77,6,156,4,0,0,0,0,0,0,0,0,0,0,0,0,0,0,0,0,0,0,0,0,0,0,0,0,0,0,2000211,0,0,0,0,3001,0,0,0,0,,0,/Game/Streaming/ArtAsset/UI/UIResource/UITexture/Common_Icon/Icon_Item_Weapon/icon_wpn_SW_Weyl_001.icon_wpn_SW_Weyl_001,,1000051,True,False,False,False,0,Espada e Escudo Weyl,Lâmina Pallacia do Executor
1000052,Item_Name_1000052,Item_Desc_1000052,False,1000052,True,False,True,[],2,1,1,1,4,20001,1,3,0,0,0,0,0,0,False,1,500,10,0,0,1000052,0,33,32,38,6,77,6,147,6,0,0,0,0,0,0,0,0,0,0,0,0,0,0,0,0,0,0,0,0,0,0,0,0,0,0,2000211,0,0,0,0,3001,0,0,0,0,,0,/Game/Streaming/ArtAsset/UI/UIResource/UITexture/Common_Icon/Icon_Item_Weapon/icon_wpn_SW_Scalar_001.icon_wpn_SW_Scalar_001,,1000052,True,False,False,False,0,Espada e Escudo Scalar,Lâmina Oblivion do Juiz
1000053,Item_Name_1000053,Item_Desc_1000053,False,1000053,True,False,True,[],2,1,2,1,4,20001,1,3,0,0,0,0,0,0,False,1,500,10,0,0,1000053,0,33,36,38,8,77,8,102,6,0,0,0,0,0,0,0,0,0,0,0,0,0,0,0,0,0,0,0,0,0,0,0,0,0,0,2000211,0,0,0,0,3001,0,0,0,0,,0,/Game/Streaming/ArtAsset/UI/UIResource/UITexture/Common_Icon/Icon_Item_Weapon/icon_wpn_SW_Eclipse_001.icon_wpn_SW_Eclipse_001,,1000053,True,False,False,False,0,Espada e Escudo Eclipse,Lâmina Erebus do Pioneiro
1000054,Item_Name_1000054,Item_Desc_1000054,False,1000054,True,False,True,[],2,1,2,1,4,20001,1,3,0,0,0,0,0,0,False,1,500,10,0,0,1000054,0,33,36,38,8,77,8,70,300,0,0,0,0,0,0,0,0,0,0,0,0,0,0,0,0,0,0,0,0,0,0,0,0,0,0,2000211,0,0,0,0,3001,0,0,0,0,,0,/Game/Streaming/ArtAsset/UI/UIResource/UITexture/Common_Icon/Icon_Item_Weapon/icon_wpn_SW_Etendue_001.icon_wpn_SW_Etendue_001,,1000054,True,False,False,False,0,Espada e Escudo Etendue,Lâmina Quasar do Comandante
1000055,Item_Name_1000055,Item_Desc_1000055,False,1000055,True,False,True,[],2,1,3,1,4,20001,1,3,0,0,0,0,0,0,False,1,500,10,0,0,1000055,0,33,40,38,10,77,10,93,3,0,0,0,0,0,0,0,0,0,0,0,0,0,0,0,0,0,0,0,0,0,0,0,0,0,0,2000211,0,0,0,0,3001,0,0,0,0,,0,/Game/Streaming/ArtAsset/UI/UIResource/UITexture/Common_Icon/Icon_Item_Weapon/icon_wpn_SW_Kilonova_001.icon_wpn_SW_Kilonova_001,,1000055,True,False,False,False,0,Espada e Escudo Kilonova,Lâmina Starburst do Soberano
1000056,Item_Name_1000056,Item_Desc_1000056,False,1000056,True,False,True,[],2,1,3,1,4,20001,1,3,0,0,0,0,0,0,False,1,500,10,0,0,1000056,0,33,40,38,10,77,10,156,10,0,0,0,0,0,0,0,0,0,0,0,0,0,0,0,0,0,0,0,0,0,0,0,0,0,0,2000211,0,0,0,0,3001,0,0,0,0,,0,/Game/Streaming/ArtAsset/UI/UIResource/UITexture/Common_Icon/Icon_Item_Weapon/icon_wpn_SW_Magnox_001.icon_wpn_SW_Magnox_001,,1000056,True,False,False,False,0,Espada e Escudo Magnox,Lâmina Enigma do Dominador
1000057,Item_Name_1000057,Item_Desc_1000057,False,1000057,True,False,True,[],2,1,1,1,5,20001,1,4,0,0,0,0,0,0,False,1,500,10,0,0,1000057,0,33,32,38,6,79,6,113,100,0,0,0,0,0,0,0,0,0,0,0,0,0,0,0,0,0,0,0,0,0,0,0,0,0,0,2000211,0,0,0,0,3001,0,0,0,0,,0,/Game/Streaming/ArtAsset/UI/UIResource/UITexture/Common_Icon/Icon_Item_Weapon/icon_wpn_GL_Prism_001.icon_wpn_GL_Prism_001,,1000057,True,False,False,False,0,Carregador de Força Prism,Lâmina do Vencedor da Guerra de Cerco
1000058,Item_Name_1000058,Item_Desc_1000058,False,1000058,True,False,True,[],2,1,1,1,5,20001,1,4,0,0,0,0,0,0,False,1,500,10,0,0,1000058,0,33,32,38,6,79,6,156,4,0,0,0,0,0,0,0,0,0,0,0,0,0,0,0,0,0,0,0,0,0,0,0,0,0,0,2000211,0,0,0,0,3001,0,0,0,0,,0,/Game/Streaming/ArtAsset/UI/UIResource/UITexture/Common_Icon/Icon_Item_Weapon/icon_wpn_GL_Weyl_001.icon_wpn_GL_Weyl_001,,1000058,True,False,False,False,0,Carregador de Força Weyl,Lâmina Placid de Karis
1000059,Item_Name_1000059,Item_Desc_1000059,False,1000059,True,False,True,[],2,1,1,1,5,20001,1,4,0,0,0,0,0,0,False,1,500,10,0,0,1000059,0,33,32,38,6,79,6,147,6,0,0,0,0,0,0,0,0,0,0,0,0,0,0,0,0,0,0,0,0,0,0,0,0,0,0,2000211,0,0,0,0,3001,0,0,0,0,,0,/Game/Streaming/ArtAsset/UI/UIResource/UITexture/Common_Icon/Icon_Item_Weapon/icon_wpn_GL_Scalar_001.icon_wpn_GL_Scalar_001,,1000059,True,False,False,False,0,Carregador de Força Scalar,Lâmina Sly de Tanya
1000060,Item_Name_1000060,Item_Desc_1000060,False,1000060,True,False,True,[],2,1,2,1,5,20001,1,4,0,0,0,0,0,0,False,1,500,10,0,0,1000060,0,33,36,38,8,79,8,102,6,0,0,0,0,0,0,0,0,0,0,0,0,0,0,0,0,0,0,0,0,0,0,0,0,0,0,2000211,0,0,0,0,3001,0,0,0,0,,0,/Game/Streaming/ArtAsset/UI/UIResource/UITexture/Common_Icon/Icon_Item_Weapon/icon_wpn_GL_Eclipse_001.icon_wpn_GL_Eclipse_001,,1000060,True,False,False,False,0,Carregador de Força Eclipse,Espada e Escudo do Praticante
1000061,Item_Name_1000061,Item_Desc_1000061,False,1000061,True,False,True,[],2,1,2,1,5,20001,1,4,0,0,0,0,0,0,False,1,500,10,0,0,1000061,0,33,36,38,8,79,8,97,8,0,0,0,0,0,0,0,0,0,0,0,0,0,0,0,0,0,0,0,0,0,0,0,0,0,0,2000211,0,0,0,0,3001,0,0,0,0,,0,/Game/Streaming/ArtAsset/UI/UIResource/UITexture/Common_Icon/Icon_Item_Weapon/icon_wpn_GL_Etendue_001.icon_wpn_GL_Etendue_001,,1000061,True,False,False,False,0,Carregador de Força Etendue,Espada e Escudo do Mercenário
1000062,Item_Name_1000062,Item_Desc_1000062,False,1000062,True,False,True,[],2,1,3,1,5,20001,1,4,0,0,0,0,0,0,False,1,500,10,0,0,1000062,0,33,40,38,10,79,10,93,3,0,0,0,0,0,0,0,0,0,0,0,0,0,0,0,0,0,0,0,0,0,0,0,0,0,0,2000211,0,0,0,0,3001,0,0,0,0,,0,/Game/Streaming/ArtAsset/UI/UIResource/UITexture/Common_Icon/Icon_Item_Weapon/icon_wpn_GL_Kilonova_001.icon_wpn_GL_Kilonova_001,,1000062,True,False,False,False,0,Carregador de Força Kilonova,Espada e Escudo do Errante
1000063,Item_Name_1000063,Item_Desc_1000063,False,1000063,True,False,True,[],2,1,3,1,5,20001,1,4,0,0,0,0,0,0,False,1,500,10,0,0,1000063,0,33,40,38,10,79,10,156,10,0,0,0,0,0,0,0,0,0,0,0,0,0,0,0,0,0,0,0,0,0,0,0,0,0,0,2000211,0,0,0,0,3001,0,0,0,0,,0,/Game/Streaming/ArtAsset/UI/UIResource/UITexture/Common_Icon/Icon_Item_Weapon/icon_wpn_GL_Magnox_001.icon_wpn_GL_Magnox_001,,1000063,True,False,False,False,0,Carregador de Força Magnox,Espada e Escudo do Especialista
1000064,Item_Name_1000064,Item_Desc_1000064,False,1000064,True,False,True,[],2,1,1,1,6,20001,1,5,0,0,0,0,0,0,False,1,500,10,0,0,1000064,0,33,32,38,6,75,6,113,100,0,0,0,0,0,0,0,0,0,0,0,0,0,0,0,0,0,0,0,0,0,0,0,0,0,0,2000211,0,0,0,0,3001,0,0,0,0,,0,/Game/Streaming/ArtAsset/UI/UIResource/UITexture/Common_Icon/Icon_Item_Weapon/icon_wpn_AX_Prism_001.icon_wpn_AX_Prism_001,,1000064,True,False,False,False,0,Machado Prism,Espada e Escudo do Sentinela
1000065,Item_Name_1000065,Item_Desc_1000065,False,1000065,True,False,True,[],2,1,1,1,6,20001,1,5,0,0,0,0,0,0,False,1,500,10,0,0,1000065,0,33,32,38,6,75,6,155,4,0,0,0,0,0,0,0,0,0,0,0,0,0,0,0,0,0,0,0,0,0,0,0,0,0,0,2000211,0,0,0,0,3001,0,0,0,0,,0,/Game/Streaming/ArtAsset/UI/UIResource/UITexture/Common_Icon/Icon_Item_Weapon/icon_wpn_AX_Weyl_001.icon_wpn_AX_Weyl_001,,1000065,True,False,False,False,0,Machado Weyl,Espada e Escudo do Executor
1000066,Item_Name_1000066,Item_Desc_1000066,False,1000066,True,False,True,[],2,1,1,1,6,20001,1,5,0,0,0,0,0,0,False,1,500,10,0,0,1000066,0,33,32,38,6,75,6,147,6,0,0,0,0,0,0,0,0,0,0,0,0,0,0,0,0,0,0,0,0,0,0,0,0,0,0,2000211,0,0,0,0,3001,0,0,0,0,,0,/Game/Streaming/ArtAsset/UI/UIResource/UITexture/Common_Icon/Icon_Item_Weapon/icon_wpn_AX_Scalar_001.icon_wpn_AX_Scalar_001,,1000066,True,False,False,False,0,Machado Scalar,Espada e Escudo Prism
1000067,Item_Name_1000067,Item_Desc_1000067,False,1000067,True,False,True,[],2,1,2,1,6,20001,1,5,0,0,0,0,0,0,False,1,500,10,0,0,1000067,0,33,36,38,8,75,8,102,6,0,0,0,0,0,0,0,0,0,0,0,0,0,0,0,0,0,0,0,0,0,0,0,0,0,0,2000211,0,0,0,0,3001,0,0,0,0,,0,/Game/Streaming/ArtAsset/UI/UIResource/UITexture/Common_Icon/Icon_Item_Weapon/icon_wpn_AX_Eclipse_001.icon_wpn_AX_Eclipse_001,,1000067,True,False,False,False,0,Machado Eclipse,Espada e Escudo Weyl
1000068,Item_Name_1000068,Item_Desc_1000068,False,1000068,True,False,True,[],2,1,2,1,6,20001,1,5,0,0,0,0,0,0,False,1,500,10,0,0,1000068,0,33,36,38,8,75,8,141,300,0,0,0,0,0,0,0,0,0,0,0,0,0,0,0,0,0,0,0,0,0,0,0,0,0,0,2000211,0,0,0,0,3001,0,0,0,0,,0,/Game/Streaming/ArtAsset/UI/UIResource/UITexture/Common_Icon/Icon_Item_Weapon/icon_wpn_AX_Etendue_001.icon_wpn_AX_Etendue_001,,1000068,True,False,False,False,0,Machado Etendue,Espada e Escudo Scalar
1000069,Item_Name_1000069,Item_Desc_1000069,False,1000069,True,False,True,[],2,1,3,1,6,20001,1,5,0,0,0,0,0,0,False,1,500,10,0,0,1000069,0,33,40,38,10,75,10,93,3,0,0,0,0,0,0,0,0,0,0,0,0,0,0,0,0,0,0,0,0,0,0,0,0,0,0,2000211,0,0,0,0,3001,0,0,0,0,,0,/Game/Streaming/ArtAsset/UI/UIResource/UITexture/Common_Icon/Icon_Item_Weapon/icon_wpn_AX_Kilonova_001.icon_wpn_AX_Kilonova_001,,1000069,True,False,False,False,0,Machado Kilonova,Espada e Escudo Eclipse
1000070,Item_Name_1000070,Item_Desc_1000070,False,1000070,True,False,True,[],2,1,3,1,6,20001,1,5,0,0,0,0,0,0,False,1,500,10,0,0,1000070,0,33,40,38,10,75,10,155,10,0,0,0,0,0,0,0,0,0,0,0,0,0,0,0,0,0,0,0,0,0,0,0,0,0,0,2000211,0,0,0,0,3001,0,0,0,0,,0,/Game/Streaming/ArtAsset/UI/UIResource/UITexture/Common_Icon/Icon_Item_Weapon/icon_wpn_AX_Magnox_001.icon_wpn_AX_Magnox_001,,1000070,True,False,False,False,0,Machado Magnox,Espada e Escudo Etendue
1000071,Item_Name_1000071,Item_Desc_1000071,False,1000071,True,False,True,[],2,1,1,1,7,20001,1,6,0,0,0,0,0,0,False,1,500,10,0,0,1000071,0,33,32,38,6,75,6,168,100,0,0,0,0,0,0,0,0,0,0,0,0,0,0,0,0,0,0,0,0,0,0,0,0,0,0,2000211,0,0,0,0,3001,0,0,0,0,,0,/Game/Streaming/ArtAsset/UI/UIResource/UITexture/Common_Icon/Icon_Item_Weapon/icon_wpn_MG_Prism_001.icon_wpn_MG_Prism_001,,1000071,True,False,False,False,0,Arma de Força Prism,Espada e Escudo Kilonova
1000072,Item_Name_1000072,Item_Desc_1000072,False,1000072,True,False,True,[],2,1,1,1,7,20001,1,6,0,0,0,0,0,0,False,1,500,10,0,0,1000072,0,33,32,38,6,75,6,156,4,0,0,0,0,0,0,0,0,0,0,0,0,0,0,0,0,0,0,0,0,0,0,0,0,0,0,2000211,0,0,0,0,3001,0,0,0,0,,0,/Game/Streaming/ArtAsset/UI/UIResource/UITexture/Common_Icon/Icon_Item_Weapon/icon_wpn_MG_Weyl_001.icon_wpn_MG_Weyl_001,,1000072,True,False,False,False,0,Arma de Força Weyl,Espada e Escudo Magnox
1000073,Item_Name_1000073,Item_Desc_1000073,False,1000073,True,False,True,[],2,1,1,1,7,20001,1,6,0,0,0,0,0,0,False,1,500,10,0,0,1000073,0,33,32,38,6,75,6,147,6,0,0,0,0,0,0,0,0,0,0,0,0,0,0,0,0,0,0,0,0,0,0,0,0,0,0,2000211,0,0,0,0,3001,0,0,0,0,,0,/Game/Streaming/ArtAsset/UI/UIResource/UITexture/Common_Icon/Icon_Item_Weapon/icon_wpn_MG_Scalar_001.icon_wpn_MG_Scalar_001,,1000073,True,False,False,False,0,Arma de Força Scalar,Espada e Escudo de Combate Specter
1000074,Item_Name_1000074,Item_Desc_1000074,False,1000074,True,False,True,[],2,1,2,1,7,20001,1,6,0,0,0,0,0,0,False,1,500,10,0,0,1000074,0,33,36,38,8,75,8,102,6,0,0,0,0,0,0,0,0,0,0,0,0,0,0,0,0,0,0,0,0,0,0,0,0,0,0,2000211,0,0,0,0,3001,0,0,0,0,,0,/Game/Streaming/ArtAsset/UI/UIResource/UITexture/Common_Icon/Icon_Item_Weapon/icon_wpn_MG_Eclipse_001.icon_wpn_MG_Eclipse_001,,1000074,True,False,False,False,0,Arma de Força Eclipse,Espada e Escudo de Combate Retícula
1000075,Item_Name_1000075,Item_Desc_1000075,False,1000075,True,False,True,[],2,1,2,1,7,20001,1,6,0,0,0,0,0,0,False,1,500,10,0,0,1000075,0,33,36,38,8,75,8,164,300,0,0,0,0,0,0,0,0,0,0,0,0,0,0,0,0,0,0,0,0,0,0,0,0,0,0,2000211,0,0,0,0,3001,0,0,0,0,,0,/Game/Streaming/ArtAsset/UI/UIResource/UITexture/Common_Icon/Icon_Item_Weapon/icon_wpn_MG_Etendue_001.icon_wpn_MG_Etendue_001,,1000075,True,False,False,False,0,Arma de Força Etendue,Espada e Escudo de Combate Eminência
1000076,Item_Name_1000076,Item_Desc_1000076,False,1000076,True,False,True,[],2,1,3,1,7,20001,1,6,0,0,0,0,0,0,False,1,500,10,0,0,1000076,0,33,40,38,10,75,10,93,3,0,0,0,0,0,0,0,0,0,0,0,0,0,0,0,0,0,0,0,0,0,0,0,0,0,0,2000211,0,0,0,0,3001,0,0,0,0,,0,/Game/Streaming/ArtAsset/UI/UIResource/UITexture/Common_Icon/Icon_Item_Weapon/icon_wpn_MG_Kilonova_001.icon_wpn_MG_Kilonova_001,,1000076,True,False,False,False,0,Arma de Força Kilonova,Espada e Escudo de Combate Sigma
1000077,Item_Name_1000077,Item_Desc_1000077,False,1000077,True,False,True,[],2,1,3,1,7,20001,1,6,0,0,0,0,0,0,False,1,500,10,0,0,1000077,0,33,40,38,10,75,10,156,10,0,0,0,0,0,0,0,0,0,0,0,0,0,0,0,0,0,0,0,0,0,0,0,0,0,0,2000211,0,0,0,0,3001,0,0,0,0,,0,/Game/Streaming/ArtAsset/UI/UIResource/UITexture/Common_Icon/Icon_Item_Weapon/icon_wpn_MG_Magnox_001.icon_wpn_MG_Magnox_001,,1000077,True,False,False,False,0,Arma de Força Magnox,Espada e Escudo de Combate Xenon
1000078,Item_Name_1000078,Item_Desc_1000078,False,1000078,True,False,True,[],3,1,1,1,2,20001,1,1,0,0,0,0,0,0,False,1,2500,10,0,0,1000078,0,33,60,38,14,79,16,96,16,147,8,0,0,0,0,0,0,0,0,0,0,0,0,0,0,0,0,0,0,0,0,0,0,0,0,2001311,0,1001,1000561,10001,4001,0,0,0,0,,0,/Game/Streaming/ArtAsset/UI/UIResource/UITexture/Common_Icon/Icon_Item_Weapon/icon_wpn_RF_Specter_001.icon_wpn_RF_Specter_001,,1000078,True,False,False,False,0,Rifle de Combate Specter,Espada e Escudo de Combate Anathema
1000079,Item_Name_1000079,Item_Desc_1000079,False,1000079,True,False,True,[],3,1,2,1,2,20001,1,1,0,0,0,0,0,0,False,1,2500,10,0,0,1000079,0,33,65,38,19,79,19,96,18,149,8,0,0,0,0,0,0,0,0,0,0,0,0,0,0,0,0,0,0,0,0,0,0,0,0,2002311,0,1002,1000562,10002,4001,0,0,0,0,,0,/Game/Streaming/ArtAsset/UI/UIResource/UITexture/Common_Icon/Icon_Item_Weapon/icon_wpn_RF_Reticle_001.icon_wpn_RF_Reticle_001,,1000079,True,False,False,False,0,Rifle de Combate Retícula,Espada e Escudo de Combate Void
1000080,Item_Name_1000080,Item_Desc_1000080,False,1000080,True,False,True,[],3,1,3,1,2,20001,1,1,0,0,0,0,0,0,False,1,2500,10,0,0,1000080,0,33,72,38,26,79,24,96,20,102,8,0,0,0,0,0,0,0,0,0,0,0,0,0,0,0,0,0,0,0,0,0,0,0,0,2003311,0,1003,1000563,10003,4001,0,0,0,0,,0,/Game/Streaming/ArtAsset/UI/UIResource/UITexture/Common_Icon/Icon_Item_Weapon/icon_wpn_RF_Prominence_001.icon_wpn_RF_Prominence_001,,1000080,True,False,False,False,0,Rifle de Combate Eminência,Espada e Escudo de Combate Dekabris
1000081,Item_Name_1000081,Item_Desc_1000081,False,1000081,True,False,True,[],3,1,4,1,2,20001,1,1,0,0,0,0,0,0,False,1,2500,10,0,0,1000081,0,33,81,38,35,79,31,96,22,39,10,0,0,0,0,0,0,0,0,0,0,0,0,0,0,0,0,0,0,0,0,0,0,0,0,2004311,0,1004,1000564,10004,4001,0,0,0,0,,0,/Game/Streaming/ArtAsset/UI/UIResource/UITexture/Common_Icon/Icon_Item_Weapon/icon_wpn_RF_Sigma_001.icon_wpn_RF_Sigma_001,,1000081,True,False,False,False,0,Rifle de Combate Sigma,Espada e Escudo Pallacia do Executor
1000082,Item_Name_1000082,Item_Desc_1000082,False,1000082,True,False,True,[],3,1,5,1,2,20001,1,1,0,0,0,0,0,0,False,1,2500,10,0,0,1000082,0,33,92,38,46,79,42,96,24,120,200,0,0,0,0,0,0,0,0,0,0,0,0,0,0,0,0,0,0,0,0,0,0,0,0,2005311,0,1005,1000565,10005,4001,0,0,0,0,,0,/Game/Streaming/ArtAsset/UI/UIResource/UITexture/Common_Icon/Icon_Item_Weapon/icon_wpn_RF_Xenon_001.icon_wpn_RF_Xenon_001,,1000082,True,False,False,False,0,Rifle de Combate Xenon,Espada e Escudo Oblivion do Juiz
1000083,Item_Name_1000083,Item_Desc_1000083,False,1000083,True,False,True,[],3,1,6,1,2,20001,1,1,0,0,0,0,0,0,False,1,2500,10,0,0,1000083,0,33,105,38,59,79,57,96,26,100,15,0,0,0,0,0,0,0,0,0,0,0,0,0,0,0,0,0,0,0,0,0,0,0,0,2006311,0,1006,1000566,10006,4002,0,0,0,0,,0,/Game/Streaming/ArtAsset/UI/UIResource/UITexture/Common_Icon/Icon_Item_Weapon/icon_wpn_RF_Anathema_001.icon_wpn_RF_Anathema_001,,1000083,True,False,False,False,0,Rifle de Combate Anathema,Espada e Escudo Erebus do Pioneiro
1000084,Item_Name_1000084,Item_Desc_1000084,False,1000084,True,False,True,[],3,1,7,1,2,20001,1,1,0,0,0,0,0,0,False,1,2500,10,0,0,1000084,0,33,118,38,72,79,72,96,30,100,18,0,0,0,0,0,0,0,0,0,0,0,0,0,0,0,0,0,0,0,0,0,0,0,0,2007311,0,1007,1000567,10007,4002,0,0,0,0,,0,/Game/Streaming/ArtAsset/UI/UIResource/UITexture/Common_Icon/Icon_Item_Weapon/icon_wpn_RF_Void_001.icon_wpn_RF_Void_001,,1000084,True,False,False,False,0,Rifle de Combate Void,Espada e Escudo Quasar do Comandante
1000085,Item_Name_1000085,Item_Desc_1000085,False,1000085,True,False,True,[],3,1,8,1,2,20001,1,1,0,0,0,0,0,0,False,1,2500,10,0,0,1000085,0,33,127,38,80,79,77,96,35,155,21,0,0,0,0,0,0,0,0,0,0,0,0,0,0,0,0,0,0,0,0,0,0,0,0,2008311,0,1008,1000568,10008,4003,0,0,0,0,,0,/Game/Streaming/ArtAsset/UI/UIResource/UITexture/Common_Icon/Icon_Item_Weapon/icon_wpn_RF_Dekabreez_001.icon_wpn_RF_Dekabreez_001,,1000085,True,False,False,False,0,Rifle de Combate Dekabris,Espada e Escudo Starburst do Soberano
1000086,Item_Name_1000086,Item_Desc_1000086,False,1000086,True,False,True,[],3,1,1,1,3,20001,1,2,0,0,0,0,0,0,False,1,2500,10,0,0,1000086,0,33,60,38,14,77,16,10,16,147,8,0,0,0,0,0,0,0,0,0,0,0,0,0,0,0,0,0,0,0,0,0,0,0,0,2001311,0,1001,1000569,10001,4001,0,0,0,0,,0,/Game/Streaming/ArtAsset/UI/UIResource/UITexture/Common_Icon/Icon_Item_Weapon/icon_wpn_BL_Specter_001.icon_wpn_BL_Specter_001,,1000086,True,False,False,False,0,Lâmina de Combate Specter,Espada e Escudo Enigma do Dominador
1000087,Item_Name_1000087,Item_Desc_1000087,False,1000087,True,False,True,[],3,1,2,1,3,20001,1,2,0,0,0,0,0,0,False,1,2500,10,0,0,1000087,0,33,65,38,19,77,19,10,18,149,8,0,0,0,0,0,0,0,0,0,0,0,0,0,0,0,0,0,0,0,0,0,0,0,0,2002311,0,1002,1000570,10002,4001,0,0,0,0,,0,/Game/Streaming/ArtAsset/UI/UIResource/UITexture/Common_Icon/Icon_Item_Weapon/icon_wpn_BL_Reticle_001.icon_wpn_BL_Reticle_001,,1000087,True,False,False,False,0,Lâmina de Combate Retícula,Espada e Escudo do Vencedor da Guerra de Cerco
1000088,Item_Name_1000088,Item_Desc_1000088,False,1000088,True,False,True,[],3,1,3,1,3,20001,1,2,0,0,0,0,0,0,False,1,2500,10,0,0,1000088,0,33,72,38,26,77,24,10,20,102,8,0,0,0,0,0,0,0,0,0,0,0,0,0,0,0,0,0,0,0,0,0,0,0,0,2003311,0,1003,1000571,10003,4001,0,0,0,0,,0,/Game/Streaming/ArtAsset/UI/UIResource/UITexture/Common_Icon/Icon_Item_Weapon/icon_wpn_BL_Prominence_001.icon_wpn_BL_Prominence_001,,1000088,True,False,False,False,0,Lâmina de Combate Eminência,Espada e Escudo Inabalável de Karis
1000089,Item_Name_1000089,Item_Desc_1000089,False,1000089,True,False,True,[],3,1,4,1,3,20001,1,2,0,0,0,0,0,0,False,1,2500,10,0,0,1000089,0,33,81,38,35,77,31,10,22,39,10,0,0,0,0,0,0,0,0,0,0,0,0,0,0,0,0,0,0,0,0,0,0,0,0,2004311,0,1004,1000572,10004,4001,0,0,0,0,,0,/Game/Streaming/ArtAsset/UI/UIResource/UITexture/Common_Icon/Icon_Item_Weapon/icon_wpn_BL_Sigma_001.icon_wpn_BL_Sigma_001,,1000089,True,False,False,False,0,Lâmina de Combate Sigma,Espada e Escudo Divinos de Tanya
1000090,Item_Name_1000090,Item_Desc_1000090,False,1000090,True,False,True,[],3,1,5,1,3,20001,1,2,0,0,0,0,0,0,False,1,2500,10,0,0,1000090,0,33,92,38,46,77,42,10,24,123,200,0,0,0,0,0,0,0,0,0,0,0,0,0,0,0,0,0,0,0,0,0,0,0,0,2005311,0,1005,1000573,10005,4001,0,0,0,0,,0,/Game/Streaming/ArtAsset/UI/UIResource/UITexture/Common_Icon/Icon_Item_Weapon/icon_wpn_BL_Xenon_001.icon_wpn_BL_Xenon_001,,1000090,True,False,False,False,0,Lâmina de Combate Xenon,Carregador de Força do Praticante
1000091,Item_Name_1000091,Item_Desc_1000091,False,1000091,True,False,True,[],3,1,6,1,3,20001,1,2,0,0,0,0,0,0,False,1,2500,10,0,0,1000091,0,33,105,38,59,77,57,10,26,12,500,0,0,0,0,0,0,0,0,0,0,0,0,0,0,0,0,0,0,0,0,0,0,0,0,2006311,0,1006,1000574,10006,4002,0,0,0,0,,0,/Game/Streaming/ArtAsset/UI/UIResource/UITexture/Common_Icon/Icon_Item_Weapon/icon_wpn_BL_Anathema_001.icon_wpn_BL_Anathema_001,,1000091,True,False,False,False,0,Lâmina de Combate Anathema,Carregador de Força do Mercenário
1000092,Item_Name_1000092,Item_Desc_1000092,False,1000092,True,False,True,[],3,1,7,1,3,20001,1,2,0,0,0,0,0,0,False,1,2500,10,0,0,1000092,0,33,118,38,72,77,72,10,30,159,18,0,0,0,0,0,0,0,0,0,0,0,0,0,0,0,0,0,0,0,0,0,0,0,0,2007311,0,1007,1000575,10007,4002,0,0,0,0,,0,/Game/Streaming/ArtAsset/UI/UIResource/UITexture/Common_Icon/Icon_Item_Weapon/icon_wpn_BL_Void_001.icon_wpn_BL_Void_001,,1000092,True,False,False,False,0,Lâmina de Combate Void,Carregador de Força do Errante
1000093,Item_Name_1000093,Item_Desc_1000093,False,1000093,True,False,True,[],3,1,8,1,3,20001,1,2,0,0,0,0,0,0,False,1,2500,10,0,0,1000093,0,33,127,38,80,77,77,97,35,155,21,0,0,0,0,0,0,0,0,0,0,0,0,0,0,0,0,0,0,0,0,0,0,0,0,2008311,0,1008,1000576,10008,4003,0,0,0,0,,0,/Game/Streaming/ArtAsset/UI/UIResource/UITexture/Common_Icon/Icon_Item_Weapon/icon_wpn_BL_Dekabreez_001.icon_wpn_BL_Dekabreez_001,,1000093,True,False,False,False,0,Lâmina de Combate Dekabris,Carregador de Força do Especialista
1000094,Item_Name_1000094,Item_Desc_1000094,False,1000094,True,False,True,[],3,1,1,1,4,20001,1,3,0,0,0,0,0,0,False,1,2500,10,0,0,1000094,0,33,60,38,14,77,16,70,350,147,8,0,0,0,0,0,0,0,0,0,0,0,0,0,0,0,0,0,0,0,0,0,0,0,0,2001311,0,1001,1000577,10001,4001,0,0,0,0,,0,/Game/Streaming/ArtAsset/UI/UIResource/UITexture/Common_Icon/Icon_Item_Weapon/icon_wpn_SW_Specter_001.icon_wpn_SW_Specter_001,,1000094,True,False,False,False,0,Espada e Escudo de Combate Specter,Carregador de Força do Sentinela
1000095,Item_Name_1000095,Item_Desc_1000095,False,1000095,True,False,True,[],3,1,2,1,4,20001,1,3,0,0,0,0,0,0,False,1,2500,10,0,0,1000095,0,33,65,38,19,77,19,70,400,149,8,0,0,0,0,0,0,0,0,0,0,0,0,0,0,0,0,0,0,0,0,0,0,0,0,2002311,0,1002,1000578,10002,4001,0,0,0,0,,0,/Game/Streaming/ArtAsset/UI/UIResource/UITexture/Common_Icon/Icon_Item_Weapon/icon_wpn_SW_Reticle_001.icon_wpn_SW_Reticle_001,,1000095,True,False,False,False,0,Espada e Escudo de Combate Retícula,Carregador de Força do Executor
1000096,Item_Name_1000096,Item_Desc_1000096,False,1000096,True,False,True,[],3,1,3,1,4,20001,1,3,0,0,0,0,0,0,False,1,2500,10,0,0,1000096,0,33,72,38,26,77,24,70,450,102,8,0,0,0,0,0,0,0,0,0,0,0,0,0,0,0,0,0,0,0,0,0,0,0,0,2003311,0,1003,1000579,10003,4001,0,0,0,0,,0,/Game/Streaming/ArtAsset/UI/UIResource/UITexture/Common_Icon/Icon_Item_Weapon/icon_wpn_SW_Prominence_001.icon_wpn_SW_Prominence_001,,1000096,True,False,False,False,0,Espada e Escudo de Combate Eminência,Carregador de Força Prism
1000097,Item_Name_1000097,Item_Desc_1000097,False,1000097,True,False,True,[],3,1,4,1,4,20001,1,3,0,0,0,0,0,0,False,1,2500,10,0,0,1000097,0,33,81,38,35,77,31,70,500,39,10,0,0,0,0,0,0,0,0,0,0,0,0,0,0,0,0,0,0,0,0,0,0,0,0,2004311,0,1004,1000580,10004,4001,0,0,0,0,,0,/Game/Streaming/ArtAsset/UI/UIResource/UITexture/Common_Icon/Icon_Item_Weapon/icon_wpn_SW_Sigma_001.icon_wpn_SW_Sigma_001,,1000097,True,False,False,False,0,Espada e Escudo de Combate Sigma,Carregador de Força Weyl
1000098,Item_Name_1000098,Item_Desc_1000098,False,1000098,True,False,True,[],3,1,5,1,4,20001,1,3,0,0,0,0,0,0,False,1,2500,10,0,0,1000098,0,33,92,38,46,77,42,70,550,115,200,0,0,0,0,0,0,0,0,0,0,0,0,0,0,0,0,0,0,0,0,0,0,0,0,2005311,0,1005,1000581,10005,4001,0,0,0,0,,0,/Game/Streaming/ArtAsset/UI/UIResource/UITexture/Common_Icon/Icon_Item_Weapon/icon_wpn_SW_Xenon_001.icon_wpn_SW_Xenon_001,,1000098,True,False,False,False,0,Espada e Escudo de Combate Xenon,Carregador de Força Scalar
1000099,Item_Name_1000099,Item_Desc_1000099,False,1000099,True,False,True,[],3,1,6,1,4,20001,1,3,0,0,0,0,0,0,False,1,2500,10,0,0,1000099,0,33,105,38,59,77,57,70,600,99,20,0,0,0,0,0,0,0,0,0,0,0,0,0,0,0,0,0,0,0,0,0,0,0,0,2006311,0,1006,1000582,10006,4002,0,0,0,0,,0,/Game/Streaming/ArtAsset/UI/UIResource/UITexture/Common_Icon/Icon_Item_Weapon/icon_wpn_SW_Anathema_001.icon_wpn_SW_Anathema_001,,1000099,True,False,False,False,0,Espada e Escudo de Combate Anathema,Carregador de Força Eclipse
1000100,Item_Name_1000100,Item_Desc_1000100,False,1000100,True,False,True,[],3,1,7,1,4,20001,1,3,0,0,0,0,0,0,False,1,2500,10,0,0,1000100,0,33,118,38,72,77,72,70,700,101,18,0,0,0,0,0,0,0,0,0,0,0,0,0,0,0,0,0,0,0,0,0,0,0,0,2007311,0,1007,1000583,10007,4002,0,0,0,0,,0,/Game/Streaming/ArtAsset/UI/UIResource/UITexture/Common_Icon/Icon_Item_Weapon/icon_wpn_SW_Void_001.icon_wpn_SW_Void_001,,1000100,True,False,False,False,0,Espada e Escudo de Combate Void,Carregador de Força Etendue
1000101,Item_Name_1000101,Item_Desc_1000101,False,1000101,True,False,True,[],3,1,8,1,4,20001,1,3,0,0,0,0,0,0,False,1,2500,10,0,0,1000101,0,33,127,38,80,77,77,70,800,156,21,0,0,0,0,0,0,0,0,0,0,0,0,0,0,0,0,0,0,0,0,0,0,0,0,2008311,0,1008,1000584,10008,4003,0,0,0,0,,0,/Game/Streaming/ArtAsset/UI/UIResource/UITexture/Common_Icon/Icon_Item_Weapon/icon_wpn_SW_Dekabreez_001.icon_wpn_SW_Dekabreez_001,,1000101,True,False,False,False,0,Espada e Escudo de Combate Dekabris,Carregador de Força Kilonova
1000102,Item_Name_1000102,Item_Desc_1000102,False,1000102,True,False,True,[],3,1,1,1,5,20001,1,4,0,0,0,0,0,0,False,1,2500,10,0,0,1000102,0,33,60,38,14,79,16,97,16,147,8,0,0,0,0,0,0,0,0,0,0,0,0,0,0,0,0,0,0,0,0,0,0,0,0,2001311,0,1001,1000585,10001,4001,0,0,0,0,,0,/Game/Streaming/ArtAsset/UI/UIResource/UITexture/Common_Icon/Icon_Item_Weapon/icon_wpn_GL_Specter_001.icon_wpn_GL_Specter_001,,1000102,True,False,False,False,0,Carregador de Força de Combate Specter,Carregador de Força Magnox
1000103,Item_Name_1000103,Item_Desc_1000103,False,1000103,True,False,True,[],3,1,2,1,5,20001,1,4,0,0,0,0,0,0,False,1,2500,10,0,0,1000103,0,33,65,38,19,79,19,97,18,149,8,0,0,0,0,0,0,0,0,0,0,0,0,0,0,0,0,0,0,0,0,0,0,0,0,2002311,0,1002,1000586,10002,4001,0,0,0,0,,0,/Game/Streaming/ArtAsset/UI/UIResource/UITexture/Common_Icon/Icon_Item_Weapon/icon_wpn_GL_Reticle_001.icon_wpn_GL_Reticle_001,,1000103,True,False,False,False,0,Carregador de Força de Combate Retícula,Carregador de Força de Combate Specter
1000104,Item_Name_1000104,Item_Desc_1000104,False,1000104,True,False,True,[],3,1,3,1,5,20001,1,4,0,0,0,0,0,0,False,1,2500,10,0,0,1000104,0,33,72,38,26,79,24,97,20,102,8,0,0,0,0,0,0,0,0,0,0,0,0,0,0,0,0,0,0,0,0,0,0,0,0,2003311,0,1003,1000587,10003,4001,0,0,0,0,,0,/Game/Streaming/ArtAsset/UI/UIResource/UITexture/Common_Icon/Icon_Item_Weapon/icon_wpn_GL_Prominence_001.icon_wpn_GL_Prominence_001,,1000104,True,False,False,False,0,Carregador de Força de Combate Eminência,Carregador de Força de Combate Retícula
1000105,Item_Name_1000105,Item_Desc_1000105,False,1000105,True,False,True,[],3,1,4,1,5,20001,1,4,0,0,0,0,0,0,False,1,2500,10,0,0,1000105,0,33,81,38,35,79,31,97,22,39,10,0,0,0,0,0,0,0,0,0,0,0,0,0,0,0,0,0,0,0,0,0,0,0,0,2004311,0,1004,1000588,10004,4001,0,0,0,0,,0,/Game/Streaming/ArtAsset/UI/UIResource/UITexture/Common_Icon/Icon_Item_Weapon/icon_wpn_GL_Sigma_001.icon_wpn_GL_Sigma_001,,1000105,True,False,False,False,0,Carregador de Força de Combate Sigma,Carregador de Força de Combate Eminência
1000106,Item_Name_1000106,Item_Desc_1000106,False,1000106,True,False,True,[],3,1,5,1,5,20001,1,4,0,0,0,0,0,0,False,1,2500,10,0,0,1000106,0,33,92,38,46,79,42,97,24,113,200,0,0,0,0,0,0,0,0,0,0,0,0,0,0,0,0,0,0,0,0,0,0,0,0,2005311,0,1005,1000589,10005,4001,0,0,0,0,,0,/Game/Streaming/ArtAsset/UI/UIResource/UITexture/Common_Icon/Icon_Item_Weapon/icon_wpn_GL_Xenon_001.icon_wpn_GL_Xenon_001,,1000106,True,False,False,False,0,Carregador de Força de Combate Xenon,Carregador de Força de Combate Sigma
1000107,Item_Name_1000107,Item_Desc_1000107,False,1000107,True,False,True,[],3,1,6,1,5,20001,1,4,0,0,0,0,0,0,False,1,2500,10,0,0,1000107,0,33,105,38,59,79,57,97,26,159,20,0,0,0,0,0,0,0,0,0,0,0,0,0,0,0,0,0,0,0,0,0,0,0,0,2006311,0,1006,1000590,10006,4002,0,0,0,0,,0,/Game/Streaming/ArtAsset/UI/UIResource/UITexture/Common_Icon/Icon_Item_Weapon/icon_wpn_GL_Anathema_001.icon_wpn_GL_Anathema_001,,1000107,True,False,False,False,0,Carregador de Força de Combate Anathema,Carregador de Força de Combate Xenon
1000108,Item_Name_1000108,Item_Desc_1000108,False,1000108,True,False,True,[],3,1,7,1,5,20001,1,4,0,0,0,0,0,0,False,1,2500,10,0,0,1000108,0,33,118,38,72,79,72,97,30,159,18,0,0,0,0,0,0,0,0,0,0,0,0,0,0,0,0,0,0,0,0,0,0,0,0,2007311,0,1007,1000591,10007,4002,0,0,0,0,,0,/Game/Streaming/ArtAsset/UI/UIResource/UITexture/Common_Icon/Icon_Item_Weapon/icon_wpn_GL_Void_001.icon_wpn_GL_Void_001,,1000108,True,False,False,False,0,Carregador de Força de Combate Void,Carregador de Força de Combate Anathema
1000109,Item_Name_1000109,Item_Desc_1000109,False,1000109,True,False,True,[],3,1,8,1,5,20001,1,4,0,0,0,0,0,0,False,1,2500,10,0,0,1000109,0,33,127,38,80,79,77,97,35,156,21,0,0,0,0,0,0,0,0,0,0,0,0,0,0,0,0,0,0,0,0,0,0,0,0,2008311,0,1008,1000592,10008,4003,0,0,0,0,,0,/Game/Streaming/ArtAsset/UI/UIResource/UITexture/Common_Icon/Icon_Item_Weapon/icon_wpn_GL_Dekabreez_001.icon_wpn_GL_Dekabreez_001,,1000109,True,False,False,False,0,Carregador de Força de Combate Dekabris,Carregador de Força de Combate Void
1000110,Item_Name_1000110,Item_Desc_1000110,False,1000110,True,False,True,[],3,1,1,1,6,20001,1,5,0,0,0,0,0,0,False,1,2500,10,0,0,1000110,0,33,60,38,14,75,16,141,350,147,8,0,0,0,0,0,0,0,0,0,0,0,0,0,0,0,0,0,0,0,0,0,0,0,0,2001311,0,1001,1000593,10001,4001,0,0,0,0,,0,/Game/Streaming/ArtAsset/UI/UIResource/UITexture/Common_Icon/Icon_Item_Weapon/icon_wpn_AX_Specter_001.icon_wpn_AX_Specter_001,,1000110,True,False,False,False,0,Machado de Combate Specter,Carregador de Força de Combate Dekabris
1000111,Item_Name_1000111,Item_Desc_1000111,False,1000111,True,False,True,[],3,1,2,1,6,20001,1,5,0,0,0,0,0,0,False,1,2500,10,0,0,1000111,0,33,65,38,19,75,19,141,400,149,8,0,0,0,0,0,0,0,0,0,0,0,0,0,0,0,0,0,0,0,0,0,0,0,0,2002311,0,1002,1000594,10002,4001,0,0,0,0,,0,/Game/Streaming/ArtAsset/UI/UIResource/UITexture/Common_Icon/Icon_Item_Weapon/icon_wpn_AX_Reticle_001.icon_wpn_AX_Reticle_001,,1000111,True,False,False,False,0,Machado de Combate Retícula,Carregador de Força Pallacia do Executor
1000112,Item_Name_1000112,Item_Desc_1000112,False,1000112,True,False,True,[],3,1,3,1,6,20001,1,5,0,0,0,0,0,0,False,1,2500,10,0,0,1000112,0,33,72,38,26,75,24,141,450,102,8,0,0,0,0,0,0,0,0,0,0,0,0,0,0,0,0,0,0,0,0,0,0,0,0,2003311,0,1003,1000595,10003,4001,0,0,0,0,,0,/Game/Streaming/ArtAsset/UI/UIResource/UITexture/Common_Icon/Icon_Item_Weapon/icon_wpn_AX_Prominence_001.icon_wpn_AX_Prominence_001,,1000112,True,False,False,False,0,Machado de Combate Eminência,Carregador de Força Oblivion do Juiz
1000113,Item_Name_1000113,Item_Desc_1000113,False,1000113,True,False,True,[],3,1,4,1,6,20001,1,5,0,0,0,0,0,0,False,1,2500,10,0,0,1000113,0,33,81,38,35,75,31,141,500,39,10,0,0,0,0,0,0,0,0,0,0,0,0,0,0,0,0,0,0,0,0,0,0,0,0,2004311,0,1004,1000596,10004,4001,0,0,0,0,,0,/Game/Streaming/ArtAsset/UI/UIResource/UITexture/Common_Icon/Icon_Item_Weapon/icon_wpn_AX_Sigma_001.icon_wpn_AX_Sigma_001,,1000113,True,False,False,False,0,Machado de Combate Sigma,Carregador de Força Erebus do Pioneiro
1000114,Item_Name_1000114,Item_Desc_1000114,False,1000114,True,False,True,[],3,1,5,1,6,20001,1,5,0,0,0,0,0,0,False,1,2500,10,0,0,1000114,0,33,92,38,46,75,42,141,550,113,200,0,0,0,0,0,0,0,0,0,0,0,0,0,0,0,0,0,0,0,0,0,0,0,0,2005311,0,1005,1000597,10005,4001,0,0,0,0,,0,/Game/Streaming/ArtAsset/UI/UIResource/UITexture/Common_Icon/Icon_Item_Weapon/icon_wpn_AX_Xenon_001.icon_wpn_AX_Xenon_001,,1000114,True,False,False,False,0,Machado de Combate Xenon,Carregador de Força Quasar do Comandante
1000115,Item_Name_1000115,Item_Desc_1000115,False,1000115,True,False,True,[],3,1,6,1,6,20001,1,5,0,0,0,0,0,0,False,1,2500,10,0,0,1000115,0,33,105,38,59,75,57,141,600,145,200,0,0,0,0,0,0,0,0,0,0,0,0,0,0,0,0,0,0,0,0,0,0,0,0,2006311,0,1006,1000598,10006,4002,0,0,0,0,,0,/Game/Streaming/ArtAsset/UI/UIResource/UITexture/Common_Icon/Icon_Item_Weapon/icon_wpn_AX_Anathema_001.icon_wpn_AX_Anathema_001,,1000115,True,False,False,False,0,Machado de Combate Anathema,Carregador de Força Starburst do Soberano
1000116,Item_Name_1000116,Item_Desc_1000116,False,1000116,True,False,True,[],3,1,7,1,6,20001,1,5,0,0,0,0,0,0,False,1,2500,10,0,0,1000116,0,33,118,38,72,75,72,141,700,100,18,0,0,0,0,0,0,0,0,0,0,0,0,0,0,0,0,0,0,0,0,0,0,0,0,2007311,0,1007,1000599,10007,4002,0,0,0,0,,0,/Game/Streaming/ArtAsset/UI/UIResource/UITexture/Common_Icon/Icon_Item_Weapon/icon_wpn_AX_Void_001.icon_wpn_AX_Void_001,,1000116,True,False,False,False,0,Machado de Combate Void,Carregador de Força Enigma do Dominador
1000117,Item_Name_1000117,Item_Desc_1000117,False,1000117,True,False,True,[],3,1,8,1,6,20001,1,5,0,0,0,0,0,0,False,1,2500,10,0,0,1000117,0,33,127,38,80,75,77,141,800,155,21,0,0,0,0,0,0,0,0,0,0,0,0,0,0,0,0,0,0,0,0,0,0,0,0,2008311,0,1008,1000600,10008,4003,0,0,0,0,,0,/Game/Streaming/ArtAsset/UI/UIResource/UITexture/Common_Icon/Icon_Item_Weapon/icon_wpn_AX_Dekabreez_001.icon_wpn_AX_Dekabreez_001,,1000117,True,False,False,False,0,Machado de Combate Dekabris,Carregador de Força do Vencedor da Guerra de Cerco
1000118,Item_Name_1000118,Item_Desc_1000118,False,1000118,True,False,True,[],3,1,1,1,7,20001,1,6,0,0,0,0,0,0,False,1,2500,10,0,0,1000118,0,33,60,38,14,75,16,164,350,147,8,0,0,0,0,0,0,0,0,0,0,0,0,0,0,0,0,0,0,0,0,0,0,0,0,2001311,0,1001,1000601,10001,4001,0,0,0,0,,0,/Game/Streaming/ArtAsset/UI/UIResource/UITexture/Common_Icon/Icon_Item_Weapon/icon_wpn_MG_Specter_001.icon_wpn_MG_Specter_001,,1000118,True,False,False,False,0,Arma de Força de Combate Specter,Carregador de Força Solenoide de Karis
1000119,Item_Name_1000119,Item_Desc_1000119,False,1000119,True,False,True,[],3,1,2,1,7,20001,1,6,0,0,0,0,0,0,False,1,2500,10,0,0,1000119,0,33,65,38,19,75,19,164,400,149,8,0,0,0,0,0,0,0,0,0,0,0,0,0,0,0,0,0,0,0,0,0,0,0,0,2002311,0,1002,1000602,10002,4001,0,0,0,0,,0,/Game/Streaming/ArtAsset/UI/UIResource/UITexture/Common_Icon/Icon_Item_Weapon/icon_wpn_MG_Reticle_001.icon_wpn_MG_Reticle_001,,1000119,True,False,False,False,0,Arma de Força de Combate Retícula,Carregador de Força Bênção de Tanya
1000120,Item_Name_1000120,Item_Desc_1000120,False,1000120,True,False,True,[],3,1,3,1,7,20001,1,6,0,0,0,0,0,0,False,1,2500,10,0,0,1000120,0,33,72,38,26,75,24,164,450,102,8,0,0,0,0,0,0,0,0,0,0,0,0,0,0,0,0,0,0,0,0,0,0,0,0,2003311,0,1003,1000603,10003,4001,0,0,0,0,,0,/Game/Streaming/ArtAsset/UI/UIResource/UITexture/Common_Icon/Icon_Item_Weapon/icon_wpn_MG_Prominence_001.icon_wpn_MG_Prominence_001,,1000120,True,False,False,False,0,Arma de Força de Combate Eminência,Machado do Praticante
1000121,Item_Name_1000121,Item_Desc_1000121,False,1000121,True,False,True,[],3,1,4,1,7,20001,1,6,0,0,0,0,0,0,False,1,2500,10,0,0,1000121,0,33,81,38,35,75,31,164,500,39,10,0,0,0,0,0,0,0,0,0,0,0,0,0,0,0,0,0,0,0,0,0,0,0,0,2004311,0,1004,1000604,10004,4001,0,0,0,0,,0,/Game/Streaming/ArtAsset/UI/UIResource/UITexture/Common_Icon/Icon_Item_Weapon/icon_wpn_MG_Sigma_001.icon_wpn_MG_Sigma_001,,1000121,True,False,False,False,0,Arma de Força de Combate Sigma,Machado do Mercenário
1000122,Item_Name_1000122,Item_Desc_1000122,False,1000122,True,False,True,[],3,1,5,1,7,20001,1,6,0,0,0,0,0,0,False,1,2500,10,0,0,1000122,0,33,92,38,46,75,42,164,550,168,200,0,0,0,0,0,0,0,0,0,0,0,0,0,0,0,0,0,0,0,0,0,0,0,0,2005311,0,1005,1000605,10005,4001,0,0,0,0,,0,/Game/Streaming/ArtAsset/UI/UIResource/UITexture/Common_Icon/Icon_Item_Weapon/icon_wpn_MG_Xenon_001.icon_wpn_MG_Xenon_001,,1000122,True,False,False,False,0,Arma de Força de Combate Xenon,Machado do Errante
1000123,Item_Name_1000123,Item_Desc_1000123,False,1000123,True,False,True,[],3,1,6,1,7,20001,1,6,0,0,0,0,0,0,False,1,2500,10,0,0,1000123,0,33,105,38,59,75,57,164,600,112,200,0,0,0,0,0,0,0,0,0,0,0,0,0,0,0,0,0,0,0,0,0,0,0,0,2006311,0,1006,1000606,10006,4002,0,0,0,0,,0,/Game/Streaming/ArtAsset/UI/UIResource/UITexture/Common_Icon/Icon_Item_Weapon/icon_wpn_MG_Anathema_001.icon_wpn_MG_Anathema_001,,1000123,True,False,False,False,0,Arma de Força de Combate Anathema,Machado do Especialista
1000124,Item_Name_1000124,Item_Desc_1000124,False,1000124,True,False,True,[],3,1,7,1,7,20001,1,6,0,0,0,0,0,0,False,1,2500,10,0,0,1000124,0,33,118,38,72,75,72,164,700,101,18,0,0,0,0,0,0,0,0,0,0,0,0,0,0,0,0,0,0,0,0,0,0,0,0,2007311,0,1007,1000607,10007,4002,0,0,0,0,,0,/Game/Streaming/ArtAsset/UI/UIResource/UITexture/Common_Icon/Icon_Item_Weapon/icon_wpn_MG_Void_001.icon_wpn_MG_Void_001,,1000124,True,False,False,False,0,Arma de Força de Combate Void,Machado do Sentinela
1000125,Item_Name_1000125,Item_Desc_1000125,False,1000125,True,False,True,[],3,1,8,1,7,20001,1,6,0,0,0,0,0,0,False,1,2500,10,0,0,1000125,0,33,127,38,80,75,77,164,800,156,21,0,0,0,0,0,0,0,0,0,0,0,0,0,0,0,0,0,0,0,0,0,0,0,0,2008311,0,1008,1000608,10008,4003,0,0,0,0,,0,/Game/Streaming/ArtAsset/UI/UIResource/UITexture/Common_Icon/Icon_Item_Weapon/icon_wpn_MG_Dekabreez_001.icon_wpn_MG_Dekabreez_001,,1000125,True,False,False,False,0,Arma de Força de Combate Dekabris,Machado do Executor
1000126,Item_Name_1000126,Item_Desc_1000126,False,1000126,True,True,True,[],4,1,1,1,2,20001,1,1,0,0,0,0,0,0,False,1,12500,30,0,0,1000126,0,33,140,38,84,79,82,96,44,93,12,102,20,0,0,0,0,0,0,0,0,0,0,0,0,0,0,0,0,0,0,0,0,0,0,2001411,0,2001,1000609,20001,0,0,0,0,0,,0,/Game/Streaming/ArtAsset/UI/UIResource/UITexture/Common_Icon/Icon_Item_Weapon/icon_wpn_RF_Fallacia_001.icon_wpn_RF_Fallacia_001,,1000126,True,False,False,False,0,Rifle Pallacia do Executor,Machado Prism
1000127,Item_Name_1000127,Item_Desc_1000127,False,1000127,True,True,True,[],4,1,2,1,2,20001,1,1,0,0,0,0,0,0,False,1,12500,30,0,0,1000127,0,33,154,38,99,79,97,96,48,102,25,39,20,0,0,0,0,0,0,0,0,0,0,0,0,0,0,0,0,0,0,0,0,0,0,2002411,0,2002,1000610,20002,0,0,0,0,0,,0,/Game/Streaming/ArtAsset/UI/UIResource/UITexture/Common_Icon/Icon_Item_Weapon/icon_wpn_RF_Oblivion_001.icon_wpn_RF_Oblivion_001,,1000127,True,False,False,False,0,Rifle Oblivion do Juiz,Machado Weyl
1000128,Item_Name_1000128,Item_Desc_1000128,False,1000128,True,True,True,[],4,1,3,1,2,20001,1,1,0,0,0,0,0,0,False,1,12500,30,0,0,1000128,0,33,171,38,119,79,117,96,52,106,30,102,30,0,0,0,0,0,0,0,0,0,0,0,0,0,0,0,0,0,0,1,8010401,0,0,2003411,0,2003,1000611,20003,0,0,0,0,0,,0,/Game/Streaming/ArtAsset/UI/UIResource/UITexture/Common_Icon/Icon_Item_Weapon/icon_wpn_RF_Erebos_001.icon_wpn_RF_Erebos_001,,1000128,True,False,False,False,0,Rifle Erebus do Pioneiro,Machado Scalar
1000129,Item_Name_1000129,Item_Desc_1000129,False,1000129,True,True,True,[],4,1,4,1,2,20001,1,1,0,0,0,0,0,0,False,1,12500,30,0,0,1000129,0,33,192,38,127,79,127,96,54,100,150,7,36,0,0,0,0,0,0,0,0,0,0,0,0,0,0,0,0,0,0,1,8010411,0,0,2004411,0,2004,1000612,20004,0,0,0,0,0,,0,/Game/Streaming/ArtAsset/UI/UIResource/UITexture/Common_Icon/Icon_Item_Weapon/icon_wpn_RF_Quasar_001.icon_wpn_RF_Quasar_001,,1000129,True,False,False,False,0,Rifle Quasar do Comandante,Machado Eclipse
1000130,Item_Name_1000130,Item_Desc_1000130,False,1000130,True,True,True,[],4,1,5,1,2,20001,1,1,0,0,0,0,0,0,False,1,12500,30,0,0,1000130,0,33,218,38,135,79,137,96,64,100,210,10,64,0,0,0,0,0,0,0,0,0,0,0,0,0,0,0,0,0,0,1,8010945,0,0,2005411,0,2005,1000613,20005,0,0,0,0,0,,0,/Game/Streaming/ArtAsset/UI/UIResource/UITexture/Common_Icon/Icon_Item_Weapon/icon_wpn_RF_Starburst_001.icon_wpn_RF_Starburst_001,,1000130,True,False,False,False,0,Rifle Starburst do Soberano,Machado Etendue
1000131,Item_Name_1000131,Item_Desc_1000131,False,1000131,True,True,True,[],4,1,6,1,2,20001,1,1,0,0,0,0,0,0,False,1,12500,30,0,0,1000131,0,33,233,38,150,79,147,96,74,100,250,10,75,0,0,0,0,0,0,0,0,0,0,0,0,0,0,0,0,0,0,1,8010969,0,0,2006411,0,2006,1000614,0,0,0,0,0,0,,0,/Game/Streaming/ArtAsset/UI/UIResource/UITexture/Common_Icon/Icon_Item_Weapon/icon_wpn_RF_Enigma_001.icon_wpn_RF_Enigma_001,,1000131,True,False,False,False,0,Rifle Enigma do Dominador,Machado Kilonova
1000132,Item_Name_1000132,Item_Desc_1000132,False,1000132,True,True,True,[],4,1,1,1,3,20001,1,2,0,0,0,0,0,0,False,1,12500,30,0,0,1000132,0,33,140,38,84,77,82,10,44,93,12,102,20,0,0,0,0,0,0,0,0,0,0,0,0,0,0,0,0,0,0,0,0,0,0,2001411,0,2001,1000615,20001,0,0,0,0,0,,0,/Game/Streaming/ArtAsset/UI/UIResource/UITexture/Common_Icon/Icon_Item_Weapon/icon_wpn_BL_Fallacia_001.icon_wpn_BL_Fallacia_001,,1000132,True,False,False,False,0,Lâmina Pallacia do Executor,Machado Magnox
1000133,Item_Name_1000133,Item_Desc_1000133,False,1000133,True,True,True,[],4,1,2,1,3,20001,1,2,0,0,0,0,0,0,False,1,12500,30,0,0,1000133,0,33,154,38,99,77,97,10,48,102,25,39,20,0,0,0,0,0,0,0,0,0,0,0,0,0,0,0,0,0,0,0,0,0,0,2002411,0,2002,1000616,20002,0,0,0,0,0,,0,/Game/Streaming/ArtAsset/UI/UIResource/UITexture/Common_Icon/Icon_Item_Weapon/icon_wpn_BL_Oblivion_001.icon_wpn_BL_Oblivion_001,,1000133,True,False,False,False,0,Lâmina Oblivion do Juiz,Machado de Combate Specter
1000134,Item_Name_1000134,Item_Desc_1000134,False,1000134,True,True,True,[],4,1,3,1,3,20001,1,2,0,0,0,0,0,0,False,1,12500,30,0,0,1000134,0,33,171,38,119,77,117,10,52,106,30,102,30,0,0,0,0,0,0,0,0,0,0,0,0,0,0,0,0,0,0,1,8010401,0,0,2003411,0,2003,1000617,20003,0,0,0,0,0,,0,/Game/Streaming/ArtAsset/UI/UIResource/UITexture/Common_Icon/Icon_Item_Weapon/icon_wpn_BL_Erebos_001.icon_wpn_BL_Erebos_001,,1000134,True,False,False,False,0,Lâmina Erebus do Pioneiro,Machado de Combate Retícula
1000135,Item_Name_1000135,Item_Desc_1000135,False,1000135,True,True,True,[],4,1,4,1,3,20001,1,2,0,0,0,0,0,0,False,1,12500,30,0,0,1000135,0,33,192,38,127,77,127,10,54,100,150,7,36,0,0,0,0,0,0,0,0,0,0,0,0,0,0,0,0,0,0,1,8010411,0,0,2004411,0,2004,1000618,20004,0,0,0,0,0,,0,/Game/Streaming/ArtAsset/UI/UIResource/UITexture/Common_Icon/Icon_Item_Weapon/icon_wpn_BL_Quasar_001.icon_wpn_BL_Quasar_001,,1000135,True,False,False,False,0,Lâmina Quasar do Comandante,Machado de Combate Eminência
1000136,Item_Name_1000136,Item_Desc_1000136,False,1000136,True,True,True,[],4,1,5,1,3,20001,1,2,0,0,0,0,0,0,False,1,12500,30,0,0,1000136,0,33,218,38,135,77,137,97,64,100,210,10,64,0,0,0,0,0,0,0,0,0,0,0,0,0,0,0,0,0,0,1,8010945,0,0,2005411,0,2005,1000619,20005,0,0,0,0,0,,0,/Game/Streaming/ArtAsset/UI/UIResource/UITexture/Common_Icon/Icon_Item_Weapon/icon_wpn_BL_Starburst_001.icon_wpn_BL_Starburst_001,,1000136,True,False,False,False,0,Lâmina Starburst do Soberano,Machado de Combate Sigma
1000137,Item_Name_1000137,Item_Desc_1000137,False,1000137,True,True,True,[],4,1,6,1,3,20001,1,2,0,0,0,0,0,0,False,1,12500,30,0,0,1000137,0,33,233,38,150,77,147,97,74,100,250,10,75,0,0,0,0,0,0,0,0,0,0,0,0,0,0,0,0,0,0,1,8010969,0,0,2006411,0,2006,1000620,0,0,0,0,0,0,,0,/Game/Streaming/ArtAsset/UI/UIResource/UITexture/Common_Icon/Icon_Item_Weapon/icon_wpn_BL_Enigma_001.icon_wpn_BL_Enigma_001,,1000137,True,False,False,False,0,Lâmina Enigma do Dominador,Machado de Combate Xenon
1000138,Item_Name_1000138,Item_Desc_1000138,False,1000138,True,True,True,[],4,1,1,1,4,20001,1,3,0,0,0,0,0,0,False,1,12500,30,0,0,1000138,0,33,140,38,84,77,82,70,900,93,12,102,20,0,0,0,0,0,0,0,0,0,0,0,0,0,0,0,0,0,0,0,0,0,0,2001411,0,2001,1000621,20001,0,0,0,0,0,,0,/Game/Streaming/ArtAsset/UI/UIResource/UITexture/Common_Icon/Icon_Item_Weapon/icon_wpn_SW_Fallacia_001.icon_wpn_SW_Fallacia_001,,1000138,True,False,False,False,0,Espada e Escudo Pallacia do Executor,Machado de Combate Anathema
1000139,Item_Name_1000139,Item_Desc_1000139,False,1000139,True,True,True,[],4,1,2,1,4,20001,1,3,0,0,0,0,0,0,False,1,12500,30,0,0,1000139,0,33,154,38,99,77,97,70,1200,102,25,39,20,0,0,0,0,0,0,0,0,0,0,0,0,0,0,0,0,0,0,0,0,0,0,2002411,0,2002,1000622,20002,0,0,0,0,0,,0,/Game/Streaming/ArtAsset/UI/UIResource/UITexture/Common_Icon/Icon_Item_Weapon/icon_wpn_SW_Oblivion_001.icon_wpn_SW_Oblivion_001,,1000139,True,False,False,False,0,Espada e Escudo Oblivion do Juiz,Machado de Combate Void
1000140,Item_Name_1000140,Item_Desc_1000140,False,1000140,True,True,True,[],4,1,3,1,4,20001,1,3,0,0,0,0,0,0,False,1,12500,30,0,0,1000140,0,33,171,38,119,77,117,70,1500,106,30,102,30,0,0,0,0,0,0,0,0,0,0,0,0,0,0,0,0,0,0,1,8010401,0,0,2003411,0,2003,1000623,20003,0,0,0,0,0,,0,/Game/Streaming/ArtAsset/UI/UIResource/UITexture/Common_Icon/Icon_Item_Weapon/icon_wpn_SW_Erebos_001.icon_wpn_SW_Erebos_001,,1000140,True,False,False,False,0,Espada e Escudo Erebus do Pioneiro,Machado de Combate Dekabris
1000141,Item_Name_1000141,Item_Desc_1000141,False,1000141,True,True,True,[],4,1,4,1,4,20001,1,3,0,0,0,0,0,0,False,1,12500,30,0,0,1000141,0,33,192,38,127,77,127,70,1600,101,150,20,36,0,0,0,0,0,0,0,0,0,0,0,0,0,0,0,0,0,0,1,8010411,0,0,2004411,0,2004,1000624,20004,0,0,0,0,0,,0,/Game/Streaming/ArtAsset/UI/UIResource/UITexture/Common_Icon/Icon_Item_Weapon/icon_wpn_SW_Quasar_001.icon_wpn_SW_Quasar_001,,1000141,True,False,False,False,0,Espada e Escudo Quasar do Comandante,Machado Pallacia do Executor
1000142,Item_Name_1000142,Item_Desc_1000142,False,1000142,True,True,True,[],4,1,5,1,4,20001,1,3,0,0,0,0,0,0,False,1,12500,30,0,0,1000142,0,33,218,38,135,77,137,70,1750,101,210,23,64,0,0,0,0,0,0,0,0,0,0,0,0,0,0,0,0,0,0,1,8010945,0,0,2005411,0,2005,1000625,20005,0,0,0,0,0,,0,/Game/Streaming/ArtAsset/UI/UIResource/UITexture/Common_Icon/Icon_Item_Weapon/icon_wpn_SW_Starburst_001.icon_wpn_SW_Starburst_001,,1000142,True,False,False,False,0,Espada e Escudo Starburst do Soberano,Machado Oblivion do Juiz
1000143,Item_Name_1000143,Item_Desc_1000143,False,1000143,True,True,True,[],4,1,6,1,4,20001,1,3,0,0,0,0,0,0,False,1,12500,30,0,0,1000143,0,33,233,38,150,77,147,70,1900,101,250,23,75,0,0,0,0,0,0,0,0,0,0,0,0,0,0,0,0,0,0,1,8010969,0,0,2006411,0,2006,1000626,0,0,0,0,0,0,,0,/Game/Streaming/ArtAsset/UI/UIResource/UITexture/Common_Icon/Icon_Item_Weapon/icon_wpn_SW_Enigma_001.icon_wpn_SW_Enigma_001,,1000143,True,False,False,False,0,Espada e Escudo Enigma do Dominador,Machado Erebus do Pioneiro
1000144,Item_Name_1000144,Item_Desc_1000144,False,1000144,True,True,True,[],4,1,1,1,5,20001,1,4,0,0,0,0,0,0,False,1,12500,30,0,0,1000144,0,33,140,38,84,79,82,97,44,93,12,102,20,0,0,0,0,0,0,0,0,0,0,0,0,0,0,0,0,0,0,0,0,0,0,2001411,0,2001,1000627,20001,0,0,0,0,0,,0,/Game/Streaming/ArtAsset/UI/UIResource/UITexture/Common_Icon/Icon_Item_Weapon/icon_wpn_GL_Fallacia_001.icon_wpn_GL_Fallacia_001,,1000144,True,False,False,False,0,Carregador de Força Pallacia do Executor,Machado Quasar do Comandante
1000145,Item_Name_1000145,Item_Desc_1000145,False,1000145,True,True,True,[],4,1,2,1,5,20001,1,4,0,0,0,0,0,0,False,1,12500,30,0,0,1000145,0,33,154,38,99,79,97,97,48,102,25,39,20,0,0,0,0,0,0,0,0,0,0,0,0,0,0,0,0,0,0,0,0,0,0,2002411,0,2002,1000628,20002,0,0,0,0,0,,0,/Game/Streaming/ArtAsset/UI/UIResource/UITexture/Common_Icon/Icon_Item_Weapon/icon_wpn_GL_Oblivion_001.icon_wpn_GL_Oblivion_001,,1000145,True,False,False,False,0,Carregador de Força Oblivion do Juiz,Machado Starburst do Soberano
1000146,Item_Name_1000146,Item_Desc_1000146,False,1000146,True,True,True,[],4,1,3,1,5,20001,1,4,0,0,0,0,0,0,False,1,12500,30,0,0,1000146,0,33,171,38,119,79,117,97,52,106,30,102,30,0,0,0,0,0,0,0,0,0,0,0,0,0,0,0,0,0,0,1,8010401,0,0,2003411,0,2003,1000629,20003,0,0,0,0,0,,0,/Game/Streaming/ArtAsset/UI/UIResource/UITexture/Common_Icon/Icon_Item_Weapon/icon_wpn_GL_Erebos_001.icon_wpn_GL_Erebos_001,,1000146,True,False,False,False,0,Carregador de Força Erebus do Pioneiro,Machado Enigma do Dominador
1000147,Item_Name_1000147,Item_Desc_1000147,False,1000147,True,True,True,[],4,1,4,1,5,20001,1,4,0,0,0,0,0,0,False,1,12500,30,0,0,1000147,0,33,192,38,127,79,127,97,54,101,150,20,36,0,0,0,0,0,0,0,0,0,0,0,0,0,0,0,0,0,0,1,8010411,0,0,2004411,0,2004,1000630,20004,0,0,0,0,0,,0,/Game/Streaming/ArtAsset/UI/UIResource/UITexture/Common_Icon/Icon_Item_Weapon/icon_wpn_GL_Quasar_001.icon_wpn_GL_Quasar_001,,1000147,True,False,False,False,0,Carregador de Força Quasar do Comandante,Machado do Vencedor da Guerra de Cerco
1000148,Item_Name_1000148,Item_Desc_1000148,False,1000148,True,True,True,[],4,1,5,1,5,20001,1,4,0,0,0,0,0,0,False,1,12500,30,0,0,1000148,0,33,218,38,135,79,137,97,64,101,210,23,64,0,0,0,0,0,0,0,0,0,0,0,0,0,0,0,0,0,0,1,8010945,0,0,2005411,0,2005,1000631,20005,0,0,0,0,0,,0,/Game/Streaming/ArtAsset/UI/UIResource/UITexture/Common_Icon/Icon_Item_Weapon/icon_wpn_GL_Starburst_001.icon_wpn_GL_Starburst_001,,1000148,True,False,False,False,0,Carregador de Força Starburst do Soberano,Machado Esmagador de Karis
1000149,Item_Name_1000149,Item_Desc_1000149,False,1000149,True,True,True,[],4,1,6,1,5,20001,1,4,0,0,0,0,0,0,False,1,12500,30,0,0,1000149,0,33,233,38,150,79,147,97,74,101,250,23,75,0,0,0,0,0,0,0,0,0,0,0,0,0,0,0,0,0,0,1,8010969,0,0,2006411,0,2006,1000632,0,0,0,0,0,0,,0,/Game/Streaming/ArtAsset/UI/UIResource/UITexture/Common_Icon/Icon_Item_Weapon/icon_wpn_GL_Enigma_001.icon_wpn_GL_Enigma_001,,1000149,True,False,False,False,0,Carregador de Força Enigma do Dominador,Machado Wrath de Tanya
1000150,Item_Name_1000150,Item_Desc_1000150,False,1000150,True,True,True,[],4,1,1,1,6,20001,1,5,0,0,0,0,0,0,False,1,12500,30,0,0,1000150,0,33,140,38,84,75,82,141,900,93,12,102,20,0,0,0,0,0,0,0,0,0,0,0,0,0,0,0,0,0,0,0,0,0,0,2001411,0,2001,1000633,20001,0,0,0,0,0,,0,/Game/Streaming/ArtAsset/UI/UIResource/UITexture/Common_Icon/Icon_Item_Weapon/icon_wpn_AX_Fallacia_001.icon_wpn_AX_Fallacia_001,,1000150,True,False,False,False,0,Machado Pallacia do Executor,Arma de Força do Praticante
1000151,Item_Name_1000151,Item_Desc_1000151,False,1000151,True,True,True,[],4,1,2,1,6,20001,1,5,0,0,0,0,0,0,False,1,12500,30,0,0,1000151,0,33,154,38,99,75,97,141,1200,102,25,39,20,0,0,0,0,0,0,0,0,0,0,0,0,0,0,0,0,0,0,0,0,0,0,2002411,0,2002,1000634,20002,0,0,0,0,0,,0,/Game/Streaming/ArtAsset/UI/UIResource/UITexture/Common_Icon/Icon_Item_Weapon/icon_wpn_AX_Oblivion_001.icon_wpn_AX_Oblivion_001,,1000151,True,False,False,False,0,Machado Oblivion do Juiz,Arma de Força do Mercenário
1000152,Item_Name_1000152,Item_Desc_1000152,False,1000152,True,True,True,[],4,1,3,1,6,20001,1,5,0,0,0,0,0,0,False,1,12500,30,0,0,1000152,0,33,171,38,119,75,117,141,1500,106,30,102,30,0,0,0,0,0,0,0,0,0,0,0,0,0,0,0,0,0,0,1,8010401,0,0,2003411,0,2003,1000635,20003,0,0,0,0,0,,0,/Game/Streaming/ArtAsset/UI/UIResource/UITexture/Common_Icon/Icon_Item_Weapon/icon_wpn_AX_Erebos_001.icon_wpn_AX_Erebos_001,,1000152,True,False,False,False,0,Machado Erebus do Pioneiro,Arma de Força do Errante
1000153,Item_Name_1000153,Item_Desc_1000153,False,1000153,True,True,True,[],4,1,4,1,6,20001,1,5,0,0,0,0,0,0,False,1,12500,30,0,0,1000153,0,33,192,38,127,75,127,141,1600,100,150,7,36,0,0,0,0,0,0,0,0,0,0,0,0,0,0,0,0,0,0,1,8010411,0,0,2004411,0,2004,1000636,20004,0,0,0,0,0,,0,/Game/Streaming/ArtAsset/UI/UIResource/UITexture/Common_Icon/Icon_Item_Weapon/icon_wpn_AX_Quasar_001.icon_wpn_AX_Quasar_001,,1000153,True,False,False,False,0,Machado Quasar do Comandante,Arma de Força do Especialista
1000154,Item_Name_1000154,Item_Desc_1000154,False,1000154,True,True,True,[],4,1,5,1,6,20001,1,5,0,0,0,0,0,0,False,1,12500,30,0,0,1000154,0,33,218,38,135,75,137,141,1750,100,210,10,64,0,0,0,0,0,0,0,0,0,0,0,0,0,0,0,0,0,0,1,8010945,0,0,2005411,0,2005,1000637,20005,0,0,0,0,0,,0,/Game/Streaming/ArtAsset/UI/UIResource/UITexture/Common_Icon/Icon_Item_Weapon/icon_wpn_AX_Starburst_001.icon_wpn_AX_Starburst_001,,1000154,True,False,False,False,0,Machado Starburst do Soberano,Arma de Força do Sentinela
1000155,Item_Name_1000155,Item_Desc_1000155,False,1000155,True,True,True,[],4,1,6,1,6,20001,1,5,0,0,0,0,0,0,False,1,12500,30,0,0,1000155,0,33,233,38,150,75,147,141,1900,100,250,10,75,0,0,0,0,0,0,0,0,0,0,0,0,0,0,0,0,0,0,1,8010969,0,0,2006411,0,2006,1000638,0,0,0,0,0,0,,0,/Game/Streaming/ArtAsset/UI/UIResource/UITexture/Common_Icon/Icon_Item_Weapon/icon_wpn_AX_Enigma_001.icon_wpn_AX_Enigma_001,,1000155,True,False,False,False,0,Machado Enigma do Dominador,Arma de Força do Executor
1000156,Item_Name_1000156,Item_Desc_1000156,False,1000156,True,True,True,[],4,1,1,1,7,20001,1,6,0,0,0,0,0,0,False,1,12500,30,0,0,1000156,0,33,140,38,84,75,82,164,900,93,12,102,20,0,0,0,0,0,0,0,0,0,0,0,0,0,0,0,0,0,0,0,0,0,0,2001411,0,2001,1000639,20001,0,0,0,0,0,,0,/Game/Streaming/ArtAsset/UI/UIResource/UITexture/Common_Icon/Icon_Item_Weapon/icon_wpn_MG_Fallacia_001.icon_wpn_MG_Fallacia_001,,1000156,True,False,False,False,0,Arma de Força Pallacia do Executor,Arma de Força Prism
1000157,Item_Name_1000157,Item_Desc_1000157,False,1000157,True,True,True,[],4,1,2,1,7,20001,1,6,0,0,0,0,0,0,False,1,12500,30,0,0,1000157,0,33,154,38,99,75,97,164,1200,102,25,39,20,0,0,0,0,0,0,0,0,0,0,0,0,0,0,0,0,0,0,0,0,0,0,2002411,0,2002,1000640,20002,0,0,0,0,0,,0,/Game/Streaming/ArtAsset/UI/UIResource/UITexture/Common_Icon/Icon_Item_Weapon/icon_wpn_MG_Oblivion_001.icon_wpn_MG_Oblivion_001,,1000157,True,False,False,False,0,Arma de Força Oblivion do Juiz,Arma de Força Weyl
1000158,Item_Name_1000158,Item_Desc_1000158,False,1000158,True,True,True,[],4,1,3,1,7,20001,1,6,0,0,0,0,0,0,False,1,12500,30,0,0,1000158,0,33,171,38,119,75,117,164,1500,106,30,102,30,0,0,0,0,0,0,0,0,0,0,0,0,0,0,0,0,0,0,1,8010401,0,0,2003411,0,2003,1000641,20003,0,0,0,0,0,,0,/Game/Streaming/ArtAsset/UI/UIResource/UITexture/Common_Icon/Icon_Item_Weapon/icon_wpn_MG_Erebos_001.icon_wpn_MG_Erebos_001,,1000158,True,False,False,False,0,Arma de Força Erebus do Pioneiro,Arma de Força Scalar
1000159,Item_Name_1000159,Item_Desc_1000159,False,1000159,True,True,True,[],4,1,4,1,7,20001,1,6,0,0,0,0,0,0,False,1,12500,30,0,0,1000159,0,33,192,38,127,75,127,164,1600,101,150,20,36,0,0,0,0,0,0,0,0,0,0,0,0,0,0,0,0,0,0,1,8010411,0,0,2004411,0,2004,1000642,20004,0,0,0,0,0,,0,/Game/Streaming/ArtAsset/UI/UIResource/UITexture/Common_Icon/Icon_Item_Weapon/icon_wpn_MG_Quasar_001.icon_wpn_MG_Quasar_001,,1000159,True,False,False,False,0,Arma de Força Quasar do Comandante,Arma de Força Eclipse
1000160,Item_Name_1000160,Item_Desc_1000160,False,1000160,True,True,True,[],4,1,5,1,7,20001,1,6,0,0,0,0,0,0,False,1,12500,30,0,0,1000160,0,33,218,38,135,75,137,164,1750,101,210,23,64,0,0,0,0,0,0,0,0,0,0,0,0,0,0,0,0,0,0,1,8010945,0,0,2005411,0,2005,1000643,20005,0,0,0,0,0,,0,/Game/Streaming/ArtAsset/UI/UIResource/UITexture/Common_Icon/Icon_Item_Weapon/icon_wpn_MG_Starburst_001.icon_wpn_MG_Starburst_001,,1000160,True,False,False,False,0,Arma de Força Starburst do Soberano,Arma de Força Etendue
1000161,Item_Name_1000161,Item_Desc_1000161,False,1000161,True,True,True,[],4,1,6,1,7,20001,1,6,0,0,0,0,0,0,False,1,12500,30,0,0,1000161,0,33,233,38,150,75,147,164,1900,101,250,23,75,0,0,0,0,0,0,0,0,0,0,0,0,0,0,0,0,0,0,1,8010969,0,0,2006411,0,2006,1000644,0,0,0,0,0,0,,0,/Game/Streaming/ArtAsset/UI/UIResource/UITexture/Common_Icon/Icon_Item_Weapon/icon_wpn_MG_Enigma_001.icon_wpn_MG_Enigma_001,,1000161,True,False,False,False,0,Arma de Força Enigma do Dominador,Arma de Força Kilonova
1000186,Item_Name_1000186,Item_Desc_1000186,False,1000186,True,False,True,[],1,1,1,2,12,20001,2,0,0,0,0,0,0,0,False,1,100,10,0,0,1000186,0,36,2,0,0,0,0,0,0,0,0,0,0,0,0,0,0,0,0,0,0,0,0,0,0,0,0,0,0,0,0,0,0,0,0,2000111,0,0,0,0,2001,0,0,0,0,,0,/Game/Streaming/ArtAsset/UI/UIResource/UITexture/Common_Icon/Icon_Item_Equipment/icon_armor_SimpleNeckGuard.icon_armor_SimpleNeckGuard,,0,True,False,False,False,0,Protetor Cervical Simples,Protetor Cervical Simples
1000187,Item_Name_1000187,Item_Desc_1000187,False,1000187,True,False,True,[],1,1,1,2,12,20001,2,0,0,0,0,0,0,0,False,1,100,10,0,0,1000187,0,36,2,0,0,0,0,78,2,0,0,0,0,0,0,0,0,0,0,0,0,0,0,0,0,0,0,0,0,0,0,0,0,0,0,2000111,0,0,0,0,2001,0,0,0,0,,0,/Game/Streaming/ArtAsset/UI/UIResource/UITexture/Common_Icon/Icon_Item_Equipment/icon_armor_LightweightNeckGuard.icon_armor_LightweightNeckGuard,,0,True,False,False,False,0,Protetor Cervical Leve,Protetor Cervical Leve
1000188,Item_Name_1000188,Item_Desc_1000188,False,1000188,True,False,True,[],1,1,1,2,12,20001,2,0,0,0,0,0,0,0,False,1,100,10,0,0,1000188,0,36,2,0,0,0,0,76,2,0,0,0,0,0,0,0,0,0,0,0,0,0,0,0,0,0,0,0,0,0,0,0,0,0,0,2000111,0,0,0,0,2001,0,0,0,0,,0,/Game/Streaming/ArtAsset/UI/UIResource/UITexture/Common_Icon/Icon_Item_Equipment/icon_armor_ComfortableNeckGuard.icon_armor_ComfortableNeckGuard,,0,True,False,False,False,0,Protetor Cervical Confortável,Protetor Cervical Confortável
1000189,Item_Name_1000189,Item_Desc_1000189,False,1000189,True,False,True,[],1,1,1,2,12,20001,2,0,0,0,0,0,0,0,False,1,100,10,0,0,1000189,0,36,2,0,0,0,0,74,2,0,0,0,0,0,0,0,0,0,0,0,0,0,0,0,0,0,0,0,0,0,0,0,0,0,0,2000111,0,0,0,0,2001,0,0,0,0,,0,/Game/Streaming/ArtAsset/UI/UIResource/UITexture/Common_Icon/Icon_Item_Equipment/icon_armor_FlexibleNeckGuard.icon_armor_FlexibleNeckGuard,,0,True,False,False,False,0,Protetor Cervical Flexível,Protetor Cervical Flexível
1000190,Item_Name_1000190,Item_Desc_1000190,False,1000190,True,False,True,[],1,1,2,2,12,20001,2,0,0,0,0,0,0,0,False,1,100,10,0,0,1000190,0,36,4,40,2,0,0,91,10,0,0,0,0,0,0,0,0,0,0,0,0,0,0,0,0,0,0,0,0,0,0,0,0,0,0,2000111,0,0,0,0,2001,0,0,0,0,,0,/Game/Streaming/ArtAsset/UI/UIResource/UITexture/Common_Icon/Icon_Item_Equipment/icon_armor_EnhancedNeckGuard.icon_armor_EnhancedNeckGuard,,0,True,False,False,False,0,Protetor Cervical Aprimorado,Protetor Cervical Aprimorado
1000191,Item_Name_1000191,Item_Desc_1000191,False,1000191,True,False,True,[],1,1,2,2,12,20001,2,0,0,0,0,0,0,0,False,1,100,10,0,0,1000191,0,36,4,40,2,0,0,159,2,0,0,0,0,0,0,0,0,0,0,0,0,0,0,0,0,0,0,0,0,0,0,0,0,0,0,2000111,0,0,0,0,2001,0,0,0,0,,0,/Game/Streaming/ArtAsset/UI/UIResource/UITexture/Common_Icon/Icon_Item_Equipment/icon_armor_PreciseNeckGuard.icon_armor_PreciseNeckGuard,,0,True,False,False,False,0,Protetor Cervical Ajustado,Protetor Cervical Ajustado
1000192,Item_Name_1000192,Item_Desc_1000192,False,1000192,True,False,True,[],1,1,2,2,12,20001,2,0,0,0,0,0,0,0,False,1,100,10,0,0,1000192,0,36,4,40,2,0,0,93,2,0,0,0,0,0,0,0,0,0,0,0,0,0,0,0,0,0,0,0,0,0,0,0,0,0,0,2000111,0,0,0,0,2001,0,0,0,0,,0,/Game/Streaming/ArtAsset/UI/UIResource/UITexture/Common_Icon/Icon_Item_Equipment/icon_armor_CompressedNeckGuard.icon_armor_CompressedNeckGuard,,0,True,False,False,False,0,Protetor Cervical Comprimido,Protetor Cervical Comprimido
1000193,Item_Name_1000193,Item_Desc_1000193,False,1000193,True,False,True,[],1,1,2,2,12,20001,2,0,0,0,0,0,0,0,False,1,100,10,0,0,1000193,0,36,4,40,2,0,0,66,100,0,0,0,0,0,0,0,0,0,0,0,0,0,0,0,0,0,0,0,0,0,0,0,0,0,0,2000111,0,0,0,0,2001,0,0,0,0,,0,/Game/Streaming/ArtAsset/UI/UIResource/UITexture/Common_Icon/Icon_Item_Equipment/icon_armor_HighPerformanceNeckGuard.icon_armor_HighPerformanceNeckGuard,,0,True,False,False,False,0,Protetor Cervical de Alto Desempenho,Protetor Cervical de Alto Desempenho
1000194,Item_Name_1000194,Item_Desc_1000194,False,1000194,True,False,True,[],2,1,1,2,12,20001,2,0,0,0,0,0,0,0,False,1,500,10,0,0,1000194,0,36,10,40,8,0,0,78,4,0,0,0,0,0,0,0,0,0,0,0,0,0,0,0,0,0,0,0,0,0,0,0,0,0,0,2000211,0,0,0,0,3001,0,0,0,0,,0,/Game/Streaming/ArtAsset/UI/UIResource/UITexture/Common_Icon/Icon_Item_Equipment/icon_armor_HighElasticNeckGuard.icon_armor_HighElasticNeckGuard,,0,True,False,False,False,0,Protetor Cervical Altamente Elástico,Protetor Cervical Altamente Elástico
1000195,Item_Name_1000195,Item_Desc_1000195,False,1000195,True,False,True,[],2,1,1,2,12,20001,2,0,0,0,0,0,0,0,False,1,500,10,0,0,1000195,0,36,10,40,8,0,0,76,4,0,0,0,0,0,0,0,0,0,0,0,0,0,0,0,0,0,0,0,0,0,0,0,0,0,0,2000211,0,0,0,0,3001,0,0,0,0,,0,/Game/Streaming/ArtAsset/UI/UIResource/UITexture/Common_Icon/Icon_Item_Equipment/icon_armor_BulletproofNeckGuard.icon_armor_BulletproofNeckGuard,,0,True,False,False,False,0,Protetor Cervical à Prova de Balas,Protetor Cervical à Prova de Balas
1000196,Item_Name_1000196,Item_Desc_1000196,False,1000196,True,False,True,[],2,1,1,2,12,20001,2,0,0,0,0,0,0,0,False,1,500,10,0,0,1000196,0,36,10,40,8,0,0,74,4,0,0,0,0,0,0,0,0,0,0,0,0,0,0,0,0,0,0,0,0,0,0,0,0,0,0,2000211,0,0,0,0,3001,0,0,0,0,,0,/Game/Streaming/ArtAsset/UI/UIResource/UITexture/Common_Icon/Icon_Item_Equipment/icon_armor_WatertightNeckGuard.icon_armor_WatertightNeckGuard,,0,True,False,False,False,0,Protetor Cervical Impermeável,Protetor Cervical Impermeável
1000197,Item_Name_1000197,Item_Desc_1000197,False,1000197,True,False,True,[],2,1,2,2,12,20001,2,0,0,0,0,0,0,0,False,1,500,10,0,0,1000197,0,36,12,40,10,0,0,91,20,0,0,0,0,0,0,0,0,0,0,0,0,0,0,0,0,0,0,0,0,0,0,0,0,0,0,2000211,0,0,0,0,3001,0,0,0,0,,0,/Game/Streaming/ArtAsset/UI/UIResource/UITexture/Common_Icon/Icon_Item_Equipment/icon_armor_AdhesiveNeckGuard.icon_armor_AdhesiveNeckGuard,,0,True,False,False,False,0,Protetor Cervical Adesivo,Protetor Cervical Adesivo
1000198,Item_Name_1000198,Item_Desc_1000198,False,1000198,True,False,True,[],2,1,2,2,12,20001,2,0,0,0,0,0,0,0,False,1,500,10,0,0,1000198,0,36,12,40,10,0,0,37,180,0,0,0,0,0,0,0,0,0,0,0,0,0,0,0,0,0,0,0,0,0,0,0,0,0,0,2000211,0,0,0,0,3001,0,0,0,0,,0,/Game/Streaming/ArtAsset/UI/UIResource/UITexture/Common_Icon/Icon_Item_Equipment/icon_armor_HeatproofNeckGuard.icon_armor_HeatproofNeckGuard,,0,True,False,False,False,0,Protetor Cervical Resistente ao Calor,Protetor Cervical Resistente ao Calor
1000199,Item_Name_1000199,Item_Desc_1000199,False,1000199,True,False,True,[],2,1,2,2,12,20001,2,0,0,0,0,0,0,0,False,1,500,10,0,0,1000199,0,36,12,40,10,0,0,159,4,0,0,0,0,0,0,0,0,0,0,0,0,0,0,0,0,0,0,0,0,0,0,0,0,0,0,2000211,0,0,0,0,3001,0,0,0,0,,0,/Game/Streaming/ArtAsset/UI/UIResource/UITexture/Common_Icon/Icon_Item_Equipment/icon_armor_HighDensityNeckGuard.icon_armor_HighDensityNeckGuard,,0,True,False,False,False,0,Protetor Cervical de Alta Densidade,Protetor Cervical de Alta Densidade
1000200,Item_Name_1000200,Item_Desc_1000200,False,1000200,True,False,True,[],2,1,3,2,12,20001,2,0,0,0,0,0,0,0,False,1,500,10,0,0,1000200,0,36,14,40,12,0,0,93,2,0,0,0,0,0,0,0,0,0,0,0,0,0,0,0,0,0,0,0,0,0,0,0,0,0,0,2000211,0,0,0,0,3001,0,0,0,0,,0,/Game/Streaming/ArtAsset/UI/UIResource/UITexture/Common_Icon/Icon_Item_Equipment/icon_armor_InsulatingNeckGuard.icon_armor_InsulatingNeckGuard,,0,True,False,False,False,0,Protetor Cervical Isolante,Protetor Cervical Isolante
1000201,Item_Name_1000201,Item_Desc_1000201,False,1000201,True,False,True,[],2,1,3,2,12,20001,2,0,0,0,0,0,0,0,False,1,500,10,0,0,1000201,0,36,14,40,12,0,0,66,100,0,0,0,0,0,0,0,0,0,0,0,0,0,0,0,0,0,0,0,0,0,0,0,0,0,0,2000211,0,0,0,0,3001,0,0,0,0,,0,/Game/Streaming/ArtAsset/UI/UIResource/UITexture/Common_Icon/Icon_Item_Equipment/icon_armor_HighStrengthNeckGuard.icon_armor_HighStrengthNeckGuard,,0,True,False,False,False,0,Protetor Cervical de Alta Resistência,Protetor Cervical de Alta Resistência
1000202,Item_Name_1000202,Item_Desc_1000202,False,1000202,True,False,True,[],3,1,1,2,12,20001,2,0,0,0,0,0,0,0,False,1,2500,10,0,0,1000202,0,36,20,40,18,0,0,37,240,91,30,0,0,0,0,0,0,0,0,0,0,0,0,0,0,0,0,0,0,0,0,0,0,0,0,2001311,0,1001,1000685,10001,4001,0,0,0,0,,0,/Game/Streaming/ArtAsset/UI/UIResource/UITexture/Common_Icon/Icon_Item_Equipment/icon_armor_AramidFiberNeckGuard.icon_armor_AramidFiberNeckGuard,,0,True,False,False,False,0,Protetor Cervical de Fibra de Aramida,Protetor Cervical de Fibra de Aramida
1000203,Item_Name_1000203,Item_Desc_1000203,False,1000203,True,False,True,[],3,1,2,2,12,20001,2,0,0,0,0,0,0,0,False,1,2500,10,0,0,1000203,0,36,25,40,21,0,0,78,6,91,30,0,0,0,0,0,0,0,0,0,0,0,0,0,0,0,0,0,0,0,0,0,0,0,0,2002311,0,1002,1000686,10002,4001,0,0,0,0,,0,/Game/Streaming/ArtAsset/UI/UIResource/UITexture/Common_Icon/Icon_Item_Equipment/icon_armor_PolymerSilicaNeckGuard.icon_armor_PolymerSilicaNeckGuard,,0,True,False,False,False,0,Protetor Cervical de Sílica Polimérica,Protetor Cervical de Sílica Polimérica
1000204,Item_Name_1000204,Item_Desc_1000204,False,1000204,True,False,True,[],3,1,3,2,12,20001,2,0,0,0,0,0,0,0,False,1,2500,10,0,0,1000204,0,36,31,40,25,0,0,76,6,91,30,0,0,0,0,0,0,0,0,0,0,0,0,0,0,0,0,0,0,0,0,0,0,0,0,2003311,0,1003,1000687,10003,4001,0,0,0,0,,0,/Game/Streaming/ArtAsset/UI/UIResource/UITexture/Common_Icon/Icon_Item_Equipment/icon_armor_EnhancedNitrileNeckGuard.icon_armor_EnhancedNitrileNeckGuard,,0,True,False,False,False,0,Protetor Cervical de Nitrilo Aprimorado,Protetor Cervical de Nitrilo Aprimorado
1000205,Item_Name_1000205,Item_Desc_1000205,False,1000205,True,False,True,[],3,1,4,2,12,20001,2,0,0,0,0,0,0,0,False,1,2500,10,0,0,1000205,0,36,38,40,30,0,0,74,6,91,30,0,0,0,0,0,0,0,0,0,0,0,0,0,0,0,0,0,0,0,0,0,0,0,0,2004311,0,1004,1000688,10004,4001,0,0,0,0,,0,/Game/Streaming/ArtAsset/UI/UIResource/UITexture/Common_Icon/Icon_Item_Equipment/icon_armor_NanoCelluloseNeckGuard.icon_armor_NanoCelluloseNeckGuard,,0,True,False,False,False,0,Protetor Cervical de Nanocelulose,Protetor Cervical de Nanocelulose
1000206,Item_Name_1000206,Item_Desc_1000206,False,1000206,True,False,True,[],3,1,5,2,12,20001,2,0,0,0,0,0,0,0,False,1,2500,10,0,0,1000206,0,36,46,40,36,0,0,159,6,91,40,0,0,0,0,0,0,0,0,0,0,0,0,0,0,0,0,0,0,0,0,0,0,0,0,2005311,0,1005,1000689,10005,4001,0,0,0,0,,0,/Game/Streaming/ArtAsset/UI/UIResource/UITexture/Common_Icon/Icon_Item_Equipment/icon_armor_LiquidPlasticNeckGuard.icon_armor_LiquidPlasticNeckGuard,,0,True,False,False,False,0,Protetor Cervical de Plástico Líquido,Protetor Cervical de Plástico Líquido
1000207,Item_Name_1000207,Item_Desc_1000207,False,1000207,True,False,True,[],3,1,6,2,12,20001,2,0,0,0,0,0,0,0,False,1,2500,10,0,0,1000207,0,36,55,40,43,0,0,93,2,91,40,0,0,0,0,0,0,0,0,0,0,0,0,0,0,0,0,0,0,0,0,0,0,0,0,2006311,0,1006,1000690,10006,4002,0,0,0,0,,0,/Game/Streaming/ArtAsset/UI/UIResource/UITexture/Common_Icon/Icon_Item_Equipment/icon_armor_EnhancedLeatherNeckGuard.icon_armor_EnhancedLeatherNeckGuard,,0,True,False,False,False,0,Protetor Cervical de Couro Aprimorado,Protetor Cervical de Couro Aprimorado
1000208,Item_Name_1000208,Item_Desc_1000208,False,1000208,True,False,True,[],3,1,7,2,12,20001,2,0,0,0,0,0,0,0,False,1,2500,10,0,0,1000208,0,36,64,40,50,0,0,159,8,91,50,0,0,0,0,0,0,0,0,0,0,0,0,0,0,0,0,0,0,0,0,0,0,0,0,2007311,0,1007,1000691,10007,4002,0,0,0,0,,0,/Game/Streaming/ArtAsset/UI/UIResource/UITexture/Common_Icon/Icon_Item_Equipment/icon_armor_CeramicCoatingNeckGuard.icon_armor_CeramicCoatingNeckGuard,,0,True,False,False,False,0,Protetor Cervical com Revestimento Cerâmico,Protetor Cervical com Revestimento Cerâmico
1000209,Item_Name_1000209,Item_Desc_1000209,False,1000209,True,False,True,[],3,1,8,2,12,20001,2,0,0,0,0,0,0,0,False,1,2500,10,0,0,1000209,0,36,67,40,55,0,0,105,14,93,8,0,0,0,0,0,0,0,0,0,0,0,0,0,0,0,0,0,0,0,0,0,0,0,0,2008311,0,1008,1000692,10008,4003,0,0,0,0,,0,/Game/Streaming/ArtAsset/UI/UIResource/UITexture/Common_Icon/Icon_Item_Equipment/icon_armor_LiquidCristalNeckGuard.icon_armor_LiquidCristalNeckGuard,,0,True,False,False,False,0,Protetor Cervical de Cristal Líquido,Protetor Cervical de Cristal Líquido
1000212,Item_Name_1000212,Item_Desc_1000212,False,1000212,True,True,True,[],4,1,1,2,12,20001,2,0,0,0,0,0,0,0,False,1,12500,30,0,0,1000212,0,36,71,40,58,0,0,37,480,91,100,66,400,0,0,0,0,0,0,0,0,0,0,0,0,0,0,0,0,0,0,0,0,0,0,2001411,0,2001,1000695,20001,0,0,0,0,0,,0,/Game/Streaming/ArtAsset/UI/UIResource/UITexture/Common_Icon/Icon_Item_Equipment/icon_armor_CutResistantNeckGuard.icon_armor_CutResistantNeckGuard,,0,True,False,False,False,0,Protetor Cervical Resistente a Cortes,Protetor Cervical Resistente a Cortes
1000213,Item_Name_1000213,Item_Desc_1000213,False,1000213,True,True,True,[],4,1,2,2,12,20001,2,0,0,0,0,0,0,0,False,1,12500,30,0,0,1000213,0,36,85,40,65,0,0,159,24,37,600,93,6,0,0,0,0,0,0,0,0,0,0,0,0,0,0,0,0,0,0,0,0,0,0,2002411,0,2002,1000696,20002,0,0,0,0,0,,0,/Game/Streaming/ArtAsset/UI/UIResource/UITexture/Common_Icon/Icon_Item_Equipment/icon_armor_AmorphousMetalNeckGuard.icon_armor_AmorphousMetalNeckGuard,,0,True,False,False,False,0,Protetor Cervical de Metal Amorfo,Protetor Cervical de Metal Amorfo
1000214,Item_Name_1000214,Item_Desc_1000214,False,1000214,True,True,True,[],4,1,3,2,12,20001,2,0,0,0,0,0,0,0,False,1,12500,30,0,0,1000214,0,36,101,40,74,0,0,159,30,66,500,93,8,0,0,0,0,0,0,0,0,0,0,0,0,0,0,0,0,0,0,0,0,0,0,2003411,0,2003,1000697,20003,0,0,0,0,0,,0,/Game/Streaming/ArtAsset/UI/UIResource/UITexture/Common_Icon/Icon_Item_Equipment/icon_armor_SelfWeldingNeckGuard.icon_armor_SelfWeldingNeckGuard,,0,True,False,False,False,0,Protetor Cervical Autossoldável,Protetor Cervical Autossoldável
1000215,Item_Name_1000215,Item_Desc_1000215,False,1000215,True,True,True,[],4,1,4,2,12,20001,2,0,0,0,0,0,0,0,False,1,12500,30,0,0,1000215,0,36,122,40,83,0,0,159,36,66,600,93,9,0,0,0,0,0,0,0,0,0,0,0,0,0,0,0,0,0,0,0,0,0,0,2004411,0,2004,1000698,20004,0,0,0,0,0,,0,/Game/Streaming/ArtAsset/UI/UIResource/UITexture/Common_Icon/Icon_Item_Equipment/icon_armor_PolymericMembraneNeckGuard.icon_armor_PolymericMembraneNeckGuard,,0,True,False,False,False,0,Protetor Cervical de Membrana Polimérica,Protetor Cervical de Membrana Polimérica
1000216,Item_Name_1000216,Item_Desc_1000216,False,1000216,True,True,True,[],4,1,5,2,12,20001,2,0,0,0,0,0,0,0,False,1,12500,30,0,0,1000216,0,36,146,40,95,0,0,159,60,66,750,93,15,0,0,0,0,0,0,0,0,0,0,0,0,0,0,0,0,0,0,0,0,0,0,2005411,0,2005,1000699,20005,0,0,0,0,0,,0,/Game/Streaming/ArtAsset/UI/UIResource/UITexture/Common_Icon/Icon_Item_Equipment/icon_armor_ShockAbsorbingNeckGuard.icon_armor_ShockAbsorbingNeckGuard,,0,True,False,False,False,0,Protetor Cervical com Absorção de Impacto,Protetor Cervical com Absorção de Impacto
1000217,Item_Name_1000217,Item_Desc_1000217,False,1000217,True,True,True,[],4,1,6,2,12,20001,2,0,0,0,0,0,0,0,False,1,12500,30,0,0,1000217,0,36,161,40,110,0,0,159,75,66,850,93,24,0,0,0,0,0,0,0,0,0,0,0,0,0,0,0,0,0,0,0,0,0,0,2006411,0,2006,1000700,0,0,0,0,0,0,,0,/Game/Streaming/ArtAsset/UI/UIResource/UITexture/Common_Icon/Icon_Item_Equipment/icon_armor_BioConjugationNeckGuard.icon_armor_BioConjugationNeckGuard,,0,True,False,False,False,0,Protetor Cervical de Fusão Biológica,Protetor Cervical de Fusão Biológica
1000223,Item_Name_1000223,Item_Desc_1000223,False,1000223,True,False,True,[],1,1,1,2,11,20001,3,0,0,0,0,0,0,0,False,1,100,10,0,0,1000223,0,36,8,0,0,0,0,0,0,0,0,0,0,0,0,0,0,0,0,0,0,0,0,0,0,0,0,0,0,0,0,0,0,0,0,2000111,0,0,0,0,2001,0,0,0,0,,0,/Game/Streaming/ArtAsset/UI/UIResource/UITexture/Common_Icon/Icon_Item_Equipment/icon_armor_SimpleUpperGuard.icon_armor_SimpleUpperGuard,,0,True,False,False,False,0,Protetor Superior Simples,Protetor Superior Simples
1000224,Item_Name_1000224,Item_Desc_1000224,False,1000224,True,False,True,[],1,1,1,2,11,20001,3,0,0,0,0,0,0,0,False,1,100,10,0,0,1000224,0,36,8,0,0,0,0,78,2,0,0,0,0,0,0,0,0,0,0,0,0,0,0,0,0,0,0,0,0,0,0,0,0,0,0,2000111,0,0,0,0,2001,0,0,0,0,,0,/Game/Streaming/ArtAsset/UI/UIResource/UITexture/Common_Icon/Icon_Item_Equipment/icon_armor_LightweightUpperGuard.icon_armor_LightweightUpperGuard,,0,True,False,False,False,0,Protetor Superior Leve,Protetor Superior Leve
1000225,Item_Name_1000225,Item_Desc_1000225,False,1000225,True,False,True,[],1,1,1,2,11,20001,3,0,0,0,0,0,0,0,False,1,100,10,0,0,1000225,0,36,8,0,0,0,0,76,2,0,0,0,0,0,0,0,0,0,0,0,0,0,0,0,0,0,0,0,0,0,0,0,0,0,0,2000111,0,0,0,0,2001,0,0,0,0,,0,/Game/Streaming/ArtAsset/UI/UIResource/UITexture/Common_Icon/Icon_Item_Equipment/icon_armor_ComfortableUpperGuard.icon_armor_ComfortableUpperGuard,,0,True,False,False,False,0,Protetor Superior Confortável,Protetor Superior Confortável
1000226,Item_Name_1000226,Item_Desc_1000226,False,1000226,True,False,True,[],1,1,1,2,11,20001,3,0,0,0,0,0,0,0,False,1,100,10,0,0,1000226,0,36,8,0,0,0,0,74,2,0,0,0,0,0,0,0,0,0,0,0,0,0,0,0,0,0,0,0,0,0,0,0,0,0,0,2000111,0,0,0,0,2001,0,0,0,0,,0,/Game/Streaming/ArtAsset/UI/UIResource/UITexture/Common_Icon/Icon_Item_Equipment/icon_armor_FlexibleUpperGuard.icon_armor_FlexibleUpperGuard,,0,True,False,False,False,0,Protetor Superior Flexível,Protetor Superior Flexível
1000227,Item_Name_1000227,Item_Desc_1000227,False,1000227,True,False,True,[],1,1,2,2,11,20001,3,0,0,0,0,0,0,0,False,1,100,10,0,0,1000227,0,36,10,85,4,0,0,37,120,0,0,0,0,0,0,0,0,0,0,0,0,0,0,0,0,0,0,0,0,0,0,0,0,0,0,2000111,0,0,0,0,2001,0,0,0,0,,0,/Game/Streaming/ArtAsset/UI/UIResource/UITexture/Common_Icon/Icon_Item_Equipment/icon_armor_EnhancedUpperGuard.icon_armor_EnhancedUpperGuard,,0,True,False,False,False,0,Protetor Superior Aprimorado,Protetor Superior Aprimorado
1000228,Item_Name_1000228,Item_Desc_1000228,False,1000228,True,False,True,[],1,1,2,2,11,20001,3,0,0,0,0,0,0,0,False,1,100,10,0,0,1000228,0,36,10,85,4,0,0,95,2,0,0,0,0,0,0,0,0,0,0,0,0,0,0,0,0,0,0,0,0,0,0,0,0,0,0,2000111,0,0,0,0,2001,0,0,0,0,,0,/Game/Streaming/ArtAsset/UI/UIResource/UITexture/Common_Icon/Icon_Item_Equipment/icon_armor_PreciseUpperGuard.icon_armor_PreciseUpperGuard,,0,True,False,False,False,0,Protetor Superior Ajustado,Protetor Superior Ajustado
1000229,Item_Name_1000229,Item_Desc_1000229,False,1000229,True,False,True,[],1,1,2,2,11,20001,3,0,0,0,0,0,0,0,False,1,100,10,0,0,1000229,0,36,10,85,4,0,0,42,4,0,0,0,0,0,0,0,0,0,0,0,0,0,0,0,0,0,0,0,0,0,0,0,0,0,0,2000111,0,0,0,0,2001,0,0,0,0,,0,/Game/Streaming/ArtAsset/UI/UIResource/UITexture/Common_Icon/Icon_Item_Equipment/icon_armor_CompressedUpperGuard.icon_armor_CompressedUpperGuard,,0,True,False,False,False,0,Protetor Superior Comprimido,Protetor Superior Comprimido
1000230,Item_Name_1000230,Item_Desc_1000230,False,1000230,True,False,True,[],1,1,2,2,11,20001,3,0,0,0,0,0,0,0,False,1,100,10,0,0,1000230,0,36,10,85,4,0,0,132,100,0,0,0,0,0,0,0,0,0,0,0,0,0,0,0,0,0,0,0,0,0,0,0,0,0,0,2000111,0,0,0,0,2001,0,0,0,0,,0,/Game/Streaming/ArtAsset/UI/UIResource/UITexture/Common_Icon/Icon_Item_Equipment/icon_armor_HighPerformanceUpperGuard.icon_armor_HighPerformanceUpperGuard,,0,True,False,False,False,0,Protetor Superior de Alto Desempenho,Protetor Superior de Alto Desempenho
1000231,Item_Name_1000231,Item_Desc_1000231,False,1000231,True,False,True,[],2,1,1,2,11,20001,3,0,0,0,0,0,0,0,False,1,500,10,0,0,1000231,0,36,16,85,8,0,0,78,4,0,0,0,0,0,0,0,0,0,0,0,0,0,0,0,0,0,0,0,0,0,0,0,0,0,0,2000211,0,0,0,0,3001,0,0,0,0,,0,/Game/Streaming/ArtAsset/UI/UIResource/UITexture/Common_Icon/Icon_Item_Equipment/icon_armor_HighElasticUpperGuard.icon_armor_HighElasticUpperGuard,,0,True,False,False,False,0,Protetor Superior Altamente Elástico,Protetor Superior Altamente Elástico
1000232,Item_Name_1000232,Item_Desc_1000232,False,1000232,True,False,True,[],2,1,1,2,11,20001,3,0,0,0,0,0,0,0,False,1,500,10,0,0,1000232,0,36,16,85,8,0,0,76,4,0,0,0,0,0,0,0,0,0,0,0,0,0,0,0,0,0,0,0,0,0,0,0,0,0,0,2000211,0,0,0,0,3001,0,0,0,0,,0,/Game/Streaming/ArtAsset/UI/UIResource/UITexture/Common_Icon/Icon_Item_Equipment/icon_armor_BulletproofUpperGuard.icon_armor_BulletproofUpperGuard,,0,True,False,False,False,0,Protetor Superior à Prova de Balas,Protetor Superior à Prova de Balas
1000233,Item_Name_1000233,Item_Desc_1000233,False,1000233,True,False,True,[],2,1,1,2,11,20001,3,0,0,0,0,0,0,0,False,1,500,10,0,0,1000233,0,36,16,85,8,0,0,74,4,0,0,0,0,0,0,0,0,0,0,0,0,0,0,0,0,0,0,0,0,0,0,0,0,0,0,2000211,0,0,0,0,3001,0,0,0,0,,0,/Game/Streaming/ArtAsset/UI/UIResource/UITexture/Common_Icon/Icon_Item_Equipment/icon_armor_WatertightUpperGuard.icon_armor_WatertightUpperGuard,,0,True,False,False,False,0,Protetor Superior Impermeável,Protetor Superior Impermeável
1000234,Item_Name_1000234,Item_Desc_1000234,False,1000234,True,False,True,[],2,1,2,2,11,20001,3,0,0,0,0,0,0,0,False,1,500,10,0,0,1000234,0,36,18,85,12,0,0,83,2,0,0,0,0,0,0,0,0,0,0,0,0,0,0,0,0,0,0,0,0,0,0,0,0,0,0,2000211,0,0,0,0,3001,0,0,0,0,,0,/Game/Streaming/ArtAsset/UI/UIResource/UITexture/Common_Icon/Icon_Item_Equipment/icon_armor_AdhesiveUpperGuard.icon_armor_AdhesiveUpperGuard,,0,True,False,False,False,0,Protetor Superior Adesivo,Protetor Superior Adesivo
1000235,Item_Name_1000235,Item_Desc_1000235,False,1000235,True,False,True,[],2,1,2,2,11,20001,3,0,0,0,0,0,0,0,False,1,500,10,0,0,1000235,0,36,18,85,12,0,0,37,180,0,0,0,0,0,0,0,0,0,0,0,0,0,0,0,0,0,0,0,0,0,0,0,0,0,0,2000211,0,0,0,0,3001,0,0,0,0,,0,/Game/Streaming/ArtAsset/UI/UIResource/UITexture/Common_Icon/Icon_Item_Equipment/icon_armor_HeatproofUpperGuard.icon_armor_HeatproofUpperGuard,,0,True,False,False,False,0,Protetor Superior Resistente ao Calor,Protetor Superior Resistente ao Calor
1000236,Item_Name_1000236,Item_Desc_1000236,False,1000236,True,False,True,[],2,1,2,2,11,20001,3,0,0,0,0,0,0,0,False,1,500,10,0,0,1000236,0,36,18,85,12,0,0,95,4,0,0,0,0,0,0,0,0,0,0,0,0,0,0,0,0,0,0,0,0,0,0,0,0,0,0,2000211,0,0,0,0,3001,0,0,0,0,,0,/Game/Streaming/ArtAsset/UI/UIResource/UITexture/Common_Icon/Icon_Item_Equipment/icon_armor_HighDensityUpperGuard.icon_armor_HighDensityUpperGuard,,0,True,False,False,False,0,Protetor Superior de Alta Densidade,Protetor Superior de Alta Densidade
1000237,Item_Name_1000237,Item_Desc_1000237,False,1000237,True,False,True,[],2,1,3,2,11,20001,3,0,0,0,0,0,0,0,False,1,500,10,0,0,1000237,0,36,20,85,16,0,0,42,6,0,0,0,0,0,0,0,0,0,0,0,0,0,0,0,0,0,0,0,0,0,0,0,0,0,0,2000211,0,0,0,0,3001,0,0,0,0,,0,/Game/Streaming/ArtAsset/UI/UIResource/UITexture/Common_Icon/Icon_Item_Equipment/icon_armor_InsulatingUpperGuard.icon_armor_InsulatingUpperGuard,,0,True,False,False,False,0,Protetor Superior Isolante,Protetor Superior Isolante
1000238,Item_Name_1000238,Item_Desc_1000238,False,1000238,True,False,True,[],2,1,3,2,11,20001,3,0,0,0,0,0,0,0,False,1,500,10,0,0,1000238,0,36,20,85,16,0,0,67,100,0,0,0,0,0,0,0,0,0,0,0,0,0,0,0,0,0,0,0,0,0,0,0,0,0,0,2000211,0,0,0,0,3001,0,0,0,0,,0,/Game/Streaming/ArtAsset/UI/UIResource/UITexture/Common_Icon/Icon_Item_Equipment/icon_armor_HighStrengthUpperGuard.icon_armor_HighStrengthUpperGuard,,0,True,False,False,False,0,Protetor Superior de Alta Resistência,Protetor Superior de Alta Resistência
1000239,Item_Name_1000239,Item_Desc_1000239,False,1000239,True,False,True,[],3,1,1,2,11,20001,3,0,0,0,0,0,0,0,False,1,2500,10,0,0,1000239,0,36,26,85,20,0,0,83,2,37,180,0,0,0,0,0,0,0,0,0,0,0,0,0,0,0,0,0,0,0,0,0,0,0,0,2001311,0,1001,1000722,10001,4001,0,0,0,0,,0,/Game/Streaming/ArtAsset/UI/UIResource/UITexture/Common_Icon/Icon_Item_Equipment/icon_armor_AramidFiberUpperGuard.icon_armor_AramidFiberUpperGuard,,0,True,False,False,False,0,Protetor Superior de Fibra de Aramida,Protetor Superior de Fibra de Aramida
1000240,Item_Name_1000240,Item_Desc_1000240,False,1000240,True,False,True,[],3,1,2,2,11,20001,3,0,0,0,0,0,0,0,False,1,2500,10,0,0,1000240,0,36,31,85,26,0,0,78,6,37,240,0,0,0,0,0,0,0,0,0,0,0,0,0,0,0,0,0,0,0,0,0,0,0,0,2002311,0,1002,1000723,10002,4001,0,0,0,0,,0,/Game/Streaming/ArtAsset/UI/UIResource/UITexture/Common_Icon/Icon_Item_Equipment/icon_armor_PolymerSilicaUpperGuard.icon_armor_PolymerSilicaUpperGuard,,0,True,False,False,False,0,Protetor Superior de Sílica Polimérica,Protetor Superior de Sílica Polimérica
1000241,Item_Name_1000241,Item_Desc_1000241,False,1000241,True,False,True,[],3,1,3,2,11,20001,3,0,0,0,0,0,0,0,False,1,2500,10,0,0,1000241,0,36,38,85,34,0,0,76,6,37,240,0,0,0,0,0,0,0,0,0,0,0,0,0,0,0,0,0,0,0,0,0,0,0,0,2003311,0,1003,1000724,10003,4001,0,0,0,0,,0,/Game/Streaming/ArtAsset/UI/UIResource/UITexture/Common_Icon/Icon_Item_Equipment/icon_armor_EnhancedNitrileUpperGuard.icon_armor_EnhancedNitrileUpperGuard,,0,True,False,False,False,0,Protetor Superior de Nitrilo Aprimorado,Protetor Superior de Nitrilo Aprimorado
1000242,Item_Name_1000242,Item_Desc_1000242,False,1000242,True,False,True,[],3,1,4,2,11,20001,3,0,0,0,0,0,0,0,False,1,2500,10,0,0,1000242,0,36,47,85,44,0,0,74,6,37,240,0,0,0,0,0,0,0,0,0,0,0,0,0,0,0,0,0,0,0,0,0,0,0,0,2004311,0,1004,1000725,10004,4001,0,0,0,0,,0,/Game/Streaming/ArtAsset/UI/UIResource/UITexture/Common_Icon/Icon_Item_Equipment/icon_armor_NanoCelluloseUpperGuard.icon_armor_NanoCelluloseUpperGuard,,0,True,False,False,False,0,Protetor Superior de Nanocelulose,Protetor Superior de Nanocelulose
1000243,Item_Name_1000243,Item_Desc_1000243,False,1000243,True,False,True,[],3,1,5,2,11,20001,3,0,0,0,0,0,0,0,False,1,2500,10,0,0,1000243,0,36,58,85,56,0,0,95,6,37,300,0,0,0,0,0,0,0,0,0,0,0,0,0,0,0,0,0,0,0,0,0,0,0,0,2005311,0,1005,1000726,10005,4001,0,0,0,0,,0,/Game/Streaming/ArtAsset/UI/UIResource/UITexture/Common_Icon/Icon_Item_Equipment/icon_armor_LiquidPlasticUpperGuard.icon_armor_LiquidPlasticUpperGuard,,0,True,False,False,False,0,Protetor Superior de Plástico Líquido,Protetor Superior de Plástico Líquido
1000244,Item_Name_1000244,Item_Desc_1000244,False,1000244,True,False,True,[],3,1,6,2,11,20001,3,0,0,0,0,0,0,0,False,1,2500,10,0,0,1000244,0,36,71,85,70,0,0,42,10,37,300,0,0,0,0,0,0,0,0,0,0,0,0,0,0,0,0,0,0,0,0,0,0,0,0,2006311,0,1006,1000727,10006,4002,0,0,0,0,,0,/Game/Streaming/ArtAsset/UI/UIResource/UITexture/Common_Icon/Icon_Item_Equipment/icon_armor_EnhancedLeatherUpperGuard.icon_armor_EnhancedLeatherUpperGuard,,0,True,False,False,False,0,Protetor Superior de Couro Aprimorado,Protetor Superior de Couro Aprimorado
1000245,Item_Name_1000245,Item_Desc_1000245,False,1000245,True,False,True,[],3,1,7,2,11,20001,3,0,0,0,0,0,0,0,False,1,2500,10,0,0,1000245,0,36,80,85,78,0,0,42,12,37,360,0,0,0,0,0,0,0,0,0,0,0,0,0,0,0,0,0,0,0,0,0,0,0,0,2007311,0,1007,1000728,10007,4002,0,0,0,0,,0,/Game/Streaming/ArtAsset/UI/UIResource/UITexture/Common_Icon/Icon_Item_Equipment/icon_armor_CeramicCoatingUpperGuard.icon_armor_CeramicCoatingUpperGuard,,0,True,False,False,False,0,Protetor Superior com Revestimento Cerâmico,Protetor Superior com Revestimento Cerâmico
1000246,Item_Name_1000246,Item_Desc_1000246,False,1000246,True,False,True,[],3,1,8,2,11,20001,3,0,0,0,0,0,0,0,False,1,2500,10,0,0,1000246,0,36,85,85,84,0,0,95,14,67,300,0,0,0,0,0,0,0,0,0,0,0,0,0,0,0,0,0,0,0,0,0,0,0,0,2008311,0,1008,1000729,10008,4003,0,0,0,0,,0,/Game/Streaming/ArtAsset/UI/UIResource/UITexture/Common_Icon/Icon_Item_Equipment/icon_armor_LiquidCristalUpperGuard.icon_armor_LiquidCristalUpperGuard,,0,True,False,False,False,0,Protetor Superior de Cristal Líquido,Protetor Superior de Cristal Líquido
1000249,Item_Name_1000249,Item_Desc_1000249,False,1000249,True,True,True,[],4,1,1,2,11,20001,3,0,0,0,0,0,0,0,False,1,12500,30,0,0,1000249,0,36,91,85,90,0,0,37,480,83,12,67,400,0,0,0,0,0,0,0,0,0,0,0,0,0,0,0,0,0,0,0,0,0,0,2001411,0,2001,1000732,20001,0,0,0,0,0,,0,/Game/Streaming/ArtAsset/UI/UIResource/UITexture/Common_Icon/Icon_Item_Equipment/icon_armor_CutResistantUpperGuard.icon_armor_CutResistantUpperGuard,,0,True,False,False,False,0,Protetor Superior Resistente a Cortes,Protetor Superior Resistente a Cortes
1000250,Item_Name_1000250,Item_Desc_1000250,False,1000250,True,True,True,[],4,1,2,2,11,20001,3,0,0,0,0,0,0,0,False,1,12500,30,0,0,1000250,0,36,108,85,100,0,0,42,24,37,600,83,16,0,0,0,0,0,0,0,0,0,0,0,0,0,0,0,0,0,0,0,0,0,0,2002411,0,2002,1000733,20002,0,0,0,0,0,,0,/Game/Streaming/ArtAsset/UI/UIResource/UITexture/Common_Icon/Icon_Item_Equipment/icon_armor_AmorphousMetalUpperGuard.icon_armor_AmorphousMetalUpperGuard,,0,True,False,False,False,0,Protetor Superior de Metal Amorfo,Protetor Superior de Metal Amorfo
1000251,Item_Name_1000251,Item_Desc_1000251,False,1000251,True,True,True,[],4,1,3,2,11,20001,3,0,0,0,0,0,0,0,False,1,12500,30,0,0,1000251,0,36,126,85,110,0,0,95,30,67,500,42,30,0,0,0,0,0,0,0,0,0,0,0,0,0,0,0,0,0,0,0,0,0,0,2003411,0,2003,1000734,20003,0,0,0,0,0,,0,/Game/Streaming/ArtAsset/UI/UIResource/UITexture/Common_Icon/Icon_Item_Equipment/icon_armor_SelfWeldingUpperGuard.icon_armor_SelfWeldingUpperGuard,,0,True,False,False,False,0,Protetor Superior Autossoldável,Protetor Superior Autossoldável
1000252,Item_Name_1000252,Item_Desc_1000252,False,1000252,True,True,True,[],4,1,4,2,11,20001,3,0,0,0,0,0,0,0,False,1,12500,30,0,0,1000252,0,36,148,85,120,0,0,95,36,67,600,83,18,0,0,0,0,0,0,0,0,0,0,0,0,0,0,0,0,0,0,0,0,0,0,2004411,0,2004,1000735,20004,0,0,0,0,0,,0,/Game/Streaming/ArtAsset/UI/UIResource/UITexture/Common_Icon/Icon_Item_Equipment/icon_armor_PolymericMembraneUpperGuard.icon_armor_PolymericMembraneUpperGuard,,0,True,False,False,False,0,Protetor Superior de Membrana Polimérica,Protetor Superior de Membrana Polimérica
1000253,Item_Name_1000253,Item_Desc_1000253,False,1000253,True,True,True,[],4,1,5,2,11,20001,3,0,0,0,0,0,0,0,False,1,12500,30,0,0,1000253,0,36,176,85,135,0,0,95,40,67,750,83,27,0,0,0,0,0,0,0,0,0,0,0,0,0,0,0,0,0,0,0,0,0,0,2005411,0,2005,1000736,20005,0,0,0,0,0,,0,/Game/Streaming/ArtAsset/UI/UIResource/UITexture/Common_Icon/Icon_Item_Equipment/icon_armor_ShockAbsorbingUpperGuard.icon_armor_ShockAbsorbingUpperGuard,,0,True,False,False,False,0,Protetor Superior com Absorção de Impacto,Protetor Superior com Absorção de Impacto
1000254,Item_Name_1000254,Item_Desc_1000254,False,1000254,True,True,True,[],4,1,6,2,11,20001,3,0,0,0,0,0,0,0,False,1,12500,30,0,0,1000254,0,36,191,85,150,0,0,95,48,67,850,83,36,0,0,0,0,0,0,0,0,0,0,0,0,0,0,0,0,0,0,0,0,0,0,2006411,0,2006,1000737,0,0,0,0,0,0,,0,/Game/Streaming/ArtAsset/UI/UIResource/UITexture/Common_Icon/Icon_Item_Equipment/icon_armor_BioConjugationUpperGuard.icon_armor_BioConjugationUpperGuard,,0,True,False,False,False,0,Protetor Superior de Fusão Biológica,Protetor Superior de Fusão Biológica
1000256,Item_Name_1000256,Item_Desc_1000256,False,1000256,True,True,True,[],5,1,1,2,11,20001,3,0,0,0,0,0,0,0,False,1,62500,1000,0,0,1000256,0,36,273,85,195,40,63,42,75,67,1000,83,57,36,72,95,45,0,0,0,0,0,0,0,0,0,0,0,0,0,0,0,0,0,0,2001511,0,3001,1000739,0,0,0,0,0,0,,0,/Game/Streaming/ArtAsset/UI/UIResource/UITexture/Common_Icon/Icon_Item_Equipment/icon_armor_SamueleUpperGuard.icon_armor_SamueleUpperGuard,,0,True,False,False,False,0,Protetor Superior do Vencedor da Guerra de Cerco,Protetor Superior do Vencedor da Guerra de Cerco
1000260,Item_Name_1000260,Item_Desc_1000260,False,1000260,True,False,True,[],1,1,1,2,13,20001,4,0,0,0,0,0,0,0,False,1,100,10,0,0,1000260,0,36,6,0,0,0,0,0,0,0,0,0,0,0,0,0,0,0,0,0,0,0,0,0,0,0,0,0,0,0,0,0,0,0,0,2000111,0,0,0,0,2001,0,0,0,0,,0,/Game/Streaming/ArtAsset/UI/UIResource/UITexture/Common_Icon/Icon_Item_Equipment/icon_armor_SimpleLowerGuard.icon_armor_SimpleLowerGuard,,0,True,False,False,False,0,Protetor Inferior Simples,Protetor Inferior Simples
1000261,Item_Name_1000261,Item_Desc_1000261,False,1000261,True,False,True,[],1,1,1,2,13,20001,4,0,0,0,0,0,0,0,False,1,100,10,0,0,1000261,0,36,6,0,0,0,0,78,2,0,0,0,0,0,0,0,0,0,0,0,0,0,0,0,0,0,0,0,0,0,0,0,0,0,0,2000111,0,0,0,0,2001,0,0,0,0,,0,/Game/Streaming/ArtAsset/UI/UIResource/UITexture/Common_Icon/Icon_Item_Equipment/icon_armor_LightweightLowerGuard.icon_armor_LightweightLowerGuard,,0,True,False,False,False,0,Protetor Inferior Leve,Protetor Inferior Leve
1000262,Item_Name_1000262,Item_Desc_1000262,False,1000262,True,False,True,[],1,1,1,2,13,20001,4,0,0,0,0,0,0,0,False,1,100,10,0,0,1000262,0,36,6,0,0,0,0,76,2,0,0,0,0,0,0,0,0,0,0,0,0,0,0,0,0,0,0,0,0,0,0,0,0,0,0,2000111,0,0,0,0,2001,0,0,0,0,,0,/Game/Streaming/ArtAsset/UI/UIResource/UITexture/Common_Icon/Icon_Item_Equipment/icon_armor_ComfortableLowerGuard.icon_armor_ComfortableLowerGuard,,0,True,False,False,False,0,Protetor Inferior Confortável,Protetor Inferior Confortável
1000263,Item_Name_1000263,Item_Desc_1000263,False,1000263,True,False,True,[],1,1,1,2,13,20001,4,0,0,0,0,0,0,0,False,1,100,10,0,0,1000263,0,36,6,0,0,0,0,74,2,0,0,0,0,0,0,0,0,0,0,0,0,0,0,0,0,0,0,0,0,0,0,0,0,0,0,2000111,0,0,0,0,2001,0,0,0,0,,0,/Game/Streaming/ArtAsset/UI/UIResource/UITexture/Common_Icon/Icon_Item_Equipment/icon_armor_FlexibleLowerGuard.icon_armor_FlexibleLowerGuard,,0,True,False,False,False,0,Protetor Inferior Flexível,Protetor Inferior Flexível
1000264,Item_Name_1000264,Item_Desc_1000264,False,1000264,True,False,True,[],1,1,2,2,13,20001,4,0,0,0,0,0,0,0,False,1,100,10,0,0,1000264,0,36,8,37,90,0,0,144,10,0,0,0,0,0,0,0,0,0,0,0,0,0,0,0,0,0,0,0,0,0,0,0,0,0,0,2000111,0,0,0,0,2001,0,0,0,0,,0,/Game/Streaming/ArtAsset/UI/UIResource/UITexture/Common_Icon/Icon_Item_Equipment/icon_armor_EnhancedLowerGuard.icon_armor_EnhancedLowerGuard,,0,True,False,False,False,0,Protetor Inferior Aprimorado,Protetor Inferior Aprimorado
1000265,Item_Name_1000265,Item_Desc_1000265,False,1000265,True,False,True,[],1,1,2,2,13,20001,4,0,0,0,0,0,0,0,False,1,100,10,0,0,1000265,0,36,8,37,90,0,0,162,2,0,0,0,0,0,0,0,0,0,0,0,0,0,0,0,0,0,0,0,0,0,0,0,0,0,0,2000111,0,0,0,0,2001,0,0,0,0,,0,/Game/Streaming/ArtAsset/UI/UIResource/UITexture/Common_Icon/Icon_Item_Equipment/icon_armor_PreciseLowerGuard.icon_armor_PreciseLowerGuard,,0,True,False,False,False,0,Protetor Inferior Ajustado,Protetor Inferior Ajustado
1000266,Item_Name_1000266,Item_Desc_1000266,False,1000266,True,False,True,[],1,1,2,2,13,20001,4,0,0,0,0,0,0,0,False,1,100,10,0,0,1000266,0,36,8,37,90,0,0,105,2,0,0,0,0,0,0,0,0,0,0,0,0,0,0,0,0,0,0,0,0,0,0,0,0,0,0,2000111,0,0,0,0,2001,0,0,0,0,,0,/Game/Streaming/ArtAsset/UI/UIResource/UITexture/Common_Icon/Icon_Item_Equipment/icon_armor_CompressedLowerGuard.icon_armor_CompressedLowerGuard,,0,True,False,False,False,0,Protetor Inferior Comprimido,Protetor Inferior Comprimido
1000267,Item_Name_1000267,Item_Desc_1000267,False,1000267,True,False,True,[],1,1,2,2,13,20001,4,0,0,0,0,0,0,0,False,1,100,10,0,0,1000267,0,36,8,37,90,0,0,145,50,0,0,0,0,0,0,0,0,0,0,0,0,0,0,0,0,0,0,0,0,0,0,0,0,0,0,2000111,0,0,0,0,2001,0,0,0,0,,0,/Game/Streaming/ArtAsset/UI/UIResource/UITexture/Common_Icon/Icon_Item_Equipment/icon_armor_HighPerformanceLowerGuard.icon_armor_HighPerformanceLowerGuard,,0,True,False,False,False,0,Protetor Inferior de Alto Desempenho,Protetor Inferior de Alto Desempenho
1000268,Item_Name_1000268,Item_Desc_1000268,False,1000268,True,False,True,[],2,1,1,2,13,20001,4,0,0,0,0,0,0,0,False,1,500,10,0,0,1000268,0,36,14,37,270,0,0,78,4,0,0,0,0,0,0,0,0,0,0,0,0,0,0,0,0,0,0,0,0,0,0,0,0,0,0,2000211,0,0,0,0,3001,0,0,0,0,,0,/Game/Streaming/ArtAsset/UI/UIResource/UITexture/Common_Icon/Icon_Item_Equipment/icon_armor_HighElasticLowerGuard.icon_armor_HighElasticLowerGuard,,0,True,False,False,False,0,Protetor Inferior Altamente Elástico,Protetor Inferior Altamente Elástico
1000269,Item_Name_1000269,Item_Desc_1000269,False,1000269,True,False,True,[],2,1,1,2,13,20001,4,0,0,0,0,0,0,0,False,1,500,10,0,0,1000269,0,36,14,37,270,0,0,76,4,0,0,0,0,0,0,0,0,0,0,0,0,0,0,0,0,0,0,0,0,0,0,0,0,0,0,2000211,0,0,0,0,3001,0,0,0,0,,0,/Game/Streaming/ArtAsset/UI/UIResource/UITexture/Common_Icon/Icon_Item_Equipment/icon_armor_BulletproofLowerGuard.icon_armor_BulletproofLowerGuard,,0,True,False,False,False,0,Protetor Inferior à Prova de Balas,Protetor Inferior à Prova de Balas
1000270,Item_Name_1000270,Item_Desc_1000270,False,1000270,True,False,True,[],2,1,1,2,13,20001,4,0,0,0,0,0,0,0,False,1,500,10,0,0,1000270,0,36,14,37,270,0,0,74,4,0,0,0,0,0,0,0,0,0,0,0,0,0,0,0,0,0,0,0,0,0,0,0,0,0,0,2000211,0,0,0,0,3001,0,0,0,0,,0,/Game/Streaming/ArtAsset/UI/UIResource/UITexture/Common_Icon/Icon_Item_Equipment/icon_armor_WatertightLowerGuard.icon_armor_WatertightLowerGuard,,0,True,False,False,False,0,Protetor Inferior Impermeável,Protetor Inferior Impermeável
1000271,Item_Name_1000271,Item_Desc_1000271,False,1000271,True,False,True,[],2,1,2,2,13,20001,4,0,0,0,0,0,0,0,False,1,500,10,0,0,1000271,0,36,16,37,330,0,0,144,20,0,0,0,0,0,0,0,0,0,0,0,0,0,0,0,0,0,0,0,0,0,0,0,0,0,0,2000211,0,0,0,0,3001,0,0,0,0,,0,/Game/Streaming/ArtAsset/UI/UIResource/UITexture/Common_Icon/Icon_Item_Equipment/icon_armor_AdhesiveLowerGuard.icon_armor_AdhesiveLowerGuard,,0,True,False,False,False,0,Protetor Inferior Adesivo,Protetor Inferior Adesivo
1000272,Item_Name_1000272,Item_Desc_1000272,False,1000272,True,False,True,[],2,1,2,2,13,20001,4,0,0,0,0,0,0,0,False,1,500,10,0,0,1000272,0,36,16,37,330,0,0,85,8,0,0,0,0,0,0,0,0,0,0,0,0,0,0,0,0,0,0,0,0,0,0,0,0,0,0,2000211,0,0,0,0,3001,0,0,0,0,,0,/Game/Streaming/ArtAsset/UI/UIResource/UITexture/Common_Icon/Icon_Item_Equipment/icon_armor_HeatproofLowerGuard.icon_armor_HeatproofLowerGuard,,0,True,False,False,False,0,Protetor Inferior Resistente ao Calor,Protetor Inferior Resistente ao Calor
1000273,Item_Name_1000273,Item_Desc_1000273,False,1000273,True,False,True,[],2,1,2,2,13,20001,4,0,0,0,0,0,0,0,False,1,500,10,0,0,1000273,0,36,16,37,330,0,0,162,4,0,0,0,0,0,0,0,0,0,0,0,0,0,0,0,0,0,0,0,0,0,0,0,0,0,0,2000211,0,0,0,0,3001,0,0,0,0,,0,/Game/Streaming/ArtAsset/UI/UIResource/UITexture/Common_Icon/Icon_Item_Equipment/icon_armor_HighDensityLowerGuard.icon_armor_HighDensityLowerGuard,,0,True,False,False,False,0,Protetor Inferior de Alta Densidade,Protetor Inferior de Alta Densidade
1000274,Item_Name_1000274,Item_Desc_1000274,False,1000274,True,False,True,[],2,1,3,2,13,20001,4,0,0,0,0,0,0,0,False,1,500,10,0,0,1000274,0,36,18,37,360,0,0,105,4,0,0,0,0,0,0,0,0,0,0,0,0,0,0,0,0,0,0,0,0,0,0,0,0,0,0,2000211,0,0,0,0,3001,0,0,0,0,,0,/Game/Streaming/ArtAsset/UI/UIResource/UITexture/Common_Icon/Icon_Item_Equipment/icon_armor_InsulatingLowerGuard.icon_armor_InsulatingLowerGuard,,0,True,False,False,False,0,Protetor Inferior Isolante,Protetor Inferior Isolante
1000275,Item_Name_1000275,Item_Desc_1000275,False,1000275,True,False,True,[],2,1,3,2,13,20001,4,0,0,0,0,0,0,0,False,1,500,10,0,0,1000275,0,36,18,37,360,0,0,145,100,0,0,0,0,0,0,0,0,0,0,0,0,0,0,0,0,0,0,0,0,0,0,0,0,0,0,2000211,0,0,0,0,3001,0,0,0,0,,0,/Game/Streaming/ArtAsset/UI/UIResource/UITexture/Common_Icon/Icon_Item_Equipment/icon_armor_HighStrengthLowerGuard.icon_armor_HighStrengthLowerGuard,,0,True,False,False,False,0,Protetor Inferior de Alta Resistência,Protetor Inferior de Alta Resistência
1000276,Item_Name_1000276,Item_Desc_1000276,False,1000276,True,False,True,[],3,1,1,2,13,20001,4,0,0,0,0,0,0,0,False,1,2500,10,0,0,1000276,0,36,24,37,540,0,0,85,8,144,30,0,0,0,0,0,0,0,0,0,0,0,0,0,0,0,0,0,0,0,0,0,0,0,0,2001311,0,1001,1000759,10001,4001,0,0,0,0,,0,/Game/Streaming/ArtAsset/UI/UIResource/UITexture/Common_Icon/Icon_Item_Equipment/icon_armor_AramidFiberLowerGuard.icon_armor_AramidFiberLowerGuard,,0,True,False,False,False,0,Protetor Inferior de Fibra de Aramida,Protetor Inferior de Fibra de Aramida
1000277,Item_Name_1000277,Item_Desc_1000277,False,1000277,True,False,True,[],3,1,2,2,13,20001,4,0,0,0,0,0,0,0,False,1,2500,10,0,0,1000277,0,36,29,37,630,0,0,78,6,85,8,0,0,0,0,0,0,0,0,0,0,0,0,0,0,0,0,0,0,0,0,0,0,0,0,2002311,0,1002,1000760,10002,4001,0,0,0,0,,0,/Game/Streaming/ArtAsset/UI/UIResource/UITexture/Common_Icon/Icon_Item_Equipment/icon_armor_PolymerSilicaLowerGuard.icon_armor_PolymerSilicaLowerGuard,,0,True,False,False,False,0,Protetor Inferior de Sílica Polimérica,Protetor Inferior de Sílica Polimérica
1000278,Item_Name_1000278,Item_Desc_1000278,False,1000278,True,False,True,[],3,1,3,2,13,20001,4,0,0,0,0,0,0,0,False,1,2500,10,0,0,1000278,0,36,35,37,750,0,0,76,6,85,8,0,0,0,0,0,0,0,0,0,0,0,0,0,0,0,0,0,0,0,0,0,0,0,0,2003311,0,1003,1000761,10003,4001,0,0,0,0,,0,/Game/Streaming/ArtAsset/UI/UIResource/UITexture/Common_Icon/Icon_Item_Equipment/icon_armor_EnhancedNitrileLowerGuard.icon_armor_EnhancedNitrileLowerGuard,,0,True,False,False,False,0,Protetor Inferior de Nitrilo Aprimorado,Protetor Inferior de Nitrilo Aprimorado
1000279,Item_Name_1000279,Item_Desc_1000279,False,1000279,True,False,True,[],3,1,4,2,13,20001,4,0,0,0,0,0,0,0,False,1,2500,10,0,0,1000279,0,36,42,37,930,0,0,74,6,85,8,0,0,0,0,0,0,0,0,0,0,0,0,0,0,0,0,0,0,0,0,0,0,0,0,2004311,0,1004,1000762,10004,4001,0,0,0,0,,0,/Game/Streaming/ArtAsset/UI/UIResource/UITexture/Common_Icon/Icon_Item_Equipment/icon_armor_NanoCelluloseLowerGuard.icon_armor_NanoCelluloseLowerGuard,,0,True,False,False,False,0,Protetor Inferior de Nanocelulose,Protetor Inferior de Nanocelulose
1000280,Item_Name_1000280,Item_Desc_1000280,False,1000280,True,False,True,[],3,1,5,2,13,20001,4,0,0,0,0,0,0,0,False,1,2500,10,0,0,1000280,0,36,50,37,1200,0,0,162,6,85,12,0,0,0,0,0,0,0,0,0,0,0,0,0,0,0,0,0,0,0,0,0,0,0,0,2005311,0,1005,1000763,10005,4001,0,0,0,0,,0,/Game/Streaming/ArtAsset/UI/UIResource/UITexture/Common_Icon/Icon_Item_Equipment/icon_armor_LiquidPlasticLowerGuard.icon_armor_LiquidPlasticLowerGuard,,0,True,False,False,False,0,Protetor Inferior de Plástico Líquido,Protetor Inferior de Plástico Líquido
1000281,Item_Name_1000281,Item_Desc_1000281,False,1000281,True,False,True,[],3,1,6,2,13,20001,4,0,0,0,0,0,0,0,False,1,2500,10,0,0,1000281,0,36,59,37,1590,0,0,105,10,85,12,0,0,0,0,0,0,0,0,0,0,0,0,0,0,0,0,0,0,0,0,0,0,0,0,2006311,0,1006,1000764,10006,4002,0,0,0,0,,0,/Game/Streaming/ArtAsset/UI/UIResource/UITexture/Common_Icon/Icon_Item_Equipment/icon_armor_EnhancedLeatherLowerGuard.icon_armor_EnhancedLeatherLowerGuard,,0,True,False,False,False,0,Protetor Inferior de Couro Aprimorado,Protetor Inferior de Couro Aprimorado
1000282,Item_Name_1000282,Item_Desc_1000282,False,1000282,True,False,True,[],3,1,7,2,13,20001,4,0,0,0,0,0,0,0,False,1,2500,10,0,0,1000282,0,36,68,37,1750,0,0,162,12,85,14,0,0,0,0,0,0,0,0,0,0,0,0,0,0,0,0,0,0,0,0,0,0,0,0,2007311,0,1007,1000765,10007,4002,0,0,0,0,,0,/Game/Streaming/ArtAsset/UI/UIResource/UITexture/Common_Icon/Icon_Item_Equipment/icon_armor_CeramicCoatingLowerGuard.icon_armor_CeramicCoatingLowerGuard,,0,True,False,False,False,0,Protetor Inferior com Revestimento Cerâmico,Protetor Inferior com Revestimento Cerâmico
1000283,Item_Name_1000283,Item_Desc_1000283,False,1000283,True,False,True,[],3,1,8,2,13,20001,4,0,0,0,0,0,0,0,False,1,2500,10,0,0,1000283,0,36,70,37,1900,0,0,159,14,162,14,0,0,0,0,0,0,0,0,0,0,0,0,0,0,0,0,0,0,0,0,0,0,0,0,2008311,0,1008,1000766,10008,4003,0,0,0,0,,0,/Game/Streaming/ArtAsset/UI/UIResource/UITexture/Common_Icon/Icon_Item_Equipment/icon_armor_LiquidCristalLowerGuard.icon_armor_LiquidCristalLowerGuard,,0,True,False,False,False,0,Protetor Inferior de Cristal Líquido,Protetor Inferior de Cristal Líquido
1000286,Item_Name_1000286,Item_Desc_1000286,False,1000286,True,True,True,[],4,1,1,2,13,20001,4,0,0,0,0,0,0,0,False,1,12500,30,0,0,1000286,0,36,75,37,2190,0,0,162,16,85,16,144,70,0,0,0,0,0,0,0,0,0,0,0,0,0,0,0,0,0,0,0,0,0,0,2001411,0,2001,1000769,20001,0,0,0,0,0,,0,/Game/Streaming/ArtAsset/UI/UIResource/UITexture/Common_Icon/Icon_Item_Equipment/icon_armor_CutResistantLowerGuard.icon_armor_CutResistantLowerGuard,,0,True,False,False,False,0,Protetor Inferior Resistente a Cortes,Protetor Inferior Resistente a Cortes
1000287,Item_Name_1000287,Item_Desc_1000287,False,1000287,True,True,True,[],4,1,2,2,13,20001,4,0,0,0,0,0,0,0,False,1,12500,30,0,0,1000287,0,36,89,37,2520,0,0,105,16,162,24,144,100,0,0,0,0,0,0,0,0,0,0,0,0,0,0,0,0,0,0,0,0,0,0,2002411,0,2002,1000770,20002,0,0,0,0,0,,0,/Game/Streaming/ArtAsset/UI/UIResource/UITexture/Common_Icon/Icon_Item_Equipment/icon_armor_AmorphousMetalLowerGuard.icon_armor_AmorphousMetalLowerGuard,,0,True,False,False,False,0,Protetor Inferior de Metal Amorfo,Protetor Inferior de Metal Amorfo
1000288,Item_Name_1000288,Item_Desc_1000288,False,1000288,True,True,True,[],4,1,3,2,13,20001,4,0,0,0,0,0,0,0,False,1,12500,30,0,0,1000288,0,36,105,37,3000,0,0,162,30,105,20,144,200,0,0,0,0,0,0,0,0,0,0,0,0,0,0,0,0,0,0,0,0,0,0,2003411,0,2003,1000771,20003,0,0,0,0,0,,0,/Game/Streaming/ArtAsset/UI/UIResource/UITexture/Common_Icon/Icon_Item_Equipment/icon_armor_SelfWeldingLowerGuard.icon_armor_SelfWeldingLowerGuard,,0,True,False,False,False,0,Protetor Inferior Autossoldável,Protetor Inferior Autossoldável
1000289,Item_Name_1000289,Item_Desc_1000289,False,1000289,True,True,True,[],4,1,4,2,13,20001,4,0,0,0,0,0,0,0,False,1,12500,30,0,0,1000289,0,36,126,37,3480,0,0,105,24,162,36,144,300,0,0,0,0,0,0,0,0,0,0,0,0,0,0,0,0,0,0,0,0,0,0,2004411,0,2004,1000772,20004,0,0,0,0,0,,0,/Game/Streaming/ArtAsset/UI/UIResource/UITexture/Common_Icon/Icon_Item_Equipment/icon_armor_PolymericMembraneLowerGuard.icon_armor_PolymericMembraneLowerGuard,,0,True,False,False,False,0,Protetor Inferior de Membrana Polimérica,Protetor Inferior de Membrana Polimérica
1000290,Item_Name_1000290,Item_Desc_1000290,False,1000290,True,True,True,[],4,1,5,2,13,20001,4,0,0,0,0,0,0,0,False,1,12500,30,0,0,1000290,0,36,150,37,3700,0,0,105,36,162,60,144,350,0,0,0,0,0,0,0,0,0,0,0,0,0,0,0,0,0,0,0,0,0,0,2005411,0,2005,1000773,20005,0,0,0,0,0,,0,/Game/Streaming/ArtAsset/UI/UIResource/UITexture/Common_Icon/Icon_Item_Equipment/icon_armor_ShockAbsorbingLowerGuard.icon_armor_ShockAbsorbingLowerGuard,,0,True,False,False,False,0,Protetor Inferior com Absorção de Impacto,Protetor Inferior com Absorção de Impacto
1000291,Item_Name_1000291,Item_Desc_1000291,False,1000291,True,True,True,[],4,1,6,2,13,20001,4,0,0,0,0,0,0,0,False,1,12500,30,0,0,1000291,0,36,165,37,3950,0,0,105,48,162,75,144,450,0,0,0,0,0,0,0,0,0,0,0,0,0,0,0,0,0,0,0,0,0,0,2006411,0,2006,1000774,0,0,0,0,0,0,,0,/Game/Streaming/ArtAsset/UI/UIResource/UITexture/Common_Icon/Icon_Item_Equipment/icon_armor_BioConjugationLowerGuard.icon_armor_BioConjugationLowerGuard,,0,True,False,False,False,0,Protetor Inferior de Fusão Biológica,Protetor Inferior de Fusão Biológica
1000297,Item_Name_1000297,Item_Desc_1000297,False,1000297,True,False,True,[],1,1,1,2,14,20001,5,0,0,0,0,0,0,0,False,1,100,10,0,0,1000297,0,36,2,0,0,0,0,0,0,0,0,0,0,0,0,0,0,0,0,0,0,0,0,0,0,0,0,0,0,0,0,0,0,0,0,2000111,0,0,0,0,2001,0,0,0,0,,0,/Game/Streaming/ArtAsset/UI/UIResource/UITexture/Common_Icon/Icon_Item_Equipment/icon_armor_SimpleArmGuard.icon_armor_SimpleArmGuard,,0,True,False,False,False,0,Protetor de Braço Simples,Protetor de Braço Simples
1000298,Item_Name_1000298,Item_Desc_1000298,False,1000298,True,False,True,[],1,1,1,2,14,20001,5,0,0,0,0,0,0,0,False,1,100,10,0,0,1000298,0,36,2,0,0,0,0,79,2,0,0,0,0,0,0,0,0,0,0,0,0,0,0,0,0,0,0,0,0,0,0,0,0,0,0,2000111,0,0,0,0,2001,0,0,0,0,,0,/Game/Streaming/ArtAsset/UI/UIResource/UITexture/Common_Icon/Icon_Item_Equipment/icon_armor_LightweightArmGuard.icon_armor_LightweightArmGuard,,0,True,False,False,False,0,Protetor de Braço Leve,Protetor de Braço Leve
1000299,Item_Name_1000299,Item_Desc_1000299,False,1000299,True,False,True,[],1,1,1,2,14,20001,5,0,0,0,0,0,0,0,False,1,100,10,0,0,1000299,0,36,2,0,0,0,0,77,2,0,0,0,0,0,0,0,0,0,0,0,0,0,0,0,0,0,0,0,0,0,0,0,0,0,0,2000111,0,0,0,0,2001,0,0,0,0,,0,/Game/Streaming/ArtAsset/UI/UIResource/UITexture/Common_Icon/Icon_Item_Equipment/icon_armor_ComfortableArmGuard.icon_armor_ComfortableArmGuard,,0,True,False,False,False,0,Protetor de Braço Confortável,Protetor de Braço Confortável
1000300,Item_Name_1000300,Item_Desc_1000300,False,1000300,True,False,True,[],1,1,1,2,14,20001,5,0,0,0,0,0,0,0,False,1,100,10,0,0,1000300,0,36,2,0,0,0,0,75,2,0,0,0,0,0,0,0,0,0,0,0,0,0,0,0,0,0,0,0,0,0,0,0,0,0,0,2000111,0,0,0,0,2001,0,0,0,0,,0,/Game/Streaming/ArtAsset/UI/UIResource/UITexture/Common_Icon/Icon_Item_Equipment/icon_armor_FlexibleArmGuard.icon_armor_FlexibleArmGuard,,0,True,False,False,False,0,Protetor de Braço Flexível,Protetor de Braço Flexível
1000301,Item_Name_1000301,Item_Desc_1000301,False,1000301,True,False,True,[],1,1,2,2,14,20001,5,0,0,0,0,0,0,0,False,1,100,10,0,0,1000301,0,36,4,38,2,0,0,91,10,0,0,0,0,0,0,0,0,0,0,0,0,0,0,0,0,0,0,0,0,0,0,0,0,0,0,2000111,0,0,0,0,2001,0,0,0,0,,0,/Game/Streaming/ArtAsset/UI/UIResource/UITexture/Common_Icon/Icon_Item_Equipment/icon_armor_EnhancedArmGuard.icon_armor_EnhancedArmGuard,,0,True,False,False,False,0,Protetor de Braço Aprimorado,Protetor de Braço Aprimorado
1000302,Item_Name_1000302,Item_Desc_1000302,False,1000302,True,False,True,[],1,1,2,2,14,20001,5,0,0,0,0,0,0,0,False,1,100,10,0,0,1000302,0,36,4,38,2,0,0,41,2,0,0,0,0,0,0,0,0,0,0,0,0,0,0,0,0,0,0,0,0,0,0,0,0,0,0,2000111,0,0,0,0,2001,0,0,0,0,,0,/Game/Streaming/ArtAsset/UI/UIResource/UITexture/Common_Icon/Icon_Item_Equipment/icon_armor_PreciseArmGuard.icon_armor_PreciseArmGuard,,0,True,False,False,False,0,Protetor de Braço Ajustado,Protetor de Braço Ajustado
1000303,Item_Name_1000303,Item_Desc_1000303,False,1000303,True,False,True,[],1,1,2,2,14,20001,5,0,0,0,0,0,0,0,False,1,100,10,0,0,1000303,0,36,4,38,2,0,0,81,50,0,0,0,0,0,0,0,0,0,0,0,0,0,0,0,0,0,0,0,0,0,0,0,0,0,0,2000111,0,0,0,0,2001,0,0,0,0,,0,/Game/Streaming/ArtAsset/UI/UIResource/UITexture/Common_Icon/Icon_Item_Equipment/icon_armor_CompressedArmGuard.icon_armor_CompressedArmGuard,,0,True,False,False,False,0,Protetor de Braço Comprimido,Protetor de Braço Comprimido
1000304,Item_Name_1000304,Item_Desc_1000304,False,1000304,True,False,True,[],1,1,2,2,14,20001,5,0,0,0,0,0,0,0,False,1,100,10,0,0,1000304,0,36,4,38,2,0,0,98,2,0,0,0,0,0,0,0,0,0,0,0,0,0,0,0,0,0,0,0,0,0,0,0,0,0,0,2000111,0,0,0,0,2001,0,0,0,0,,0,/Game/Streaming/ArtAsset/UI/UIResource/UITexture/Common_Icon/Icon_Item_Equipment/icon_armor_HighPerformanceArmGuard.icon_armor_HighPerformanceArmGuard,,0,True,False,False,False,0,Protetor de Braço de Alto Desempenho,Protetor de Braço de Alto Desempenho
1000305,Item_Name_1000305,Item_Desc_1000305,False,1000305,True,False,True,[],2,1,1,2,14,20001,5,0,0,0,0,0,0,0,False,1,500,10,0,0,1000305,0,36,10,38,8,0,0,79,4,0,0,0,0,0,0,0,0,0,0,0,0,0,0,0,0,0,0,0,0,0,0,0,0,0,0,2000211,0,0,0,0,3001,0,0,0,0,,0,/Game/Streaming/ArtAsset/UI/UIResource/UITexture/Common_Icon/Icon_Item_Equipment/icon_armor_HighElasticArmGuard.icon_armor_HighElasticArmGuard,,0,True,False,False,False,0,Protetor de Braço Altamente Elástico,Protetor de Braço Altamente Elástico
1000306,Item_Name_1000306,Item_Desc_1000306,False,1000306,True,False,True,[],2,1,1,2,14,20001,5,0,0,0,0,0,0,0,False,1,500,10,0,0,1000306,0,36,10,38,8,0,0,77,4,0,0,0,0,0,0,0,0,0,0,0,0,0,0,0,0,0,0,0,0,0,0,0,0,0,0,2000211,0,0,0,0,3001,0,0,0,0,,0,/Game/Streaming/ArtAsset/UI/UIResource/UITexture/Common_Icon/Icon_Item_Equipment/icon_armor_BulletproofArmGuard.icon_armor_BulletproofArmGuard,,0,True,False,False,False,0,Protetor de Braço à Prova de Balas,Protetor de Braço à Prova de Balas
1000307,Item_Name_1000307,Item_Desc_1000307,False,1000307,True,False,True,[],2,1,1,2,14,20001,5,0,0,0,0,0,0,0,False,1,500,10,0,0,1000307,0,36,10,38,8,0,0,75,4,0,0,0,0,0,0,0,0,0,0,0,0,0,0,0,0,0,0,0,0,0,0,0,0,0,0,2000211,0,0,0,0,3001,0,0,0,0,,0,/Game/Streaming/ArtAsset/UI/UIResource/UITexture/Common_Icon/Icon_Item_Equipment/icon_armor_WatertightArmGuard.icon_armor_WatertightArmGuard,,0,True,False,False,False,0,Protetor de Braço Impermeável,Protetor de Braço Impermeável
1000308,Item_Name_1000308,Item_Desc_1000308,False,1000308,True,False,True,[],2,1,2,2,14,20001,5,0,0,0,0,0,0,0,False,1,500,10,0,0,1000308,0,36,12,38,10,0,0,91,20,0,0,0,0,0,0,0,0,0,0,0,0,0,0,0,0,0,0,0,0,0,0,0,0,0,0,2000211,0,0,0,0,3001,0,0,0,0,,0,/Game/Streaming/ArtAsset/UI/UIResource/UITexture/Common_Icon/Icon_Item_Equipment/icon_armor_AdhesiveArmGuard.icon_armor_AdhesiveArmGuard,,0,True,False,False,False,0,Protetor de Braço Adesivo,Protetor de Braço Adesivo
1000309,Item_Name_1000309,Item_Desc_1000309,False,1000309,True,False,True,[],2,1,2,2,14,20001,5,0,0,0,0,0,0,0,False,1,500,10,0,0,1000309,0,36,12,38,10,0,0,102,4,0,0,0,0,0,0,0,0,0,0,0,0,0,0,0,0,0,0,0,0,0,0,0,0,0,0,2000211,0,0,0,0,3001,0,0,0,0,,0,/Game/Streaming/ArtAsset/UI/UIResource/UITexture/Common_Icon/Icon_Item_Equipment/icon_armor_HeatproofArmGuard.icon_armor_HeatproofArmGuard,,0,True,False,False,False,0,Protetor de Braço Resistente ao Calor,Protetor de Braço Resistente ao Calor
1000310,Item_Name_1000310,Item_Desc_1000310,False,1000310,True,False,True,[],2,1,2,2,14,20001,5,0,0,0,0,0,0,0,False,1,500,10,0,0,1000310,0,36,12,38,10,0,0,41,4,0,0,0,0,0,0,0,0,0,0,0,0,0,0,0,0,0,0,0,0,0,0,0,0,0,0,2000211,0,0,0,0,3001,0,0,0,0,,0,/Game/Streaming/ArtAsset/UI/UIResource/UITexture/Common_Icon/Icon_Item_Equipment/icon_armor_HighDensityArmGuard.icon_armor_HighDensityArmGuard,,0,True,False,False,False,0,Protetor de Braço de Alta Densidade,Protetor de Braço de Alta Densidade
1000311,Item_Name_1000311,Item_Desc_1000311,False,1000311,True,False,True,[],2,1,3,2,14,20001,5,0,0,0,0,0,0,0,False,1,500,10,0,0,1000311,0,36,14,38,12,0,0,81,100,0,0,0,0,0,0,0,0,0,0,0,0,0,0,0,0,0,0,0,0,0,0,0,0,0,0,2000211,0,0,0,0,3001,0,0,0,0,,0,/Game/Streaming/ArtAsset/UI/UIResource/UITexture/Common_Icon/Icon_Item_Equipment/icon_armor_InsulatingArmGuard.icon_armor_InsulatingArmGuard,,0,True,False,False,False,0,Protetor de Braço Isolante,Protetor de Braço Isolante
1000312,Item_Name_1000312,Item_Desc_1000312,False,1000312,True,False,True,[],2,1,3,2,14,20001,5,0,0,0,0,0,0,0,False,1,500,10,0,0,1000312,0,36,14,38,12,0,0,98,4,0,0,0,0,0,0,0,0,0,0,0,0,0,0,0,0,0,0,0,0,0,0,0,0,0,0,2000211,0,0,0,0,3001,0,0,0,0,,0,/Game/Streaming/ArtAsset/UI/UIResource/UITexture/Common_Icon/Icon_Item_Equipment/icon_armor_HighStrengthArmGuard.icon_armor_HighStrengthArmGuard,,0,True,False,False,False,0,Protetor de Braço de Alta Resistência,Protetor de Braço de Alta Resistência
1000313,Item_Name_1000313,Item_Desc_1000313,False,1000313,True,False,True,[],3,1,1,2,14,20001,5,0,0,0,0,0,0,0,False,1,2500,10,0,0,1000313,0,36,20,38,18,0,0,41,6,91,30,0,0,0,0,0,0,0,0,0,0,0,0,0,0,0,0,0,0,0,0,0,0,0,0,2001311,0,1001,1000796,10001,4001,0,0,0,0,,0,/Game/Streaming/ArtAsset/UI/UIResource/UITexture/Common_Icon/Icon_Item_Equipment/icon_armor_AramidFiberArmGuard.icon_armor_AramidFiberArmGuard,,0,True,False,False,False,0,Protetor de Braço de Fibra de Aramida,Protetor de Braço de Fibra de Aramida
1000314,Item_Name_1000314,Item_Desc_1000314,False,1000314,True,False,True,[],3,1,2,2,14,20001,5,0,0,0,0,0,0,0,False,1,2500,10,0,0,1000314,0,36,25,38,21,0,0,79,6,91,30,0,0,0,0,0,0,0,0,0,0,0,0,0,0,0,0,0,0,0,0,0,0,0,0,2002311,0,1002,1000797,10002,4001,0,0,0,0,,0,/Game/Streaming/ArtAsset/UI/UIResource/UITexture/Common_Icon/Icon_Item_Equipment/icon_armor_PolymerSilicaArmGuard.icon_armor_PolymerSilicaArmGuard,,0,True,False,False,False,0,Protetor de Braço de Sílica Polimérica,Protetor de Braço de Sílica Polimérica
1000315,Item_Name_1000315,Item_Desc_1000315,False,1000315,True,False,True,[],3,1,3,2,14,20001,5,0,0,0,0,0,0,0,False,1,2500,10,0,0,1000315,0,36,31,38,25,0,0,77,6,91,30,0,0,0,0,0,0,0,0,0,0,0,0,0,0,0,0,0,0,0,0,0,0,0,0,2003311,0,1003,1000798,10003,4001,0,0,0,0,,0,/Game/Streaming/ArtAsset/UI/UIResource/UITexture/Common_Icon/Icon_Item_Equipment/icon_armor_EnhancedNitrileArmGuard.icon_armor_EnhancedNitrileArmGuard,,0,True,False,False,False,0,Protetor de Braço de Nitrilo Aprimorado,Protetor de Braço de Nitrilo Aprimorado
1000316,Item_Name_1000316,Item_Desc_1000316,False,1000316,True,False,True,[],3,1,4,2,14,20001,5,0,0,0,0,0,0,0,False,1,2500,10,0,0,1000316,0,36,38,38,30,0,0,75,6,91,30,0,0,0,0,0,0,0,0,0,0,0,0,0,0,0,0,0,0,0,0,0,0,0,0,2004311,0,1004,1000799,10004,4001,0,0,0,0,,0,/Game/Streaming/ArtAsset/UI/UIResource/UITexture/Common_Icon/Icon_Item_Equipment/icon_armor_NanoCelluloseArmGuard.icon_armor_NanoCelluloseArmGuard,,0,True,False,False,False,0,Protetor de Braço de Nanocelulose,Protetor de Braço de Nanocelulose
1000317,Item_Name_1000317,Item_Desc_1000317,False,1000317,True,False,True,[],3,1,5,2,14,20001,5,0,0,0,0,0,0,0,False,1,2500,10,0,0,1000317,0,36,46,38,36,0,0,102,6,41,6,0,0,0,0,0,0,0,0,0,0,0,0,0,0,0,0,0,0,0,0,0,0,0,0,2005311,0,1005,1000800,10005,4001,0,0,0,0,,0,/Game/Streaming/ArtAsset/UI/UIResource/UITexture/Common_Icon/Icon_Item_Equipment/icon_armor_LiquidPlasticArmGuard.icon_armor_LiquidPlasticArmGuard,,0,True,False,False,False,0,Protetor de Braço de Plástico Líquido,Protetor de Braço de Plástico Líquido
1000318,Item_Name_1000318,Item_Desc_1000318,False,1000318,True,False,True,[],3,1,6,2,14,20001,5,0,0,0,0,0,0,0,False,1,2500,10,0,0,1000318,0,36,55,38,43,0,0,81,200,41,6,0,0,0,0,0,0,0,0,0,0,0,0,0,0,0,0,0,0,0,0,0,0,0,0,2006311,0,1006,1000801,10006,4002,0,0,0,0,,0,/Game/Streaming/ArtAsset/UI/UIResource/UITexture/Common_Icon/Icon_Item_Equipment/icon_armor_EnhancedLeatherArmGuard.icon_armor_EnhancedLeatherArmGuard,,0,True,False,False,False,0,Protetor de Braço de Couro Aprimorado,Protetor de Braço de Couro Aprimorado
1000319,Item_Name_1000319,Item_Desc_1000319,False,1000319,True,False,True,[],3,1,7,2,14,20001,5,0,0,0,0,0,0,0,False,1,2500,10,0,0,1000319,0,36,64,38,50,0,0,81,200,41,8,0,0,0,0,0,0,0,0,0,0,0,0,0,0,0,0,0,0,0,0,0,0,0,0,2007311,0,1007,1000802,10007,4002,0,0,0,0,,0,/Game/Streaming/ArtAsset/UI/UIResource/UITexture/Common_Icon/Icon_Item_Equipment/icon_armor_CeramicCoatingArmGuard.icon_armor_CeramicCoatingArmGuard,,0,True,False,False,False,0,Protetor de Braço com Revestimento Cerâmico,Protetor de Braço com Revestimento Cerâmico
1000320,Item_Name_1000320,Item_Desc_1000320,False,1000320,True,False,True,[],3,1,8,2,14,20001,5,0,0,0,0,0,0,0,False,1,2500,10,0,0,1000320,0,36,67,38,55,0,0,102,14,41,14,0,0,0,0,0,0,0,0,0,0,0,0,0,0,0,0,0,0,0,0,0,0,0,0,2008311,0,1008,1000803,10008,4003,0,0,0,0,,0,/Game/Streaming/ArtAsset/UI/UIResource/UITexture/Common_Icon/Icon_Item_Equipment/icon_armor_LiquidCristalArmGuard.icon_armor_LiquidCristalArmGuard,,0,True,False,False,False,0,Protetor de Braço de Cristal Líquido,Protetor de Braço de Cristal Líquido
1000323,Item_Name_1000323,Item_Desc_1000323,False,1000323,True,True,True,[],4,1,1,2,14,20001,5,0,0,0,0,0,0,0,False,1,12500,30,0,0,1000323,0,36,71,38,58,0,0,41,16,91,100,98,16,0,0,0,0,0,0,0,0,0,0,0,0,0,0,0,0,0,0,0,0,0,0,2001411,0,2001,1000806,20001,0,0,0,0,0,,0,/Game/Streaming/ArtAsset/UI/UIResource/UITexture/Common_Icon/Icon_Item_Equipment/icon_armor_CutResistantArmGuard.icon_armor_CutResistantArmGuard,,0,True,False,False,False,0,Protetor de Braço Resistente a Cortes,Protetor de Braço Resistente a Cortes
1000324,Item_Name_1000324,Item_Desc_1000324,False,1000324,True,True,True,[],4,1,2,2,14,20001,5,0,0,0,0,0,0,0,False,1,12500,30,0,0,1000324,0,36,85,38,65,0,0,102,16,41,24,91,160,0,0,0,0,0,0,0,0,0,0,0,0,0,0,0,0,0,0,0,0,0,0,2002411,0,2002,1000807,20002,0,0,0,0,0,,0,/Game/Streaming/ArtAsset/UI/UIResource/UITexture/Common_Icon/Icon_Item_Equipment/icon_armor_AmorphousMetalArmGuard.icon_armor_AmorphousMetalArmGuard,,0,True,False,False,False,0,Protetor de Braço de Metal Amorfo,Protetor de Braço de Metal Amorfo
1000325,Item_Name_1000325,Item_Desc_1000325,False,1000325,True,True,True,[],4,1,3,2,14,20001,5,0,0,0,0,0,0,0,False,1,12500,30,0,0,1000325,0,36,101,38,74,0,0,98,30,41,30,102,20,0,0,0,0,0,0,0,0,0,0,0,0,0,0,0,0,0,0,0,0,0,0,2003411,0,2003,1000808,20003,0,0,0,0,0,,0,/Game/Streaming/ArtAsset/UI/UIResource/UITexture/Common_Icon/Icon_Item_Equipment/icon_armor_SelfWeldingArmGuard.icon_armor_SelfWeldingArmGuard,,0,True,False,False,False,0,Protetor de Braço Autossoldável,Protetor de Braço Autossoldável
1000326,Item_Name_1000326,Item_Desc_1000326,False,1000326,True,True,True,[],4,1,4,2,14,20001,5,0,0,0,0,0,0,0,False,1,12500,30,0,0,1000326,0,36,122,38,83,0,0,98,30,41,30,102,24,0,0,0,0,0,0,0,0,0,0,0,0,0,0,0,0,0,0,0,0,0,0,2004411,0,2004,1000809,20004,0,0,0,0,0,,0,/Game/Streaming/ArtAsset/UI/UIResource/UITexture/Common_Icon/Icon_Item_Equipment/icon_armor_PolymericMembraneArmGuard.icon_armor_PolymericMembraneArmGuard,,0,True,False,False,False,0,Protetor de Braço de Membrana Polimérica,Protetor de Braço de Membrana Polimérica
1000327,Item_Name_1000327,Item_Desc_1000327,False,1000327,True,True,True,[],4,1,5,2,14,20001,5,0,0,0,0,0,0,0,False,1,12500,30,0,0,1000327,0,36,146,38,95,0,0,98,45,41,36,102,36,0,0,0,0,0,0,0,0,0,0,0,0,0,0,0,0,0,0,0,0,0,0,2005411,0,2005,1000810,20005,0,0,0,0,0,,0,/Game/Streaming/ArtAsset/UI/UIResource/UITexture/Common_Icon/Icon_Item_Equipment/icon_armor_ShockAbsorbingArmGuard.icon_armor_ShockAbsorbingArmGuard,,0,True,False,False,False,0,Protetor de Braço com Absorção de Impacto,Protetor de Braço com Absorção de Impacto
1000328,Item_Name_1000328,Item_Desc_1000328,False,1000328,True,True,True,[],4,1,6,2,14,20001,5,0,0,0,0,0,0,0,False,1,12500,30,0,0,1000328,0,36,161,38,110,0,0,98,60,41,48,102,48,0,0,0,0,0,0,0,0,0,0,0,0,0,0,0,0,0,0,0,0,0,0,2006411,0,2006,1000811,0,0,0,0,0,0,,0,/Game/Streaming/ArtAsset/UI/UIResource/UITexture/Common_Icon/Icon_Item_Equipment/icon_armor_BioConjugationArmGuard.icon_armor_BioConjugationArmGuard,,0,True,False,False,False,0,Protetor de Braço de Fusão Biológica,Protetor de Braço de Fusão Biológica
1000334,Item_Name_1000334,Item_Desc_1000334,False,1000334,True,False,True,[],1,1,1,2,15,20001,6,0,0,0,0,0,0,0,False,1,100,10,0,0,1000334,0,36,2,0,0,0,0,0,0,0,0,0,0,0,0,0,0,0,0,0,0,0,0,0,0,0,0,0,0,0,0,0,0,0,0,2000111,0,0,0,0,2001,0,0,0,0,,0,/Game/Streaming/ArtAsset/UI/UIResource/UITexture/Common_Icon/Icon_Item_Equipment/icon_armor_SimpleLegGuard.icon_armor_SimpleLegGuard,,0,True,False,False,False,0,Protetor de Perna Simples,Protetor de Perna Simples
1000335,Item_Name_1000335,Item_Desc_1000335,False,1000335,True,False,True,[],1,1,1,2,15,20001,6,0,0,0,0,0,0,0,False,1,100,10,0,0,1000335,0,36,2,0,0,0,0,79,2,0,0,0,0,0,0,0,0,0,0,0,0,0,0,0,0,0,0,0,0,0,0,0,0,0,0,2000111,0,0,0,0,2001,0,0,0,0,,0,/Game/Streaming/ArtAsset/UI/UIResource/UITexture/Common_Icon/Icon_Item_Equipment/icon_armor_LightweightLegGuard.icon_armor_LightweightLegGuard,,0,True,False,False,False,0,Protetor de Perna Leve,Protetor de Perna Leve
1000336,Item_Name_1000336,Item_Desc_1000336,False,1000336,True,False,True,[],1,1,1,2,15,20001,6,0,0,0,0,0,0,0,False,1,100,10,0,0,1000336,0,36,2,0,0,0,0,77,2,0,0,0,0,0,0,0,0,0,0,0,0,0,0,0,0,0,0,0,0,0,0,0,0,0,0,2000111,0,0,0,0,2001,0,0,0,0,,0,/Game/Streaming/ArtAsset/UI/UIResource/UITexture/Common_Icon/Icon_Item_Equipment/icon_armor_ComfortableLegGuard.icon_armor_ComfortableLegGuard,,0,True,False,False,False,0,Protetor de Perna Confortável,Protetor de Perna Confortável
1000337,Item_Name_1000337,Item_Desc_1000337,False,1000337,True,False,True,[],1,1,1,2,15,20001,6,0,0,0,0,0,0,0,False,1,100,10,0,0,1000337,0,36,2,0,0,0,0,75,2,0,0,0,0,0,0,0,0,0,0,0,0,0,0,0,0,0,0,0,0,0,0,0,0,0,0,2000111,0,0,0,0,2001,0,0,0,0,,0,/Game/Streaming/ArtAsset/UI/UIResource/UITexture/Common_Icon/Icon_Item_Equipment/icon_armor_FlexibleLegGuard.icon_armor_FlexibleLegGuard,,0,True,False,False,False,0,Protetor de Perna Flexível,Protetor de Perna Flexível
1000338,Item_Name_1000338,Item_Desc_1000338,False,1000338,True,False,True,[],1,1,2,2,15,20001,6,0,0,0,0,0,0,0,False,1,100,10,0,0,1000338,0,36,4,40,2,0,0,85,4,0,0,0,0,0,0,0,0,0,0,0,0,0,0,0,0,0,0,0,0,0,0,0,0,0,0,2000111,0,0,0,0,2001,0,0,0,0,,0,/Game/Streaming/ArtAsset/UI/UIResource/UITexture/Common_Icon/Icon_Item_Equipment/icon_armor_EnhancedLegGuard.icon_armor_EnhancedLegGuard,,0,True,False,False,False,0,Protetor de Perna Aprimorado,Protetor de Perna Aprimorado
1000339,Item_Name_1000339,Item_Desc_1000339,False,1000339,True,False,True,[],1,1,2,2,15,20001,6,0,0,0,0,0,0,0,False,1,100,10,0,0,1000339,0,36,4,40,2,0,0,80,100,0,0,0,0,0,0,0,0,0,0,0,0,0,0,0,0,0,0,0,0,0,0,0,0,0,0,2000111,0,0,0,0,2001,0,0,0,0,,0,/Game/Streaming/ArtAsset/UI/UIResource/UITexture/Common_Icon/Icon_Item_Equipment/icon_armor_PreciseLegGuard.icon_armor_PreciseLegGuard,,0,True,False,False,False,0,Protetor de Perna Ajustado,Protetor de Perna Ajustado
1000340,Item_Name_1000340,Item_Desc_1000340,False,1000340,True,False,True,[],1,1,2,2,15,20001,6,0,0,0,0,0,0,0,False,1,100,10,0,0,1000340,0,36,4,40,2,0,0,162,6,0,0,0,0,0,0,0,0,0,0,0,0,0,0,0,0,0,0,0,0,0,0,0,0,0,0,2000111,0,0,0,0,2001,0,0,0,0,,0,/Game/Streaming/ArtAsset/UI/UIResource/UITexture/Common_Icon/Icon_Item_Equipment/icon_armor_CompressedLegGuard.icon_armor_CompressedLegGuard,,0,True,False,False,False,0,Protetor de Perna Comprimido,Protetor de Perna Comprimido
1000341,Item_Name_1000341,Item_Desc_1000341,False,1000341,True,False,True,[],1,1,2,2,15,20001,6,0,0,0,0,0,0,0,False,1,100,10,0,0,1000341,0,36,4,40,2,0,0,99,4,0,0,0,0,0,0,0,0,0,0,0,0,0,0,0,0,0,0,0,0,0,0,0,0,0,0,2000111,0,0,0,0,2001,0,0,0,0,,0,/Game/Streaming/ArtAsset/UI/UIResource/UITexture/Common_Icon/Icon_Item_Equipment/icon_armor_HighPerformanceLegGuard.icon_armor_HighPerformanceLegGuard,,0,True,False,False,False,0,Protetor de Perna de Alto Desempenho,Protetor de Perna de Alto Desempenho
1000342,Item_Name_1000342,Item_Desc_1000342,False,1000342,True,False,True,[],2,1,1,2,15,20001,6,0,0,0,0,0,0,0,False,1,500,10,0,0,1000342,0,36,10,40,8,0,0,79,4,0,0,0,0,0,0,0,0,0,0,0,0,0,0,0,0,0,0,0,0,0,0,0,0,0,0,2000211,0,0,0,0,3001,0,0,0,0,,0,/Game/Streaming/ArtAsset/UI/UIResource/UITexture/Common_Icon/Icon_Item_Equipment/icon_armor_HighElasticLegGuard.icon_armor_HighElasticLegGuard,,0,True,False,False,False,0,Protetor de Perna Altamente Elástico,Protetor de Perna Altamente Elástico
1000343,Item_Name_1000343,Item_Desc_1000343,False,1000343,True,False,True,[],2,1,1,2,15,20001,6,0,0,0,0,0,0,0,False,1,500,10,0,0,1000343,0,36,10,40,8,0,0,77,4,0,0,0,0,0,0,0,0,0,0,0,0,0,0,0,0,0,0,0,0,0,0,0,0,0,0,2000211,0,0,0,0,3001,0,0,0,0,,0,/Game/Streaming/ArtAsset/UI/UIResource/UITexture/Common_Icon/Icon_Item_Equipment/icon_armor_BulletproofLegGuard.icon_armor_BulletproofLegGuard,,0,True,False,False,False,0,Protetor de Perna à Prova de Balas,Protetor de Perna à Prova de Balas
1000344,Item_Name_1000344,Item_Desc_1000344,False,1000344,True,False,True,[],2,1,1,2,15,20001,6,0,0,0,0,0,0,0,False,1,500,10,0,0,1000344,0,36,10,40,8,0,0,75,4,0,0,0,0,0,0,0,0,0,0,0,0,0,0,0,0,0,0,0,0,0,0,0,0,0,0,2000211,0,0,0,0,3001,0,0,0,0,,0,/Game/Streaming/ArtAsset/UI/UIResource/UITexture/Common_Icon/Icon_Item_Equipment/icon_armor_WatertightLegGuard.icon_armor_WatertightLegGuard,,0,True,False,False,False,0,Protetor de Perna Impermeável,Protetor de Perna Impermeável
1000345,Item_Name_1000345,Item_Desc_1000345,False,1000345,True,False,True,[],2,1,2,2,15,20001,6,0,0,0,0,0,0,0,False,1,500,10,0,0,1000345,0,36,12,40,10,0,0,85,8,0,0,0,0,0,0,0,0,0,0,0,0,0,0,0,0,0,0,0,0,0,0,0,0,0,0,2000211,0,0,0,0,3001,0,0,0,0,,0,/Game/Streaming/ArtAsset/UI/UIResource/UITexture/Common_Icon/Icon_Item_Equipment/icon_armor_AdhesiveLegGuard.icon_armor_AdhesiveLegGuard,,0,True,False,False,False,0,Protetor de Perna Adesivo,Protetor de Perna Adesivo
1000346,Item_Name_1000346,Item_Desc_1000346,False,1000346,True,False,True,[],2,1,2,2,15,20001,6,0,0,0,0,0,0,0,False,1,500,10,0,0,1000346,0,36,12,40,10,0,0,37,240,0,0,0,0,0,0,0,0,0,0,0,0,0,0,0,0,0,0,0,0,0,0,0,0,0,0,2000211,0,0,0,0,3001,0,0,0,0,,0,/Game/Streaming/ArtAsset/UI/UIResource/UITexture/Common_Icon/Icon_Item_Equipment/icon_armor_HeatproofLegGuard.icon_armor_HeatproofLegGuard,,0,True,False,False,False,0,Protetor de Perna Resistente ao Calor,Protetor de Perna Resistente ao Calor
1000347,Item_Name_1000347,Item_Desc_1000347,False,1000347,True,False,True,[],2,1,2,2,15,20001,6,0,0,0,0,0,0,0,False,1,500,10,0,0,1000347,0,36,12,40,10,0,0,80,100,0,0,0,0,0,0,0,0,0,0,0,0,0,0,0,0,0,0,0,0,0,0,0,0,0,0,2000211,0,0,0,0,3001,0,0,0,0,,0,/Game/Streaming/ArtAsset/UI/UIResource/UITexture/Common_Icon/Icon_Item_Equipment/icon_armor_HighDensityLegGuard.icon_armor_HighDensityLegGuard,,0,True,False,False,False,0,Protetor de Perna de Alta Densidade,Protetor de Perna de Alta Densidade
1000348,Item_Name_1000348,Item_Desc_1000348,False,1000348,True,False,True,[],2,1,3,2,15,20001,6,0,0,0,0,0,0,0,False,1,500,10,0,0,1000348,0,36,14,40,12,0,0,162,8,0,0,0,0,0,0,0,0,0,0,0,0,0,0,0,0,0,0,0,0,0,0,0,0,0,0,2000211,0,0,0,0,3001,0,0,0,0,,0,/Game/Streaming/ArtAsset/UI/UIResource/UITexture/Common_Icon/Icon_Item_Equipment/icon_armor_InsulatingLegGuard.icon_armor_InsulatingLegGuard,,0,True,False,False,False,0,Protetor de Perna Isolante,Protetor de Perna Isolante
1000349,Item_Name_1000349,Item_Desc_1000349,False,1000349,True,False,True,[],2,1,3,2,15,20001,6,0,0,0,0,0,0,0,False,1,500,10,0,0,1000349,0,36,14,40,12,0,0,99,6,0,0,0,0,0,0,0,0,0,0,0,0,0,0,0,0,0,0,0,0,0,0,0,0,0,0,2000211,0,0,0,0,3001,0,0,0,0,,0,/Game/Streaming/ArtAsset/UI/UIResource/UITexture/Common_Icon/Icon_Item_Equipment/icon_armor_HighStrengthLegGuard.icon_armor_HighStrengthLegGuard,,0,True,False,False,False,0,Protetor de Perna de Alta Resistência,Protetor de Perna de Alta Resistência
1000350,Item_Name_1000350,Item_Desc_1000350,False,1000350,True,False,True,[],3,1,1,2,15,20001,6,0,0,0,0,0,0,0,False,1,2500,10,0,0,1000350,0,36,20,40,18,0,0,37,240,85,8,0,0,0,0,0,0,0,0,0,0,0,0,0,0,0,0,0,0,0,0,0,0,0,0,2001311,0,1001,1000833,10001,4001,0,0,0,0,,0,/Game/Streaming/ArtAsset/UI/UIResource/UITexture/Common_Icon/Icon_Item_Equipment/icon_armor_AramidFiberLegGuard.icon_armor_AramidFiberLegGuard,,0,True,False,False,False,0,Protetor de Perna de Fibra de Aramida,Protetor de Perna de Fibra de Aramida
1000351,Item_Name_1000351,Item_Desc_1000351,False,1000351,True,False,True,[],3,1,2,2,15,20001,6,0,0,0,0,0,0,0,False,1,2500,10,0,0,1000351,0,36,25,40,21,0,0,79,6,85,8,0,0,0,0,0,0,0,0,0,0,0,0,0,0,0,0,0,0,0,0,0,0,0,0,2002311,0,1002,1000834,10002,4001,0,0,0,0,,0,/Game/Streaming/ArtAsset/UI/UIResource/UITexture/Common_Icon/Icon_Item_Equipment/icon_armor_PolymerSilicaLegGuard.icon_armor_PolymerSilicaLegGuard,,0,True,False,False,False,0,Protetor de Perna de Sílica Polimérica,Protetor de Perna de Sílica Polimérica
1000352,Item_Name_1000352,Item_Desc_1000352,False,1000352,True,False,True,[],3,1,3,2,15,20001,6,0,0,0,0,0,0,0,False,1,2500,10,0,0,1000352,0,36,31,40,25,0,0,77,6,85,8,0,0,0,0,0,0,0,0,0,0,0,0,0,0,0,0,0,0,0,0,0,0,0,0,2003311,0,1003,1000835,10003,4001,0,0,0,0,,0,/Game/Streaming/ArtAsset/UI/UIResource/UITexture/Common_Icon/Icon_Item_Equipment/icon_armor_EnhancedNitrileLegGuard.icon_armor_EnhancedNitrileLegGuard,,0,True,False,False,False,0,Protetor de Perna de Nitrilo Aprimorado,Protetor de Perna de Nitrilo Aprimorado
1000353,Item_Name_1000353,Item_Desc_1000353,False,1000353,True,False,True,[],3,1,4,2,15,20001,6,0,0,0,0,0,0,0,False,1,2500,10,0,0,1000353,0,36,38,40,30,0,0,75,6,85,8,0,0,0,0,0,0,0,0,0,0,0,0,0,0,0,0,0,0,0,0,0,0,0,0,2004311,0,1004,1000836,10004,4001,0,0,0,0,,0,/Game/Streaming/ArtAsset/UI/UIResource/UITexture/Common_Icon/Icon_Item_Equipment/icon_armor_NanoCelluloseLegGuard.icon_armor_NanoCelluloseLegGuard,,0,True,False,False,False,0,Protetor de Perna de Nanocelulose,Protetor de Perna de Nanocelulose
1000354,Item_Name_1000354,Item_Desc_1000354,False,1000354,True,False,True,[],3,1,5,2,15,20001,6,0,0,0,0,0,0,0,False,1,2500,10,0,0,1000354,0,36,46,40,36,0,0,80,100,85,12,0,0,0,0,0,0,0,0,0,0,0,0,0,0,0,0,0,0,0,0,0,0,0,0,2005311,0,1005,1000837,10005,4001,0,0,0,0,,0,/Game/Streaming/ArtAsset/UI/UIResource/UITexture/Common_Icon/Icon_Item_Equipment/icon_armor_LiquidPlasticLegGuard.icon_armor_LiquidPlasticLegGuard,,0,True,False,False,False,0,Protetor de Perna de Plástico Líquido,Protetor de Perna de Plástico Líquido
1000355,Item_Name_1000355,Item_Desc_1000355,False,1000355,True,False,True,[],3,1,6,2,15,20001,6,0,0,0,0,0,0,0,False,1,2500,10,0,0,1000355,0,36,55,40,43,0,0,162,6,85,12,0,0,0,0,0,0,0,0,0,0,0,0,0,0,0,0,0,0,0,0,0,0,0,0,2006311,0,1006,1000838,10006,4002,0,0,0,0,,0,/Game/Streaming/ArtAsset/UI/UIResource/UITexture/Common_Icon/Icon_Item_Equipment/icon_armor_EnhancedLeatherLegGuard.icon_armor_EnhancedLeatherLegGuard,,0,True,False,False,False,0,Protetor de Perna de Couro Aprimorado,Protetor de Perna de Couro Aprimorado
1000356,Item_Name_1000356,Item_Desc_1000356,False,1000356,True,False,True,[],3,1,7,2,15,20001,6,0,0,0,0,0,0,0,False,1,2500,10,0,0,1000356,0,36,64,40,50,0,0,80,100,85,14,0,0,0,0,0,0,0,0,0,0,0,0,0,0,0,0,0,0,0,0,0,0,0,0,2007311,0,1007,1000839,10007,4002,0,0,0,0,,0,/Game/Streaming/ArtAsset/UI/UIResource/UITexture/Common_Icon/Icon_Item_Equipment/icon_armor_CeramicCoatingLegGuard.icon_armor_CeramicCoatingLegGuard,,0,True,False,False,False,0,Protetor de Perna com Revestimento Cerâmico,Protetor de Perna com Revestimento Cerâmico
1000357,Item_Name_1000357,Item_Desc_1000357,False,1000357,True,False,True,[],3,1,8,2,15,20001,6,0,0,0,0,0,0,0,False,1,2500,10,0,0,1000357,0,36,67,40,55,0,0,99,14,42,14,0,0,0,0,0,0,0,0,0,0,0,0,0,0,0,0,0,0,0,0,0,0,0,0,2008311,0,1008,1000840,10008,4003,0,0,0,0,,0,/Game/Streaming/ArtAsset/UI/UIResource/UITexture/Common_Icon/Icon_Item_Equipment/icon_armor_LiquidCristalLegGuard.icon_armor_LiquidCristalLegGuard,,0,True,False,False,False,0,Protetor de Perna de Cristal Líquido,Protetor de Perna de Cristal Líquido
1000360,Item_Name_1000360,Item_Desc_1000360,False,1000360,True,True,True,[],4,1,1,2,15,20001,6,0,0,0,0,0,0,0,False,1,12500,30,0,0,1000360,0,36,71,40,58,0,0,37,480,85,12,99,16,0,0,0,0,0,0,0,0,0,0,0,0,0,0,0,0,0,0,0,0,0,0,2001411,0,2001,1000843,20001,0,0,0,0,0,,0,/Game/Streaming/ArtAsset/UI/UIResource/UITexture/Common_Icon/Icon_Item_Equipment/icon_armor_CutResistantLegGuard.icon_armor_CutResistantLegGuard,,0,True,False,False,False,0,Protetor de Perna Resistente a Cortes,Protetor de Perna Resistente a Cortes
1000361,Item_Name_1000361,Item_Desc_1000361,False,1000361,True,True,True,[],4,1,2,2,15,20001,6,0,0,0,0,0,0,0,False,1,12500,30,0,0,1000361,0,36,85,40,65,0,0,162,24,37,600,85,16,0,0,0,0,0,0,0,0,0,0,0,0,0,0,0,0,0,0,0,0,0,0,2002411,0,2002,1000844,20002,0,0,0,0,0,,0,/Game/Streaming/ArtAsset/UI/UIResource/UITexture/Common_Icon/Icon_Item_Equipment/icon_armor_AmorphousMetalLegGuard.icon_armor_AmorphousMetalLegGuard,,0,True,False,False,False,0,Protetor de Perna de Metal Amorfo,Protetor de Perna de Metal Amorfo
1000362,Item_Name_1000362,Item_Desc_1000362,False,1000362,True,True,True,[],4,1,3,2,15,20001,6,0,0,0,0,0,0,0,False,1,12500,30,0,0,1000362,0,36,101,40,74,0,0,162,30,99,30,85,20,0,0,0,0,0,0,0,0,0,0,0,0,0,0,0,0,0,0,0,0,0,0,2003411,0,2003,1000845,20003,0,0,0,0,0,,0,/Game/Streaming/ArtAsset/UI/UIResource/UITexture/Common_Icon/Icon_Item_Equipment/icon_armor_SelfWeldingLegGuard.icon_armor_SelfWeldingLegGuard,,0,True,False,False,False,0,Protetor de Perna Autossoldável,Protetor de Perna Autossoldável
1000363,Item_Name_1000363,Item_Desc_1000363,False,1000363,True,True,True,[],4,1,4,2,15,20001,6,0,0,0,0,0,0,0,False,1,12500,30,0,0,1000363,0,36,122,40,83,0,0,162,36,42,30,85,24,0,0,0,0,0,0,0,0,0,0,0,0,0,0,0,0,0,0,0,0,0,0,2004411,0,2004,1000846,20004,0,0,0,0,0,,0,/Game/Streaming/ArtAsset/UI/UIResource/UITexture/Common_Icon/Icon_Item_Equipment/icon_armor_PolymericMembraneLegGuard.icon_armor_PolymericMembraneLegGuard,,0,True,False,False,False,0,Protetor de Perna de Membrana Polimérica,Protetor de Perna de Membrana Polimérica
1000364,Item_Name_1000364,Item_Desc_1000364,False,1000364,True,True,True,[],4,1,5,2,15,20001,6,0,0,0,0,0,0,0,False,1,12500,30,0,0,1000364,0,36,146,40,95,0,0,99,45,42,36,85,48,0,0,0,0,0,0,0,0,0,0,0,0,0,0,0,0,0,0,0,0,0,0,2005411,0,2005,1000847,20005,0,0,0,0,0,,0,/Game/Streaming/ArtAsset/UI/UIResource/UITexture/Common_Icon/Icon_Item_Equipment/icon_armor_ShockAbsorbingLegGuard.icon_armor_ShockAbsorbingLegGuard,,0,True,False,False,False,0,Protetor de Perna com Absorção de Impacto,Protetor de Perna com Absorção de Impacto
1000365,Item_Name_1000365,Item_Desc_1000365,False,1000365,True,True,True,[],4,1,6,2,15,20001,6,0,0,0,0,0,0,0,False,1,12500,30,0,0,1000365,0,36,161,40,110,0,0,99,60,42,48,85,72,0,0,0,0,0,0,0,0,0,0,0,0,0,0,0,0,0,0,0,0,0,0,2006411,0,2006,1000848,0,0,0,0,0,0,,0,/Game/Streaming/ArtAsset/UI/UIResource/UITexture/Common_Icon/Icon_Item_Equipment/icon_armor_BioConjugationLegGuard.icon_armor_BioConjugationLegGuard,,0,True,False,False,False,0,Protetor de Perna de Fusão Biológica,Protetor de Perna de Fusão Biológica
1000371,Item_Name_1000371,Item_Desc_1000371,False,1000371,True,False,True,[],1,1,1,3,17,20001,7,0,0,0,0,0,0,0,False,1,100,10,0,0,1000371,0,35,2,0,0,0,0,0,0,0,0,0,0,0,0,0,0,0,0,0,0,0,0,0,0,0,0,0,0,0,0,0,0,0,0,2000111,0,0,0,0,2001,0,0,0,0,,0,/Game/Streaming/ArtAsset/UI/UIResource/UITexture/Common_Icon/Icon_Item_Equipment/icon_acc_FrayedEarcuff.icon_acc_FrayedEarcuff,,0,True,False,False,False,0,Brincos Desgastados,Brincos Desgastados
1000372,Item_Name_1000372,Item_Desc_1000372,False,1000372,True,False,True,[],1,1,1,3,17,20001,7,0,0,0,0,0,0,0,False,1,100,10,0,0,1000372,0,35,2,0,0,0,0,79,2,0,0,0,0,0,0,0,0,0,0,0,0,0,0,0,0,0,0,0,0,0,0,0,0,0,0,2000111,0,0,0,0,2001,0,0,0,0,,0,/Game/Streaming/ArtAsset/UI/UIResource/UITexture/Common_Icon/Icon_Item_Equipment/icon_acc_BasicEarcuff.icon_acc_BasicEarcuff,,0,True,False,False,False,0,Brincos Comuns,Brincos Comuns
1000373,Item_Name_1000373,Item_Desc_1000373,False,1000373,True,False,True,[],1,1,2,3,17,20001,7,0,0,0,0,0,0,0,False,1,100,10,0,0,1000373,0,35,2,0,0,0,0,77,2,0,0,0,0,0,0,0,0,0,0,0,0,0,0,0,0,0,0,0,0,0,0,0,0,0,0,2000111,0,0,0,0,2001,0,0,0,0,,0,/Game/Streaming/ArtAsset/UI/UIResource/UITexture/Common_Icon/Icon_Item_Equipment/icon_acc_ClumpyEarcuff.icon_acc_ClumpyEarcuff,,0,True,False,False,False,0,Brincos Rústicos,Brincos Rústicos
1000374,Item_Name_1000374,Item_Desc_1000374,False,1000374,True,False,True,[],1,1,2,3,17,20001,7,0,0,0,0,0,0,0,False,1,100,10,0,0,1000374,0,35,2,0,0,0,0,75,2,0,0,0,0,0,0,0,0,0,0,0,0,0,0,0,0,0,0,0,0,0,0,0,0,0,0,2000111,0,0,0,0,2001,0,0,0,0,,0,/Game/Streaming/ArtAsset/UI/UIResource/UITexture/Common_Icon/Icon_Item_Equipment/icon_acc_RustyEarcuff.icon_acc_RustyEarcuff,,0,True,False,False,False,0,Brincos Enferrujados,Brincos Enferrujados
1000375,Item_Name_1000375,Item_Desc_1000375,False,1000375,True,False,True,[],1,1,2,3,17,20001,7,0,0,0,0,0,0,0,False,1,100,10,0,0,1000375,0,35,2,41,2,0,0,93,2,0,0,0,0,0,0,0,0,0,0,0,0,0,0,0,0,0,0,0,0,0,0,0,0,0,0,2000111,0,0,0,0,2001,0,0,0,0,,0,/Game/Streaming/ArtAsset/UI/UIResource/UITexture/Common_Icon/Icon_Item_Equipment/icon_acc_FadedEarcuff.icon_acc_FadedEarcuff,,0,True,False,False,False,0,Brincos Desbotados,Brincos Desbotados
1000376,Item_Name_1000376,Item_Desc_1000376,False,1000376,True,False,True,[],2,1,1,3,17,20001,7,0,0,0,0,0,0,0,False,1,500,10,0,0,1000376,0,35,6,41,4,0,0,39,2,0,0,0,0,0,0,0,0,0,0,0,0,0,0,0,0,0,0,0,0,0,0,0,0,0,0,2000211,0,0,0,0,3001,0,0,0,0,,0,/Game/Streaming/ArtAsset/UI/UIResource/UITexture/Common_Icon/Icon_Item_Equipment/icon_acc_LuminantEarcuff.icon_acc_LuminantEarcuff,,0,True,False,False,False,0,Brincos Brilhantes,Brincos Brilhantes
1000377,Item_Name_1000377,Item_Desc_1000377,False,1000377,True,False,True,[],2,1,1,3,17,20001,7,0,0,0,0,0,0,0,False,1,500,10,0,0,1000377,0,35,6,41,4,0,0,159,4,0,0,0,0,0,0,0,0,0,0,0,0,0,0,0,0,0,0,0,0,0,0,0,0,0,0,2000211,0,0,0,0,3001,0,0,0,0,,0,/Game/Streaming/ArtAsset/UI/UIResource/UITexture/Common_Icon/Icon_Item_Equipment/icon_acc_RefinedEarcuff.icon_acc_RefinedEarcuff,,0,True,False,False,False,0,Brincos Refinados,Brincos Refinados
1000378,Item_Name_1000378,Item_Desc_1000378,False,1000378,True,False,True,[],2,1,2,3,17,20001,7,0,0,0,0,0,0,0,False,1,500,10,0,0,1000378,0,35,8,41,6,0,0,93,2,0,0,0,0,0,0,0,0,0,0,0,0,0,0,0,0,0,0,0,0,0,0,0,0,0,0,2000211,0,0,0,0,3001,0,0,0,0,,0,/Game/Streaming/ArtAsset/UI/UIResource/UITexture/Common_Icon/Icon_Item_Equipment/icon_acc_AdvancedEarcuff.icon_acc_AdvancedEarcuff,,0,True,False,False,False,0,Brincos de Alta Qualidade,Brincos de Alta Qualidade
1000379,Item_Name_1000379,Item_Desc_1000379,False,1000379,True,False,True,[],2,1,2,3,17,20001,7,0,0,0,0,0,0,0,False,1,500,10,0,0,1000379,0,35,8,41,6,0,0,147,4,0,0,0,0,0,0,0,0,0,0,0,0,0,0,0,0,0,0,0,0,0,0,0,0,0,0,2000211,0,0,0,0,3001,0,0,0,0,,0,/Game/Streaming/ArtAsset/UI/UIResource/UITexture/Common_Icon/Icon_Item_Equipment/icon_acc_InlaidEarcuff.icon_acc_InlaidEarcuff,,0,True,False,False,False,0,Brincos Trabalhados,Brincos Trabalhados
1000380,Item_Name_1000380,Item_Desc_1000380,False,1000380,True,False,True,[],2,1,3,3,17,20001,7,0,0,0,0,0,0,0,False,1,500,10,0,0,1000380,0,35,10,41,8,0,0,149,4,0,0,0,0,0,0,0,0,0,0,0,0,0,0,0,0,0,0,0,0,0,0,0,0,0,0,2000211,0,0,0,0,3001,0,0,0,0,,0,/Game/Streaming/ArtAsset/UI/UIResource/UITexture/Common_Icon/Icon_Item_Equipment/icon_acc_AbsoluteEarcuff.icon_acc_AbsoluteEarcuff,,0,True,False,False,False,0,Brincos Perfeitos,Brincos Perfeitos
1000381,Item_Name_1000381,Item_Desc_1000381,False,1000381,True,False,True,[],3,1,1,3,17,20001,7,0,0,0,0,0,0,0,False,1,2500,10,0,0,1000381,0,35,14,41,12,0,0,79,6,39,6,0,0,0,0,0,0,0,0,0,0,0,0,0,0,0,0,0,0,0,0,0,0,0,0,2001311,0,1001,1000864,10001,4001,0,0,0,0,,0,/Game/Streaming/ArtAsset/UI/UIResource/UITexture/Common_Icon/Icon_Item_Equipment/icon_acc_FlexibleCircuitEarcuff.icon_acc_FlexibleCircuitEarcuff,,0,True,False,False,False,0,Brincos de Circuito Flexível,Brincos de Circuito Flexível
1000382,Item_Name_1000382,Item_Desc_1000382,False,1000382,True,False,True,[],3,1,2,3,17,20001,7,0,0,0,0,0,0,0,False,1,2500,10,0,0,1000382,0,35,19,41,15,0,0,77,6,39,6,0,0,0,0,0,0,0,0,0,0,0,0,0,0,0,0,0,0,0,0,0,0,0,0,2002311,0,1002,1000865,10002,4001,0,0,0,0,,0,/Game/Streaming/ArtAsset/UI/UIResource/UITexture/Common_Icon/Icon_Item_Equipment/icon_acc_PolymerElectrodeEarcuff.icon_acc_PolymerElectrodeEarcuff,,0,True,False,False,False,0,Brincos de Eletrodo Polimérico,Brincos de Eletrodo Polimérico
1000383,Item_Name_1000383,Item_Desc_1000383,False,1000383,True,False,True,[],3,1,3,3,17,20001,7,0,0,0,0,0,0,0,False,1,2500,10,0,0,1000383,0,35,25,41,19,0,0,75,6,39,6,0,0,0,0,0,0,0,0,0,0,0,0,0,0,0,0,0,0,0,0,0,0,0,0,2003311,0,1003,1000866,10003,4001,0,0,0,0,,0,/Game/Streaming/ArtAsset/UI/UIResource/UITexture/Common_Icon/Icon_Item_Equipment/icon_acc_SpiralGasketEarcuff.icon_acc_SpiralGasketEarcuff,,0,True,False,False,False,0,Brincos de Selo Helicoidal,Brincos de Selo Helicoidal
1000384,Item_Name_1000384,Item_Desc_1000384,False,1000384,True,False,True,[],3,1,4,3,17,20001,7,0,0,0,0,0,0,0,False,1,2500,10,0,0,1000384,0,35,32,41,24,0,0,147,8,159,8,0,0,0,0,0,0,0,0,0,0,0,0,0,0,0,0,0,0,0,0,0,0,0,0,2004311,0,1004,1000867,10004,4001,0,0,0,0,,0,/Game/Streaming/ArtAsset/UI/UIResource/UITexture/Common_Icon/Icon_Item_Equipment/icon_acc_MicroModuleEarcuff.icon_acc_MicroModuleEarcuff,,0,True,False,False,False,0,Brincos de Micromódulo,Brincos de Micromódulo
1000385,Item_Name_1000385,Item_Desc_1000385,False,1000385,True,False,True,[],3,1,5,3,17,20001,7,0,0,0,0,0,0,0,False,1,2500,10,0,0,1000385,0,35,40,41,30,0,0,149,8,159,8,0,0,0,0,0,0,0,0,0,0,0,0,0,0,0,0,0,0,0,0,0,0,0,0,2005311,0,1005,1000868,10005,4001,0,0,0,0,,0,/Game/Streaming/ArtAsset/UI/UIResource/UITexture/Common_Icon/Icon_Item_Equipment/icon_acc_Waper-ThinEarcuff.icon_acc_Waper-ThinEarcuff,,0,True,False,False,False,0,Brincos de Wafer Fino,Brincos de Wafer Fino
1000386,Item_Name_1000386,Item_Desc_1000386,False,1000386,True,False,True,[],3,1,6,3,17,20001,7,0,0,0,0,0,0,0,False,1,2500,10,0,0,1000386,0,35,49,41,37,0,0,147,10,115,200,0,0,0,0,0,0,0,0,0,0,0,0,0,0,0,0,0,0,0,0,0,0,0,0,2006311,0,1006,1000869,10006,4002,0,0,0,0,,0,/Game/Streaming/ArtAsset/UI/UIResource/UITexture/Common_Icon/Icon_Item_Equipment/icon_acc_SolenoidCoileEarcuff.icon_acc_SolenoidCoileEarcuff,,0,True,False,False,False,0,Brincos de Bobina Solenoide,Brincos de Bobina Solenoide
1000387,Item_Name_1000387,Item_Desc_1000387,False,1000387,True,False,True,[],3,1,7,3,17,20001,7,0,0,0,0,0,0,0,False,1,2500,10,0,0,1000387,0,35,58,41,45,0,0,102,12,39,12,0,0,0,0,0,0,0,0,0,0,0,0,0,0,0,0,0,0,0,0,0,0,0,0,2007311,0,1007,1000870,10007,4002,0,0,0,0,,0,/Game/Streaming/ArtAsset/UI/UIResource/UITexture/Common_Icon/Icon_Item_Equipment/icon_acc_AtomicCellEarcuff.icon_acc_AtomicCellEarcuff,,0,True,False,False,False,0,Brincos de Célula Atômica,Brincos de Célula Atômica
1000388,Item_Name_1000388,Item_Desc_1000388,False,1000388,True,True,True,[],4,1,1,3,17,20001,7,0,0,0,0,0,0,0,False,1,12500,30,0,0,1000388,0,35,65,41,52,0,0,159,12,102,12,39,12,0,0,0,0,0,0,0,0,0,0,0,0,0,0,0,0,0,0,0,0,0,0,2001411,0,2001,1000871,20001,0,0,0,0,0,,0,/Game/Streaming/ArtAsset/UI/UIResource/UITexture/Common_Icon/Icon_Item_Equipment/icon_acc_IonTrapEarcuff.icon_acc_IonTrapEarcuff,,0,True,False,False,False,0,Brincos de Armadilha Iônica,Brincos de Armadilha Iônica
1000389,Item_Name_1000389,Item_Desc_1000389,False,1000389,True,True,True,[],4,1,2,3,17,20001,7,0,0,0,0,0,0,0,False,1,12500,30,0,0,1000389,0,35,79,41,59,0,0,102,18,39,18,93,6,0,0,0,0,0,0,0,0,0,0,0,0,0,0,0,0,0,0,0,0,0,0,2002411,0,2002,1000872,20002,0,0,0,0,0,,0,/Game/Streaming/ArtAsset/UI/UIResource/UITexture/Common_Icon/Icon_Item_Equipment/icon_acc_QuantumComputingEarcuff.icon_acc_QuantumComputingEarcuff,,0,True,False,False,False,0,Brincos de Computação Quântica,Brincos de Computação Quântica
1000390,Item_Name_1000390,Item_Desc_1000390,False,1000390,True,True,True,[],4,1,3,3,17,20001,7,0,0,0,0,0,0,0,False,1,12500,30,0,0,1000390,0,35,95,41,68,0,0,159,24,39,24,93,8,0,0,0,0,0,0,0,0,0,0,0,0,0,0,0,0,0,0,0,0,0,0,2003411,0,2003,1000873,20003,0,0,0,0,0,,0,/Game/Streaming/ArtAsset/UI/UIResource/UITexture/Common_Icon/Icon_Item_Equipment/icon_acc_BioSensorEarcuff.icon_acc_BioSensorEarcuff,,0,True,False,False,False,0,Brincos de Biossensor,Brincos de Biossensor
1000391,Item_Name_1000391,Item_Desc_1000391,False,1000391,True,True,True,[],4,1,4,3,17,20001,7,0,0,0,0,0,0,0,False,1,12500,30,0,0,1000391,0,35,116,41,76,0,0,39,24,102,24,93,8,0,0,0,0,0,0,0,0,0,0,0,0,0,0,0,0,0,0,0,0,0,0,2004411,0,2004,1000874,20004,0,0,0,0,0,,0,/Game/Streaming/ArtAsset/UI/UIResource/UITexture/Common_Icon/Icon_Item_Equipment/icon_acc_IntelligentSystemEarcuff.icon_acc_IntelligentSystemEarcuff,,0,True,False,False,False,0,Brincos de Sistema Inteligente,Brincos de Sistema Inteligente
1000392,Item_Name_1000392,Item_Desc_1000392,False,1000392,True,True,True,[],4,1,5,3,17,20001,7,0,0,0,0,0,0,0,False,1,12500,30,0,0,1000392,0,35,138,41,89,0,0,39,38,102,38,93,13,0,0,0,0,0,0,0,0,0,0,0,0,0,0,0,0,0,0,0,0,0,0,2005411,0,2005,1000875,20005,0,0,0,0,0,,0,/Game/Streaming/ArtAsset/UI/UIResource/UITexture/Common_Icon/Icon_Item_Equipment/icon_acc_ArcFurnaceEarcuff.icon_acc_ArcFurnaceEarcuff,,0,True,False,False,False,0,Brincos de Fornalha Arc,Brincos de Fornalha Arc
1000393,Item_Name_1000393,Item_Desc_1000393,False,1000393,True,True,True,[],4,1,6,3,17,20001,7,0,0,0,0,0,0,0,False,1,12500,30,0,0,1000393,0,35,153,41,104,0,0,39,54,102,54,93,24,0,0,0,0,0,0,0,0,0,0,0,0,0,0,0,0,0,0,0,0,0,0,2006411,0,2006,1000876,0,0,0,0,0,0,,0,/Game/Streaming/ArtAsset/UI/UIResource/UITexture/Common_Icon/Icon_Item_Equipment/icon_acc_NeuralCircuitLinkEarcuff.icon_acc_NeuralCircuitLinkEarcuff,,0,True,False,False,False,0,Brincos de Link Neural de Circuito,Brincos de Link Neural de Circuito
1000399,Item_Name_1000399,Item_Desc_1000399,False,1000399,True,False,True,[],1,1,1,3,18,20001,8,0,0,0,0,0,0,0,False,1,100,10,0,0,1000399,0,38,2,0,0,0,0,0,0,0,0,0,0,0,0,0,0,0,0,0,0,0,0,0,0,0,0,0,0,0,0,0,0,0,0,2000111,0,0,0,0,2001,0,0,0,0,,0,/Game/Streaming/ArtAsset/UI/UIResource/UITexture/Common_Icon/Icon_Item_Equipment/icon_acc_FrayedNecklace.icon_acc_FrayedNecklace,,0,True,False,False,False,0,Colar Desgastado,Colar Desgastado
1000400,Item_Name_1000400,Item_Desc_1000400,False,1000400,True,False,True,[],1,1,1,3,18,20001,8,0,0,0,0,0,0,0,False,1,100,10,0,0,1000400,0,38,2,0,0,0,0,79,2,0,0,0,0,0,0,0,0,0,0,0,0,0,0,0,0,0,0,0,0,0,0,0,0,0,0,2000111,0,0,0,0,2001,0,0,0,0,,0,/Game/Streaming/ArtAsset/UI/UIResource/UITexture/Common_Icon/Icon_Item_Equipment/icon_acc_BasicNecklace.icon_acc_BasicNecklace,,0,True,False,False,False,0,Colar Comum,Colar Comum
1000401,Item_Name_1000401,Item_Desc_1000401,False,1000401,True,False,True,[],1,1,2,3,18,20001,8,0,0,0,0,0,0,0,False,1,100,10,0,0,1000401,0,38,2,0,0,0,0,77,2,0,0,0,0,0,0,0,0,0,0,0,0,0,0,0,0,0,0,0,0,0,0,0,0,0,0,2000111,0,0,0,0,2001,0,0,0,0,,0,/Game/Streaming/ArtAsset/UI/UIResource/UITexture/Common_Icon/Icon_Item_Equipment/icon_acc_ClumpyNecklace.icon_acc_ClumpyNecklace,,0,True,False,False,False,0,Colar Rústico,Colar Rústico
1000402,Item_Name_1000402,Item_Desc_1000402,False,1000402,True,False,True,[],1,1,2,3,18,20001,8,0,0,0,0,0,0,0,False,1,100,10,0,0,1000402,0,38,2,0,0,0,0,75,2,0,0,0,0,0,0,0,0,0,0,0,0,0,0,0,0,0,0,0,0,0,0,0,0,0,0,2000111,0,0,0,0,2001,0,0,0,0,,0,/Game/Streaming/ArtAsset/UI/UIResource/UITexture/Common_Icon/Icon_Item_Equipment/icon_acc_RustyNecklace.icon_acc_RustyNecklace,,0,True,False,False,False,0,Colar Enferrujado,Colar Enferrujado
1000403,Item_Name_1000403,Item_Desc_1000403,False,1000403,True,False,True,[],1,1,2,3,18,20001,8,0,0,0,0,0,0,0,False,1,100,10,0,0,1000403,0,38,2,98,2,0,0,41,2,0,0,0,0,0,0,0,0,0,0,0,0,0,0,0,0,0,0,0,0,0,0,0,0,0,0,2000111,0,0,0,0,2001,0,0,0,0,,0,/Game/Streaming/ArtAsset/UI/UIResource/UITexture/Common_Icon/Icon_Item_Equipment/icon_acc_FadedNecklace.icon_acc_FadedNecklace,,0,True,False,False,False,0,Colar Desbotado,Colar Desbotado
1000404,Item_Name_1000404,Item_Desc_1000404,False,1000404,True,False,True,[],2,1,1,3,18,20001,8,0,0,0,0,0,0,0,False,1,500,10,0,0,1000404,0,38,6,98,4,0,0,106,2,0,0,0,0,0,0,0,0,0,0,0,0,0,0,0,0,0,0,0,0,0,0,0,0,0,0,2000211,0,0,0,0,3001,0,0,0,0,,0,/Game/Streaming/ArtAsset/UI/UIResource/UITexture/Common_Icon/Icon_Item_Equipment/icon_acc_LuminantNecklace.icon_acc_LuminantNecklace,,0,True,False,False,False,0,Colar Brilhante,Colar Brilhante
1000405,Item_Name_1000405,Item_Desc_1000405,False,1000405,True,False,True,[],2,1,1,3,18,20001,8,0,0,0,0,0,0,0,False,1,500,10,0,0,1000405,0,38,6,98,4,0,0,33,2,0,0,0,0,0,0,0,0,0,0,0,0,0,0,0,0,0,0,0,0,0,0,0,0,0,0,2000211,0,0,0,0,3001,0,0,0,0,,0,/Game/Streaming/ArtAsset/UI/UIResource/UITexture/Common_Icon/Icon_Item_Equipment/icon_acc_RefinedNecklace.icon_acc_RefinedNecklace,,0,True,False,False,False,0,Colar Refinado,Colar Refinado
1000406,Item_Name_1000406,Item_Desc_1000406,False,1000406,True,False,True,[],2,1,2,3,18,20001,8,0,0,0,0,0,0,0,False,1,500,10,0,0,1000406,0,38,8,98,6,0,0,66,100,0,0,0,0,0,0,0,0,0,0,0,0,0,0,0,0,0,0,0,0,0,0,0,0,0,0,2000211,0,0,0,0,3001,0,0,0,0,,0,/Game/Streaming/ArtAsset/UI/UIResource/UITexture/Common_Icon/Icon_Item_Equipment/icon_acc_AdvancedNecklace.icon_acc_AdvancedNecklace,,0,True,False,False,False,0,Colar de Alta Qualidade,Colar de Alta Qualidade
1000407,Item_Name_1000407,Item_Desc_1000407,False,1000407,True,False,True,[],2,1,2,3,18,20001,8,0,0,0,0,0,0,0,False,1,500,10,0,0,1000407,0,38,8,98,6,0,0,41,4,0,0,0,0,0,0,0,0,0,0,0,0,0,0,0,0,0,0,0,0,0,0,0,0,0,0,2000211,0,0,0,0,3001,0,0,0,0,,0,/Game/Streaming/ArtAsset/UI/UIResource/UITexture/Common_Icon/Icon_Item_Equipment/icon_acc_InlaidNecklace.icon_acc_InlaidNecklace,,0,True,False,False,False,0,Colar Trabalhado,Colar Trabalhado
1000408,Item_Name_1000408,Item_Desc_1000408,False,1000408,True,False,True,[],2,1,3,3,18,20001,8,0,0,0,0,0,0,0,False,1,500,10,0,0,1000408,0,38,10,98,8,0,0,89,100,0,0,0,0,0,0,0,0,0,0,0,0,0,0,0,0,0,0,0,0,0,0,0,0,0,0,2000211,0,0,0,0,3001,0,0,0,0,,0,/Game/Streaming/ArtAsset/UI/UIResource/UITexture/Common_Icon/Icon_Item_Equipment/icon_acc_AbsoluteNecklace.icon_acc_AbsoluteNecklace,,0,True,False,False,False,0,Colar Perfeito,Colar Perfeito
1000409,Item_Name_1000409,Item_Desc_1000409,False,1000409,True,False,True,[],3,1,1,3,18,20001,8,0,0,0,0,0,0,0,False,1,2500,10,0,0,1000409,0,38,14,98,12,0,0,79,6,106,4,0,0,0,0,0,0,0,0,0,0,0,0,0,0,0,0,0,0,0,0,0,0,0,0,2001311,0,1001,1000892,10001,4001,0,0,0,0,,0,/Game/Streaming/ArtAsset/UI/UIResource/UITexture/Common_Icon/Icon_Item_Equipment/icon_acc_FlexibleCircuitNecklace.icon_acc_FlexibleCircuitNecklace,,0,True,False,False,False,0,Colar de Circuito Flexível,Colar de Circuito Flexível
1000410,Item_Name_1000410,Item_Desc_1000410,False,1000410,True,False,True,[],3,1,2,3,18,20001,8,0,0,0,0,0,0,0,False,1,2500,10,0,0,1000410,0,38,19,98,15,0,0,77,6,106,4,0,0,0,0,0,0,0,0,0,0,0,0,0,0,0,0,0,0,0,0,0,0,0,0,2002311,0,1002,1000893,10002,4001,0,0,0,0,,0,/Game/Streaming/ArtAsset/UI/UIResource/UITexture/Common_Icon/Icon_Item_Equipment/icon_acc_PolymerElectrodeNecklace.icon_acc_PolymerElectrodeNecklace,,0,True,False,False,False,0,Colar de Eletrodo Polimérico,Colar de Eletrodo Polimérico
1000411,Item_Name_1000411,Item_Desc_1000411,False,1000411,True,False,True,[],3,1,3,3,18,20001,8,0,0,0,0,0,0,0,False,1,2500,10,0,0,1000411,0,38,25,98,19,0,0,75,6,106,4,0,0,0,0,0,0,0,0,0,0,0,0,0,0,0,0,0,0,0,0,0,0,0,0,2003311,0,1003,1000894,10003,4001,0,0,0,0,,0,/Game/Streaming/ArtAsset/UI/UIResource/UITexture/Common_Icon/Icon_Item_Equipment/icon_acc_SpiralGasketNecklace.icon_acc_SpiralGasketNecklace,,0,True,False,False,False,0,Colar de Selo Helicoidal,Colar de Selo Helicoidal
1000412,Item_Name_1000412,Item_Desc_1000412,False,1000412,True,False,True,[],3,1,4,3,18,20001,8,0,0,0,0,0,0,0,False,1,2500,10,0,0,1000412,0,38,32,98,24,0,0,41,8,33,4,0,0,0,0,0,0,0,0,0,0,0,0,0,0,0,0,0,0,0,0,0,0,0,0,2004311,0,1004,1000895,10004,4001,0,0,0,0,,0,/Game/Streaming/ArtAsset/UI/UIResource/UITexture/Common_Icon/Icon_Item_Equipment/icon_acc_MicroModuleNecklace.icon_acc_MicroModuleNecklace,,0,True,False,False,False,0,Colar de Micromódulo,Colar de Micromódulo
1000413,Item_Name_1000413,Item_Desc_1000413,False,1000413,True,False,True,[],3,1,5,3,18,20001,8,0,0,0,0,0,0,0,False,1,2500,10,0,0,1000413,0,38,40,98,30,0,0,89,100,33,4,0,0,0,0,0,0,0,0,0,0,0,0,0,0,0,0,0,0,0,0,0,0,0,0,2005311,0,1005,1000896,10005,4001,0,0,0,0,,0,/Game/Streaming/ArtAsset/UI/UIResource/UITexture/Common_Icon/Icon_Item_Equipment/icon_acc_Waper-ThinNecklace.icon_acc_Waper-ThinNecklace,,0,True,False,False,False,0,Colar de Wafer Fino,Colar de Wafer Fino
1000414,Item_Name_1000414,Item_Desc_1000414,False,1000414,True,False,True,[],3,1,6,3,18,20001,8,0,0,0,0,0,0,0,False,1,2500,10,0,0,1000414,0,38,49,98,37,0,0,41,10,121,200,0,0,0,0,0,0,0,0,0,0,0,0,0,0,0,0,0,0,0,0,0,0,0,0,2006311,0,1006,1000897,10006,4002,0,0,0,0,,0,/Game/Streaming/ArtAsset/UI/UIResource/UITexture/Common_Icon/Icon_Item_Equipment/icon_acc_SolenoidCoileNecklace.icon_acc_SolenoidCoileNecklace,,0,True,False,False,False,0,Colar de Bobina Solenoide,Colar de Bobina Solenoide
1000415,Item_Name_1000415,Item_Desc_1000415,False,1000415,True,False,True,[],3,1,7,3,18,20001,8,0,0,0,0,0,0,0,False,1,2500,10,0,0,1000415,0,38,58,98,45,0,0,89,200,33,12,0,0,0,0,0,0,0,0,0,0,0,0,0,0,0,0,0,0,0,0,0,0,0,0,2007311,0,1007,1000898,10007,4002,0,0,0,0,,0,/Game/Streaming/ArtAsset/UI/UIResource/UITexture/Common_Icon/Icon_Item_Equipment/icon_acc_AtomicCellNecklace.icon_acc_AtomicCellNecklace,,0,True,False,False,False,0,Colar de Célula Atômica,Colar de Célula Atômica
1000416,Item_Name_1000416,Item_Desc_1000416,False,1000416,True,True,True,[],4,1,1,3,18,20001,8,0,0,0,0,0,0,0,False,1,12500,30,0,0,1000416,0,38,65,98,52,0,0,33,12,102,10,89,400,0,0,0,0,0,0,0,0,0,0,0,0,0,0,0,0,0,0,0,0,0,0,2001411,0,2001,1000899,20001,0,0,0,0,0,,0,/Game/Streaming/ArtAsset/UI/UIResource/UITexture/Common_Icon/Icon_Item_Equipment/icon_acc_IonTrapNecklace.icon_acc_IonTrapNecklace,,0,True,False,False,False,0,Colar de Armadilha Iônica,Colar de Armadilha Iônica
1000417,Item_Name_1000417,Item_Desc_1000417,False,1000417,True,True,True,[],4,1,2,3,18,20001,8,0,0,0,0,0,0,0,False,1,12500,30,0,0,1000417,0,38,79,98,59,0,0,41,16,106,16,102,14,0,0,0,0,0,0,0,0,0,0,0,0,0,0,0,0,0,0,0,0,0,0,2002411,0,2002,1000900,20002,0,0,0,0,0,,0,/Game/Streaming/ArtAsset/UI/UIResource/UITexture/Common_Icon/Icon_Item_Equipment/icon_acc_QuantumComputingNecklace.icon_acc_QuantumComputingNecklace,,0,True,False,False,False,0,Colar de Computação Quântica,Colar de Computação Quântica
1000418,Item_Name_1000418,Item_Desc_1000418,False,1000418,True,True,True,[],4,1,3,3,18,20001,8,0,0,0,0,0,0,0,False,1,12500,30,0,0,1000418,0,38,95,98,68,0,0,33,20,106,20,89,500,0,0,0,0,0,0,0,0,0,0,0,0,0,0,0,0,0,0,0,0,0,0,2003411,0,2003,1000901,20003,0,0,0,0,0,,0,/Game/Streaming/ArtAsset/UI/UIResource/UITexture/Common_Icon/Icon_Item_Equipment/icon_acc_BioSensorNecklace.icon_acc_BioSensorNecklace,,0,True,False,False,False,0,Colar de Biossensor,Colar de Biossensor
1000419,Item_Name_1000419,Item_Desc_1000419,False,1000419,True,True,True,[],4,1,4,3,18,20001,8,0,0,0,0,0,0,0,False,1,12500,30,0,0,1000419,0,38,116,98,76,0,0,33,24,106,24,89,600,0,0,0,0,0,0,0,0,0,0,0,0,0,0,0,0,0,0,0,0,0,0,2004411,0,2004,1000902,20004,0,0,0,0,0,,0,/Game/Streaming/ArtAsset/UI/UIResource/UITexture/Common_Icon/Icon_Item_Equipment/icon_acc_IntelligentSystemNecklace.icon_acc_IntelligentSystemNecklace,,0,True,False,False,False,0,Colar de Sistema Inteligente,Colar de Sistema Inteligente
1000420,Item_Name_1000420,Item_Desc_1000420,False,1000420,True,True,True,[],4,1,5,3,18,20001,8,0,0,0,0,0,0,0,False,1,12500,30,0,0,1000420,0,38,138,98,89,0,0,33,38,106,38,89,750,0,0,0,0,0,0,0,0,0,0,0,0,0,0,0,0,0,0,0,0,0,0,2005411,0,2005,1000903,20005,0,0,0,0,0,,0,/Game/Streaming/ArtAsset/UI/UIResource/UITexture/Common_Icon/Icon_Item_Equipment/icon_acc_ArcFurnaceNecklace.icon_acc_ArcFurnaceNecklace,,0,True,False,False,False,0,Colar de Fornalha Arc,Colar de Fornalha Arc
1000421,Item_Name_1000421,Item_Desc_1000421,False,1000421,True,True,True,[],4,1,6,3,18,20001,8,0,0,0,0,0,0,0,False,1,12500,30,0,0,1000421,0,38,153,98,104,0,0,33,54,106,54,89,850,0,0,0,0,0,0,0,0,0,0,0,0,0,0,0,0,0,0,0,0,0,0,2006411,0,2006,1000904,0,0,0,0,0,0,,0,/Game/Streaming/ArtAsset/UI/UIResource/UITexture/Common_Icon/Icon_Item_Equipment/icon_acc_NeuralCircuitLinkNecklace.icon_acc_NeuralCircuitLinkNecklace,,0,True,False,False,False,0,Colar de Link Neural de Circuito,Colar de Link Neural de Circuito
1000427,Item_Name_1000427,Item_Desc_1000427,False,1000427,True,False,True,[],1,1,1,3,19,20001,9,0,0,0,0,0,0,0,False,1,100,10,0,0,1000427,0,36,2,0,0,0,0,0,0,0,0,0,0,0,0,0,0,0,0,0,0,0,0,0,0,0,0,0,0,0,0,0,0,0,0,2000111,0,0,0,0,2001,0,0,0,0,,0,/Game/Streaming/ArtAsset/UI/UIResource/UITexture/Common_Icon/Icon_Item_Equipment/icon_acc_FrayedBangle.icon_acc_FrayedBangle,,0,True,False,False,False,0,Bracelete Desgastado,Bracelete Desgastado
1000428,Item_Name_1000428,Item_Desc_1000428,False,1000428,True,False,True,[],1,1,1,3,19,20001,9,0,0,0,0,0,0,0,False,1,100,10,0,0,1000428,0,36,2,0,0,0,0,74,2,0,0,0,0,0,0,0,0,0,0,0,0,0,0,0,0,0,0,0,0,0,0,0,0,0,0,2000111,0,0,0,0,2001,0,0,0,0,,0,/Game/Streaming/ArtAsset/UI/UIResource/UITexture/Common_Icon/Icon_Item_Equipment/icon_acc_BasicBangle.icon_acc_BasicBangle,,0,True,False,False,False,0,Bracelete Comum,Bracelete Comum
1000429,Item_Name_1000429,Item_Desc_1000429,False,1000429,True,False,True,[],1,1,2,3,19,20001,9,0,0,0,0,0,0,0,False,1,100,10,0,0,1000429,0,36,2,0,0,0,0,76,2,0,0,0,0,0,0,0,0,0,0,0,0,0,0,0,0,0,0,0,0,0,0,0,0,0,0,2000111,0,0,0,0,2001,0,0,0,0,,0,/Game/Streaming/ArtAsset/UI/UIResource/UITexture/Common_Icon/Icon_Item_Equipment/icon_acc_ClumpyBangle.icon_acc_ClumpyBangle,,0,True,False,False,False,0,Bracelete Rústico,Bracelete Rústico
1000430,Item_Name_1000430,Item_Desc_1000430,False,1000430,True,False,True,[],1,1,2,3,19,20001,9,0,0,0,0,0,0,0,False,1,100,10,0,0,1000430,0,36,2,0,0,0,0,78,2,0,0,0,0,0,0,0,0,0,0,0,0,0,0,0,0,0,0,0,0,0,0,0,0,0,0,2000111,0,0,0,0,2001,0,0,0,0,,0,/Game/Streaming/ArtAsset/UI/UIResource/UITexture/Common_Icon/Icon_Item_Equipment/icon_acc_RustyBangle.icon_acc_RustyBangle,,0,True,False,False,False,0,Bracelete Enferrujado,Bracelete Enferrujado
1000431,Item_Name_1000431,Item_Desc_1000431,False,1000431,True,False,True,[],1,1,2,3,19,20001,9,0,0,0,0,0,0,0,False,1,100,10,0,0,1000431,0,36,2,42,2,0,0,83,4,0,0,0,0,0,0,0,0,0,0,0,0,0,0,0,0,0,0,0,0,0,0,0,0,0,0,2000111,0,0,0,0,2001,0,0,0,0,,0,/Game/Streaming/ArtAsset/UI/UIResource/UITexture/Common_Icon/Icon_Item_Equipment/icon_acc_FadedBangle.icon_acc_FadedBangle,,0,True,False,False,False,0,Bracelete Desbotado,Bracelete Desbotado
1000432,Item_Name_1000432,Item_Desc_1000432,False,1000432,True,False,True,[],2,1,1,3,19,20001,9,0,0,0,0,0,0,0,False,1,500,10,0,0,1000432,0,36,6,42,4,0,0,85,8,0,0,0,0,0,0,0,0,0,0,0,0,0,0,0,0,0,0,0,0,0,0,0,0,0,0,2000211,0,0,0,0,3001,0,0,0,0,,0,/Game/Streaming/ArtAsset/UI/UIResource/UITexture/Common_Icon/Icon_Item_Equipment/icon_acc_LuminantBangle.icon_acc_LuminantBangle,,0,True,False,False,False,0,Bracelete Brilhante,Bracelete Brilhante
1000433,Item_Name_1000433,Item_Desc_1000433,False,1000433,True,False,True,[],2,1,1,3,19,20001,9,0,0,0,0,0,0,0,False,1,500,10,0,0,1000433,0,36,6,42,4,0,0,162,4,0,0,0,0,0,0,0,0,0,0,0,0,0,0,0,0,0,0,0,0,0,0,0,0,0,0,2000211,0,0,0,0,3001,0,0,0,0,,0,/Game/Streaming/ArtAsset/UI/UIResource/UITexture/Common_Icon/Icon_Item_Equipment/icon_acc_RefinedBangle.icon_acc_RefinedBangle,,0,True,False,False,False,0,Bracelete Refinado,Bracelete Refinado
1000434,Item_Name_1000434,Item_Desc_1000434,False,1000434,True,False,True,[],2,1,2,3,19,20001,9,0,0,0,0,0,0,0,False,1,500,10,0,0,1000434,0,36,8,42,6,0,0,83,6,0,0,0,0,0,0,0,0,0,0,0,0,0,0,0,0,0,0,0,0,0,0,0,0,0,0,2000211,0,0,0,0,3001,0,0,0,0,,0,/Game/Streaming/ArtAsset/UI/UIResource/UITexture/Common_Icon/Icon_Item_Equipment/icon_acc_AdvancedBangle.icon_acc_AdvancedBangle,,0,True,False,False,False,0,Bracelete de Alta Qualidade,Bracelete de Alta Qualidade
1000435,Item_Name_1000435,Item_Desc_1000435,False,1000435,True,False,True,[],2,1,2,3,19,20001,9,0,0,0,0,0,0,0,False,1,500,10,0,0,1000435,0,36,8,42,6,0,0,148,4,0,0,0,0,0,0,0,0,0,0,0,0,0,0,0,0,0,0,0,0,0,0,0,0,0,0,2000211,0,0,0,0,3001,0,0,0,0,,0,/Game/Streaming/ArtAsset/UI/UIResource/UITexture/Common_Icon/Icon_Item_Equipment/icon_acc_InlaidBangle.icon_acc_InlaidBangle,,0,True,False,False,False,0,Bracelete Trabalhado,Bracelete Trabalhado
1000436,Item_Name_1000436,Item_Desc_1000436,False,1000436,True,False,True,[],2,1,3,3,19,20001,9,0,0,0,0,0,0,0,False,1,500,10,0,0,1000436,0,36,10,42,8,0,0,150,4,0,0,0,0,0,0,0,0,0,0,0,0,0,0,0,0,0,0,0,0,0,0,0,0,0,0,2000211,0,0,0,0,3001,0,0,0,0,,0,/Game/Streaming/ArtAsset/UI/UIResource/UITexture/Common_Icon/Icon_Item_Equipment/icon_acc_AbsoluteBangle.icon_acc_AbsoluteBangle,,0,True,False,False,False,0,Bracelete Perfeito,Bracelete Perfeito
1000437,Item_Name_1000437,Item_Desc_1000437,False,1000437,True,False,True,[],3,1,1,3,19,20001,9,0,0,0,0,0,0,0,False,1,2500,10,0,0,1000437,0,36,14,42,12,0,0,78,6,85,12,0,0,0,0,0,0,0,0,0,0,0,0,0,0,0,0,0,0,0,0,0,0,0,0,2001311,0,1001,1000920,10001,4001,0,0,0,0,,0,/Game/Streaming/ArtAsset/UI/UIResource/UITexture/Common_Icon/Icon_Item_Equipment/icon_acc_FlexibleCircuitBangle.icon_acc_FlexibleCircuitBangle,,0,True,False,False,False,0,Bracelete de Circuito Flexível,Bracelete de Circuito Flexível
1000438,Item_Name_1000438,Item_Desc_1000438,False,1000438,True,False,True,[],3,1,2,3,19,20001,9,0,0,0,0,0,0,0,False,1,2500,10,0,0,1000438,0,36,19,42,15,0,0,76,6,85,12,0,0,0,0,0,0,0,0,0,0,0,0,0,0,0,0,0,0,0,0,0,0,0,0,2002311,0,1002,1000921,10002,4001,0,0,0,0,,0,/Game/Streaming/ArtAsset/UI/UIResource/UITexture/Common_Icon/Icon_Item_Equipment/icon_acc_PolymerElectrodeBangle.icon_acc_PolymerElectrodeBangle,,0,True,False,False,False,0,Bracelete de Eletrodo Polimérico,Bracelete de Eletrodo Polimérico
1000439,Item_Name_1000439,Item_Desc_1000439,False,1000439,True,False,True,[],3,1,3,3,19,20001,9,0,0,0,0,0,0,0,False,1,2500,10,0,0,1000439,0,36,25,42,19,0,0,74,6,85,12,0,0,0,0,0,0,0,0,0,0,0,0,0,0,0,0,0,0,0,0,0,0,0,0,2003311,0,1003,1000922,10003,4001,0,0,0,0,,0,/Game/Streaming/ArtAsset/UI/UIResource/UITexture/Common_Icon/Icon_Item_Equipment/icon_acc_SpiralGasketBangle.icon_acc_SpiralGasketBangle,,0,True,False,False,False,0,Bracelete de Selo Helicoidal,Bracelete de Selo Helicoidal
1000440,Item_Name_1000440,Item_Desc_1000440,False,1000440,True,False,True,[],3,1,4,3,19,20001,9,0,0,0,0,0,0,0,False,1,2500,10,0,0,1000440,0,36,32,42,24,0,0,148,8,162,8,0,0,0,0,0,0,0,0,0,0,0,0,0,0,0,0,0,0,0,0,0,0,0,0,2004311,0,1004,1000923,10004,4001,0,0,0,0,,0,/Game/Streaming/ArtAsset/UI/UIResource/UITexture/Common_Icon/Icon_Item_Equipment/icon_acc_MicroModuleBangle.icon_acc_MicroModuleBangle,,0,True,False,False,False,0,Bracelete de Micromódulo,Bracelete de Micromódulo
1000441,Item_Name_1000441,Item_Desc_1000441,False,1000441,True,False,True,[],3,1,5,3,19,20001,9,0,0,0,0,0,0,0,False,1,2500,10,0,0,1000441,0,36,40,42,30,0,0,150,8,162,8,0,0,0,0,0,0,0,0,0,0,0,0,0,0,0,0,0,0,0,0,0,0,0,0,2005311,0,1005,1000924,10005,4001,0,0,0,0,,0,/Game/Streaming/ArtAsset/UI/UIResource/UITexture/Common_Icon/Icon_Item_Equipment/icon_acc_Waper-ThinBangle.icon_acc_Waper-ThinBangle,,0,True,False,False,False,0,Bracelete de Wafer Fino,Bracelete de Wafer Fino
1000442,Item_Name_1000442,Item_Desc_1000442,False,1000442,True,False,True,[],3,1,6,3,19,20001,9,0,0,0,0,0,0,0,False,1,2500,10,0,0,1000442,0,36,49,42,37,0,0,148,10,126,200,0,0,0,0,0,0,0,0,0,0,0,0,0,0,0,0,0,0,0,0,0,0,0,0,2006311,0,1006,1000925,10006,4002,0,0,0,0,,0,/Game/Streaming/ArtAsset/UI/UIResource/UITexture/Common_Icon/Icon_Item_Equipment/icon_acc_SolenoidCoileBangle.icon_acc_SolenoidCoileBangle,,0,True,False,False,False,0,Bracelete de Bobina Solenoide,Bracelete de Bobina Solenoide
1000443,Item_Name_1000443,Item_Desc_1000443,False,1000443,True,False,True,[],3,1,7,3,19,20001,9,0,0,0,0,0,0,0,False,1,2500,10,0,0,1000443,0,36,58,42,45,0,0,105,12,162,12,0,0,0,0,0,0,0,0,0,0,0,0,0,0,0,0,0,0,0,0,0,0,0,0,2007311,0,1007,1000926,10007,4002,0,0,0,0,,0,/Game/Streaming/ArtAsset/UI/UIResource/UITexture/Common_Icon/Icon_Item_Equipment/icon_acc_AtomicCellBangle.icon_acc_AtomicCellBangle,,0,True,False,False,False,0,Bracelete de Célula Atômica,Bracelete de Célula Atômica
1000444,Item_Name_1000444,Item_Desc_1000444,False,1000444,True,True,True,[],4,1,1,3,19,20001,9,0,0,0,0,0,0,0,False,1,12500,30,0,0,1000444,0,36,65,42,52,0,0,162,16,85,12,83,8,0,0,0,0,0,0,0,0,0,0,0,0,0,0,0,0,0,0,0,0,0,0,2001411,0,2001,1000927,20001,0,0,0,0,0,,0,/Game/Streaming/ArtAsset/UI/UIResource/UITexture/Common_Icon/Icon_Item_Equipment/icon_acc_IonTrapBangle.icon_acc_IonTrapBangle,,0,True,False,False,False,0,Bracelete de Armadilha Iônica,Bracelete de Armadilha Iônica
1000445,Item_Name_1000445,Item_Desc_1000445,False,1000445,True,True,True,[],4,1,2,3,19,20001,9,0,0,0,0,0,0,0,False,1,12500,30,0,0,1000445,0,36,79,42,59,0,0,105,16,144,100,85,16,0,0,0,0,0,0,0,0,0,0,0,0,0,0,0,0,0,0,0,0,0,0,2002411,0,2002,1000928,20002,0,0,0,0,0,,0,/Game/Streaming/ArtAsset/UI/UIResource/UITexture/Common_Icon/Icon_Item_Equipment/icon_acc_QuantumComputingBangle.icon_acc_QuantumComputingBangle,,0,True,False,False,False,0,Bracelete de Computação Quântica,Bracelete de Computação Quântica
1000446,Item_Name_1000446,Item_Desc_1000446,False,1000446,True,True,True,[],4,1,3,3,19,20001,9,0,0,0,0,0,0,0,False,1,12500,30,0,0,1000446,0,36,95,42,68,0,0,162,30,105,20,83,10,0,0,0,0,0,0,0,0,0,0,0,0,0,0,0,0,0,0,0,0,0,0,2003411,0,2003,1000929,20003,0,0,0,0,0,,0,/Game/Streaming/ArtAsset/UI/UIResource/UITexture/Common_Icon/Icon_Item_Equipment/icon_acc_BioSensorBangle.icon_acc_BioSensorBangle,,0,True,False,False,False,0,Bracelete de Biossensor,Bracelete de Biossensor
1000447,Item_Name_1000447,Item_Desc_1000447,False,1000447,True,True,True,[],4,1,4,3,19,20001,9,0,0,0,0,0,0,0,False,1,12500,30,0,0,1000447,0,36,116,42,76,0,0,162,34,85,24,83,12,0,0,0,0,0,0,0,0,0,0,0,0,0,0,0,0,0,0,0,0,0,0,2004411,0,2004,1000930,20004,0,0,0,0,0,,0,/Game/Streaming/ArtAsset/UI/UIResource/UITexture/Common_Icon/Icon_Item_Equipment/icon_acc_IntelligentSystemBangle.icon_acc_IntelligentSystemBangle,,0,True,False,False,False,0,Bracelete de Sistema Inteligente,Bracelete de Sistema Inteligente
1000448,Item_Name_1000448,Item_Desc_1000448,False,1000448,True,True,True,[],4,1,5,3,19,20001,9,0,0,0,0,0,0,0,False,1,12500,30,0,0,1000448,0,36,138,42,89,0,0,162,38,85,38,83,24,0,0,0,0,0,0,0,0,0,0,0,0,0,0,0,0,0,0,0,0,0,0,2005411,0,2005,1000931,20005,0,0,0,0,0,,0,/Game/Streaming/ArtAsset/UI/UIResource/UITexture/Common_Icon/Icon_Item_Equipment/icon_acc_ArcFurnaceBangle.icon_acc_ArcFurnaceBangle,,0,True,False,False,False,0,Bracelete de Fornalha Arc,Bracelete de Fornalha Arc
1000449,Item_Name_1000449,Item_Desc_1000449,False,1000449,True,True,True,[],4,1,6,3,19,20001,9,0,0,0,0,0,0,0,False,1,12500,30,0,0,1000449,0,36,153,42,104,0,0,162,54,85,54,83,36,0,0,0,0,0,0,0,0,0,0,0,0,0,0,0,0,0,0,0,0,0,0,2006411,0,2006,1000932,0,0,0,0,0,0,,0,/Game/Streaming/ArtAsset/UI/UIResource/UITexture/Common_Icon/Icon_Item_Equipment/icon_acc_NeuralCircuitLinkBangle.icon_acc_NeuralCircuitLinkBangle,,0,True,False,False,False,0,Bracelete de Link Neural de Circuito,Bracelete de Link Neural de Circuito
1000455,Item_Name_1000455,Item_Desc_1000455,False,1000455,True,False,True,[],1,1,1,3,20,20001,10,0,0,0,0,0,0,0,False,1,100,10,0,0,1000455,0,40,2,0,0,0,0,0,0,0,0,0,0,0,0,0,0,0,0,0,0,0,0,0,0,0,0,0,0,0,0,0,0,0,0,2000111,0,0,0,0,2001,0,0,0,0,,0,/Game/Streaming/ArtAsset/UI/UIResource/UITexture/Common_Icon/Icon_Item_Equipment/icon_acc_FrayedRing.icon_acc_FrayedRing,,0,True,False,False,False,0,Anel Desgastado,Anel Desgastado
1000456,Item_Name_1000456,Item_Desc_1000456,False,1000456,True,False,True,[],1,1,1,3,20,20001,10,0,0,0,0,0,0,0,False,1,100,10,0,0,1000456,0,40,2,0,0,0,0,78,2,0,0,0,0,0,0,0,0,0,0,0,0,0,0,0,0,0,0,0,0,0,0,0,0,0,0,2000111,0,0,0,0,2001,0,0,0,0,,0,/Game/Streaming/ArtAsset/UI/UIResource/UITexture/Common_Icon/Icon_Item_Equipment/icon_acc_BasicRing.icon_acc_BasicRing,,0,True,False,False,False,0,Anel Comum,Anel Comum
1000457,Item_Name_1000457,Item_Desc_1000457,False,1000457,True,False,True,[],1,1,2,3,20,20001,10,0,0,0,0,0,0,0,False,1,100,10,0,0,1000457,0,40,2,0,0,0,0,76,2,0,0,0,0,0,0,0,0,0,0,0,0,0,0,0,0,0,0,0,0,0,0,0,0,0,0,2000111,0,0,0,0,2001,0,0,0,0,,0,/Game/Streaming/ArtAsset/UI/UIResource/UITexture/Common_Icon/Icon_Item_Equipment/icon_acc_ClumpyRing.icon_acc_ClumpyRing,,0,True,False,False,False,0,Anel Rústico,Anel Rústico
1000458,Item_Name_1000458,Item_Desc_1000458,False,1000458,True,False,True,[],1,1,2,3,20,20001,10,0,0,0,0,0,0,0,False,1,100,10,0,0,1000458,0,40,2,0,0,0,0,74,2,0,0,0,0,0,0,0,0,0,0,0,0,0,0,0,0,0,0,0,0,0,0,0,0,0,0,2000111,0,0,0,0,2001,0,0,0,0,,0,/Game/Streaming/ArtAsset/UI/UIResource/UITexture/Common_Icon/Icon_Item_Equipment/icon_acc_RustyRing.icon_acc_RustyRing,,0,True,False,False,False,0,Anel Enferrujado,Anel Enferrujado
1000459,Item_Name_1000459,Item_Desc_1000459,False,1000459,True,False,True,[],1,1,2,3,20,20001,10,0,0,0,0,0,0,0,False,1,100,10,0,0,1000459,0,40,2,99,2,0,0,42,2,0,0,0,0,0,0,0,0,0,0,0,0,0,0,0,0,0,0,0,0,0,0,0,0,0,0,2000111,0,0,0,0,2001,0,0,0,0,,0,/Game/Streaming/ArtAsset/UI/UIResource/UITexture/Common_Icon/Icon_Item_Equipment/icon_acc_FadedRing.icon_acc_FadedRing,,0,True,False,False,False,0,Anel Desbotado,Anel Desbotado
1000460,Item_Name_1000460,Item_Desc_1000460,False,1000460,True,False,True,[],2,1,1,3,20,20001,10,0,0,0,0,0,0,0,False,1,500,10,0,0,1000460,0,40,6,99,4,0,0,36,2,0,0,0,0,0,0,0,0,0,0,0,0,0,0,0,0,0,0,0,0,0,0,0,0,0,0,2000211,0,0,0,0,3001,0,0,0,0,,0,/Game/Streaming/ArtAsset/UI/UIResource/UITexture/Common_Icon/Icon_Item_Equipment/icon_acc_LuminantRing.icon_acc_LuminantRing,,0,True,False,False,False,0,Anel Brilhante,Anel Brilhante
1000461,Item_Name_1000461,Item_Desc_1000461,False,1000461,True,False,True,[],2,1,1,3,20,20001,10,0,0,0,0,0,0,0,False,1,500,10,0,0,1000461,0,40,6,99,4,0,0,95,2,0,0,0,0,0,0,0,0,0,0,0,0,0,0,0,0,0,0,0,0,0,0,0,0,0,0,2000211,0,0,0,0,3001,0,0,0,0,,0,/Game/Streaming/ArtAsset/UI/UIResource/UITexture/Common_Icon/Icon_Item_Equipment/icon_acc_RefinedRing.icon_acc_RefinedRing,,0,True,False,False,False,0,Anel Refinado,Anel Refinado
1000462,Item_Name_1000462,Item_Desc_1000462,False,1000462,True,False,True,[],2,1,2,3,20,20001,10,0,0,0,0,0,0,0,False,1,500,10,0,0,1000462,0,40,8,99,6,0,0,67,100,0,0,0,0,0,0,0,0,0,0,0,0,0,0,0,0,0,0,0,0,0,0,0,0,0,0,2000211,0,0,0,0,3001,0,0,0,0,,0,/Game/Streaming/ArtAsset/UI/UIResource/UITexture/Common_Icon/Icon_Item_Equipment/icon_acc_AdvancedRing.icon_acc_AdvancedRing,,0,True,False,False,False,0,Anel de Alta Qualidade,Anel de Alta Qualidade
1000463,Item_Name_1000463,Item_Desc_1000463,False,1000463,True,False,True,[],2,1,2,3,20,20001,10,0,0,0,0,0,0,0,False,1,500,10,0,0,1000463,0,40,8,99,6,0,0,42,4,0,0,0,0,0,0,0,0,0,0,0,0,0,0,0,0,0,0,0,0,0,0,0,0,0,0,2000211,0,0,0,0,3001,0,0,0,0,,0,/Game/Streaming/ArtAsset/UI/UIResource/UITexture/Common_Icon/Icon_Item_Equipment/icon_acc_InlaidRing.icon_acc_InlaidRing,,0,True,False,False,False,0,Anel Trabalhado,Anel Trabalhado
1000464,Item_Name_1000464,Item_Desc_1000464,False,1000464,True,False,True,[],2,1,3,3,20,20001,10,0,0,0,0,0,0,0,False,1,500,10,0,0,1000464,0,40,10,99,8,0,0,90,100,0,0,0,0,0,0,0,0,0,0,0,0,0,0,0,0,0,0,0,0,0,0,0,0,0,0,2000211,0,0,0,0,3001,0,0,0,0,,0,/Game/Streaming/ArtAsset/UI/UIResource/UITexture/Common_Icon/Icon_Item_Equipment/icon_acc_AbsoluteRing.icon_acc_AbsoluteRing,,0,True,False,False,False,0,Anel Perfeito,Anel Perfeito
1000465,Item_Name_1000465,Item_Desc_1000465,False,1000465,True,False,True,[],3,1,1,3,20,20001,10,0,0,0,0,0,0,0,False,1,2500,10,0,0,1000465,0,40,14,99,12,0,0,78,6,36,6,0,0,0,0,0,0,0,0,0,0,0,0,0,0,0,0,0,0,0,0,0,0,0,0,2001311,0,1001,1000948,10001,4001,0,0,0,0,,0,/Game/Streaming/ArtAsset/UI/UIResource/UITexture/Common_Icon/Icon_Item_Equipment/icon_acc_FlexibleCircuitRing.icon_acc_FlexibleCircuitRing,,0,True,False,False,False,0,Anel de Circuito Flexível,Anel de Circuito Flexível
1000466,Item_Name_1000466,Item_Desc_1000466,False,1000466,True,False,True,[],3,1,2,3,20,20001,10,0,0,0,0,0,0,0,False,1,2500,10,0,0,1000466,0,40,19,99,15,0,0,76,6,36,6,0,0,0,0,0,0,0,0,0,0,0,0,0,0,0,0,0,0,0,0,0,0,0,0,2002311,0,1002,1000949,10002,4001,0,0,0,0,,0,/Game/Streaming/ArtAsset/UI/UIResource/UITexture/Common_Icon/Icon_Item_Equipment/icon_acc_PolymerElectrodeRing.icon_acc_PolymerElectrodeRing,,0,True,False,False,False,0,Anel de Eletrodo Polimérico,Anel de Eletrodo Polimérico
1000467,Item_Name_1000467,Item_Desc_1000467,False,1000467,True,False,True,[],3,1,3,3,20,20001,10,0,0,0,0,0,0,0,False,1,2500,10,0,0,1000467,0,40,25,99,19,0,0,74,6,36,6,0,0,0,0,0,0,0,0,0,0,0,0,0,0,0,0,0,0,0,0,0,0,0,0,2003311,0,1003,1000950,10003,4001,0,0,0,0,,0,/Game/Streaming/ArtAsset/UI/UIResource/UITexture/Common_Icon/Icon_Item_Equipment/icon_acc_SpiralGasketRing.icon_acc_SpiralGasketRing,,0,True,False,False,False,0,Anel de Selo Helicoidal,Anel de Selo Helicoidal
1000468,Item_Name_1000468,Item_Desc_1000468,False,1000468,True,False,True,[],3,1,4,3,20,20001,10,0,0,0,0,0,0,0,False,1,2500,10,0,0,1000468,0,40,32,99,24,0,0,42,8,95,4,0,0,0,0,0,0,0,0,0,0,0,0,0,0,0,0,0,0,0,0,0,0,0,0,2004311,0,1004,1000951,10004,4001,0,0,0,0,,0,/Game/Streaming/ArtAsset/UI/UIResource/UITexture/Common_Icon/Icon_Item_Equipment/icon_acc_MicroModuleRing.icon_acc_MicroModuleRing,,0,True,False,False,False,0,Anel de Micromódulo,Anel de Micromódulo
1000469,Item_Name_1000469,Item_Desc_1000469,False,1000469,True,False,True,[],3,1,5,3,20,20001,10,0,0,0,0,0,0,0,False,1,2500,10,0,0,1000469,0,40,40,99,30,0,0,90,100,95,4,0,0,0,0,0,0,0,0,0,0,0,0,0,0,0,0,0,0,0,0,0,0,0,0,2005311,0,1005,1000952,10005,4001,0,0,0,0,,0,/Game/Streaming/ArtAsset/UI/UIResource/UITexture/Common_Icon/Icon_Item_Equipment/icon_acc_Waper-ThinRing.icon_acc_Waper-ThinRing,,0,True,False,False,False,0,Anel de Wafer Fino,Anel de Wafer Fino
1000470,Item_Name_1000470,Item_Desc_1000470,False,1000470,True,False,True,[],3,1,6,3,20,20001,10,0,0,0,0,0,0,0,False,1,2500,10,0,0,1000470,0,40,49,99,37,0,0,42,10,132,200,0,0,0,0,0,0,0,0,0,0,0,0,0,0,0,0,0,0,0,0,0,0,0,0,2006311,0,1006,1000953,10006,4002,0,0,0,0,,0,/Game/Streaming/ArtAsset/UI/UIResource/UITexture/Common_Icon/Icon_Item_Equipment/icon_acc_SolenoidCoileRing.icon_acc_SolenoidCoileRing,,0,True,False,False,False,0,Anel de Bobina Solenoide,Anel de Bobina Solenoide
1000471,Item_Name_1000471,Item_Desc_1000471,False,1000471,True,False,True,[],3,1,7,3,20,20001,10,0,0,0,0,0,0,0,False,1,2500,10,0,0,1000471,0,40,58,99,45,0,0,90,200,36,12,0,0,0,0,0,0,0,0,0,0,0,0,0,0,0,0,0,0,0,0,0,0,0,0,2007311,0,1007,1000954,10007,4002,0,0,0,0,,0,/Game/Streaming/ArtAsset/UI/UIResource/UITexture/Common_Icon/Icon_Item_Equipment/icon_acc_AtomicCellRing.icon_acc_AtomicCellRing,,0,True,False,False,False,0,Anel de Célula Atômica,Anel de Célula Atômica
1000472,Item_Name_1000472,Item_Desc_1000472,False,1000472,True,True,True,[],4,1,1,3,20,20001,10,0,0,0,0,0,0,0,False,1,12500,30,0,0,1000472,0,40,65,99,52,0,0,95,12,105,10,90,400,0,0,0,0,0,0,0,0,0,0,0,0,0,0,0,0,0,0,0,0,0,0,2001411,0,2001,1000955,20001,0,0,0,0,0,,0,/Game/Streaming/ArtAsset/UI/UIResource/UITexture/Common_Icon/Icon_Item_Equipment/icon_acc_IonTrapRing.icon_acc_IonTrapRing,,0,True,False,False,False,0,Anel de Armadilha Iônica,Anel de Armadilha Iônica
1000473,Item_Name_1000473,Item_Desc_1000473,False,1000473,True,True,True,[],4,1,2,3,20,20001,10,0,0,0,0,0,0,0,False,1,12500,30,0,0,1000473,0,40,79,99,59,0,0,42,16,36,16,105,14,0,0,0,0,0,0,0,0,0,0,0,0,0,0,0,0,0,0,0,0,0,0,2002411,0,2002,1000956,20002,0,0,0,0,0,,0,/Game/Streaming/ArtAsset/UI/UIResource/UITexture/Common_Icon/Icon_Item_Equipment/icon_acc_QuantumComputingRing.icon_acc_QuantumComputingRing,,0,True,False,False,False,0,Anel de Computação Quântica,Anel de Computação Quântica
1000474,Item_Name_1000474,Item_Desc_1000474,False,1000474,True,True,True,[],4,1,3,3,20,20001,10,0,0,0,0,0,0,0,False,1,12500,30,0,0,1000474,0,40,95,99,68,0,0,95,20,36,20,90,500,0,0,0,0,0,0,0,0,0,0,0,0,0,0,0,0,0,0,0,0,0,0,2003411,0,2003,1000957,20003,0,0,0,0,0,,0,/Game/Streaming/ArtAsset/UI/UIResource/UITexture/Common_Icon/Icon_Item_Equipment/icon_acc_BioSensorRing.icon_acc_BioSensorRing,,0,True,False,False,False,0,Anel de Biossensor,Anel de Biossensor
1000475,Item_Name_1000475,Item_Desc_1000475,False,1000475,True,True,True,[],4,1,4,3,20,20001,10,0,0,0,0,0,0,0,False,1,12500,30,0,0,1000475,0,40,116,99,76,0,0,36,24,95,24,90,600,0,0,0,0,0,0,0,0,0,0,0,0,0,0,0,0,0,0,0,0,0,0,2004411,0,2004,1000958,20004,0,0,0,0,0,,0,/Game/Streaming/ArtAsset/UI/UIResource/UITexture/Common_Icon/Icon_Item_Equipment/icon_acc_IntelligentSystemRing.icon_acc_IntelligentSystemRing,,0,True,False,False,False,0,Anel de Sistema Inteligente,Anel de Sistema Inteligente
1000476,Item_Name_1000476,Item_Desc_1000476,False,1000476,True,True,True,[],4,1,5,3,20,20001,10,0,0,0,0,0,0,0,False,1,12500,30,0,0,1000476,0,40,138,99,89,0,0,36,38,95,38,90,750,0,0,0,0,0,0,0,0,0,0,0,0,0,0,0,0,0,0,0,0,0,0,2005411,0,2005,1000959,20005,0,0,0,0,0,,0,/Game/Streaming/ArtAsset/UI/UIResource/UITexture/Common_Icon/Icon_Item_Equipment/icon_acc_ArcFurnaceRing.icon_acc_ArcFurnaceRing,,0,True,False,False,False,0,Anel de Fornalha Arc,Anel de Fornalha Arc
1000477,Item_Name_1000477,Item_Desc_1000477,False,1000477,True,True,True,[],4,1,6,3,20,20001,10,0,0,0,0,0,0,0,False,1,12500,30,0,0,1000477,0,40,153,99,104,0,0,36,54,95,54,90,850,0,0,0,0,0,0,0,0,0,0,0,0,0,0,0,0,0,0,0,0,0,0,2006411,0,2006,1000960,0,0,0,0,0,0,,0,/Game/Streaming/ArtAsset/UI/UIResource/UITexture/Common_Icon/Icon_Item_Equipment/icon_acc_NeuralCircuitLinkRing.icon_acc_NeuralCircuitLinkRing,,0,True,False,False,False,0,Anel de Link Neural de Circuito,Anel de Link Neural de Circuito
1000561,Item_Name_1000561,Item_Desc_1000561,False,1000561,True,False,True,[],3,2,1,1,2,20001,1,1,0,0,0,0,0,0,False,1,2500,10,0,0,1000561,0,33,60,38,14,79,16,96,16,147,8,0,0,0,0,0,0,0,0,0,0,35,30,38,7,0,0,0,0,0,0,0,0,0,0,2001321,0,0,0,11001,5001,0,0,0,0,,0,/Game/Streaming/ArtAsset/UI/UIResource/UITexture/Common_Icon/Icon_Item_Weapon/icon_wpn_RF_Specter_001.icon_wpn_RF_Specter_001,,1000078,True,False,False,False,0,Rifle de Combate Specter,Rifle de Combate Anathema
1000562,Item_Name_1000562,Item_Desc_1000562,False,1000562,True,False,True,[],3,2,2,1,2,20001,1,1,0,0,0,0,0,0,False,1,2500,10,0,0,1000562,0,33,65,38,19,79,19,96,18,149,8,0,0,0,0,0,0,0,0,0,0,35,32,38,9,0,0,0,0,0,0,0,0,0,0,2002321,0,0,0,11002,5001,0,0,0,0,,0,/Game/Streaming/ArtAsset/UI/UIResource/UITexture/Common_Icon/Icon_Item_Weapon/icon_wpn_RF_Reticle_001.icon_wpn_RF_Reticle_001,,1000079,True,False,False,False,0,Rifle de Combate Retícula,Rifle de Combate Sundrainer
1000563,Item_Name_1000563,Item_Desc_1000563,False,1000563,True,False,True,[],3,2,3,1,2,20001,1,1,0,0,0,0,0,0,False,1,2500,10,0,0,1000563,0,33,72,38,26,79,24,96,20,102,8,0,0,0,0,0,0,0,0,0,0,35,36,38,13,0,0,0,0,0,0,0,0,0,0,2003321,0,0,0,11003,5001,0,0,0,0,,0,/Game/Streaming/ArtAsset/UI/UIResource/UITexture/Common_Icon/Icon_Item_Weapon/icon_wpn_RF_Prominence_001.icon_wpn_RF_Prominence_001,,1000080,True,False,False,False,0,Rifle de Combate Eminência,Rifle de Combate Void
1000564,Item_Name_1000564,Item_Desc_1000564,False,1000564,True,False,True,[],3,2,4,1,2,20001,1,1,0,0,0,0,0,0,False,1,2500,10,0,0,1000564,0,33,81,38,35,79,31,96,22,39,10,0,0,0,0,0,0,0,0,0,0,35,40,38,17,0,0,0,0,0,0,0,0,0,0,2004321,0,0,0,11004,5001,0,0,0,0,,0,/Game/Streaming/ArtAsset/UI/UIResource/UITexture/Common_Icon/Icon_Item_Weapon/icon_wpn_RF_Sigma_001.icon_wpn_RF_Sigma_001,,1000081,True,False,False,False,0,Rifle de Combate Sigma,Rifle de Combate Starburst
1000565,Item_Name_1000565,Item_Desc_1000565,False,1000565,True,False,True,[],3,2,5,1,2,20001,1,1,0,0,0,0,0,0,False,1,2500,10,0,0,1000565,0,33,92,38,46,79,42,96,24,120,200,0,0,0,0,0,0,0,0,0,0,35,46,38,23,0,0,0,0,0,0,0,0,0,0,2005321,0,0,0,11005,5001,0,0,0,0,,0,/Game/Streaming/ArtAsset/UI/UIResource/UITexture/Common_Icon/Icon_Item_Weapon/icon_wpn_RF_Xenon_001.icon_wpn_RF_Xenon_001,,1000082,True,False,False,False,0,Rifle de Combate Xenon,Rifle de Combate Dekabris
1000566,Item_Name_1000566,Item_Desc_1000566,False,1000566,True,False,True,[],3,2,6,1,2,20001,1,1,0,0,0,0,0,0,False,1,2500,10,0,0,1000566,0,33,105,38,59,79,57,96,26,100,15,0,0,0,0,0,0,0,0,0,0,35,52,38,29,0,0,0,0,0,0,0,0,0,0,2006321,0,0,0,11006,5002,0,0,0,0,,0,/Game/Streaming/ArtAsset/UI/UIResource/UITexture/Common_Icon/Icon_Item_Weapon/icon_wpn_RF_Anathema_001.icon_wpn_RF_Anathema_001,,1000083,True,False,False,False,0,Rifle de Combate Anathema,Rifle de Combate Retícula
1000567,Item_Name_1000567,Item_Desc_1000567,False,1000567,True,False,True,[],3,2,7,1,2,20001,1,1,0,0,0,0,0,0,False,1,2500,10,0,0,1000567,0,33,118,38,72,79,72,96,30,100,18,0,0,0,0,0,0,0,0,0,0,35,52,38,29,0,0,0,0,0,0,0,0,0,0,2007321,0,0,0,11007,5002,0,0,0,0,,0,/Game/Streaming/ArtAsset/UI/UIResource/UITexture/Common_Icon/Icon_Item_Weapon/icon_wpn_RF_Void_001.icon_wpn_RF_Void_001,,1000084,True,False,False,False,0,Rifle de Combate Void,Rifle de Combate Eclipse
1000568,Item_Name_1000568,Item_Desc_1000568,False,1000568,True,False,True,[],3,2,8,1,2,20001,1,1,0,0,0,0,0,0,False,1,2500,10,0,0,1000568,0,33,127,38,80,79,77,96,35,155,21,0,0,0,0,0,0,0,0,0,0,35,63,38,40,0,0,0,0,0,0,0,0,0,0,2008321,0,0,0,11008,5003,0,0,0,0,,0,/Game/Streaming/ArtAsset/UI/UIResource/UITexture/Common_Icon/Icon_Item_Weapon/icon_wpn_RF_Dekabreez_001.icon_wpn_RF_Dekabreez_001,,1000085,True,False,False,False,0,Rifle de Combate Dekabris,Rifle de Combate Quasar
1000569,Item_Name_1000569,Item_Desc_1000569,False,1000569,True,False,True,[],3,2,1,1,3,20001,1,2,0,0,0,0,0,0,False,1,2500,10,0,0,1000569,0,33,60,38,14,77,16,10,16,147,8,0,0,0,0,0,0,0,0,0,0,35,30,38,7,0,0,0,0,0,0,0,0,0,0,2001321,0,0,0,11001,5001,0,0,0,0,,0,/Game/Streaming/ArtAsset/UI/UIResource/UITexture/Common_Icon/Icon_Item_Weapon/icon_wpn_BL_Specter_001.icon_wpn_BL_Specter_001,,1000086,True,False,False,False,0,Lâmina de Combate Specter,Lâmina de Combate Anathema
1000570,Item_Name_1000570,Item_Desc_1000570,False,1000570,True,False,True,[],3,2,2,1,3,20001,1,2,0,0,0,0,0,0,False,1,2500,10,0,0,1000570,0,33,65,38,19,77,19,10,18,149,8,0,0,0,0,0,0,0,0,0,0,35,32,38,9,0,0,0,0,0,0,0,0,0,0,2002321,0,0,0,11002,5001,0,0,0,0,,0,/Game/Streaming/ArtAsset/UI/UIResource/UITexture/Common_Icon/Icon_Item_Weapon/icon_wpn_BL_Reticle_001.icon_wpn_BL_Reticle_001,,1000087,True,False,False,False,0,Lâmina de Combate Retícula,Lâmina de Combate Sundrainer
1000571,Item_Name_1000571,Item_Desc_1000571,False,1000571,True,False,True,[],3,2,3,1,3,20001,1,2,0,0,0,0,0,0,False,1,2500,10,0,0,1000571,0,33,72,38,26,77,24,10,20,102,8,0,0,0,0,0,0,0,0,0,0,35,36,38,13,0,0,0,0,0,0,0,0,0,0,2003321,0,0,0,11003,5001,0,0,0,0,,0,/Game/Streaming/ArtAsset/UI/UIResource/UITexture/Common_Icon/Icon_Item_Weapon/icon_wpn_BL_Prominence_001.icon_wpn_BL_Prominence_001,,1000088,True,False,False,False,0,Lâmina de Combate Eminência,Lâmina de Combate Void
1000572,Item_Name_1000572,Item_Desc_1000572,False,1000572,True,False,True,[],3,2,4,1,3,20001,1,2,0,0,0,0,0,0,False,1,2500,10,0,0,1000572,0,33,81,38,35,77,31,10,22,39,10,0,0,0,0,0,0,0,0,0,0,35,40,38,17,0,0,0,0,0,0,0,0,0,0,2004321,0,0,0,11004,5001,0,0,0,0,,0,/Game/Streaming/ArtAsset/UI/UIResource/UITexture/Common_Icon/Icon_Item_Weapon/icon_wpn_BL_Sigma_001.icon_wpn_BL_Sigma_001,,1000089,True,False,False,False,0,Lâmina de Combate Sigma,Lâmina de Combate Starburst
1000573,Item_Name_1000573,Item_Desc_1000573,False,1000573,True,False,True,[],3,2,5,1,3,20001,1,2,0,0,0,0,0,0,False,1,2500,10,0,0,1000573,0,33,92,38,46,77,42,10,24,123,200,0,0,0,0,0,0,0,0,0,0,35,46,38,23,0,0,0,0,0,0,0,0,0,0,2005321,0,0,0,11005,5001,0,0,0,0,,0,/Game/Streaming/ArtAsset/UI/UIResource/UITexture/Common_Icon/Icon_Item_Weapon/icon_wpn_BL_Xenon_001.icon_wpn_BL_Xenon_001,,1000090,True,False,False,False,0,Lâmina de Combate Xenon,Lâmina de Combate Dekabris
1000574,Item_Name_1000574,Item_Desc_1000574,False,1000574,True,False,True,[],3,2,6,1,3,20001,1,2,0,0,0,0,0,0,False,1,2500,10,0,0,1000574,0,33,105,38,59,77,57,10,26,12,500,0,0,0,0,0,0,0,0,0,0,35,52,38,29,0,0,0,0,0,0,0,0,0,0,2006321,0,0,0,11006,5002,0,0,0,0,,0,/Game/Streaming/ArtAsset/UI/UIResource/UITexture/Common_Icon/Icon_Item_Weapon/icon_wpn_BL_Anathema_001.icon_wpn_BL_Anathema_001,,1000091,True,False,False,False,0,Lâmina de Combate Anathema,Lâmina de Combate Retícula
1000575,Item_Name_1000575,Item_Desc_1000575,False,1000575,True,False,True,[],3,2,7,1,3,20001,1,2,0,0,0,0,0,0,False,1,2500,10,0,0,1000575,0,33,118,38,72,77,72,10,30,159,18,0,0,0,0,0,0,0,0,0,0,35,52,38,29,0,0,0,0,0,0,0,0,0,0,2007321,0,0,0,11007,5002,0,0,0,0,,0,/Game/Streaming/ArtAsset/UI/UIResource/UITexture/Common_Icon/Icon_Item_Weapon/icon_wpn_BL_Void_001.icon_wpn_BL_Void_001,,1000092,True,False,False,False,0,Lâmina de Combate Void,Lâmina de Combate Eclipse
1000576,Item_Name_1000576,Item_Desc_1000576,False,1000576,True,False,True,[],3,2,8,1,3,20001,1,2,0,0,0,0,0,0,False,1,2500,10,0,0,1000576,0,33,127,38,80,77,77,97,35,155,21,0,0,0,0,0,0,0,0,0,0,35,63,38,40,0,0,0,0,0,0,0,0,0,0,2008321,0,0,0,11008,5003,0,0,0,0,,0,/Game/Streaming/ArtAsset/UI/UIResource/UITexture/Common_Icon/Icon_Item_Weapon/icon_wpn_BL_Dekabreez_001.icon_wpn_BL_Dekabreez_001,,1000093,True,False,False,False,0,Lâmina de Combate Dekabris,Lâmina de Combate Quasar
1000577,Item_Name_1000577,Item_Desc_1000577,False,1000577,True,False,True,[],3,2,1,1,4,20001,1,3,0,0,0,0,0,0,False,1,2500,10,0,0,1000577,0,33,60,38,14,77,16,70,350,147,8,0,0,0,0,0,0,0,0,0,0,35,30,38,7,0,0,0,0,0,0,0,0,0,0,2001321,0,0,0,11001,5001,0,0,0,0,,0,/Game/Streaming/ArtAsset/UI/UIResource/UITexture/Common_Icon/Icon_Item_Weapon/icon_wpn_SW_Specter_001.icon_wpn_SW_Specter_001,,1000094,True,False,False,False,0,Espada e Escudo de Combate Specter,Espada e Escudo de Combate Anathema
1000578,Item_Name_1000578,Item_Desc_1000578,False,1000578,True,False,True,[],3,2,2,1,4,20001,1,3,0,0,0,0,0,0,False,1,2500,10,0,0,1000578,0,33,65,38,19,77,19,70,400,149,8,0,0,0,0,0,0,0,0,0,0,35,32,38,9,0,0,0,0,0,0,0,0,0,0,2002321,0,0,0,11002,5001,0,0,0,0,,0,/Game/Streaming/ArtAsset/UI/UIResource/UITexture/Common_Icon/Icon_Item_Weapon/icon_wpn_SW_Reticle_001.icon_wpn_SW_Reticle_001,,1000095,True,False,False,False,0,Espada e Escudo de Combate Retícula,Espada e Escudo de Combate Sundrainer
1000579,Item_Name_1000579,Item_Desc_1000579,False,1000579,True,False,True,[],3,2,3,1,4,20001,1,3,0,0,0,0,0,0,False,1,2500,10,0,0,1000579,0,33,72,38,26,77,24,70,450,102,8,0,0,0,0,0,0,0,0,0,0,35,36,38,13,0,0,0,0,0,0,0,0,0,0,2003321,0,0,0,11003,5001,0,0,0,0,,0,/Game/Streaming/ArtAsset/UI/UIResource/UITexture/Common_Icon/Icon_Item_Weapon/icon_wpn_SW_Prominence_001.icon_wpn_SW_Prominence_001,,1000096,True,False,False,False,0,Espada e Escudo de Combate Eminência,Espada e Escudo de Combate Void
1000580,Item_Name_1000580,Item_Desc_1000580,False,1000580,True,False,True,[],3,2,4,1,4,20001,1,3,0,0,0,0,0,0,False,1,2500,10,0,0,1000580,0,33,81,38,35,77,31,70,500,39,10,0,0,0,0,0,0,0,0,0,0,35,40,38,17,0,0,0,0,0,0,0,0,0,0,2004321,0,0,0,11004,5001,0,0,0,0,,0,/Game/Streaming/ArtAsset/UI/UIResource/UITexture/Common_Icon/Icon_Item_Weapon/icon_wpn_SW_Sigma_001.icon_wpn_SW_Sigma_001,,1000097,True,False,False,False,0,Espada e Escudo de Combate Sigma,Espada e Escudo de Combate Starburst
1000581,Item_Name_1000581,Item_Desc_1000581,False,1000581,True,False,True,[],3,2,5,1,4,20001,1,3,0,0,0,0,0,0,False,1,2500,10,0,0,1000581,0,33,92,38,46,77,42,70,550,115,200,0,0,0,0,0,0,0,0,0,0,35,46,38,23,0,0,0,0,0,0,0,0,0,0,2005321,0,0,0,11005,5001,0,0,0,0,,0,/Game/Streaming/ArtAsset/UI/UIResource/UITexture/Common_Icon/Icon_Item_Weapon/icon_wpn_SW_Xenon_001.icon_wpn_SW_Xenon_001,,1000098,True,False,False,False,0,Espada e Escudo de Combate Xenon,Espada e Escudo de Combate Dekabris
1000582,Item_Name_1000582,Item_Desc_1000582,False,1000582,True,False,True,[],3,2,6,1,4,20001,1,3,0,0,0,0,0,0,False,1,2500,10,0,0,1000582,0,33,105,38,59,77,57,70,600,99,20,0,0,0,0,0,0,0,0,0,0,35,52,38,29,0,0,0,0,0,0,0,0,0,0,2006321,0,0,0,11006,5002,0,0,0,0,,0,/Game/Streaming/ArtAsset/UI/UIResource/UITexture/Common_Icon/Icon_Item_Weapon/icon_wpn_SW_Anathema_001.icon_wpn_SW_Anathema_001,,1000099,True,False,False,False,0,Espada e Escudo de Combate Anathema,Espada e Escudo de Combate Retícula
1000583,Item_Name_1000583,Item_Desc_1000583,False,1000583,True,False,True,[],3,2,7,1,4,20001,1,3,0,0,0,0,0,0,False,1,2500,10,0,0,1000583,0,33,118,38,72,77,72,70,700,101,18,0,0,0,0,0,0,0,0,0,0,35,52,38,29,0,0,0,0,0,0,0,0,0,0,2007321,0,0,0,11007,5002,0,0,0,0,,0,/Game/Streaming/ArtAsset/UI/UIResource/UITexture/Common_Icon/Icon_Item_Weapon/icon_wpn_SW_Void_001.icon_wpn_SW_Void_001,,1000100,True,False,False,False,0,Espada e Escudo de Combate Void,Espada e Escudo de Combate Eclipse
1000584,Item_Name_1000584,Item_Desc_1000584,False,1000584,True,False,True,[],3,2,8,1,4,20001,1,3,0,0,0,0,0,0,False,1,2500,10,0,0,1000584,0,33,127,38,80,77,77,70,800,156,21,0,0,0,0,0,0,0,0,0,0,35,63,38,40,0,0,0,0,0,0,0,0,0,0,2008321,0,0,0,11008,5003,0,0,0,0,,0,/Game/Streaming/ArtAsset/UI/UIResource/UITexture/Common_Icon/Icon_Item_Weapon/icon_wpn_SW_Dekabreez_001.icon_wpn_SW_Dekabreez_001,,1000101,True,False,False,False,0,Espada e Escudo de Combate Dekabris,Espada e Escudo de Combate Quasar
1000585,Item_Name_1000585,Item_Desc_1000585,False,1000585,True,False,True,[],3,2,1,1,5,20001,1,4,0,0,0,0,0,0,False,1,2500,10,0,0,1000585,0,33,60,38,14,79,16,97,16,147,8,0,0,0,0,0,0,0,0,0,0,35,30,38,7,0,0,0,0,0,0,0,0,0,0,2001321,0,0,0,11001,5001,0,0,0,0,,0,/Game/Streaming/ArtAsset/UI/UIResource/UITexture/Common_Icon/Icon_Item_Weapon/icon_wpn_GL_Specter_001.icon_wpn_GL_Specter_001,,1000102,True,False,False,False,0,Carregador de Força de Combate Specter,Carregador de Força de Combate Anathema
1000586,Item_Name_1000586,Item_Desc_1000586,False,1000586,True,False,True,[],3,2,2,1,5,20001,1,4,0,0,0,0,0,0,False,1,2500,10,0,0,1000586,0,33,65,38,19,79,19,97,18,149,8,0,0,0,0,0,0,0,0,0,0,35,32,38,9,0,0,0,0,0,0,0,0,0,0,2002321,0,0,0,11002,5001,0,0,0,0,,0,/Game/Streaming/ArtAsset/UI/UIResource/UITexture/Common_Icon/Icon_Item_Weapon/icon_wpn_GL_Reticle_001.icon_wpn_GL_Reticle_001,,1000103,True,False,False,False,0,Carregador de Força de Combate Retícula,Carregador de Força de Combate Sundrainer
1000587,Item_Name_1000587,Item_Desc_1000587,False,1000587,True,False,True,[],3,2,3,1,5,20001,1,4,0,0,0,0,0,0,False,1,2500,10,0,0,1000587,0,33,72,38,26,79,24,97,20,102,8,0,0,0,0,0,0,0,0,0,0,35,36,38,13,0,0,0,0,0,0,0,0,0,0,2003321,0,0,0,11003,5001,0,0,0,0,,0,/Game/Streaming/ArtAsset/UI/UIResource/UITexture/Common_Icon/Icon_Item_Weapon/icon_wpn_GL_Prominence_001.icon_wpn_GL_Prominence_001,,1000104,True,False,False,False,0,Carregador de Força de Combate Eminência,Carregador de Força de Combate Void
1000588,Item_Name_1000588,Item_Desc_1000588,False,1000588,True,False,True,[],3,2,4,1,5,20001,1,4,0,0,0,0,0,0,False,1,2500,10,0,0,1000588,0,33,81,38,35,79,31,97,22,39,10,0,0,0,0,0,0,0,0,0,0,35,40,38,17,0,0,0,0,0,0,0,0,0,0,2004321,0,0,0,11004,5001,0,0,0,0,,0,/Game/Streaming/ArtAsset/UI/UIResource/UITexture/Common_Icon/Icon_Item_Weapon/icon_wpn_GL_Sigma_001.icon_wpn_GL_Sigma_001,,1000105,True,False,False,False,0,Carregador de Força de Combate Sigma,Carregador de Força de Combate Starburst
1000589,Item_Name_1000589,Item_Desc_1000589,False,1000589,True,False,True,[],3,2,5,1,5,20001,1,4,0,0,0,0,0,0,False,1,2500,10,0,0,1000589,0,33,92,38,46,79,42,97,24,113,200,0,0,0,0,0,0,0,0,0,0,35,46,38,23,0,0,0,0,0,0,0,0,0,0,2005321,0,0,0,11005,5001,0,0,0,0,,0,/Game/Streaming/ArtAsset/UI/UIResource/UITexture/Common_Icon/Icon_Item_Weapon/icon_wpn_GL_Xenon_001.icon_wpn_GL_Xenon_001,,1000106,True,False,False,False,0,Carregador de Força de Combate Xenon,Carregador de Força de Combate Dekabris
1000590,Item_Name_1000590,Item_Desc_1000590,False,1000590,True,False,True,[],3,2,6,1,5,20001,1,4,0,0,0,0,0,0,False,1,2500,10,0,0,1000590,0,33,105,38,59,79,57,97,26,159,20,0,0,0,0,0,0,0,0,0,0,35,52,38,29,0,0,0,0,0,0,0,0,0,0,2006321,0,0,0,11006,5002,0,0,0,0,,0,/Game/Streaming/ArtAsset/UI/UIResource/UITexture/Common_Icon/Icon_Item_Weapon/icon_wpn_GL_Anathema_001.icon_wpn_GL_Anathema_001,,1000107,True,False,False,False,0,Carregador de Força de Combate Anathema,Carregador de Força de Combate Retícula
1000591,Item_Name_1000591,Item_Desc_1000591,False,1000591,True,False,True,[],3,2,7,1,5,20001,1,4,0,0,0,0,0,0,False,1,2500,10,0,0,1000591,0,33,118,38,72,79,72,97,30,159,18,0,0,0,0,0,0,0,0,0,0,35,52,38,29,0,0,0,0,0,0,0,0,0,0,2007321,0,0,0,11007,5002,0,0,0,0,,0,/Game/Streaming/ArtAsset/UI/UIResource/UITexture/Common_Icon/Icon_Item_Weapon/icon_wpn_GL_Void_001.icon_wpn_GL_Void_001,,1000108,True,False,False,False,0,Carregador de Força de Combate Void,Carregador de Força de Combate Eclipse
1000592,Item_Name_1000592,Item_Desc_1000592,False,1000592,True,False,True,[],3,2,8,1,5,20001,1,4,0,0,0,0,0,0,False,1,2500,10,0,0,1000592,0,33,127,38,80,79,77,97,35,156,21,0,0,0,0,0,0,0,0,0,0,35,63,38,40,0,0,0,0,0,0,0,0,0,0,2008321,0,0,0,11008,5003,0,0,0,0,,0,/Game/Streaming/ArtAsset/UI/UIResource/UITexture/Common_Icon/Icon_Item_Weapon/icon_wpn_GL_Dekabreez_001.icon_wpn_GL_Dekabreez_001,,1000109,True,False,False,False,0,Carregador de Força de Combate Dekabris,Carregador de Força de Combate Quasar
1000593,Item_Name_1000593,Item_Desc_1000593,False,1000593,True,False,True,[],3,2,1,1,6,20001,1,5,0,0,0,0,0,0,False,1,2500,10,0,0,1000593,0,33,60,38,14,75,16,141,350,147,8,0,0,0,0,0,0,0,0,0,0,35,30,38,7,0,0,0,0,0,0,0,0,0,0,2001321,0,0,0,11001,5001,0,0,0,0,,0,/Game/Streaming/ArtAsset/UI/UIResource/UITexture/Common_Icon/Icon_Item_Weapon/icon_wpn_AX_Specter_001.icon_wpn_AX_Specter_001,,1000110,True,False,False,False,0,Machado de Combate Specter,Machado de Combate Anathema
1000594,Item_Name_1000594,Item_Desc_1000594,False,1000594,True,False,True,[],3,2,2,1,6,20001,1,5,0,0,0,0,0,0,False,1,2500,10,0,0,1000594,0,33,65,38,19,75,19,141,400,149,8,0,0,0,0,0,0,0,0,0,0,35,32,38,9,0,0,0,0,0,0,0,0,0,0,2002321,0,0,0,11002,5001,0,0,0,0,,0,/Game/Streaming/ArtAsset/UI/UIResource/UITexture/Common_Icon/Icon_Item_Weapon/icon_wpn_AX_Reticle_001.icon_wpn_AX_Reticle_001,,1000111,True,False,False,False,0,Machado de Combate Retícula,Machado de Combate Sundrainer
1000595,Item_Name_1000595,Item_Desc_1000595,False,1000595,True,False,True,[],3,2,3,1,6,20001,1,5,0,0,0,0,0,0,False,1,2500,10,0,0,1000595,0,33,72,38,26,75,24,141,450,102,8,0,0,0,0,0,0,0,0,0,0,35,36,38,13,0,0,0,0,0,0,0,0,0,0,2003321,0,0,0,11003,5001,0,0,0,0,,0,/Game/Streaming/ArtAsset/UI/UIResource/UITexture/Common_Icon/Icon_Item_Weapon/icon_wpn_AX_Prominence_001.icon_wpn_AX_Prominence_001,,1000112,True,False,False,False,0,Machado de Combate Eminência,Machado de Combate Void
1000596,Item_Name_1000596,Item_Desc_1000596,False,1000596,True,False,True,[],3,2,4,1,6,20001,1,5,0,0,0,0,0,0,False,1,2500,10,0,0,1000596,0,33,81,38,35,75,31,141,500,39,10,0,0,0,0,0,0,0,0,0,0,35,40,38,17,0,0,0,0,0,0,0,0,0,0,2004321,0,0,0,11004,5001,0,0,0,0,,0,/Game/Streaming/ArtAsset/UI/UIResource/UITexture/Common_Icon/Icon_Item_Weapon/icon_wpn_AX_Sigma_001.icon_wpn_AX_Sigma_001,,1000113,True,False,False,False,0,Machado de Combate Sigma,Machado de Combate Starburst
1000597,Item_Name_1000597,Item_Desc_1000597,False,1000597,True,False,True,[],3,2,5,1,6,20001,1,5,0,0,0,0,0,0,False,1,2500,10,0,0,1000597,0,33,92,38,46,75,42,141,550,113,200,0,0,0,0,0,0,0,0,0,0,35,46,38,23,0,0,0,0,0,0,0,0,0,0,2005321,0,0,0,11005,5001,0,0,0,0,,0,/Game/Streaming/ArtAsset/UI/UIResource/UITexture/Common_Icon/Icon_Item_Weapon/icon_wpn_AX_Xenon_001.icon_wpn_AX_Xenon_001,,1000114,True,False,False,False,0,Machado de Combate Xenon,Machado de Combate Dekabris
1000598,Item_Name_1000598,Item_Desc_1000598,False,1000598,True,False,True,[],3,2,6,1,6,20001,1,5,0,0,0,0,0,0,False,1,2500,10,0,0,1000598,0,33,105,38,59,75,57,141,600,145,200,0,0,0,0,0,0,0,0,0,0,35,52,38,29,0,0,0,0,0,0,0,0,0,0,2006321,0,0,0,11006,5002,0,0,0,0,,0,/Game/Streaming/ArtAsset/UI/UIResource/UITexture/Common_Icon/Icon_Item_Weapon/icon_wpn_AX_Anathema_001.icon_wpn_AX_Anathema_001,,1000115,True,False,False,False,0,Machado de Combate Anathema,Machado de Combate Retícula
1000599,Item_Name_1000599,Item_Desc_1000599,False,1000599,True,False,True,[],3,2,7,1,6,20001,1,5,0,0,0,0,0,0,False,1,2500,10,0,0,1000599,0,33,118,38,72,75,72,141,700,100,18,0,0,0,0,0,0,0,0,0,0,35,52,38,29,0,0,0,0,0,0,0,0,0,0,2007321,0,0,0,11007,5002,0,0,0,0,,0,/Game/Streaming/ArtAsset/UI/UIResource/UITexture/Common_Icon/Icon_Item_Weapon/icon_wpn_AX_Void_001.icon_wpn_AX_Void_001,,1000116,True,False,False,False,0,Machado de Combate Void,Machado de Combate Eclipse
1000600,Item_Name_1000600,Item_Desc_1000600,False,1000600,True,False,True,[],3,2,8,1,6,20001,1,5,0,0,0,0,0,0,False,1,2500,10,0,0,1000600,0,33,127,38,80,75,77,141,800,155,21,0,0,0,0,0,0,0,0,0,0,35,63,38,40,0,0,0,0,0,0,0,0,0,0,2008321,0,0,0,11008,5003,0,0,0,0,,0,/Game/Streaming/ArtAsset/UI/UIResource/UITexture/Common_Icon/Icon_Item_Weapon/icon_wpn_AX_Dekabreez_001.icon_wpn_AX_Dekabreez_001,,1000117,True,False,False,False,0,Machado de Combate Dekabris,Machado de Combate Quasar
1000601,Item_Name_1000601,Item_Desc_1000601,False,1000601,True,False,True,[],3,2,1,1,7,20001,1,6,0,0,0,0,0,0,False,1,2500,10,0,0,1000601,0,33,60,38,14,75,16,164,350,147,8,0,0,0,0,0,0,0,0,0,0,35,30,38,7,0,0,0,0,0,0,0,0,0,0,2001321,0,0,0,11001,5001,0,0,0,0,,0,/Game/Streaming/ArtAsset/UI/UIResource/UITexture/Common_Icon/Icon_Item_Weapon/icon_wpn_MG_Specter_001.icon_wpn_MG_Specter_001,,1000118,True,False,False,False,0,Arma de Força de Combate Specter,Arma de Força de Combate Anathema
1000602,Item_Name_1000602,Item_Desc_1000602,False,1000602,True,False,True,[],3,2,2,1,7,20001,1,6,0,0,0,0,0,0,False,1,2500,10,0,0,1000602,0,33,65,38,19,75,19,164,400,149,8,0,0,0,0,0,0,0,0,0,0,35,32,38,9,0,0,0,0,0,0,0,0,0,0,2002321,0,0,0,11002,5001,0,0,0,0,,0,/Game/Streaming/ArtAsset/UI/UIResource/UITexture/Common_Icon/Icon_Item_Weapon/icon_wpn_MG_Reticle_001.icon_wpn_MG_Reticle_001,,1000119,True,False,False,False,0,Arma de Força de Combate Retícula,Arma de Força de Combate Sundrainer
1000603,Item_Name_1000603,Item_Desc_1000603,False,1000603,True,False,True,[],3,2,3,1,7,20001,1,6,0,0,0,0,0,0,False,1,2500,10,0,0,1000603,0,33,72,38,26,75,24,164,450,102,8,0,0,0,0,0,0,0,0,0,0,35,36,38,13,0,0,0,0,0,0,0,0,0,0,2003321,0,0,0,11003,5001,0,0,0,0,,0,/Game/Streaming/ArtAsset/UI/UIResource/UITexture/Common_Icon/Icon_Item_Weapon/icon_wpn_MG_Prominence_001.icon_wpn_MG_Prominence_001,,1000120,True,False,False,False,0,Arma de Força de Combate Eminência,Arma de Força de Combate Void
1000604,Item_Name_1000604,Item_Desc_1000604,False,1000604,True,False,True,[],3,2,4,1,7,20001,1,6,0,0,0,0,0,0,False,1,2500,10,0,0,1000604,0,33,81,38,35,75,31,164,500,39,10,0,0,0,0,0,0,0,0,0,0,35,40,38,17,0,0,0,0,0,0,0,0,0,0,2004321,0,0,0,11004,5001,0,0,0,0,,0,/Game/Streaming/ArtAsset/UI/UIResource/UITexture/Common_Icon/Icon_Item_Weapon/icon_wpn_MG_Sigma_001.icon_wpn_MG_Sigma_001,,1000121,True,False,False,False,0,Arma de Força de Combate Sigma,Arma de Força de Combate Starburst
1000605,Item_Name_1000605,Item_Desc_1000605,False,1000605,True,False,True,[],3,2,5,1,7,20001,1,6,0,0,0,0,0,0,False,1,2500,10,0,0,1000605,0,33,92,38,46,75,42,164,550,168,200,0,0,0,0,0,0,0,0,0,0,35,46,38,23,0,0,0,0,0,0,0,0,0,0,2005321,0,0,0,11005,5001,0,0,0,0,,0,/Game/Streaming/ArtAsset/UI/UIResource/UITexture/Common_Icon/Icon_Item_Weapon/icon_wpn_MG_Xenon_001.icon_wpn_MG_Xenon_001,,1000122,True,False,False,False,0,Arma de Força de Combate Xenon,Arma de Força de Combate Dekabris
1000606,Item_Name_1000606,Item_Desc_1000606,False,1000606,True,False,True,[],3,2,6,1,7,20001,1,6,0,0,0,0,0,0,False,1,2500,10,0,0,1000606,0,33,105,38,59,75,57,164,600,112,200,0,0,0,0,0,0,0,0,0,0,35,52,38,29,0,0,0,0,0,0,0,0,0,0,2006321,0,0,0,11006,5002,0,0,0,0,,0,/Game/Streaming/ArtAsset/UI/UIResource/UITexture/Common_Icon/Icon_Item_Weapon/icon_wpn_MG_Anathema_001.icon_wpn_MG_Anathema_001,,1000123,True,False,False,False,0,Arma de Força de Combate Anathema,Arma de Força de Combate Retícula
1000607,Item_Name_1000607,Item_Desc_1000607,False,1000607,True,False,True,[],3,2,7,1,7,20001,1,6,0,0,0,0,0,0,False,1,2500,10,0,0,1000607,0,33,118,38,72,75,72,164,700,101,18,0,0,0,0,0,0,0,0,0,0,35,52,38,29,0,0,0,0,0,0,0,0,0,0,2007321,0,0,0,11007,5002,0,0,0,0,,0,/Game/Streaming/ArtAsset/UI/UIResource/UITexture/Common_Icon/Icon_Item_Weapon/icon_wpn_MG_Void_001.icon_wpn_MG_Void_001,,1000124,True,False,False,False,0,Arma de Força de Combate Void,Arma de Força de Combate Eclipse
1000608,Item_Name_1000608,Item_Desc_1000608,False,1000608,True,False,True,[],3,2,8,1,7,20001,1,6,0,0,0,0,0,0,False,1,2500,10,0,0,1000608,0,33,127,38,80,75,77,164,800,156,21,0,0,0,0,0,0,0,0,0,0,35,63,38,40,0,0,0,0,0,0,0,0,0,0,2008321,0,0,0,11008,5003,0,0,0,0,,0,/Game/Streaming/ArtAsset/UI/UIResource/UITexture/Common_Icon/Icon_Item_Weapon/icon_wpn_MG_Dekabreez_001.icon_wpn_MG_Dekabreez_001,,1000125,True,False,False,False,0,Arma de Força de Combate Dekabris,Arma de Força de Combate Quasar
1000609,Item_Name_1000609,Item_Desc_1000609,False,1000609,True,True,True,[],4,2,1,1,2,20001,1,1,0,0,0,0,0,0,False,1,12500,30,0,0,1000609,0,33,140,38,84,79,82,96,44,93,12,102,20,0,0,0,0,0,0,0,0,35,70,38,42,0,0,0,0,0,0,0,0,0,0,2001421,0,0,0,21001,0,0,0,0,0,,0,/Game/Streaming/ArtAsset/UI/UIResource/UITexture/Common_Icon/Icon_Item_Weapon/icon_wpn_RF_Fallacia_001.icon_wpn_RF_Fallacia_001,,1000126,True,False,False,False,0,Rifle Pallacia do Executor,Rifle Enigma do Carrasco
1000610,Item_Name_1000610,Item_Desc_1000610,False,1000610,True,True,True,[],4,2,2,1,2,20001,1,1,0,0,0,0,0,0,False,1,12500,30,0,0,1000610,0,33,154,38,99,79,97,96,48,102,25,39,20,0,0,0,0,0,0,0,0,35,72,38,49,0,0,0,0,0,0,0,0,0,0,2002421,0,0,0,21002,0,0,0,0,0,,0,/Game/Streaming/ArtAsset/UI/UIResource/UITexture/Common_Icon/Icon_Item_Weapon/icon_wpn_RF_Oblivion_001.icon_wpn_RF_Oblivion_001,,1000127,True,False,False,False,0,Rifle Oblivion do Juiz,Rifle Chaos do Juiz
1000611,Item_Name_1000611,Item_Desc_1000611,False,1000611,True,True,True,[],4,2,3,1,2,20001,1,1,0,0,0,0,0,0,False,1,12500,30,0,0,1000611,0,33,171,38,119,79,117,96,52,106,30,102,30,0,0,0,0,0,0,0,0,35,75,38,59,0,0,0,0,0,0,1,8010401,0,0,2003421,0,0,0,21003,0,0,0,0,0,,0,/Game/Streaming/ArtAsset/UI/UIResource/UITexture/Common_Icon/Icon_Item_Weapon/icon_wpn_RF_Erebos_001.icon_wpn_RF_Erebos_001,,1000128,True,False,False,False,0,Rifle Erebus do Pioneiro,Rifle Eternity do Pioneiro
1000612,Item_Name_1000612,Item_Desc_1000612,False,1000612,True,True,True,[],4,2,4,1,2,20001,1,1,0,0,0,0,0,0,False,1,12500,30,0,0,1000612,0,33,192,38,127,79,127,96,54,100,150,7,36,0,0,0,0,0,0,0,0,35,80,38,64,0,0,0,0,0,0,1,8010411,0,0,2004421,0,0,0,21004,0,0,0,0,0,,0,/Game/Streaming/ArtAsset/UI/UIResource/UITexture/Common_Icon/Icon_Item_Weapon/icon_wpn_RF_Quasar_001.icon_wpn_RF_Quasar_001,,1000129,True,False,False,False,0,Rifle Quasar do Comandante,Rifle Trinity do Comandante
1000613,Item_Name_1000613,Item_Desc_1000613,False,1000613,True,True,True,[],4,2,5,1,2,20001,1,1,0,0,0,0,0,0,False,1,12500,30,0,0,1000613,0,33,218,38,135,79,137,96,64,100,210,10,64,0,0,0,0,0,0,0,0,35,108,38,74,0,0,0,0,0,0,1,8010945,0,0,2005421,0,0,0,21005,0,0,0,0,0,,0,/Game/Streaming/ArtAsset/UI/UIResource/UITexture/Common_Icon/Icon_Item_Weapon/icon_wpn_RF_Starburst_001.icon_wpn_RF_Starburst_001,,1000130,True,False,False,False,0,Rifle Starburst do Soberano,Rifle Oblivion do Soberano
1000614,Item_Name_1000614,Item_Desc_1000614,False,1000614,True,True,True,[],4,2,6,1,2,20001,1,1,0,0,0,0,0,0,False,1,12500,30,0,0,1000614,0,33,233,38,150,79,147,96,74,100,250,10,75,0,0,0,0,0,0,0,0,35,128,38,84,0,0,0,0,0,0,1,8010969,0,0,2006421,0,0,0,0,0,0,0,0,0,,0,/Game/Streaming/ArtAsset/UI/UIResource/UITexture/Common_Icon/Icon_Item_Weapon/icon_wpn_RF_Enigma_001.icon_wpn_RF_Enigma_001,,1000131,True,False,False,False,0,Rifle Enigma do Dominador,Rifle Kilonova do Dominador
1000615,Item_Name_1000615,Item_Desc_1000615,False,1000615,True,True,True,[],4,2,1,1,3,20001,1,2,0,0,0,0,0,0,False,1,12500,30,0,0,1000615,0,33,140,38,84,77,82,10,44,93,12,102,20,0,0,0,0,0,0,0,0,35,70,38,42,0,0,0,0,0,0,0,0,0,0,2001421,0,0,0,21001,0,0,0,0,0,,0,/Game/Streaming/ArtAsset/UI/UIResource/UITexture/Common_Icon/Icon_Item_Weapon/icon_wpn_BL_Fallacia_001.icon_wpn_BL_Fallacia_001,,1000132,True,False,False,False,0,Lâmina Pallacia do Executor,Lâmina Enigma do Carrasco
1000616,Item_Name_1000616,Item_Desc_1000616,False,1000616,True,True,True,[],4,2,2,1,3,20001,1,2,0,0,0,0,0,0,False,1,12500,30,0,0,1000616,0,33,154,38,99,77,97,10,48,102,25,39,20,0,0,0,0,0,0,0,0,35,72,38,49,0,0,0,0,0,0,0,0,0,0,2002421,0,0,0,21002,0,0,0,0,0,,0,/Game/Streaming/ArtAsset/UI/UIResource/UITexture/Common_Icon/Icon_Item_Weapon/icon_wpn_BL_Oblivion_001.icon_wpn_BL_Oblivion_001,,1000133,True,False,False,False,0,Lâmina Oblivion do Juiz,Lâmina Chaos do Juiz
1000617,Item_Name_1000617,Item_Desc_1000617,False,1000617,True,True,True,[],4,2,3,1,3,20001,1,2,0,0,0,0,0,0,False,1,12500,30,0,0,1000617,0,33,171,38,119,77,117,10,52,106,30,102,30,0,0,0,0,0,0,0,0,35,75,38,59,0,0,0,0,0,0,1,8010401,0,0,2003421,0,0,0,21003,0,0,0,0,0,,0,/Game/Streaming/ArtAsset/UI/UIResource/UITexture/Common_Icon/Icon_Item_Weapon/icon_wpn_BL_Erebos_001.icon_wpn_BL_Erebos_001,,1000134,True,False,False,False,0,Lâmina Erebus do Pioneiro,Lâmina Eternity do Pioneiro
1000618,Item_Name_1000618,Item_Desc_1000618,False,1000618,True,True,True,[],4,2,4,1,3,20001,1,2,0,0,0,0,0,0,False,1,12500,30,0,0,1000618,0,33,192,38,127,77,127,10,54,100,150,7,36,0,0,0,0,0,0,0,0,35,80,38,64,0,0,0,0,0,0,1,8010411,0,0,2004421,0,0,0,21004,0,0,0,0,0,,0,/Game/Streaming/ArtAsset/UI/UIResource/UITexture/Common_Icon/Icon_Item_Weapon/icon_wpn_BL_Quasar_001.icon_wpn_BL_Quasar_001,,1000135,True,False,False,False,0,Lâmina Quasar do Comandante,Lâmina Trinity do Comandante
1000619,Item_Name_1000619,Item_Desc_1000619,False,1000619,True,True,True,[],4,2,5,1,3,20001,1,2,0,0,0,0,0,0,False,1,12500,30,0,0,1000619,0,33,218,38,135,77,137,97,64,100,210,10,64,0,0,0,0,0,0,0,0,35,108,38,74,0,0,0,0,0,0,1,8010945,0,0,2005421,0,0,0,21005,0,0,0,0,0,,0,/Game/Streaming/ArtAsset/UI/UIResource/UITexture/Common_Icon/Icon_Item_Weapon/icon_wpn_BL_Starburst_001.icon_wpn_BL_Starburst_001,,1000136,True,False,False,False,0,Lâmina Starburst do Soberano,Lâmina Oblivion do Soberano
1000620,Item_Name_1000620,Item_Desc_1000620,False,1000620,True,True,True,[],4,2,6,1,3,20001,1,2,0,0,0,0,0,0,False,1,12500,30,0,0,1000620,0,33,233,38,150,77,147,97,74,100,250,10,75,0,0,0,0,0,0,0,0,35,128,38,84,0,0,0,0,0,0,1,8010969,0,0,2006421,0,0,0,0,0,0,0,0,0,,0,/Game/Streaming/ArtAsset/UI/UIResource/UITexture/Common_Icon/Icon_Item_Weapon/icon_wpn_BL_Enigma_001.icon_wpn_BL_Enigma_001,,1000137,True,False,False,False,0,Lâmina Enigma do Dominador,Lâmina Kilonova do Dominador
1000621,Item_Name_1000621,Item_Desc_1000621,False,1000621,True,True,True,[],4,2,1,1,4,20001,1,3,0,0,0,0,0,0,False,1,12500,30,0,0,1000621,0,33,140,38,84,77,82,70,900,93,12,102,20,0,0,0,0,0,0,0,0,35,70,38,42,0,0,0,0,0,0,0,0,0,0,2001421,0,0,0,21001,0,0,0,0,0,,0,/Game/Streaming/ArtAsset/UI/UIResource/UITexture/Common_Icon/Icon_Item_Weapon/icon_wpn_SW_Fallacia_001.icon_wpn_SW_Fallacia_001,,1000138,True,False,False,False,0,Espada e Escudo Pallacia do Executor,Espada e Escudo Enigma do Carrasco
1000622,Item_Name_1000622,Item_Desc_1000622,False,1000622,True,True,True,[],4,2,2,1,4,20001,1,3,0,0,0,0,0,0,False,1,12500,30,0,0,1000622,0,33,154,38,99,77,97,70,1200,102,25,39,20,0,0,0,0,0,0,0,0,35,72,38,49,0,0,0,0,0,0,0,0,0,0,2002421,0,0,0,21002,0,0,0,0,0,,0,/Game/Streaming/ArtAsset/UI/UIResource/UITexture/Common_Icon/Icon_Item_Weapon/icon_wpn_SW_Oblivion_001.icon_wpn_SW_Oblivion_001,,1000139,True,False,False,False,0,Espada e Escudo Oblivion do Juiz,Espada e Escudo Chaos do Juiz
1000623,Item_Name_1000623,Item_Desc_1000623,False,1000623,True,True,True,[],4,2,3,1,4,20001,1,3,0,0,0,0,0,0,False,1,12500,30,0,0,1000623,0,33,171,38,119,77,117,70,1500,106,30,102,30,0,0,0,0,0,0,0,0,35,75,38,59,0,0,0,0,0,0,1,8010401,0,0,2003421,0,0,0,21003,0,0,0,0,0,,0,/Game/Streaming/ArtAsset/UI/UIResource/UITexture/Common_Icon/Icon_Item_Weapon/icon_wpn_SW_Erebos_001.icon_wpn_SW_Erebos_001,,1000140,True,False,False,False,0,Espada e Escudo Erebus do Pioneiro,Espada e Escudo Eternity do Pioneiro
1000624,Item_Name_1000624,Item_Desc_1000624,False,1000624,True,True,True,[],4,2,4,1,4,20001,1,3,0,0,0,0,0,0,False,1,12500,30,0,0,1000624,0,33,192,38,127,77,127,70,1600,101,150,20,36,0,0,0,0,0,0,0,0,35,80,38,64,0,0,0,0,0,0,1,8010411,0,0,2004421,0,0,0,21004,0,0,0,0,0,,0,/Game/Streaming/ArtAsset/UI/UIResource/UITexture/Common_Icon/Icon_Item_Weapon/icon_wpn_SW_Quasar_001.icon_wpn_SW_Quasar_001,,1000141,True,False,False,False,0,Espada e Escudo Quasar do Comandante,Espada e Escudo Trinity do Comandante
1000625,Item_Name_1000625,Item_Desc_1000625,False,1000625,True,True,True,[],4,2,5,1,4,20001,1,3,0,0,0,0,0,0,False,1,12500,30,0,0,1000625,0,33,218,38,135,77,137,70,1750,101,210,23,64,0,0,0,0,0,0,0,0,35,108,38,74,0,0,0,0,0,0,1,8010945,0,0,2005421,0,0,0,21005,0,0,0,0,0,,0,/Game/Streaming/ArtAsset/UI/UIResource/UITexture/Common_Icon/Icon_Item_Weapon/icon_wpn_SW_Starburst_001.icon_wpn_SW_Starburst_001,,1000142,True,False,False,False,0,Espada e Escudo Starburst do Soberano,Espada e Escudo Oblivion do Soberano
1000626,Item_Name_1000626,Item_Desc_1000626,False,1000626,True,True,True,[],4,2,6,1,4,20001,1,3,0,0,0,0,0,0,False,1,12500,30,0,0,1000626,0,33,233,38,150,77,147,70,1900,101,250,23,75,0,0,0,0,0,0,0,0,35,128,38,84,0,0,0,0,0,0,1,8010969,0,0,2006421,0,0,0,0,0,0,0,0,0,,0,/Game/Streaming/ArtAsset/UI/UIResource/UITexture/Common_Icon/Icon_Item_Weapon/icon_wpn_SW_Enigma_001.icon_wpn_SW_Enigma_001,,1000143,True,False,False,False,0,Espada e Escudo Enigma do Dominador,Espada e Escudo Kilonova do Dominador
1000627,Item_Name_1000627,Item_Desc_1000627,False,1000627,True,True,True,[],4,2,1,1,5,20001,1,4,0,0,0,0,0,0,False,1,12500,30,0,0,1000627,0,33,140,38,84,79,82,97,44,93,12,102,20,0,0,0,0,0,0,0,0,35,70,38,42,0,0,0,0,0,0,0,0,0,0,2001421,0,0,0,21001,0,0,0,0,0,,0,/Game/Streaming/ArtAsset/UI/UIResource/UITexture/Common_Icon/Icon_Item_Weapon/icon_wpn_GL_Fallacia_001.icon_wpn_GL_Fallacia_001,,1000144,True,False,False,False,0,Carregador de Força Pallacia do Executor,Carregador de Força Enigma do Carrasco
1000628,Item_Name_1000628,Item_Desc_1000628,False,1000628,True,True,True,[],4,2,2,1,5,20001,1,4,0,0,0,0,0,0,False,1,12500,30,0,0,1000628,0,33,154,38,99,79,97,97,48,102,25,39,20,0,0,0,0,0,0,0,0,35,72,38,49,0,0,0,0,0,0,0,0,0,0,2002421,0,0,0,21002,0,0,0,0,0,,0,/Game/Streaming/ArtAsset/UI/UIResource/UITexture/Common_Icon/Icon_Item_Weapon/icon_wpn_GL_Oblivion_001.icon_wpn_GL_Oblivion_001,,1000145,True,False,False,False,0,Carregador de Força Oblivion do Juiz,Carregador de Força Chaos do Juiz
1000629,Item_Name_1000629,Item_Desc_1000629,False,1000629,True,True,True,[],4,2,3,1,5,20001,1,4,0,0,0,0,0,0,False,1,12500,30,0,0,1000629,0,33,171,38,119,79,117,97,52,106,30,102,30,0,0,0,0,0,0,0,0,35,75,38,59,0,0,0,0,0,0,1,8010401,0,0,2003421,0,0,0,21003,0,0,0,0,0,,0,/Game/Streaming/ArtAsset/UI/UIResource/UITexture/Common_Icon/Icon_Item_Weapon/icon_wpn_GL_Erebos_001.icon_wpn_GL_Erebos_001,,1000146,True,False,False,False,0,Carregador de Força Erebus do Pioneiro,Carregador de Força Eternity do Pioneiro
1000630,Item_Name_1000630,Item_Desc_1000630,False,1000630,True,True,True,[],4,2,4,1,5,20001,1,4,0,0,0,0,0,0,False,1,12500,30,0,0,1000630,0,33,192,38,127,79,127,97,54,101,150,20,36,0,0,0,0,0,0,0,0,35,80,38,64,0,0,0,0,0,0,1,8010411,0,0,2004421,0,0,0,21004,0,0,0,0,0,,0,/Game/Streaming/ArtAsset/UI/UIResource/UITexture/Common_Icon/Icon_Item_Weapon/icon_wpn_GL_Quasar_001.icon_wpn_GL_Quasar_001,,1000147,True,False,False,False,0,Carregador de Força Quasar do Comandante,Carregador de Força Trinity do Comandante
1000631,Item_Name_1000631,Item_Desc_1000631,False,1000631,True,True,True,[],4,2,5,1,5,20001,1,4,0,0,0,0,0,0,False,1,12500,30,0,0,1000631,0,33,218,38,135,79,137,97,64,101,210,23,64,0,0,0,0,0,0,0,0,35,108,38,74,0,0,0,0,0,0,1,8010945,0,0,2005421,0,0,0,21005,0,0,0,0,0,,0,/Game/Streaming/ArtAsset/UI/UIResource/UITexture/Common_Icon/Icon_Item_Weapon/icon_wpn_GL_Starburst_001.icon_wpn_GL_Starburst_001,,1000148,True,False,False,False,0,Carregador de Força Starburst do Soberano,Carregador de Força Oblivion do Soberano
1000632,Item_Name_1000632,Item_Desc_1000632,False,1000632,True,True,True,[],4,2,6,1,5,20001,1,4,0,0,0,0,0,0,False,1,12500,30,0,0,1000632,0,33,233,38,150,79,147,97,74,101,250,23,75,0,0,0,0,0,0,0,0,35,128,38,84,0,0,0,0,0,0,1,8010969,0,0,2006421,0,0,0,0,0,0,0,0,0,,0,/Game/Streaming/ArtAsset/UI/UIResource/UITexture/Common_Icon/Icon_Item_Weapon/icon_wpn_GL_Enigma_001.icon_wpn_GL_Enigma_001,,1000149,True,False,False,False,0,Carregador de Força Enigma do Dominador,Carregador de Força Kilonova do Dominador
1000633,Item_Name_1000633,Item_Desc_1000633,False,1000633,True,True,True,[],4,2,1,1,6,20001,1,5,0,0,0,0,0,0,False,1,12500,30,0,0,1000633,0,33,140,38,84,75,82,141,900,93,12,102,20,0,0,0,0,0,0,0,0,35,70,38,42,0,0,0,0,0,0,0,0,0,0,2001421,0,0,0,21001,0,0,0,0,0,,0,/Game/Streaming/ArtAsset/UI/UIResource/UITexture/Common_Icon/Icon_Item_Weapon/icon_wpn_AX_Fallacia_001.icon_wpn_AX_Fallacia_001,,1000150,True,False,False,False,0,Machado Pallacia do Executor,Machado Enigma do Carrasco
1000634,Item_Name_1000634,Item_Desc_1000634,False,1000634,True,True,True,[],4,2,2,1,6,20001,1,5,0,0,0,0,0,0,False,1,12500,30,0,0,1000634,0,33,154,38,99,75,97,141,1200,102,25,39,20,0,0,0,0,0,0,0,0,35,72,38,49,0,0,0,0,0,0,0,0,0,0,2002421,0,0,0,21002,0,0,0,0,0,,0,/Game/Streaming/ArtAsset/UI/UIResource/UITexture/Common_Icon/Icon_Item_Weapon/icon_wpn_AX_Oblivion_001.icon_wpn_AX_Oblivion_001,,1000151,True,False,False,False,0,Machado Oblivion do Juiz,Machado Chaos do Juiz
1000635,Item_Name_1000635,Item_Desc_1000635,False,1000635,True,True,True,[],4,2,3,1,6,20001,1,5,0,0,0,0,0,0,False,1,12500,30,0,0,1000635,0,33,171,38,119,75,117,141,1500,106,30,102,30,0,0,0,0,0,0,0,0,35,75,38,59,0,0,0,0,0,0,1,8010401,0,0,2003421,0,0,0,21003,0,0,0,0,0,,0,/Game/Streaming/ArtAsset/UI/UIResource/UITexture/Common_Icon/Icon_Item_Weapon/icon_wpn_AX_Erebos_001.icon_wpn_AX_Erebos_001,,1000152,True,False,False,False,0,Machado Erebus do Pioneiro,Machado Eternity do Pioneiro
1000636,Item_Name_1000636,Item_Desc_1000636,False,1000636,True,True,True,[],4,2,4,1,6,20001,1,5,0,0,0,0,0,0,False,1,12500,30,0,0,1000636,0,33,192,38,127,75,127,141,1600,100,150,7,36,0,0,0,0,0,0,0,0,35,80,38,64,0,0,0,0,0,0,1,8010411,0,0,2004421,0,0,0,21004,0,0,0,0,0,,0,/Game/Streaming/ArtAsset/UI/UIResource/UITexture/Common_Icon/Icon_Item_Weapon/icon_wpn_AX_Quasar_001.icon_wpn_AX_Quasar_001,,1000153,True,False,False,False,0,Machado Quasar do Comandante,Machado Trinity do Comandante
1000637,Item_Name_1000637,Item_Desc_1000637,False,1000637,True,True,True,[],4,2,5,1,6,20001,1,5,0,0,0,0,0,0,False,1,12500,30,0,0,1000637,0,33,218,38,135,75,137,141,1750,100,210,10,64,0,0,0,0,0,0,0,0,35,108,38,74,0,0,0,0,0,0,1,8010945,0,0,2005421,0,0,0,21005,0,0,0,0,0,,0,/Game/Streaming/ArtAsset/UI/UIResource/UITexture/Common_Icon/Icon_Item_Weapon/icon_wpn_AX_Starburst_001.icon_wpn_AX_Starburst_001,,1000154,True,False,False,False,0,Machado Starburst do Soberano,Machado Oblivion do Soberano
1000638,Item_Name_1000638,Item_Desc_1000638,False,1000638,True,True,True,[],4,2,6,1,6,20001,1,5,0,0,0,0,0,0,False,1,12500,30,0,0,1000638,0,33,233,38,150,75,147,141,1900,100,250,10,75,0,0,0,0,0,0,0,0,35,128,38,84,0,0,0,0,0,0,1,8010969,0,0,2006421,0,0,0,0,0,0,0,0,0,,0,/Game/Streaming/ArtAsset/UI/UIResource/UITexture/Common_Icon/Icon_Item_Weapon/icon_wpn_AX_Enigma_001.icon_wpn_AX_Enigma_001,,1000155,True,False,False,False,0,Machado Enigma do Dominador,Machado Kilonova do Dominador
1000639,Item_Name_1000639,Item_Desc_1000639,False,1000639,True,True,True,[],4,2,1,1,7,20001,1,6,0,0,0,0,0,0,False,1,12500,30,0,0,1000639,0,33,140,38,84,75,82,164,900,93,12,102,20,0,0,0,0,0,0,0,0,35,70,38,42,0,0,0,0,0,0,0,0,0,0,2001421,0,0,0,21001,0,0,0,0,0,,0,/Game/Streaming/ArtAsset/UI/UIResource/UITexture/Common_Icon/Icon_Item_Weapon/icon_wpn_MG_Fallacia_001.icon_wpn_MG_Fallacia_001,,1000156,True,False,False,False,0,Arma de Força Pallacia do Executor,Arma de Força Enigma do Carrasco
1000640,Item_Name_1000640,Item_Desc_1000640,False,1000640,True,True,True,[],4,2,2,1,7,20001,1,6,0,0,0,0,0,0,False,1,12500,30,0,0,1000640,0,33,154,38,99,75,97,164,1200,102,25,39,20,0,0,0,0,0,0,0,0,35,72,38,49,0,0,0,0,0,0,0,0,0,0,2002421,0,0,0,21002,0,0,0,0,0,,0,/Game/Streaming/ArtAsset/UI/UIResource/UITexture/Common_Icon/Icon_Item_Weapon/icon_wpn_MG_Oblivion_001.icon_wpn_MG_Oblivion_001,,1000157,True,False,False,False,0,Arma de Força Oblivion do Juiz,Arma de Força Chaos do Juiz
1000641,Item_Name_1000641,Item_Desc_1000641,False,1000641,True,True,True,[],4,2,3,1,7,20001,1,6,0,0,0,0,0,0,False,1,12500,30,0,0,1000641,0,33,171,38,119,75,117,164,1500,106,30,102,30,0,0,0,0,0,0,0,0,35,75,38,59,0,0,0,0,0,0,1,8010401,0,0,2003421,0,0,0,21003,0,0,0,0,0,,0,/Game/Streaming/ArtAsset/UI/UIResource/UITexture/Common_Icon/Icon_Item_Weapon/icon_wpn_MG_Erebos_001.icon_wpn_MG_Erebos_001,,1000158,True,False,False,False,0,Arma de Força Erebus do Pioneiro,Arma de Força Eternity do Pioneiro
1000642,Item_Name_1000642,Item_Desc_1000642,False,1000642,True,True,True,[],4,2,4,1,7,20001,1,6,0,0,0,0,0,0,False,1,12500,30,0,0,1000642,0,33,192,38,127,75,127,164,1600,101,150,20,36,0,0,0,0,0,0,0,0,35,80,38,64,0,0,0,0,0,0,1,8010411,0,0,2004421,0,0,0,21004,0,0,0,0,0,,0,/Game/Streaming/ArtAsset/UI/UIResource/UITexture/Common_Icon/Icon_Item_Weapon/icon_wpn_MG_Quasar_001.icon_wpn_MG_Quasar_001,,1000159,True,False,False,False,0,Arma de Força Quasar do Comandante,Arma de Força Trinity do Comandante
1000643,Item_Name_1000643,Item_Desc_1000643,False,1000643,True,True,True,[],4,2,5,1,7,20001,1,6,0,0,0,0,0,0,False,1,12500,30,0,0,1000643,0,33,218,38,135,75,137,164,1750,101,210,23,64,0,0,0,0,0,0,0,0,35,108,38,74,0,0,0,0,0,0,1,8010945,0,0,2005421,0,0,0,21005,0,0,0,0,0,,0,/Game/Streaming/ArtAsset/UI/UIResource/UITexture/Common_Icon/Icon_Item_Weapon/icon_wpn_MG_Starburst_001.icon_wpn_MG_Starburst_001,,1000160,True,False,False,False,0,Arma de Força Starburst do Soberano,Arma de Força Oblivion do Soberano
1000644,Item_Name_1000644,Item_Desc_1000644,False,1000644,True,True,True,[],4,2,6,1,7,20001,1,6,0,0,0,0,0,0,False,1,12500,30,0,0,1000644,0,33,233,38,150,75,147,164,1900,101,250,23,75,0,0,0,0,0,0,0,0,35,128,38,84,0,0,0,0,0,0,1,8010969,0,0,2006421,0,0,0,0,0,0,0,0,0,,0,/Game/Streaming/ArtAsset/UI/UIResource/UITexture/Common_Icon/Icon_Item_Weapon/icon_wpn_MG_Enigma_001.icon_wpn_MG_Enigma_001,,1000161,True,False,False,False,0,Arma de Força Enigma do Dominador,Arma de Força Kilonova do Dominador
1000685,Item_Name_1000685,Item_Desc_1000685,False,1000685,True,False,True,[],3,2,1,2,12,20001,2,0,0,0,0,0,0,0,False,1,2500,10,0,0,1000685,0,36,20,40,18,0,0,37,240,91,30,0,0,0,0,0,0,0,0,0,0,36,16,40,11,0,0,0,0,0,0,0,0,0,0,2001321,0,0,0,11001,5001,0,0,0,0,,0,/Game/Streaming/ArtAsset/UI/UIResource/UITexture/Common_Icon/Icon_Item_Equipment/icon_armor_AramidFiberNeckGuard.icon_armor_AramidFiberNeckGuard,,0,True,False,False,False,0,Protetor Cervical de Fibra de Aramida,Protetor Cervical de Fibra de Aramida
1000686,Item_Name_1000686,Item_Desc_1000686,False,1000686,True,False,True,[],3,2,2,2,12,20001,2,0,0,0,0,0,0,0,False,1,2500,10,0,0,1000686,0,36,25,40,21,0,0,78,6,91,30,0,0,0,0,0,0,0,0,0,0,36,18,40,12,0,0,0,0,0,0,0,0,0,0,2002321,0,0,0,11002,5001,0,0,0,0,,0,/Game/Streaming/ArtAsset/UI/UIResource/UITexture/Common_Icon/Icon_Item_Equipment/icon_armor_PolymerSilicaNeckGuard.icon_armor_PolymerSilicaNeckGuard,,0,True,False,False,False,0,Protetor Cervical de Sílica Polimérica,Protetor Cervical de Sílica Polimérica
1000687,Item_Name_1000687,Item_Desc_1000687,False,1000687,True,False,True,[],3,2,3,2,12,20001,2,0,0,0,0,0,0,0,False,1,2500,10,0,0,1000687,0,36,31,40,25,0,0,76,6,91,30,0,0,0,0,0,0,0,0,0,0,36,19,40,13,0,0,0,0,0,0,0,0,0,0,2003321,0,0,0,11003,5001,0,0,0,0,,0,/Game/Streaming/ArtAsset/UI/UIResource/UITexture/Common_Icon/Icon_Item_Equipment/icon_armor_EnhancedNitrileNeckGuard.icon_armor_EnhancedNitrileNeckGuard,,0,True,False,False,False,0,Protetor Cervical de Nitrilo Aprimorado,Protetor Cervical de Nitrilo Reforçado
1000688,Item_Name_1000688,Item_Desc_1000688,False,1000688,True,False,True,[],3,2,4,2,12,20001,2,0,0,0,0,0,0,0,False,1,2500,10,0,0,1000688,0,36,38,40,30,0,0,74,6,91,30,0,0,0,0,0,0,0,0,0,0,36,21,40,14,0,0,0,0,0,0,0,0,0,0,2004321,0,0,0,11004,5001,0,0,0,0,,0,/Game/Streaming/ArtAsset/UI/UIResource/UITexture/Common_Icon/Icon_Item_Equipment/icon_armor_NanoCelluloseNeckGuard.icon_armor_NanoCelluloseNeckGuard,,0,True,False,False,False,0,Protetor Cervical de Nanocelulose,Protetor Cervical de Nanocelulose
1000689,Item_Name_1000689,Item_Desc_1000689,False,1000689,True,False,True,[],3,2,5,2,12,20001,2,0,0,0,0,0,0,0,False,1,2500,10,0,0,1000689,0,36,46,40,36,0,0,159,6,91,40,0,0,0,0,0,0,0,0,0,0,36,23,40,15,0,0,0,0,0,0,0,0,0,0,2005321,0,0,0,11005,5001,0,0,0,0,,0,/Game/Streaming/ArtAsset/UI/UIResource/UITexture/Common_Icon/Icon_Item_Equipment/icon_armor_LiquidPlasticNeckGuard.icon_armor_LiquidPlasticNeckGuard,,0,True,False,False,False,0,Protetor Cervical de Plástico Líquido,Protetor Cervical de Plástico Líquido
1000690,Item_Name_1000690,Item_Desc_1000690,False,1000690,True,False,True,[],3,2,6,2,12,20001,2,0,0,0,0,0,0,0,False,1,2500,10,0,0,1000690,0,36,55,40,43,0,0,93,2,91,40,0,0,0,0,0,0,0,0,0,0,36,25,40,17,0,0,0,0,0,0,0,0,0,0,2006321,0,0,0,11006,5002,0,0,0,0,,0,/Game/Streaming/ArtAsset/UI/UIResource/UITexture/Common_Icon/Icon_Item_Equipment/icon_armor_EnhancedLeatherNeckGuard.icon_armor_EnhancedLeatherNeckGuard,,0,True,False,False,False,0,Protetor Cervical de Couro Aprimorado,Protetor Cervical de Couro Reforçado
1000691,Item_Name_1000691,Item_Desc_1000691,False,1000691,True,False,True,[],3,2,7,2,12,20001,2,0,0,0,0,0,0,0,False,1,2500,10,0,0,1000691,0,36,64,40,50,0,0,159,8,91,50,0,0,0,0,0,0,0,0,0,0,36,25,40,17,0,0,0,0,0,0,0,0,0,0,2007321,0,0,0,11007,5002,0,0,0,0,,0,/Game/Streaming/ArtAsset/UI/UIResource/UITexture/Common_Icon/Icon_Item_Equipment/icon_armor_CeramicCoatingNeckGuard.icon_armor_CeramicCoatingNeckGuard,,0,True,False,False,False,0,Protetor Cervical com Revestimento Cerâmico,Protetor Cervical com Revestimento Cerâmico
1000692,Item_Name_1000692,Item_Desc_1000692,False,1000692,True,False,True,[],3,2,8,2,12,20001,2,0,0,0,0,0,0,0,False,1,2500,10,0,0,1000692,0,36,67,40,55,0,0,105,14,93,8,0,0,0,0,0,0,0,0,0,0,36,26,40,22,0,0,0,0,0,0,0,0,0,0,2008321,0,0,0,11008,5003,0,0,0,0,,0,/Game/Streaming/ArtAsset/UI/UIResource/UITexture/Common_Icon/Icon_Item_Equipment/icon_armor_LiquidCristalNeckGuard.icon_armor_LiquidCristalNeckGuard,,0,True,False,False,False,0,Protetor Cervical de Cristal Líquido,Protetor Cervical de Cristal Líquido
1000695,Item_Name_1000695,Item_Desc_1000695,False,1000695,True,True,True,[],4,2,1,2,12,20001,2,0,0,0,0,0,0,0,False,1,12500,30,0,0,1000695,0,36,71,40,58,0,0,37,480,91,100,66,400,0,0,0,0,0,0,0,0,36,33,40,26,0,0,0,0,0,0,0,0,0,0,2001421,0,0,0,21001,0,0,0,0,0,,0,/Game/Streaming/ArtAsset/UI/UIResource/UITexture/Common_Icon/Icon_Item_Equipment/icon_armor_CutResistantNeckGuard.icon_armor_CutResistantNeckGuard,,0,True,False,False,False,0,Protetor Cervical Resistente a Cortes,Protetor Cervical Resistente a Cortes
1000696,Item_Name_1000696,Item_Desc_1000696,False,1000696,True,True,True,[],4,2,2,2,12,20001,2,0,0,0,0,0,0,0,False,1,12500,30,0,0,1000696,0,36,85,40,65,0,0,159,24,37,600,93,6,0,0,0,0,0,0,0,0,36,35,40,28,0,0,0,0,0,0,0,0,0,0,2002421,0,0,0,21002,0,0,0,0,0,,0,/Game/Streaming/ArtAsset/UI/UIResource/UITexture/Common_Icon/Icon_Item_Equipment/icon_armor_AmorphousMetalNeckGuard.icon_armor_AmorphousMetalNeckGuard,,0,True,False,False,False,0,Protetor Cervical de Metal Amorfo,Protetor Cervical de Metal Amorfo
1000697,Item_Name_1000697,Item_Desc_1000697,False,1000697,True,True,True,[],4,2,3,2,12,20001,2,0,0,0,0,0,0,0,False,1,12500,30,0,0,1000697,0,36,101,40,74,0,0,159,30,66,500,93,8,0,0,0,0,0,0,0,0,36,39,40,30,0,0,0,0,0,0,0,0,0,0,2003421,0,0,0,21003,0,0,0,0,0,,0,/Game/Streaming/ArtAsset/UI/UIResource/UITexture/Common_Icon/Icon_Item_Equipment/icon_armor_SelfWeldingNeckGuard.icon_armor_SelfWeldingNeckGuard,,0,True,False,False,False,0,Protetor Cervical Autossoldável,Protetor Cervical Autossoldável
1000698,Item_Name_1000698,Item_Desc_1000698,False,1000698,True,True,True,[],4,2,4,2,12,20001,2,0,0,0,0,0,0,0,False,1,12500,30,0,0,1000698,0,36,122,40,83,0,0,159,36,66,600,93,9,0,0,0,0,0,0,0,0,36,48,40,37,0,0,0,0,0,0,0,0,0,0,2004421,0,0,0,21004,0,0,0,0,0,,0,/Game/Streaming/ArtAsset/UI/UIResource/UITexture/Common_Icon/Icon_Item_Equipment/icon_armor_PolymericMembraneNeckGuard.icon_armor_PolymericMembraneNeckGuard,,0,True,False,False,False,0,Protetor Cervical de Membrana Polimérica,Protetor Cervical de Membrana Polimérica
1000699,Item_Name_1000699,Item_Desc_1000699,False,1000699,True,True,True,[],4,2,5,2,12,20001,2,0,0,0,0,0,0,0,False,1,12500,30,0,0,1000699,0,36,146,40,95,0,0,159,60,66,750,93,15,0,0,0,0,0,0,0,0,36,65,40,45,0,0,0,0,0,0,0,0,0,0,2005421,0,0,0,21005,0,0,0,0,0,,0,/Game/Streaming/ArtAsset/UI/UIResource/UITexture/Common_Icon/Icon_Item_Equipment/icon_armor_ShockAbsorbingNeckGuard.icon_armor_ShockAbsorbingNeckGuard,,0,True,False,False,False,0,Protetor Cervical com Absorção de Impacto,Protetor Cervical com Absorção de Impacto
1000700,Item_Name_1000700,Item_Desc_1000700,False,1000700,True,True,True,[],4,2,6,2,12,20001,2,0,0,0,0,0,0,0,False,1,12500,30,0,0,1000700,0,36,161,40,110,0,0,159,75,66,850,93,24,0,0,0,0,0,0,0,0,36,80,40,55,0,0,0,0,0,0,0,0,0,0,2006421,0,0,0,0,0,0,0,0,0,,0,/Game/Streaming/ArtAsset/UI/UIResource/UITexture/Common_Icon/Icon_Item_Equipment/icon_armor_BioConjugationNeckGuard.icon_armor_BioConjugationNeckGuard,,0,True,False,False,False,0,Protetor Cervical de Fusão Biológica,Protetor Cervical de Fusão Biológica
1000722,Item_Name_1000722,Item_Desc_1000722,False,1000722,True,False,True,[],3,2,1,2,11,20001,3,0,0,0,0,0,0,0,False,1,2500,10,0,0,1000722,0,36,26,85,20,0,0,83,2,37,180,0,0,0,0,0,0,0,0,0,0,36,18,85,11,0,0,0,0,0,0,0,0,0,0,2001321,0,0,0,11001,5001,0,0,0,0,,0,/Game/Streaming/ArtAsset/UI/UIResource/UITexture/Common_Icon/Icon_Item_Equipment/icon_armor_AramidFiberUpperGuard.icon_armor_AramidFiberUpperGuard,,0,True,False,False,False,0,Protetor Superior de Fibra de Aramida,Protetor Superior de Fibra de Aramida
1000723,Item_Name_1000723,Item_Desc_1000723,False,1000723,True,False,True,[],3,2,2,2,11,20001,3,0,0,0,0,0,0,0,False,1,2500,10,0,0,1000723,0,36,31,85,26,0,0,78,6,37,240,0,0,0,0,0,0,0,0,0,0,36,19,85,13,0,0,0,0,0,0,0,0,0,0,2002321,0,0,0,11002,5001,0,0,0,0,,0,/Game/Streaming/ArtAsset/UI/UIResource/UITexture/Common_Icon/Icon_Item_Equipment/icon_armor_PolymerSilicaUpperGuard.icon_armor_PolymerSilicaUpperGuard,,0,True,False,False,False,0,Protetor Superior de Sílica Polimérica,Protetor Superior de Sílica Polimérica
1000724,Item_Name_1000724,Item_Desc_1000724,False,1000724,True,False,True,[],3,2,3,2,11,20001,3,0,0,0,0,0,0,0,False,1,2500,10,0,0,1000724,0,36,38,85,34,0,0,76,6,37,240,0,0,0,0,0,0,0,0,0,0,36,21,85,15,0,0,0,0,0,0,0,0,0,0,2003321,0,0,0,11003,5001,0,0,0,0,,0,/Game/Streaming/ArtAsset/UI/UIResource/UITexture/Common_Icon/Icon_Item_Equipment/icon_armor_EnhancedNitrileUpperGuard.icon_armor_EnhancedNitrileUpperGuard,,0,True,False,False,False,0,Protetor Superior de Nitrilo Aprimorado,Protetor Superior de Nitrilo Aprimorado
1000725,Item_Name_1000725,Item_Desc_1000725,False,1000725,True,False,True,[],3,2,4,2,11,20001,3,0,0,0,0,0,0,0,False,1,2500,10,0,0,1000725,0,36,47,85,44,0,0,74,6,37,240,0,0,0,0,0,0,0,0,0,0,36,23,85,17,0,0,0,0,0,0,0,0,0,0,2004321,0,0,0,11004,5001,0,0,0,0,,0,/Game/Streaming/ArtAsset/UI/UIResource/UITexture/Common_Icon/Icon_Item_Equipment/icon_armor_NanoCelluloseUpperGuard.icon_armor_NanoCelluloseUpperGuard,,0,True,False,False,False,0,Protetor Superior de Nanocelulose,Protetor Superior de Nanocelulose
1000726,Item_Name_1000726,Item_Desc_1000726,False,1000726,True,False,True,[],3,2,5,2,11,20001,3,0,0,0,0,0,0,0,False,1,2500,10,0,0,1000726,0,36,58,85,56,0,0,95,6,37,300,0,0,0,0,0,0,0,0,0,0,36,26,85,20,0,0,0,0,0,0,0,0,0,0,2005321,0,0,0,11005,5001,0,0,0,0,,0,/Game/Streaming/ArtAsset/UI/UIResource/UITexture/Common_Icon/Icon_Item_Equipment/icon_armor_LiquidPlasticUpperGuard.icon_armor_LiquidPlasticUpperGuard,,0,True,False,False,False,0,Protetor Superior de Plástico Líquido,Protetor Superior de Plástico Líquido
1000727,Item_Name_1000727,Item_Desc_1000727,False,1000727,True,False,True,[],3,2,6,2,11,20001,3,0,0,0,0,0,0,0,False,1,2500,10,0,0,1000727,0,36,71,85,70,0,0,42,10,37,300,0,0,0,0,0,0,0,0,0,0,36,29,85,24,0,0,0,0,0,0,0,0,0,0,2006321,0,0,0,11006,5002,0,0,0,0,,0,/Game/Streaming/ArtAsset/UI/UIResource/UITexture/Common_Icon/Icon_Item_Equipment/icon_armor_EnhancedLeatherUpperGuard.icon_armor_EnhancedLeatherUpperGuard,,0,True,False,False,False,0,Protetor Superior de Couro Aprimorado,Protetor Superior de Couro Aprimorado
1000728,Item_Name_1000728,Item_Desc_1000728,False,1000728,True,False,True,[],3,2,7,2,11,20001,3,0,0,0,0,0,0,0,False,1,2500,10,0,0,1000728,0,36,80,85,78,0,0,42,12,37,360,0,0,0,0,0,0,0,0,0,0,36,29,85,24,0,0,0,0,0,0,0,0,0,0,2007321,0,0,0,11007,5002,0,0,0,0,,0,/Game/Streaming/ArtAsset/UI/UIResource/UITexture/Common_Icon/Icon_Item_Equipment/icon_armor_CeramicCoatingUpperGuard.icon_armor_CeramicCoatingUpperGuard,,0,True,False,False,False,0,Protetor Superior com Revestimento Cerâmico,Protetor Superior com Revestimento Cerâmico
1000729,Item_Name_1000729,Item_Desc_1000729,False,1000729,True,False,True,[],3,2,8,2,11,20001,3,0,0,0,0,0,0,0,False,1,2500,10,0,0,1000729,0,36,85,85,84,0,0,95,14,67,300,0,0,0,0,0,0,0,0,0,0,36,34,85,33,0,0,0,0,0,0,0,0,0,0,2008321,0,0,0,11008,5003,0,0,0,0,,0,/Game/Streaming/ArtAsset/UI/UIResource/UITexture/Common_Icon/Icon_Item_Equipment/icon_armor_LiquidCristalUpperGuard.icon_armor_LiquidCristalUpperGuard,,0,True,False,False,False,0,Protetor Superior de Cristal Líquido,Protetor Superior de Cristal Líquido
1000732,Item_Name_1000732,Item_Desc_1000732,False,1000732,True,True,True,[],4,2,1,2,11,20001,3,0,0,0,0,0,0,0,False,1,12500,30,0,0,1000732,0,36,91,85,90,0,0,37,480,83,12,67,400,0,0,0,0,0,0,0,0,36,38,85,45,0,0,0,0,0,0,0,0,0,0,2001421,0,0,0,21001,0,0,0,0,0,,0,/Game/Streaming/ArtAsset/UI/UIResource/UITexture/Common_Icon/Icon_Item_Equipment/icon_armor_CutResistantUpperGuard.icon_armor_CutResistantUpperGuard,,0,True,False,False,False,0,Protetor Superior Resistente a Cortes,Protetor Superior Resistente a Cortes
1000733,Item_Name_1000733,Item_Desc_1000733,False,1000733,True,True,True,[],4,2,2,2,11,20001,3,0,0,0,0,0,0,0,False,1,12500,30,0,0,1000733,0,36,108,85,100,0,0,42,24,37,600,83,16,0,0,0,0,0,0,0,0,36,41,85,48,0,0,0,0,0,0,0,0,0,0,2002421,0,0,0,21002,0,0,0,0,0,,0,/Game/Streaming/ArtAsset/UI/UIResource/UITexture/Common_Icon/Icon_Item_Equipment/icon_armor_AmorphousMetalUpperGuard.icon_armor_AmorphousMetalUpperGuard,,0,True,False,False,False,0,Protetor Superior de Metal Amorfo,Protetor Superior de Metal Amorfo
1000734,Item_Name_1000734,Item_Desc_1000734,False,1000734,True,True,True,[],4,2,3,2,11,20001,3,0,0,0,0,0,0,0,False,1,12500,30,0,0,1000734,0,36,126,85,110,0,0,95,30,67,500,42,30,0,0,0,0,0,0,0,0,36,45,85,50,0,0,0,0,0,0,0,0,0,0,2003421,0,0,0,21003,0,0,0,0,0,,0,/Game/Streaming/ArtAsset/UI/UIResource/UITexture/Common_Icon/Icon_Item_Equipment/icon_armor_SelfWeldingUpperGuard.icon_armor_SelfWeldingUpperGuard,,0,True,False,False,False,0,Protetor Superior Autossoldável,Protetor Superior Autossoldável
1000735,Item_Name_1000735,Item_Desc_1000735,False,1000735,True,True,True,[],4,2,4,2,11,20001,3,0,0,0,0,0,0,0,False,1,12500,30,0,0,1000735,0,36,148,85,120,0,0,95,36,67,600,83,18,0,0,0,0,0,0,0,0,36,54,85,55,0,0,0,0,0,0,0,0,0,0,2004421,0,0,0,21004,0,0,0,0,0,,0,/Game/Streaming/ArtAsset/UI/UIResource/UITexture/Common_Icon/Icon_Item_Equipment/icon_armor_PolymericMembraneUpperGuard.icon_armor_PolymericMembraneUpperGuard,,0,True,False,False,False,0,Protetor Superior de Membrana Polimérica,Protetor Superior de Membrana Polimérica
1000736,Item_Name_1000736,Item_Desc_1000736,False,1000736,True,True,True,[],4,2,5,2,11,20001,3,0,0,0,0,0,0,0,False,1,12500,30,0,0,1000736,0,36,176,85,135,0,0,95,40,67,750,83,27,0,0,0,0,0,0,0,0,36,79,85,65,0,0,0,0,0,0,0,0,0,0,2005421,0,0,0,21005,0,0,0,0,0,,0,/Game/Streaming/ArtAsset/UI/UIResource/UITexture/Common_Icon/Icon_Item_Equipment/icon_armor_ShockAbsorbingUpperGuard.icon_armor_ShockAbsorbingUpperGuard,,0,True,False,False,False,0,Protetor Superior com Absorção de Impacto,Protetor Superior com Absorção de Impacto
1000737,Item_Name_1000737,Item_Desc_1000737,False,1000737,True,True,True,[],4,2,6,2,11,20001,3,0,0,0,0,0,0,0,False,1,12500,30,0,0,1000737,0,36,191,85,150,0,0,95,48,67,850,83,36,0,0,0,0,0,0,0,0,36,94,85,75,0,0,0,0,0,0,0,0,0,0,2006421,0,0,0,0,0,0,0,0,0,,0,/Game/Streaming/ArtAsset/UI/UIResource/UITexture/Common_Icon/Icon_Item_Equipment/icon_armor_BioConjugationUpperGuard.icon_armor_BioConjugationUpperGuard,,0,True,False,False,False,0,Protetor Superior de Fusão Biológica,Protetor Superior de Fusão Biológica
1000739,Item_Name_1000739,Item_Desc_1000739,False,1000739,True,True,True,[],5,2,1,2,11,20001,3,0,0,0,0,0,0,0,False,1,62500,1000,0,0,1000739,0,36,273,85,195,40,63,42,75,67,1000,83,57,36,72,95,45,0,0,0,0,36,144,85,103,40,33,0,0,0,0,0,0,0,0,2001521,0,0,0,0,0,0,0,0,0,,0,/Game/Streaming/ArtAsset/UI/UIResource/UITexture/Common_Icon/Icon_Item_Equipment/icon_armor_SamueleUpperGuard.icon_armor_SamueleUpperGuard,,0,True,False,False,False,0,Protetor Superior do Vencedor da Guerra de Cerco,Protetor Superior do Vencedor da Guerra de Cerco
1000759,Item_Name_1000759,Item_Desc_1000759,False,1000759,True,False,True,[],3,2,1,2,13,20001,4,0,0,0,0,0,0,0,False,1,2500,10,0,0,1000759,0,36,24,37,540,0,0,85,8,144,30,0,0,0,0,0,0,0,0,0,0,36,17,37,344,0,0,0,0,0,0,0,0,0,0,2001321,0,0,0,11001,5001,0,0,0,0,,0,/Game/Streaming/ArtAsset/UI/UIResource/UITexture/Common_Icon/Icon_Item_Equipment/icon_armor_AramidFiberLowerGuard.icon_armor_AramidFiberLowerGuard,,0,True,False,False,False,0,Protetor Inferior de Fibra de Aramida,Protetor Inferior de Fibra de Aramida
1000760,Item_Name_1000760,Item_Desc_1000760,False,1000760,True,False,True,[],3,2,2,2,13,20001,4,0,0,0,0,0,0,0,False,1,2500,10,0,0,1000760,0,36,29,37,630,0,0,78,6,85,8,0,0,0,0,0,0,0,0,0,0,36,19,37,366,0,0,0,0,0,0,0,0,0,0,2002321,0,0,0,11002,5001,0,0,0,0,,0,/Game/Streaming/ArtAsset/UI/UIResource/UITexture/Common_Icon/Icon_Item_Equipment/icon_armor_PolymerSilicaLowerGuard.icon_armor_PolymerSilicaLowerGuard,,0,True,False,False,False,0,Protetor Inferior de Sílica Polimérica,Protetor Inferior de Sílica Polimérica
1000761,Item_Name_1000761,Item_Desc_1000761,False,1000761,True,False,True,[],3,2,3,2,13,20001,4,0,0,0,0,0,0,0,False,1,2500,10,0,0,1000761,0,36,35,37,750,0,0,76,6,85,8,0,0,0,0,0,0,0,0,0,0,36,20,37,396,0,0,0,0,0,0,0,0,0,0,2003321,0,0,0,11003,5001,0,0,0,0,,0,/Game/Streaming/ArtAsset/UI/UIResource/UITexture/Common_Icon/Icon_Item_Equipment/icon_armor_EnhancedNitrileLowerGuard.icon_armor_EnhancedNitrileLowerGuard,,0,True,False,False,False,0,Protetor Inferior de Nitrilo Aprimorado,Protetor Inferior de Nitrilo Aprimorado
1000762,Item_Name_1000762,Item_Desc_1000762,False,1000762,True,False,True,[],3,2,4,2,13,20001,4,0,0,0,0,0,0,0,False,1,2500,10,0,0,1000762,0,36,42,37,930,0,0,74,6,85,8,0,0,0,0,0,0,0,0,0,0,36,22,37,441,0,0,0,0,0,0,0,0,0,0,2004321,0,0,0,11004,5001,0,0,0,0,,0,/Game/Streaming/ArtAsset/UI/UIResource/UITexture/Common_Icon/Icon_Item_Equipment/icon_armor_NanoCelluloseLowerGuard.icon_armor_NanoCelluloseLowerGuard,,0,True,False,False,False,0,Protetor Inferior de Nanocelulose,Protetor Inferior de Nanocelulose
1000763,Item_Name_1000763,Item_Desc_1000763,False,1000763,True,False,True,[],3,2,5,2,13,20001,4,0,0,0,0,0,0,0,False,1,2500,10,0,0,1000763,0,36,50,37,1200,0,0,162,6,85,12,0,0,0,0,0,0,0,0,0,0,36,24,37,509,0,0,0,0,0,0,0,0,0,0,2005321,0,0,0,11005,5001,0,0,0,0,,0,/Game/Streaming/ArtAsset/UI/UIResource/UITexture/Common_Icon/Icon_Item_Equipment/icon_armor_LiquidPlasticLowerGuard.icon_armor_LiquidPlasticLowerGuard,,0,True,False,False,False,0,Protetor Inferior de Plástico Líquido,Protetor Inferior de Plástico Líquido
1000764,Item_Name_1000764,Item_Desc_1000764,False,1000764,True,False,True,[],3,2,6,2,13,20001,4,0,0,0,0,0,0,0,False,1,2500,10,0,0,1000764,0,36,59,37,1590,0,0,105,10,85,12,0,0,0,0,0,0,0,0,0,0,36,26,37,606,0,0,0,0,0,0,0,0,0,0,2006321,0,0,0,11006,5002,0,0,0,0,,0,/Game/Streaming/ArtAsset/UI/UIResource/UITexture/Common_Icon/Icon_Item_Equipment/icon_armor_EnhancedLeatherLowerGuard.icon_armor_EnhancedLeatherLowerGuard,,0,True,False,False,False,0,Protetor Inferior de Couro Aprimorado,Protetor Inferior de Couro Aprimorado
1000765,Item_Name_1000765,Item_Desc_1000765,False,1000765,True,False,True,[],3,2,7,2,13,20001,4,0,0,0,0,0,0,0,False,1,2500,10,0,0,1000765,0,36,68,37,1750,0,0,162,12,85,14,0,0,0,0,0,0,0,0,0,0,36,26,37,606,0,0,0,0,0,0,0,0,0,0,2007321,0,0,0,11007,5002,0,0,0,0,,0,/Game/Streaming/ArtAsset/UI/UIResource/UITexture/Common_Icon/Icon_Item_Equipment/icon_armor_CeramicCoatingLowerGuard.icon_armor_CeramicCoatingLowerGuard,,0,True,False,False,False,0,Protetor Inferior com Revestimento Cerâmico,Protetor Inferior com Revestimento Cerâmico
1000766,Item_Name_1000766,Item_Desc_1000766,False,1000766,True,False,True,[],3,2,8,2,13,20001,4,0,0,0,0,0,0,0,False,1,2500,10,0,0,1000766,0,36,70,37,1900,0,0,159,14,162,14,0,0,0,0,0,0,0,0,0,0,36,28,37,760,0,0,0,0,0,0,0,0,0,0,2008321,0,0,0,11008,5003,0,0,0,0,,0,/Game/Streaming/ArtAsset/UI/UIResource/UITexture/Common_Icon/Icon_Item_Equipment/icon_armor_LiquidCristalLowerGuard.icon_armor_LiquidCristalLowerGuard,,0,True,False,False,False,0,Protetor Inferior de Cristal Líquido,Protetor Inferior de Cristal Líquido
1000769,Item_Name_1000769,Item_Desc_1000769,False,1000769,True,True,True,[],4,2,1,2,13,20001,4,0,0,0,0,0,0,0,False,1,12500,30,0,0,1000769,0,36,75,37,2190,0,0,162,16,85,16,144,70,0,0,0,0,0,0,0,0,36,34,37,885,0,0,0,0,0,0,0,0,0,0,2001421,0,0,0,21001,0,0,0,0,0,,0,/Game/Streaming/ArtAsset/UI/UIResource/UITexture/Common_Icon/Icon_Item_Equipment/icon_armor_CutResistantLowerGuard.icon_armor_CutResistantLowerGuard,,0,True,False,False,False,0,Protetor Inferior Resistente a Cortes,Protetor Inferior Resistente a Cortes
1000770,Item_Name_1000770,Item_Desc_1000770,False,1000770,True,True,True,[],4,2,2,2,13,20001,4,0,0,0,0,0,0,0,False,1,12500,30,0,0,1000770,0,36,89,37,2520,0,0,105,16,162,24,144,100,0,0,0,0,0,0,0,0,36,36,37,968,0,0,0,0,0,0,0,0,0,0,2002421,0,0,0,21002,0,0,0,0,0,,0,/Game/Streaming/ArtAsset/UI/UIResource/UITexture/Common_Icon/Icon_Item_Equipment/icon_armor_AmorphousMetalLowerGuard.icon_armor_AmorphousMetalLowerGuard,,0,True,False,False,False,0,Protetor Inferior de Metal Amorfo,Protetor Inferior de Metal Amorfo
1000771,Item_Name_1000771,Item_Desc_1000771,False,1000771,True,True,True,[],4,2,3,2,13,20001,4,0,0,0,0,0,0,0,False,1,12500,30,0,0,1000771,0,36,105,37,3000,0,0,162,30,105,20,144,200,0,0,0,0,0,0,0,0,36,40,37,1088,0,0,0,0,0,0,0,0,0,0,2003421,0,0,0,21003,0,0,0,0,0,,0,/Game/Streaming/ArtAsset/UI/UIResource/UITexture/Common_Icon/Icon_Item_Equipment/icon_armor_SelfWeldingLowerGuard.icon_armor_SelfWeldingLowerGuard,,0,True,False,False,False,0,Protetor Inferior Autossoldável,Protetor Inferior Autossoldável
1000772,Item_Name_1000772,Item_Desc_1000772,False,1000772,True,True,True,[],4,2,4,2,13,20001,4,0,0,0,0,0,0,0,False,1,12500,30,0,0,1000772,0,36,126,37,3480,0,0,105,24,162,36,144,300,0,0,0,0,0,0,0,0,36,49,37,1200,0,0,0,0,0,0,0,0,0,0,2004421,0,0,0,21004,0,0,0,0,0,,0,/Game/Streaming/ArtAsset/UI/UIResource/UITexture/Common_Icon/Icon_Item_Equipment/icon_armor_PolymericMembraneLowerGuard.icon_armor_PolymericMembraneLowerGuard,,0,True,False,False,False,0,Protetor Inferior de Membrana Polimérica,Protetor Inferior de Membrana Polimérica
1000773,Item_Name_1000773,Item_Desc_1000773,False,1000773,True,True,True,[],4,2,5,2,13,20001,4,0,0,0,0,0,0,0,False,1,12500,30,0,0,1000773,0,36,150,37,3700,0,0,105,36,162,60,144,350,0,0,0,0,0,0,0,0,36,67,37,1650,0,0,0,0,0,0,0,0,0,0,2005421,0,0,0,21005,0,0,0,0,0,,0,/Game/Streaming/ArtAsset/UI/UIResource/UITexture/Common_Icon/Icon_Item_Equipment/icon_armor_ShockAbsorbingLowerGuard.icon_armor_ShockAbsorbingLowerGuard,,0,True,False,False,False,0,Protetor Inferior com Absorção de Impacto,Protetor Inferior com Absorção de Impacto
1000774,Item_Name_1000774,Item_Desc_1000774,False,1000774,True,True,True,[],4,2,6,2,13,20001,4,0,0,0,0,0,0,0,False,1,12500,30,0,0,1000774,0,36,165,37,3950,0,0,105,48,162,75,144,450,0,0,0,0,0,0,0,0,36,82,37,1800,0,0,0,0,0,0,0,0,0,0,2006421,0,0,0,0,0,0,0,0,0,,0,/Game/Streaming/ArtAsset/UI/UIResource/UITexture/Common_Icon/Icon_Item_Equipment/icon_armor_BioConjugationLowerGuard.icon_armor_BioConjugationLowerGuard,,0,True,False,False,False,0,Protetor Inferior de Fusão Biológica,Protetor Inferior de Fusão Biológica
1000796,Item_Name_1000796,Item_Desc_1000796,False,1000796,True,False,True,[],3,2,1,2,14,20001,5,0,0,0,0,0,0,0,False,1,2500,10,0,0,1000796,0,36,20,38,18,0,0,41,6,91,30,0,0,0,0,0,0,0,0,0,0,36,17,38,10,0,0,0,0,0,0,0,0,0,0,2001321,0,0,0,11001,5001,0,0,0,0,,0,/Game/Streaming/ArtAsset/UI/UIResource/UITexture/Common_Icon/Icon_Item_Equipment/icon_armor_AramidFiberArmGuard.icon_armor_AramidFiberArmGuard,,0,True,False,False,False,0,Protetor de Braço de Fibra de Aramida,Protetor de Braço de Fibra de Aramida
1000797,Item_Name_1000797,Item_Desc_1000797,False,1000797,True,False,True,[],3,2,2,2,14,20001,5,0,0,0,0,0,0,0,False,1,2500,10,0,0,1000797,0,36,25,38,21,0,0,79,6,91,30,0,0,0,0,0,0,0,0,0,0,36,17,38,11,0,0,0,0,0,0,0,0,0,0,2002321,0,0,0,11002,5001,0,0,0,0,,0,/Game/Streaming/ArtAsset/UI/UIResource/UITexture/Common_Icon/Icon_Item_Equipment/icon_armor_PolymerSilicaArmGuard.icon_armor_PolymerSilicaArmGuard,,0,True,False,False,False,0,Protetor de Braço de Sílica Polimérica,Protetor de Braço de Sílica Polimérica
1000798,Item_Name_1000798,Item_Desc_1000798,False,1000798,True,False,True,[],3,2,3,2,14,20001,5,0,0,0,0,0,0,0,False,1,2500,10,0,0,1000798,0,36,31,38,25,0,0,77,6,91,30,0,0,0,0,0,0,0,0,0,0,36,18,38,11,0,0,0,0,0,0,0,0,0,0,2003321,0,0,0,11003,5001,0,0,0,0,,0,/Game/Streaming/ArtAsset/UI/UIResource/UITexture/Common_Icon/Icon_Item_Equipment/icon_armor_EnhancedNitrileArmGuard.icon_armor_EnhancedNitrileArmGuard,,0,True,False,False,False,0,Protetor de Braço de Nitrilo Aprimorado,Protetor de Braço de Nitrilo Aprimorado
1000799,Item_Name_1000799,Item_Desc_1000799,False,1000799,True,False,True,[],3,2,4,2,14,20001,5,0,0,0,0,0,0,0,False,1,2500,10,0,0,1000799,0,36,38,38,30,0,0,75,6,91,30,0,0,0,0,0,0,0,0,0,0,36,19,38,12,0,0,0,0,0,0,0,0,0,0,2004321,0,0,0,11004,5001,0,0,0,0,,0,/Game/Streaming/ArtAsset/UI/UIResource/UITexture/Common_Icon/Icon_Item_Equipment/icon_armor_NanoCelluloseArmGuard.icon_armor_NanoCelluloseArmGuard,,0,True,False,False,False,0,Protetor de Braço de Nanocelulose,Protetor de Braço de Nanocelulose
1000800,Item_Name_1000800,Item_Desc_1000800,False,1000800,True,False,True,[],3,2,5,2,14,20001,5,0,0,0,0,0,0,0,False,1,2500,10,0,0,1000800,0,36,46,38,36,0,0,102,6,41,6,0,0,0,0,0,0,0,0,0,0,36,20,38,13,0,0,0,0,0,0,0,0,0,0,2005321,0,0,0,11005,5001,0,0,0,0,,0,/Game/Streaming/ArtAsset/UI/UIResource/UITexture/Common_Icon/Icon_Item_Equipment/icon_armor_LiquidPlasticArmGuard.icon_armor_LiquidPlasticArmGuard,,0,True,False,False,False,0,Protetor de Braço de Plástico Líquido,Protetor de Braço de Plástico Líquido
1000801,Item_Name_1000801,Item_Desc_1000801,False,1000801,True,False,True,[],3,2,6,2,14,20001,5,0,0,0,0,0,0,0,False,1,2500,10,0,0,1000801,0,36,55,38,43,0,0,81,200,41,6,0,0,0,0,0,0,0,0,0,0,36,22,38,14,0,0,0,0,0,0,0,0,0,0,2006321,0,0,0,11006,5002,0,0,0,0,,0,/Game/Streaming/ArtAsset/UI/UIResource/UITexture/Common_Icon/Icon_Item_Equipment/icon_armor_EnhancedLeatherArmGuard.icon_armor_EnhancedLeatherArmGuard,,0,True,False,False,False,0,Protetor de Braço de Couro Aprimorado,Protetor de Braço de Couro Aprimorado
1000802,Item_Name_1000802,Item_Desc_1000802,False,1000802,True,False,True,[],3,2,7,2,14,20001,5,0,0,0,0,0,0,0,False,1,2500,10,0,0,1000802,0,36,64,38,50,0,0,81,200,41,8,0,0,0,0,0,0,0,0,0,0,36,22,38,14,0,0,0,0,0,0,0,0,0,0,2007321,0,0,0,11007,5002,0,0,0,0,,0,/Game/Streaming/ArtAsset/UI/UIResource/UITexture/Common_Icon/Icon_Item_Equipment/icon_armor_CeramicCoatingArmGuard.icon_armor_CeramicCoatingArmGuard,,0,True,False,False,False,0,Protetor de Braço com Revestimento Cerâmico,Protetor de Braço com Revestimento Cerâmico
1000803,Item_Name_1000803,Item_Desc_1000803,False,1000803,True,False,True,[],3,2,8,2,14,20001,5,0,0,0,0,0,0,0,False,1,2500,10,0,0,1000803,0,36,67,38,55,0,0,102,14,41,14,0,0,0,0,0,0,0,0,0,0,36,26,38,22,0,0,0,0,0,0,0,0,0,0,2008321,0,0,0,11008,5003,0,0,0,0,,0,/Game/Streaming/ArtAsset/UI/UIResource/UITexture/Common_Icon/Icon_Item_Equipment/icon_armor_LiquidCristalArmGuard.icon_armor_LiquidCristalArmGuard,,0,True,False,False,False,0,Protetor de Braço de Cristal Líquido,Protetor de Braço de Cristal Líquido
1000806,Item_Name_1000806,Item_Desc_1000806,False,1000806,True,True,True,[],4,2,1,2,14,20001,5,0,0,0,0,0,0,0,False,1,12500,30,0,0,1000806,0,36,71,38,58,0,0,41,16,91,100,98,16,0,0,0,0,0,0,0,0,36,29,38,22,0,0,0,0,0,0,0,0,0,0,2001421,0,0,0,21001,0,0,0,0,0,,0,/Game/Streaming/ArtAsset/UI/UIResource/UITexture/Common_Icon/Icon_Item_Equipment/icon_armor_CutResistantArmGuard.icon_armor_CutResistantArmGuard,,0,True,False,False,False,0,Protetor de Braço Resistente a Cortes,Protetor de Braço Resistente a Cortes
1000807,Item_Name_1000807,Item_Desc_1000807,False,1000807,True,True,True,[],4,2,2,2,14,20001,5,0,0,0,0,0,0,0,False,1,12500,30,0,0,1000807,0,36,85,38,65,0,0,102,16,41,24,91,160,0,0,0,0,0,0,0,0,36,30,38,23,0,0,0,0,0,0,0,0,0,0,2002421,0,0,0,21002,0,0,0,0,0,,0,/Game/Streaming/ArtAsset/UI/UIResource/UITexture/Common_Icon/Icon_Item_Equipment/icon_armor_AmorphousMetalArmGuard.icon_armor_AmorphousMetalArmGuard,,0,True,False,False,False,0,Protetor de Braço de Metal Amorfo,Protetor de Braço de Metal Amorfo
1000808,Item_Name_1000808,Item_Desc_1000808,False,1000808,True,True,True,[],4,2,3,2,14,20001,5,0,0,0,0,0,0,0,False,1,12500,30,0,0,1000808,0,36,101,38,74,0,0,98,30,41,30,102,20,0,0,0,0,0,0,0,0,36,32,38,25,0,0,0,0,0,0,0,0,0,0,2003421,0,0,0,21003,0,0,0,0,0,,0,/Game/Streaming/ArtAsset/UI/UIResource/UITexture/Common_Icon/Icon_Item_Equipment/icon_armor_SelfWeldingArmGuard.icon_armor_SelfWeldingArmGuard,,0,True,False,False,False,0,Protetor de Braço Autossoldável,Protetor de Braço Autossoldável
1000809,Item_Name_1000809,Item_Desc_1000809,False,1000809,True,True,True,[],4,2,4,2,14,20001,5,0,0,0,0,0,0,0,False,1,12500,30,0,0,1000809,0,36,122,38,83,0,0,98,30,41,30,102,24,0,0,0,0,0,0,0,0,36,41,38,35,0,0,0,0,0,0,0,0,0,0,2004421,0,0,0,21004,0,0,0,0,0,,0,/Game/Streaming/ArtAsset/UI/UIResource/UITexture/Common_Icon/Icon_Item_Equipment/icon_armor_PolymericMembraneArmGuard.icon_armor_PolymericMembraneArmGuard,,0,True,False,False,False,0,Protetor de Braço de Membrana Polimérica,Protetor de Braço com Membrana de Polímero
1000810,Item_Name_1000810,Item_Desc_1000810,False,1000810,True,True,True,[],4,2,5,2,14,20001,5,0,0,0,0,0,0,0,False,1,12500,30,0,0,1000810,0,36,146,38,95,0,0,98,45,41,36,102,36,0,0,0,0,0,0,0,0,36,65,38,45,0,0,0,0,0,0,0,0,0,0,2005421,0,0,0,21005,0,0,0,0,0,,0,/Game/Streaming/ArtAsset/UI/UIResource/UITexture/Common_Icon/Icon_Item_Equipment/icon_armor_ShockAbsorbingArmGuard.icon_armor_ShockAbsorbingArmGuard,,0,True,False,False,False,0,Protetor de Braço com Absorção de Impacto,Protetor de Braço com Absorção de Impacto
1000811,Item_Name_1000811,Item_Desc_1000811,False,1000811,True,True,True,[],4,2,6,2,14,20001,5,0,0,0,0,0,0,0,False,1,12500,30,0,0,1000811,0,36,161,38,110,0,0,98,60,41,48,102,48,0,0,0,0,0,0,0,0,36,80,38,55,0,0,0,0,0,0,0,0,0,0,2006421,0,0,0,0,0,0,0,0,0,,0,/Game/Streaming/ArtAsset/UI/UIResource/UITexture/Common_Icon/Icon_Item_Equipment/icon_armor_BioConjugationArmGuard.icon_armor_BioConjugationArmGuard,,0,True,False,False,False,0,Protetor de Braço de Fusão Biológica,Protetor de Braço de Fusão Biológica
1000833,Item_Name_1000833,Item_Desc_1000833,False,1000833,True,False,True,[],3,2,1,2,15,20001,6,0,0,0,0,0,0,0,False,1,2500,10,0,0,1000833,0,36,20,40,18,0,0,37,240,85,8,0,0,0,0,0,0,0,0,0,0,36,17,40,10,0,0,0,0,0,0,0,0,0,0,2001321,0,0,0,11001,5001,0,0,0,0,,0,/Game/Streaming/ArtAsset/UI/UIResource/UITexture/Common_Icon/Icon_Item_Equipment/icon_armor_AramidFiberLegGuard.icon_armor_AramidFiberLegGuard,,0,True,False,False,False,0,Protetor de Perna de Fibra de Aramida,Protetor de Perna de Fibra de Aramida
1000834,Item_Name_1000834,Item_Desc_1000834,False,1000834,True,False,True,[],3,2,2,2,15,20001,6,0,0,0,0,0,0,0,False,1,2500,10,0,0,1000834,0,36,25,40,21,0,0,79,6,85,8,0,0,0,0,0,0,0,0,0,0,36,17,40,11,0,0,0,0,0,0,0,0,0,0,2002321,0,0,0,11002,5001,0,0,0,0,,0,/Game/Streaming/ArtAsset/UI/UIResource/UITexture/Common_Icon/Icon_Item_Equipment/icon_armor_PolymerSilicaLegGuard.icon_armor_PolymerSilicaLegGuard,,0,True,False,False,False,0,Protetor de Perna de Sílica Polimérica,Protetor de Perna de Sílica Polimérica
1000835,Item_Name_1000835,Item_Desc_1000835,False,1000835,True,False,True,[],3,2,3,2,15,20001,6,0,0,0,0,0,0,0,False,1,2500,10,0,0,1000835,0,36,31,40,25,0,0,77,6,85,8,0,0,0,0,0,0,0,0,0,0,36,18,40,11,0,0,0,0,0,0,0,0,0,0,2003321,0,0,0,11003,5001,0,0,0,0,,0,/Game/Streaming/ArtAsset/UI/UIResource/UITexture/Common_Icon/Icon_Item_Equipment/icon_armor_EnhancedNitrileLegGuard.icon_armor_EnhancedNitrileLegGuard,,0,True,False,False,False,0,Protetor de Perna de Nitrilo Aprimorado,Protetor de Perna de Nitrilo Aprimorado
1000836,Item_Name_1000836,Item_Desc_1000836,False,1000836,True,False,True,[],3,2,4,2,15,20001,6,0,0,0,0,0,0,0,False,1,2500,10,0,0,1000836,0,36,38,40,30,0,0,75,6,85,8,0,0,0,0,0,0,0,0,0,0,36,19,40,12,0,0,0,0,0,0,0,0,0,0,2004321,0,0,0,11004,5001,0,0,0,0,,0,/Game/Streaming/ArtAsset/UI/UIResource/UITexture/Common_Icon/Icon_Item_Equipment/icon_armor_NanoCelluloseLegGuard.icon_armor_NanoCelluloseLegGuard,,0,True,False,False,False,0,Protetor de Perna de Nanocelulose,Protetor de Perna de Nanocelulose
1000837,Item_Name_1000837,Item_Desc_1000837,False,1000837,True,False,True,[],3,2,5,2,15,20001,6,0,0,0,0,0,0,0,False,1,2500,10,0,0,1000837,0,36,46,40,36,0,0,80,100,85,12,0,0,0,0,0,0,0,0,0,0,36,20,40,13,0,0,0,0,0,0,0,0,0,0,2005321,0,0,0,11005,5001,0,0,0,0,,0,/Game/Streaming/ArtAsset/UI/UIResource/UITexture/Common_Icon/Icon_Item_Equipment/icon_armor_LiquidPlasticLegGuard.icon_armor_LiquidPlasticLegGuard,,0,True,False,False,False,0,Protetor de Perna de Plástico Líquido,Protetor de Perna de Plástico Líquido
1000838,Item_Name_1000838,Item_Desc_1000838,False,1000838,True,False,True,[],3,2,6,2,15,20001,6,0,0,0,0,0,0,0,False,1,2500,10,0,0,1000838,0,36,55,40,43,0,0,162,6,85,12,0,0,0,0,0,0,0,0,0,0,36,22,40,14,0,0,0,0,0,0,0,0,0,0,2006321,0,0,0,11006,5002,0,0,0,0,,0,/Game/Streaming/ArtAsset/UI/UIResource/UITexture/Common_Icon/Icon_Item_Equipment/icon_armor_EnhancedLeatherLegGuard.icon_armor_EnhancedLeatherLegGuard,,0,True,False,False,False,0,Protetor de Perna de Couro Aprimorado,Protetor de Perna de Couro Aprimorado
1000839,Item_Name_1000839,Item_Desc_1000839,False,1000839,True,False,True,[],3,2,7,2,15,20001,6,0,0,0,0,0,0,0,False,1,2500,10,0,0,1000839,0,36,64,40,50,0,0,80,100,85,14,0,0,0,0,0,0,0,0,0,0,36,22,40,14,0,0,0,0,0,0,0,0,0,0,2007321,0,0,0,11007,5002,0,0,0,0,,0,/Game/Streaming/ArtAsset/UI/UIResource/UITexture/Common_Icon/Icon_Item_Equipment/icon_armor_CeramicCoatingLegGuard.icon_armor_CeramicCoatingLegGuard,,0,True,False,False,False,0,Protetor de Perna com Revestimento Cerâmico,Protetor de Perna com Revestimento Cerâmico
1000840,Item_Name_1000840,Item_Desc_1000840,False,1000840,True,False,True,[],3,2,8,2,15,20001,6,0,0,0,0,0,0,0,False,1,2500,10,0,0,1000840,0,36,67,40,55,0,0,99,14,42,14,0,0,0,0,0,0,0,0,0,0,36,26,40,22,0,0,0,0,0,0,0,0,0,0,2008321,0,0,0,11008,5003,0,0,0,0,,0,/Game/Streaming/ArtAsset/UI/UIResource/UITexture/Common_Icon/Icon_Item_Equipment/icon_armor_LiquidCristalLegGuard.icon_armor_LiquidCristalLegGuard,,0,True,False,False,False,0,Protetor de Perna de Cristal Líquido,Protetor de Perna de Cristal Líquido
1000843,Item_Name_1000843,Item_Desc_1000843,False,1000843,True,True,True,[],4,2,1,2,15,20001,6,0,0,0,0,0,0,0,False,1,12500,30,0,0,1000843,0,36,71,40,58,0,0,37,480,85,12,99,16,0,0,0,0,0,0,0,0,36,29,40,22,0,0,0,0,0,0,0,0,0,0,2001421,0,0,0,21001,0,0,0,0,0,,0,/Game/Streaming/ArtAsset/UI/UIResource/UITexture/Common_Icon/Icon_Item_Equipment/icon_armor_CutResistantLegGuard.icon_armor_CutResistantLegGuard,,0,True,False,False,False,0,Protetor de Perna Resistente a Cortes,Protetor de Perna Resistente a Cortes
1000844,Item_Name_1000844,Item_Desc_1000844,False,1000844,True,True,True,[],4,2,2,2,15,20001,6,0,0,0,0,0,0,0,False,1,12500,30,0,0,1000844,0,36,85,40,65,0,0,162,24,37,600,85,16,0,0,0,0,0,0,0,0,36,30,40,23,0,0,0,0,0,0,0,0,0,0,2002421,0,0,0,21002,0,0,0,0,0,,0,/Game/Streaming/ArtAsset/UI/UIResource/UITexture/Common_Icon/Icon_Item_Equipment/icon_armor_AmorphousMetalLegGuard.icon_armor_AmorphousMetalLegGuard,,0,True,False,False,False,0,Protetor de Perna de Metal Amorfo,Protetor de Perna de Metal Amorfo
1000845,Item_Name_1000845,Item_Desc_1000845,False,1000845,True,True,True,[],4,2,3,2,15,20001,6,0,0,0,0,0,0,0,False,1,12500,30,0,0,1000845,0,36,101,40,74,0,0,162,30,99,30,85,20,0,0,0,0,0,0,0,0,36,32,40,25,0,0,0,0,0,0,0,0,0,0,2003421,0,0,0,21003,0,0,0,0,0,,0,/Game/Streaming/ArtAsset/UI/UIResource/UITexture/Common_Icon/Icon_Item_Equipment/icon_armor_SelfWeldingLegGuard.icon_armor_SelfWeldingLegGuard,,0,True,False,False,False,0,Protetor de Perna Autossoldável,Protetor de Perna Autossoldável
1000846,Item_Name_1000846,Item_Desc_1000846,False,1000846,True,True,True,[],4,2,4,2,15,20001,6,0,0,0,0,0,0,0,False,1,12500,30,0,0,1000846,0,36,122,40,83,0,0,162,36,42,30,85,24,0,0,0,0,0,0,0,0,36,41,40,35,0,0,0,0,0,0,0,0,0,0,2004421,0,0,0,21004,0,0,0,0,0,,0,/Game/Streaming/ArtAsset/UI/UIResource/UITexture/Common_Icon/Icon_Item_Equipment/icon_armor_PolymericMembraneLegGuard.icon_armor_PolymericMembraneLegGuard,,0,True,False,False,False,0,Protetor de Perna de Membrana Polimérica,Protetor de Perna de Membrana Polimérica
1000847,Item_Name_1000847,Item_Desc_1000847,False,1000847,True,True,True,[],4,2,5,2,15,20001,6,0,0,0,0,0,0,0,False,1,12500,30,0,0,1000847,0,36,146,40,95,0,0,99,45,42,36,85,48,0,0,0,0,0,0,0,0,36,65,40,45,0,0,0,0,0,0,0,0,0,0,2005421,0,0,0,21005,0,0,0,0,0,,0,/Game/Streaming/ArtAsset/UI/UIResource/UITexture/Common_Icon/Icon_Item_Equipment/icon_armor_ShockAbsorbingLegGuard.icon_armor_ShockAbsorbingLegGuard,,0,True,False,False,False,0,Protetor de Perna com Absorção de Impacto,Protetor de Perna com Absorção de Impacto
1000848,Item_Name_1000848,Item_Desc_1000848,False,1000848,True,True,True,[],4,2,6,2,15,20001,6,0,0,0,0,0,0,0,False,1,12500,30,0,0,1000848,0,36,161,40,110,0,0,99,60,42,48,85,72,0,0,0,0,0,0,0,0,36,80,40,55,0,0,0,0,0,0,0,0,0,0,2006421,0,0,0,0,0,0,0,0,0,,0,/Game/Streaming/ArtAsset/UI/UIResource/UITexture/Common_Icon/Icon_Item_Equipment/icon_armor_BioConjugationLegGuard.icon_armor_BioConjugationLegGuard,,0,True,False,False,False,0,Protetor de Perna de Fusão Biológica,Protetor de Perna de Fusão Biológica
1000864,Item_Name_1000864,Item_Desc_1000864,False,1000864,True,False,True,[],3,2,1,3,17,20001,7,0,0,0,0,0,0,0,False,1,2500,10,0,0,1000864,0,35,14,41,12,0,0,79,6,39,6,0,0,0,0,0,0,0,0,0,0,35,15,41,9,0,0,0,0,0,0,0,0,0,0,2001321,0,0,0,11001,5001,0,0,0,0,,0,/Game/Streaming/ArtAsset/UI/UIResource/UITexture/Common_Icon/Icon_Item_Equipment/icon_acc_FlexibleCircuitEarcuff.icon_acc_FlexibleCircuitEarcuff,,0,True,False,False,False,0,Brincos de Circuito Flexível,Brincos de Circuito Flexível
1000865,Item_Name_1000865,Item_Desc_1000865,False,1000865,True,False,True,[],3,2,2,3,17,20001,7,0,0,0,0,0,0,0,False,1,2500,10,0,0,1000865,0,35,19,41,15,0,0,77,6,39,6,0,0,0,0,0,0,0,0,0,0,35,16,41,10,0,0,0,0,0,0,0,0,0,0,2002321,0,0,0,11002,5001,0,0,0,0,,0,/Game/Streaming/ArtAsset/UI/UIResource/UITexture/Common_Icon/Icon_Item_Equipment/icon_acc_PolymerElectrodeEarcuff.icon_acc_PolymerElectrodeEarcuff,,0,True,False,False,False,0,Brincos de Eletrodo Polimérico,Brincos de Eletrodo Polimérico
1000866,Item_Name_1000866,Item_Desc_1000866,False,1000866,True,False,True,[],3,2,3,3,17,20001,7,0,0,0,0,0,0,0,False,1,2500,10,0,0,1000866,0,35,25,41,19,0,0,75,6,39,6,0,0,0,0,0,0,0,0,0,0,35,18,41,11,0,0,0,0,0,0,0,0,0,0,2003321,0,0,0,11003,5001,0,0,0,0,,0,/Game/Streaming/ArtAsset/UI/UIResource/UITexture/Common_Icon/Icon_Item_Equipment/icon_acc_SpiralGasketEarcuff.icon_acc_SpiralGasketEarcuff,,0,True,False,False,False,0,Brincos de Selo Helicoidal,Brincos de Selo Helicoidal
1000867,Item_Name_1000867,Item_Desc_1000867,False,1000867,True,False,True,[],3,2,4,3,17,20001,7,0,0,0,0,0,0,0,False,1,2500,10,0,0,1000867,0,35,32,41,24,0,0,147,8,159,8,0,0,0,0,0,0,0,0,0,0,35,19,41,12,0,0,0,0,0,0,0,0,0,0,2004321,0,0,0,11004,5001,0,0,0,0,,0,/Game/Streaming/ArtAsset/UI/UIResource/UITexture/Common_Icon/Icon_Item_Equipment/icon_acc_MicroModuleEarcuff.icon_acc_MicroModuleEarcuff,,0,True,False,False,False,0,Brincos de Micromódulo,Brincos de Micromódulo
1000868,Item_Name_1000868,Item_Desc_1000868,False,1000868,True,False,True,[],3,2,5,3,17,20001,7,0,0,0,0,0,0,0,False,1,2500,10,0,0,1000868,0,35,40,41,30,0,0,149,8,159,8,0,0,0,0,0,0,0,0,0,0,35,21,41,14,0,0,0,0,0,0,0,0,0,0,2005321,0,0,0,11005,5001,0,0,0,0,,0,/Game/Streaming/ArtAsset/UI/UIResource/UITexture/Common_Icon/Icon_Item_Equipment/icon_acc_Waper-ThinEarcuff.icon_acc_Waper-ThinEarcuff,,0,True,False,False,False,0,Brincos de Wafer Fino,Brincos de Wafer Fino
1000869,Item_Name_1000869,Item_Desc_1000869,False,1000869,True,False,True,[],3,2,6,3,17,20001,7,0,0,0,0,0,0,0,False,1,2500,10,0,0,1000869,0,35,49,41,37,0,0,147,10,115,200,0,0,0,0,0,0,0,0,0,0,35,24,41,16,0,0,0,0,0,0,0,0,0,0,2006321,0,0,0,11006,5002,0,0,0,0,,0,/Game/Streaming/ArtAsset/UI/UIResource/UITexture/Common_Icon/Icon_Item_Equipment/icon_acc_SolenoidCoileEarcuff.icon_acc_SolenoidCoileEarcuff,,0,True,False,False,False,0,Brincos de Bobina Solenoide,Brincos de Bobina Solenoide
1000870,Item_Name_1000870,Item_Desc_1000870,False,1000870,True,False,True,[],3,2,7,3,17,20001,7,0,0,0,0,0,0,0,False,1,2500,10,0,0,1000870,0,35,58,41,45,0,0,102,12,39,12,0,0,0,0,0,0,0,0,0,0,35,24,41,16,0,0,0,0,0,0,0,0,0,0,2007321,0,0,0,11007,5002,0,0,0,0,,0,/Game/Streaming/ArtAsset/UI/UIResource/UITexture/Common_Icon/Icon_Item_Equipment/icon_acc_AtomicCellEarcuff.icon_acc_AtomicCellEarcuff,,0,True,False,False,False,0,Brincos de Célula Atômica,Brincos de Célula Atômica
1000871,Item_Name_1000871,Item_Desc_1000871,False,1000871,True,True,True,[],4,2,1,3,17,20001,7,0,0,0,0,0,0,0,False,1,12500,30,0,0,1000871,0,35,65,41,52,0,0,159,12,102,12,39,12,0,0,0,0,0,0,0,0,35,31,41,24,0,0,0,0,0,0,0,0,0,0,2001421,0,0,0,21001,0,0,0,0,0,,0,/Game/Streaming/ArtAsset/UI/UIResource/UITexture/Common_Icon/Icon_Item_Equipment/icon_acc_IonTrapEarcuff.icon_acc_IonTrapEarcuff,,0,True,False,False,False,0,Brincos de Armadilha Iônica,Brincos de Armadilha Iônica
1000872,Item_Name_1000872,Item_Desc_1000872,False,1000872,True,True,True,[],4,2,2,3,17,20001,7,0,0,0,0,0,0,0,False,1,12500,30,0,0,1000872,0,35,79,41,59,0,0,102,18,39,18,93,6,0,0,0,0,0,0,0,0,35,34,41,26,0,0,0,0,0,0,0,0,0,0,2002421,0,0,0,21002,0,0,0,0,0,,0,/Game/Streaming/ArtAsset/UI/UIResource/UITexture/Common_Icon/Icon_Item_Equipment/icon_acc_QuantumComputingEarcuff.icon_acc_QuantumComputingEarcuff,,0,True,False,False,False,0,Brincos de Computação Quântica,Brincos de Computação Quântica
1000873,Item_Name_1000873,Item_Desc_1000873,False,1000873,True,True,True,[],4,2,3,3,17,20001,7,0,0,0,0,0,0,0,False,1,12500,30,0,0,1000873,0,35,95,41,68,0,0,159,24,39,24,93,8,0,0,0,0,0,0,0,0,35,37,41,28,0,0,0,0,0,0,0,0,0,0,2003421,0,0,0,21003,0,0,0,0,0,,0,/Game/Streaming/ArtAsset/UI/UIResource/UITexture/Common_Icon/Icon_Item_Equipment/icon_acc_BioSensorEarcuff.icon_acc_BioSensorEarcuff,,0,True,False,False,False,0,Brincos de Biossensor,Brincos de Biossensor
1000874,Item_Name_1000874,Item_Desc_1000874,False,1000874,True,True,True,[],4,2,4,3,17,20001,7,0,0,0,0,0,0,0,False,1,12500,30,0,0,1000874,0,35,116,41,76,0,0,39,24,102,24,93,8,0,0,0,0,0,0,0,0,35,47,41,35,0,0,0,0,0,0,0,0,0,0,2004421,0,0,0,21004,0,0,0,0,0,,0,/Game/Streaming/ArtAsset/UI/UIResource/UITexture/Common_Icon/Icon_Item_Equipment/icon_acc_IntelligentSystemEarcuff.icon_acc_IntelligentSystemEarcuff,,0,True,False,False,False,0,Brincos de Sistema Inteligente,Brincos de Sistema Inteligente
1000875,Item_Name_1000875,Item_Desc_1000875,False,1000875,True,True,True,[],4,2,5,3,17,20001,7,0,0,0,0,0,0,0,False,1,12500,30,0,0,1000875,0,35,138,41,89,0,0,39,38,102,38,93,13,0,0,0,0,0,0,0,0,35,63,41,45,0,0,0,0,0,0,0,0,0,0,2005421,0,0,0,21005,0,0,0,0,0,,0,/Game/Streaming/ArtAsset/UI/UIResource/UITexture/Common_Icon/Icon_Item_Equipment/icon_acc_ArcFurnaceEarcuff.icon_acc_ArcFurnaceEarcuff,,0,True,False,False,False,0,Brincos de Fornalha Arc,Brincos de Fornalha Arc
1000876,Item_Name_1000876,Item_Desc_1000876,False,1000876,True,True,True,[],4,2,6,3,17,20001,7,0,0,0,0,0,0,0,False,1,12500,30,0,0,1000876,0,35,153,41,104,0,0,39,54,102,54,93,24,0,0,0,0,0,0,0,0,35,78,41,55,0,0,0,0,0,0,0,0,0,0,2006421,0,0,0,0,0,0,0,0,0,,0,/Game/Streaming/ArtAsset/UI/UIResource/UITexture/Common_Icon/Icon_Item_Equipment/icon_acc_NeuralCircuitLinkEarcuff.icon_acc_NeuralCircuitLinkEarcuff,,0,True,False,False,False,0,Brincos de Link Neural de Circuito,Brincos de Link Neural de Circuito
1000892,Item_Name_1000892,Item_Desc_1000892,False,1000892,True,False,True,[],3,2,1,3,18,20001,8,0,0,0,0,0,0,0,False,1,2500,10,0,0,1000892,0,38,14,98,12,0,0,79,6,106,4,0,0,0,0,0,0,0,0,0,0,38,15,98,9,0,0,0,0,0,0,0,0,0,0,2001321,0,0,0,11001,5001,0,0,0,0,,0,/Game/Streaming/ArtAsset/UI/UIResource/UITexture/Common_Icon/Icon_Item_Equipment/icon_acc_FlexibleCircuitNecklace.icon_acc_FlexibleCircuitNecklace,,0,True,False,False,False,0,Colar de Circuito Flexível,Colar de Circuito Flexível
1000893,Item_Name_1000893,Item_Desc_1000893,False,1000893,True,False,True,[],3,2,2,3,18,20001,8,0,0,0,0,0,0,0,False,1,2500,10,0,0,1000893,0,38,19,98,15,0,0,77,6,106,4,0,0,0,0,0,0,0,0,0,0,38,16,98,10,0,0,0,0,0,0,0,0,0,0,2002321,0,0,0,11002,5001,0,0,0,0,,0,/Game/Streaming/ArtAsset/UI/UIResource/UITexture/Common_Icon/Icon_Item_Equipment/icon_acc_PolymerElectrodeNecklace.icon_acc_PolymerElectrodeNecklace,,0,True,False,False,False,0,Colar de Eletrodo Polimérico,Colar de Eletrodo Polimérico
1000894,Item_Name_1000894,Item_Desc_1000894,False,1000894,True,False,True,[],3,2,3,3,18,20001,8,0,0,0,0,0,0,0,False,1,2500,10,0,0,1000894,0,38,25,98,19,0,0,75,6,106,4,0,0,0,0,0,0,0,0,0,0,38,18,98,11,0,0,0,0,0,0,0,0,0,0,2003321,0,0,0,11003,5001,0,0,0,0,,0,/Game/Streaming/ArtAsset/UI/UIResource/UITexture/Common_Icon/Icon_Item_Equipment/icon_acc_SpiralGasketNecklace.icon_acc_SpiralGasketNecklace,,0,True,False,False,False,0,Colar de Selo Helicoidal,Colar de Selo Espiral
1000895,Item_Name_1000895,Item_Desc_1000895,False,1000895,True,False,True,[],3,2,4,3,18,20001,8,0,0,0,0,0,0,0,False,1,2500,10,0,0,1000895,0,38,32,98,24,0,0,41,8,33,4,0,0,0,0,0,0,0,0,0,0,38,19,98,12,0,0,0,0,0,0,0,0,0,0,2004321,0,0,0,11004,5001,0,0,0,0,,0,/Game/Streaming/ArtAsset/UI/UIResource/UITexture/Common_Icon/Icon_Item_Equipment/icon_acc_MicroModuleNecklace.icon_acc_MicroModuleNecklace,,0,True,False,False,False,0,Colar de Micromódulo,Colar de Micromódulo
1000896,Item_Name_1000896,Item_Desc_1000896,False,1000896,True,False,True,[],3,2,5,3,18,20001,8,0,0,0,0,0,0,0,False,1,2500,10,0,0,1000896,0,38,40,98,30,0,0,89,100,33,4,0,0,0,0,0,0,0,0,0,0,38,21,98,14,0,0,0,0,0,0,0,0,0,0,2005321,0,0,0,11005,5001,0,0,0,0,,0,/Game/Streaming/ArtAsset/UI/UIResource/UITexture/Common_Icon/Icon_Item_Equipment/icon_acc_Waper-ThinNecklace.icon_acc_Waper-ThinNecklace,,0,True,False,False,False,0,Colar de Wafer Fino,Colar Wafer Fino
1000897,Item_Name_1000897,Item_Desc_1000897,False,1000897,True,False,True,[],3,2,6,3,18,20001,8,0,0,0,0,0,0,0,False,1,2500,10,0,0,1000897,0,38,49,98,37,0,0,41,10,121,200,0,0,0,0,0,0,0,0,0,0,38,24,98,16,0,0,0,0,0,0,0,0,0,0,2006321,0,0,0,11006,5002,0,0,0,0,,0,/Game/Streaming/ArtAsset/UI/UIResource/UITexture/Common_Icon/Icon_Item_Equipment/icon_acc_SolenoidCoileNecklace.icon_acc_SolenoidCoileNecklace,,0,True,False,False,False,0,Colar de Bobina Solenoide,Colar de Bobina Solenoide
1000898,Item_Name_1000898,Item_Desc_1000898,False,1000898,True,False,True,[],3,2,7,3,18,20001,8,0,0,0,0,0,0,0,False,1,2500,10,0,0,1000898,0,38,58,98,45,0,0,89,200,33,12,0,0,0,0,0,0,0,0,0,0,38,24,98,16,0,0,0,0,0,0,0,0,0,0,2007321,0,0,0,11007,5002,0,0,0,0,,0,/Game/Streaming/ArtAsset/UI/UIResource/UITexture/Common_Icon/Icon_Item_Equipment/icon_acc_AtomicCellNecklace.icon_acc_AtomicCellNecklace,,0,True,False,False,False,0,Colar de Célula Atômica,Colar de Célula Atômica
1000899,Item_Name_1000899,Item_Desc_1000899,False,1000899,True,True,True,[],4,2,1,3,18,20001,8,0,0,0,0,0,0,0,False,1,12500,30,0,0,1000899,0,38,65,98,52,0,0,33,12,102,10,89,400,0,0,0,0,0,0,0,0,38,31,98,24,0,0,0,0,0,0,0,0,0,0,2001421,0,0,0,21001,0,0,0,0,0,,0,/Game/Streaming/ArtAsset/UI/UIResource/UITexture/Common_Icon/Icon_Item_Equipment/icon_acc_IonTrapNecklace.icon_acc_IonTrapNecklace,,0,True,False,False,False,0,Colar de Armadilha Iônica,Colar de Armadilha Iônica
1000900,Item_Name_1000900,Item_Desc_1000900,False,1000900,True,True,True,[],4,2,2,3,18,20001,8,0,0,0,0,0,0,0,False,1,12500,30,0,0,1000900,0,38,79,98,59,0,0,41,16,106,16,102,14,0,0,0,0,0,0,0,0,38,34,98,26,0,0,0,0,0,0,0,0,0,0,2002421,0,0,0,21002,0,0,0,0,0,,0,/Game/Streaming/ArtAsset/UI/UIResource/UITexture/Common_Icon/Icon_Item_Equipment/icon_acc_QuantumComputingNecklace.icon_acc_QuantumComputingNecklace,,0,True,False,False,False,0,Colar de Computação Quântica,Colar de Computação Quântica
1000901,Item_Name_1000901,Item_Desc_1000901,False,1000901,True,True,True,[],4,2,3,3,18,20001,8,0,0,0,0,0,0,0,False,1,12500,30,0,0,1000901,0,38,95,98,68,0,0,33,20,106,20,89,500,0,0,0,0,0,0,0,0,38,37,98,28,0,0,0,0,0,0,0,0,0,0,2003421,0,0,0,21003,0,0,0,0,0,,0,/Game/Streaming/ArtAsset/UI/UIResource/UITexture/Common_Icon/Icon_Item_Equipment/icon_acc_BioSensorNecklace.icon_acc_BioSensorNecklace,,0,True,False,False,False,0,Colar de Biossensor,Colar de Biossensor
1000902,Item_Name_1000902,Item_Desc_1000902,False,1000902,True,True,True,[],4,2,4,3,18,20001,8,0,0,0,0,0,0,0,False,1,12500,30,0,0,1000902,0,38,116,98,76,0,0,33,24,106,24,89,600,0,0,0,0,0,0,0,0,38,47,98,35,0,0,0,0,0,0,0,0,0,0,2004421,0,0,0,21004,0,0,0,0,0,,0,/Game/Streaming/ArtAsset/UI/UIResource/UITexture/Common_Icon/Icon_Item_Equipment/icon_acc_IntelligentSystemNecklace.icon_acc_IntelligentSystemNecklace,,0,True,False,False,False,0,Colar de Sistema Inteligente,Colar de Sistema Inteligente
1000903,Item_Name_1000903,Item_Desc_1000903,False,1000903,True,True,True,[],4,2,5,3,18,20001,8,0,0,0,0,0,0,0,False,1,12500,30,0,0,1000903,0,38,138,98,89,0,0,33,38,106,38,89,750,0,0,0,0,0,0,0,0,38,63,98,45,0,0,0,0,0,0,0,0,0,0,2005421,0,0,0,21005,0,0,0,0,0,,0,/Game/Streaming/ArtAsset/UI/UIResource/UITexture/Common_Icon/Icon_Item_Equipment/icon_acc_ArcFurnaceNecklace.icon_acc_ArcFurnaceNecklace,,0,True,False,False,False,0,Colar de Fornalha Arc,Colar de Fornalha Arc
1000904,Item_Name_1000904,Item_Desc_1000904,False,1000904,True,True,True,[],4,2,6,3,18,20001,8,0,0,0,0,0,0,0,False,1,12500,30,0,0,1000904,0,38,153,98,104,0,0,33,54,106,54,89,850,0,0,0,0,0,0,0,0,38,78,98,55,0,0,0,0,0,0,0,0,0,0,2006421,0,0,0,0,0,0,0,0,0,,0,/Game/Streaming/ArtAsset/UI/UIResource/UITexture/Common_Icon/Icon_Item_Equipment/icon_acc_NeuralCircuitLinkNecklace.icon_acc_NeuralCircuitLinkNecklace,,0,True,False,False,False,0,Colar de Link Neural de Circuito,Colar de Link Neural de Circuito
1000920,Item_Name_1000920,Item_Desc_1000920,False,1000920,True,False,True,[],3,2,1,3,19,20001,9,0,0,0,0,0,0,0,False,1,2500,10,0,0,1000920,0,36,14,42,12,0,0,78,6,85,12,0,0,0,0,0,0,0,0,0,0,36,15,42,9,0,0,0,0,0,0,0,0,0,0,2001321,0,0,0,11001,5001,0,0,0,0,,0,/Game/Streaming/ArtAsset/UI/UIResource/UITexture/Common_Icon/Icon_Item_Equipment/icon_acc_FlexibleCircuitBangle.icon_acc_FlexibleCircuitBangle,,0,True,False,False,False,0,Bracelete de Circuito Flexível,Bracelete de Circuito Flexível
1000921,Item_Name_1000921,Item_Desc_1000921,False,1000921,True,False,True,[],3,2,2,3,19,20001,9,0,0,0,0,0,0,0,False,1,2500,10,0,0,1000921,0,36,19,42,15,0,0,76,6,85,12,0,0,0,0,0,0,0,0,0,0,36,16,42,10,0,0,0,0,0,0,0,0,0,0,2002321,0,0,0,11002,5001,0,0,0,0,,0,/Game/Streaming/ArtAsset/UI/UIResource/UITexture/Common_Icon/Icon_Item_Equipment/icon_acc_PolymerElectrodeBangle.icon_acc_PolymerElectrodeBangle,,0,True,False,False,False,0,Bracelete de Eletrodo Polimérico,Bracelete de Eletrodo Polimérico
1000922,Item_Name_1000922,Item_Desc_1000922,False,1000922,True,False,True,[],3,2,3,3,19,20001,9,0,0,0,0,0,0,0,False,1,2500,10,0,0,1000922,0,36,25,42,19,0,0,74,6,85,12,0,0,0,0,0,0,0,0,0,0,36,18,42,11,0,0,0,0,0,0,0,0,0,0,2003321,0,0,0,11003,5001,0,0,0,0,,0,/Game/Streaming/ArtAsset/UI/UIResource/UITexture/Common_Icon/Icon_Item_Equipment/icon_acc_SpiralGasketBangle.icon_acc_SpiralGasketBangle,,0,True,False,False,False,0,Bracelete de Selo Helicoidal,Bracelete de Selo Helicoidal
1000923,Item_Name_1000923,Item_Desc_1000923,False,1000923,True,False,True,[],3,2,4,3,19,20001,9,0,0,0,0,0,0,0,False,1,2500,10,0,0,1000923,0,36,32,42,24,0,0,148,8,162,8,0,0,0,0,0,0,0,0,0,0,36,19,42,12,0,0,0,0,0,0,0,0,0,0,2004321,0,0,0,11004,5001,0,0,0,0,,0,/Game/Streaming/ArtAsset/UI/UIResource/UITexture/Common_Icon/Icon_Item_Equipment/icon_acc_MicroModuleBangle.icon_acc_MicroModuleBangle,,0,True,False,False,False,0,Bracelete de Micromódulo,Bracelete de Micromódulo
1000924,Item_Name_1000924,Item_Desc_1000924,False,1000924,True,False,True,[],3,2,5,3,19,20001,9,0,0,0,0,0,0,0,False,1,2500,10,0,0,1000924,0,36,40,42,30,0,0,150,8,162,8,0,0,0,0,0,0,0,0,0,0,36,21,42,14,0,0,0,0,0,0,0,0,0,0,2005321,0,0,0,11005,5001,0,0,0,0,,0,/Game/Streaming/ArtAsset/UI/UIResource/UITexture/Common_Icon/Icon_Item_Equipment/icon_acc_Waper-ThinBangle.icon_acc_Waper-ThinBangle,,0,True,False,False,False,0,Bracelete de Wafer Fino,Bracelete Wafer Fino
1000925,Item_Name_1000925,Item_Desc_1000925,False,1000925,True,False,True,[],3,2,6,3,19,20001,9,0,0,0,0,0,0,0,False,1,2500,10,0,0,1000925,0,36,49,42,37,0,0,148,10,126,200,0,0,0,0,0,0,0,0,0,0,36,24,42,16,0,0,0,0,0,0,0,0,0,0,2006321,0,0,0,11006,5002,0,0,0,0,,0,/Game/Streaming/ArtAsset/UI/UIResource/UITexture/Common_Icon/Icon_Item_Equipment/icon_acc_SolenoidCoileBangle.icon_acc_SolenoidCoileBangle,,0,True,False,False,False,0,Bracelete de Bobina Solenoide,Bracelete de Bobina Solenoide
1000926,Item_Name_1000926,Item_Desc_1000926,False,1000926,True,False,True,[],3,2,7,3,19,20001,9,0,0,0,0,0,0,0,False,1,2500,10,0,0,1000926,0,36,58,42,45,0,0,105,12,162,12,0,0,0,0,0,0,0,0,0,0,36,24,42,16,0,0,0,0,0,0,0,0,0,0,2007321,0,0,0,11007,5002,0,0,0,0,,0,/Game/Streaming/ArtAsset/UI/UIResource/UITexture/Common_Icon/Icon_Item_Equipment/icon_acc_AtomicCellBangle.icon_acc_AtomicCellBangle,,0,True,False,False,False,0,Bracelete de Célula Atômica,Bracelete de Célula Atômica
1000927,Item_Name_1000927,Item_Desc_1000927,False,1000927,True,True,True,[],4,2,1,3,19,20001,9,0,0,0,0,0,0,0,False,1,12500,30,0,0,1000927,0,36,65,42,52,0,0,162,16,85,12,83,8,0,0,0,0,0,0,0,0,36,31,42,24,0,0,0,0,0,0,0,0,0,0,2001421,0,0,0,21001,0,0,0,0,0,,0,/Game/Streaming/ArtAsset/UI/UIResource/UITexture/Common_Icon/Icon_Item_Equipment/icon_acc_IonTrapBangle.icon_acc_IonTrapBangle,,0,True,False,False,False,0,Bracelete de Armadilha Iônica,Bracelete de Armadilha Iônica
1000928,Item_Name_1000928,Item_Desc_1000928,False,1000928,True,True,True,[],4,2,2,3,19,20001,9,0,0,0,0,0,0,0,False,1,12500,30,0,0,1000928,0,36,79,42,59,0,0,105,16,144,100,85,16,0,0,0,0,0,0,0,0,36,34,42,26,0,0,0,0,0,0,0,0,0,0,2002421,0,0,0,21002,0,0,0,0,0,,0,/Game/Streaming/ArtAsset/UI/UIResource/UITexture/Common_Icon/Icon_Item_Equipment/icon_acc_QuantumComputingBangle.icon_acc_QuantumComputingBangle,,0,True,False,False,False,0,Bracelete de Computação Quântica,Bracelete de Computação Quântica
1000929,Item_Name_1000929,Item_Desc_1000929,False,1000929,True,True,True,[],4,2,3,3,19,20001,9,0,0,0,0,0,0,0,False,1,12500,30,0,0,1000929,0,36,95,42,68,0,0,162,30,105,20,83,10,0,0,0,0,0,0,0,0,36,37,42,28,0,0,0,0,0,0,0,0,0,0,2003421,0,0,0,21003,0,0,0,0,0,,0,/Game/Streaming/ArtAsset/UI/UIResource/UITexture/Common_Icon/Icon_Item_Equipment/icon_acc_BioSensorBangle.icon_acc_BioSensorBangle,,0,True,False,False,False,0,Bracelete de Biossensor,Bracelete de Biossensor
1000930,Item_Name_1000930,Item_Desc_1000930,False,1000930,True,True,True,[],4,2,4,3,19,20001,9,0,0,0,0,0,0,0,False,1,12500,30,0,0,1000930,0,36,116,42,76,0,0,162,34,85,24,83,12,0,0,0,0,0,0,0,0,36,47,42,35,0,0,0,0,0,0,0,0,0,0,2004421,0,0,0,21004,0,0,0,0,0,,0,/Game/Streaming/ArtAsset/UI/UIResource/UITexture/Common_Icon/Icon_Item_Equipment/icon_acc_IntelligentSystemBangle.icon_acc_IntelligentSystemBangle,,0,True,False,False,False,0,Bracelete de Sistema Inteligente,Bracelete de Sistema Inteligente
1000931,Item_Name_1000931,Item_Desc_1000931,False,1000931,True,True,True,[],4,2,5,3,19,20001,9,0,0,0,0,0,0,0,False,1,12500,30,0,0,1000931,0,36,138,42,89,0,0,162,38,85,38,83,24,0,0,0,0,0,0,0,0,36,63,42,45,0,0,0,0,0,0,0,0,0,0,2005421,0,0,0,21005,0,0,0,0,0,,0,/Game/Streaming/ArtAsset/UI/UIResource/UITexture/Common_Icon/Icon_Item_Equipment/icon_acc_ArcFurnaceBangle.icon_acc_ArcFurnaceBangle,,0,True,False,False,False,0,Bracelete de Fornalha Arc,Bracelete de Fornalha Arc
1000932,Item_Name_1000932,Item_Desc_1000932,False,1000932,True,True,True,[],4,2,6,3,19,20001,9,0,0,0,0,0,0,0,False,1,12500,30,0,0,1000932,0,36,153,42,104,0,0,162,54,85,54,83,36,0,0,0,0,0,0,0,0,36,78,42,55,0,0,0,0,0,0,0,0,0,0,2006421,0,0,0,0,0,0,0,0,0,,0,/Game/Streaming/ArtAsset/UI/UIResource/UITexture/Common_Icon/Icon_Item_Equipment/icon_acc_NeuralCircuitLinkBangle.icon_acc_NeuralCircuitLinkBangle,,0,True,False,False,False,0,Bracelete de Link Neural de Circuito,Bracelete de Link Neural de Circuito
1000948,Item_Name_1000948,Item_Desc_1000948,False,1000948,True,False,True,[],3,2,1,3,20,20001,10,0,0,0,0,0,0,0,False,1,2500,10,0,0,1000948,0,40,14,99,12,0,0,78,6,36,6,0,0,0,0,0,0,0,0,0,0,40,15,99,9,0,0,0,0,0,0,0,0,0,0,2001321,0,0,0,11001,5001,0,0,0,0,,0,/Game/Streaming/ArtAsset/UI/UIResource/UITexture/Common_Icon/Icon_Item_Equipment/icon_acc_FlexibleCircuitRing.icon_acc_FlexibleCircuitRing,,0,True,False,False,False,0,Anel de Circuito Flexível,Anel de Circuito Flexível
1000949,Item_Name_1000949,Item_Desc_1000949,False,1000949,True,False,True,[],3,2,2,3,20,20001,10,0,0,0,0,0,0,0,False,1,2500,10,0,0,1000949,0,40,19,99,15,0,0,76,6,36,6,0,0,0,0,0,0,0,0,0,0,40,16,99,10,0,0,0,0,0,0,0,0,0,0,2002321,0,0,0,11002,5001,0,0,0,0,,0,/Game/Streaming/ArtAsset/UI/UIResource/UITexture/Common_Icon/Icon_Item_Equipment/icon_acc_PolymerElectrodeRing.icon_acc_PolymerElectrodeRing,,0,True,False,False,False,0,Anel de Eletrodo Polimérico,Anel de Eletrodo Polimérico
1000950,Item_Name_1000950,Item_Desc_1000950,False,1000950,True,False,True,[],3,2,3,3,20,20001,10,0,0,0,0,0,0,0,False,1,2500,10,0,0,1000950,0,40,25,99,19,0,0,74,6,36,6,0,0,0,0,0,0,0,0,0,0,40,18,99,11,0,0,0,0,0,0,0,0,0,0,2003321,0,0,0,11003,5001,0,0,0,0,,0,/Game/Streaming/ArtAsset/UI/UIResource/UITexture/Common_Icon/Icon_Item_Equipment/icon_acc_SpiralGasketRing.icon_acc_SpiralGasketRing,,0,True,False,False,False,0,Anel de Selo Helicoidal,Anel de Selo Espiral
1000951,Item_Name_1000951,Item_Desc_1000951,False,1000951,True,False,True,[],3,2,4,3,20,20001,10,0,0,0,0,0,0,0,False,1,2500,10,0,0,1000951,0,40,32,99,24,0,0,42,8,95,4,0,0,0,0,0,0,0,0,0,0,40,19,99,12,0,0,0,0,0,0,0,0,0,0,2004321,0,0,0,11004,5001,0,0,0,0,,0,/Game/Streaming/ArtAsset/UI/UIResource/UITexture/Common_Icon/Icon_Item_Equipment/icon_acc_MicroModuleRing.icon_acc_MicroModuleRing,,0,True,False,False,False,0,Anel de Micromódulo,Anel de Micromódulo
1000952,Item_Name_1000952,Item_Desc_1000952,False,1000952,True,False,True,[],3,2,5,3,20,20001,10,0,0,0,0,0,0,0,False,1,2500,10,0,0,1000952,0,40,40,99,30,0,0,90,100,95,4,0,0,0,0,0,0,0,0,0,0,40,21,99,14,0,0,0,0,0,0,0,0,0,0,2005321,0,0,0,11005,5001,0,0,0,0,,0,/Game/Streaming/ArtAsset/UI/UIResource/UITexture/Common_Icon/Icon_Item_Equipment/icon_acc_Waper-ThinRing.icon_acc_Waper-ThinRing,,0,True,False,False,False,0,Anel de Wafer Fino,Anel Wafer Fino
1000953,Item_Name_1000953,Item_Desc_1000953,False,1000953,True,False,True,[],3,2,6,3,20,20001,10,0,0,0,0,0,0,0,False,1,2500,10,0,0,1000953,0,40,49,99,37,0,0,42,10,132,200,0,0,0,0,0,0,0,0,0,0,40,24,99,16,0,0,0,0,0,0,0,0,0,0,2006321,0,0,0,11006,5002,0,0,0,0,,0,/Game/Streaming/ArtAsset/UI/UIResource/UITexture/Common_Icon/Icon_Item_Equipment/icon_acc_SolenoidCoileRing.icon_acc_SolenoidCoileRing,,0,True,False,False,False,0,Anel de Bobina Solenoide,Anel de Bobina Solenoide
1000954,Item_Name_1000954,Item_Desc_1000954,False,1000954,True,False,True,[],3,2,7,3,20,20001,10,0,0,0,0,0,0,0,False,1,2500,10,0,0,1000954,0,40,58,99,45,0,0,90,200,36,12,0,0,0,0,0,0,0,0,0,0,40,24,99,16,0,0,0,0,0,0,0,0,0,0,2007321,0,0,0,11007,5002,0,0,0,0,,0,/Game/Streaming/ArtAsset/UI/UIResource/UITexture/Common_Icon/Icon_Item_Equipment/icon_acc_AtomicCellRing.icon_acc_AtomicCellRing,,0,True,False,False,False,0,Anel de Célula Atômica,Anel de Célula Atômica
1000955,Item_Name_1000955,Item_Desc_1000955,False,1000955,True,True,True,[],4,2,1,3,20,20001,10,0,0,0,0,0,0,0,False,1,12500,30,0,0,1000955,0,40,65,99,52,0,0,95,12,105,10,90,400,0,0,0,0,0,0,0,0,40,31,99,24,0,0,0,0,0,0,0,0,0,0,2001421,0,0,0,21001,0,0,0,0,0,,0,/Game/Streaming/ArtAsset/UI/UIResource/UITexture/Common_Icon/Icon_Item_Equipment/icon_acc_IonTrapRing.icon_acc_IonTrapRing,,0,True,False,False,False,0,Anel de Armadilha Iônica,Anel de Armadilha Iônica
1000956,Item_Name_1000956,Item_Desc_1000956,False,1000956,True,True,True,[],4,2,2,3,20,20001,10,0,0,0,0,0,0,0,False,1,12500,30,0,0,1000956,0,40,79,99,59,0,0,42,16,36,16,105,14,0,0,0,0,0,0,0,0,40,34,99,26,0,0,0,0,0,0,0,0,0,0,2002421,0,0,0,21002,0,0,0,0,0,,0,/Game/Streaming/ArtAsset/UI/UIResource/UITexture/Common_Icon/Icon_Item_Equipment/icon_acc_QuantumComputingRing.icon_acc_QuantumComputingRing,,0,True,False,False,False,0,Anel de Computação Quântica,Anel de Computação Quântica
1000957,Item_Name_1000957,Item_Desc_1000957,False,1000957,True,True,True,[],4,2,3,3,20,20001,10,0,0,0,0,0,0,0,False,1,12500,30,0,0,1000957,0,40,95,99,68,0,0,95,20,36,20,90,500,0,0,0,0,0,0,0,0,40,37,99,28,0,0,0,0,0,0,0,0,0,0,2003421,0,0,0,21003,0,0,0,0,0,,0,/Game/Streaming/ArtAsset/UI/UIResource/UITexture/Common_Icon/Icon_Item_Equipment/icon_acc_BioSensorRing.icon_acc_BioSensorRing,,0,True,False,False,False,0,Anel de Biossensor,Anel de Biossensor
1000958,Item_Name_1000958,Item_Desc_1000958,False,1000958,True,True,True,[],4,2,4,3,20,20001,10,0,0,0,0,0,0,0,False,1,12500,30,0,0,1000958,0,40,116,99,76,0,0,36,24,95,24,90,600,0,0,0,0,0,0,0,0,40,47,99,35,0,0,0,0,0,0,0,0,0,0,2004421,0,0,0,21004,0,0,0,0,0,,0,/Game/Streaming/ArtAsset/UI/UIResource/UITexture/Common_Icon/Icon_Item_Equipment/icon_acc_IntelligentSystemRing.icon_acc_IntelligentSystemRing,,0,True,False,False,False,0,Anel de Sistema Inteligente,Anel de Sistema Inteligente
1000959,Item_Name_1000959,Item_Desc_1000959,False,1000959,True,True,True,[],4,2,5,3,20,20001,10,0,0,0,0,0,0,0,False,1,12500,30,0,0,1000959,0,40,138,99,89,0,0,36,38,95,38,90,750,0,0,0,0,0,0,0,0,40,63,99,45,0,0,0,0,0,0,0,0,0,0,2005421,0,0,0,21005,0,0,0,0,0,,0,/Game/Streaming/ArtAsset/UI/UIResource/UITexture/Common_Icon/Icon_Item_Equipment/icon_acc_ArcFurnaceRing.icon_acc_ArcFurnaceRing,,0,True,False,False,False,0,Anel de Fornalha Arc,Anel de Fornalha Arc
1000960,Item_Name_1000960,Item_Desc_1000960,False,1000960,True,True,True,[],4,2,6,3,20,20001,10,0,0,0,0,0,0,0,False,1,12500,30,0,0,1000960,0,40,153,99,104,0,0,36,54,95,54,90,850,0,0,0,0,0,0,0,0,40,78,99,55,0,0,0,0,0,0,0,0,0,0,2006421,0,0,0,0,0,0,0,0,0,,0,/Game/Streaming/ArtAsset/UI/UIResource/UITexture/Common_Icon/Icon_Item_Equipment/icon_acc_NeuralCircuitLinkRing.icon_acc_NeuralCircuitLinkRing,,0,True,False,False,False,0,Anel de Link Neural de Circuito,Anel de Link Neural de Circuito
1001929,Item_Name_1001929,Item_Desc_1001929,False,1001929,True,False,True,[],3,1,8,3,17,20001,7,0,0,0,0,0,0,0,False,1,2500,10,0,0,1001929,0,35,62,41,48,0,0,102,14,39,14,0,0,0,0,0,0,0,0,0,0,0,0,0,0,0,0,0,0,0,0,0,0,0,0,2008311,0,1008,1001933,10008,4003,0,0,0,0,,0,/Game/Streaming/ArtAsset/UI/UIResource/UITexture/Common_Icon/Icon_Item_Equipment/icon_acc_OpticalProjectionEarcuff.icon_acc_OpticalProjectionEarcuff,,0,True,False,False,False,0,Brincos de Célula de Projeção Óptica,
1001930,Item_Name_1001930,Item_Desc_1001930,False,1001930,True,False,True,[],3,1,8,3,18,20001,8,0,0,0,0,0,0,0,False,1,2500,10,0,0,1001930,0,38,62,98,48,0,0,89,200,33,14,0,0,0,0,0,0,0,0,0,0,0,0,0,0,0,0,0,0,0,0,0,0,0,0,2008311,0,1008,1001934,10008,4003,0,0,0,0,,0,/Game/Streaming/ArtAsset/UI/UIResource/UITexture/Common_Icon/Icon_Item_Equipment/icon_acc_OpticalProjectionNecklace.icon_acc_OpticalProjectionNecklace,,0,True,False,False,False,0,Colar de Célula de Projeção Óptica,
1001931,Item_Name_1001931,Item_Desc_1001931,False,1001931,True,False,True,[],3,1,8,3,19,20001,9,0,0,0,0,0,0,0,False,1,2500,10,0,0,1001931,0,36,62,42,48,0,0,105,14,162,14,0,0,0,0,0,0,0,0,0,0,0,0,0,0,0,0,0,0,0,0,0,0,0,0,2008311,0,1008,1001935,10008,4003,0,0,0,0,,0,/Game/Streaming/ArtAsset/UI/UIResource/UITexture/Common_Icon/Icon_Item_Equipment/icon_acc_OpticalProjectionBangle.icon_acc_OpticalProjectionBangle,,0,True,False,False,False,0,Bracelete de Célula de Projeção Óptica,
1001932,Item_Name_1001932,Item_Desc_1001932,False,1001932,True,False,True,[],3,1,8,3,20,20001,10,0,0,0,0,0,0,0,False,1,2500,10,0,0,1001932,0,40,62,99,48,0,0,90,200,36,14,0,0,0,0,0,0,0,0,0,0,0,0,0,0,0,0,0,0,0,0,0,0,0,0,2008311,0,1008,1001936,10008,4003,0,0,0,0,,0,/Game/Streaming/ArtAsset/UI/UIResource/UITexture/Common_Icon/Icon_Item_Equipment/icon_acc_OpticalProjectionRing.icon_acc_OpticalProjectionRing,,0,True,False,False,False,0,Anel de Célula de Projeção Óptica,
1001933,Item_Name_1001929,Item_Desc_1001929,False,1001933,True,False,True,[],3,2,8,3,17,20001,7,0,0,0,0,0,0,0,False,1,2500,10,0,0,1001933,0,35,62,41,48,0,0,102,14,39,14,0,0,0,0,0,0,0,0,0,0,35,24,41,19,0,0,0,0,0,0,0,0,0,0,2008321,0,0,0,11008,5003,0,0,0,0,,0,/Game/Streaming/ArtAsset/UI/UIResource/UITexture/Common_Icon/Icon_Item_Equipment/icon_acc_OpticalProjectionEarcuff.icon_acc_OpticalProjectionEarcuff,,0,True,False,False,False,0,Brincos de Célula de Projeção Óptica,
1001934,Item_Name_1001930,Item_Desc_1001930,False,1001934,True,False,True,[],3,2,8,3,18,20001,8,0,0,0,0,0,0,0,False,1,2500,10,0,0,1001934,0,38,62,98,48,0,0,89,200,33,14,0,0,0,0,0,0,0,0,0,0,38,24,98,19,0,0,0,0,0,0,0,0,0,0,2008321,0,0,0,11008,5003,0,0,0,0,,0,/Game/Streaming/ArtAsset/UI/UIResource/UITexture/Common_Icon/Icon_Item_Equipment/icon_acc_OpticalProjectionNecklace.icon_acc_OpticalProjectionNecklace,,0,True,False,False,False,0,Colar de Célula de Projeção Óptica,
1001935,Item_Name_1001931,Item_Desc_1001931,False,1001935,True,False,True,[],3,2,8,3,19,20001,9,0,0,0,0,0,0,0,False,1,2500,10,0,0,1001935,0,36,62,42,48,0,0,105,14,162,14,0,0,0,0,0,0,0,0,0,0,36,24,42,19,0,0,0,0,0,0,0,0,0,0,2008321,0,0,0,11008,5003,0,0,0,0,,0,/Game/Streaming/ArtAsset/UI/UIResource/UITexture/Common_Icon/Icon_Item_Equipment/icon_acc_OpticalProjectionBangle.icon_acc_OpticalProjectionBangle,,0,True,False,False,False,0,Bracelete de Célula de Projeção Óptica,
1001936,Item_Name_1001932,Item_Desc_1001932,False,1001936,True,False,True,[],3,2,8,3,20,20001,10,0,0,0,0,0,0,0,False,1,2500,10,0,0,1001936,0,40,62,99,48,0,0,90,200,36,14,0,0,0,0,0,0,0,0,0,0,40,24,99,19,0,0,0,0,0,0,0,0,0,0,2008321,0,0,0,11008,5003,0,0,0,0,,0,/Game/Streaming/ArtAsset/UI/UIResource/UITexture/Common_Icon/Icon_Item_Equipment/icon_acc_OpticalProjectionRing.icon_acc_OpticalProjectionRing,,0,True,False,False,False,0,Anel de Célula de Projeção Óptica,
1002001,Item_Name_1002001,Item_Desc_1002001,False,1002001,True,False,True,[],3,1,5,4,23,20001,15,0,0,0,0,0,0,0,False,1,2500,10,0,0,1002001,0,33,37,37,555,0,0,98,10,0,0,0,0,0,0,0,0,0,0,0,0,0,0,0,0,0,0,0,0,0,0,0,0,0,0,2100311,0,1005,1002003,30005,4001,0,0,0,0,,0,/Game/Streaming/ArtAsset/UI/UIResource/UITexture/Common_Icon/Icon_Item/icon_SpecialEquipment_GravikinesisThruster.icon_SpecialEquipment_GravikinesisThruster,,0,True,False,False,False,0,Propulsor de Foguete,Equipamento de Expansão Exclusivo de Planeta Exterior
1002003,Item_Name_1002001,Item_Desc_1002001,False,1002003,True,False,True,[],3,2,5,4,23,20001,15,0,0,0,0,0,0,0,False,1,2500,10,0,0,1002001,0,33,37,37,555,0,0,98,10,0,0,0,0,0,0,0,0,0,0,0,0,33,20,37,300,0,0,0,0,0,0,0,0,0,0,2100321,0,0,0,31005,5001,0,0,0,0,,0,/Game/Streaming/ArtAsset/UI/UIResource/UITexture/Common_Icon/Icon_Item/icon_SpecialEquipment_GravikinesisThruster.icon_SpecialEquipment_GravikinesisThruster,,0,True,False,False,False,0,Propulsor de Foguete,Equipamento de Expansão Exclusivo de Planeta Exterior
1002005,Item_Name_1002005,Item_Desc_1002005,False,1002005,True,False,True,[],3,1,5,4,24,20001,17,0,0,0,0,0,0,0,False,1,2500,10,0,0,1002005,0,36,37,38,24,0,0,105,20,0,0,0,0,0,0,0,0,0,0,0,0,0,0,0,0,0,0,0,0,0,0,0,0,0,0,2100311,0,1005,1002007,30005,4001,0,0,0,0,,0,/Game/Streaming/ArtAsset/UI/UIResource/UITexture/Common_Icon/Icon_Item/icon_SpecialEquipment_BasicStargazer.icon_SpecialEquipment_BasicStargazer,,0,True,False,False,False,0,Stargazer Padrão,
1002007,Item_Name_1002005,Item_Desc_1002005,False,1002007,True,False,True,[],3,2,5,4,24,20001,17,0,0,0,0,0,0,0,False,1,2500,10,0,0,1002005,0,36,37,38,24,0,0,105,20,0,0,0,0,0,0,0,0,0,0,0,0,36,20,38,13,0,0,0,0,0,0,0,0,0,0,2100321,0,0,0,31005,5001,0,0,0,0,,0,/Game/Streaming/ArtAsset/UI/UIResource/UITexture/Common_Icon/Icon_Item/icon_SpecialEquipment_BasicStargazer.icon_SpecialEquipment_BasicStargazer,,0,True,False,False,False,0,Stargazer Padrão,
1002011,Item_Name_1002011,Item_Desc_1002011,False,1002011,True,True,True,[],4,1,2,4,23,20001,15,0,0,0,0,0,0,0,False,1,12500,30,0,0,1002011,0,33,67,37,1005,0,0,98,20,90,500,0,0,0,0,0,0,0,0,0,0,0,0,0,0,0,0,0,0,0,0,0,0,0,0,2100411,0,2002,1002013,40002,0,0,0,0,0,,0,/Game/Streaming/ArtAsset/UI/UIResource/UITexture/Common_Icon/Icon_Item/icon_SpecialEquipment_AntiGravityDrive.icon_SpecialEquipment_AntiGravityDrive,,0,True,False,False,False,0,Propulsor Antigravidade,
1002013,Item_Name_1002011,Item_Desc_1002011,False,1002013,True,True,True,[],4,2,2,4,23,20001,15,0,0,0,0,0,0,0,False,1,12500,30,0,0,1002011,0,33,67,37,1005,0,0,98,20,90,500,0,0,0,0,0,0,0,0,0,0,33,37,37,600,0,0,0,0,0,0,0,0,0,0,2100421,0,0,0,41002,0,0,0,0,0,,0,/Game/Streaming/ArtAsset/UI/UIResource/UITexture/Common_Icon/Icon_Item/icon_SpecialEquipment_AntiGravityDrive.icon_SpecialEquipment_AntiGravityDrive,,0,True,False,False,False,0,Propulsor Antigravidade,
1002015,Item_Name_1002015,Item_Desc_1002015,False,1002015,True,True,True,[],4,1,2,4,24,20001,17,0,0,0,0,0,0,0,False,1,12500,30,0,0,1002015,0,36,75,38,44,0,0,105,45,90,500,0,0,0,0,0,0,0,0,0,0,0,0,0,0,0,0,0,0,0,0,0,0,0,0,2100411,0,2002,1002017,40002,0,0,0,0,0,,0,/Game/Streaming/ArtAsset/UI/UIResource/UITexture/Common_Icon/Icon_Item/icon_SpecialEquipment_ExplorationStargazer.icon_SpecialEquipment_ExplorationStargazer,,0,True,False,False,False,0,Stargazer de Exploração,
1002017,Item_Name_1002015,Item_Desc_1002015,False,1002017,True,True,True,[],4,2,2,4,24,20001,17,0,0,0,0,0,0,0,False,1,12500,30,0,0,1002015,0,36,75,38,44,0,0,105,45,90,500,0,0,0,0,0,0,0,0,0,0,36,40,38,26,0,0,0,0,0,0,0,0,0,0,2100421,0,0,0,41002,0,0,0,0,0,,0,/Game/Streaming/ArtAsset/UI/UIResource/UITexture/Common_Icon/Icon_Item/icon_SpecialEquipment_ExplorationStargazer.icon_SpecialEquipment_ExplorationStargazer,,0,True,False,False,False,0,Stargazer de Exploração,
1002019,Item_Name_1002019,Item_Desc_1002019,False,1002019,True,True,True,[],4,1,4,4,23,20001,15,0,0,0,0,0,0,0,False,1,12500,30,0,0,1002019,0,33,90,37,1350,0,0,98,25,90,650,42,25,147,20,181,2,0,0,0,0,0,0,0,0,0,0,0,0,0,0,0,0,0,0,2100411,0,2004,1002021,40004,0,0,0,0,0,,0,/Game/Streaming/ArtAsset/UI/UIResource/UITexture/Common_Icon/Icon_Item/icon_SpecialEquipment_AstralDrive.icon_SpecialEquipment_AstralDrive,,0,True,False,False,False,0,Astrum Drive,
1002021,Item_Name_1002019,Item_Desc_1002019,False,1002021,True,True,True,[],4,2,4,4,23,20001,15,0,0,0,0,0,0,0,False,1,12500,30,0,0,1002019,0,33,90,37,1350,0,0,98,25,90,650,42,25,147,20,181,2,0,0,0,0,33,50,37,750,0,0,0,0,0,0,0,0,0,0,2100431,0,0,0,41004,0,0,0,0,0,,0,/Game/Streaming/ArtAsset/UI/UIResource/UITexture/Common_Icon/Icon_Item/icon_SpecialEquipment_AstralDrive.icon_SpecialEquipment_AstralDrive,,0,True,False,False,False,0,Astrum Drive,
1002023,Item_Name_1002023,Item_Desc_1002023,False,1002023,True,True,True,[],4,1,4,4,24,20001,17,0,0,0,0,0,0,0,False,1,12500,30,0,0,1002023,0,36,96,38,68,0,0,105,50,90,650,150,85,41,20,111,600,0,0,0,0,0,0,0,0,0,0,0,0,0,0,0,0,0,0,2100411,0,2004,1002025,40004,0,0,0,0,0,,0,/Game/Streaming/ArtAsset/UI/UIResource/UITexture/Common_Icon/Icon_Item/icon_SpecialEquipment_DeepSpaceStargazer.icon_SpecialEquipment_DeepSpaceStargazer,,0,True,False,False,False,0,Stargazer do Espaço Profundo,
1002025,Item_Name_1002023,Item_Desc_1002023,False,1002025,True,True,True,[],4,2,4,4,24,20001,17,0,0,0,0,0,0,0,False,1,12500,30,0,0,1002025,0,36,96,38,68,0,0,105,50,90,650,150,85,41,20,111,600,0,0,0,0,36,54,38,38,0,0,0,0,0,0,0,0,0,0,2100431,0,0,0,41004,0,0,0,0,0,,0,/Game/Streaming/ArtAsset/UI/UIResource/UITexture/Common_Icon/Icon_Item/icon_SpecialEquipment_DeepSpaceStargazer.icon_SpecialEquipment_DeepSpaceStargazer,,0,True,False,False,False,0,Stargazer do Espaço Profundo,
1002027,Item_Name_1002027,Item_Desc_1002027,False,1002027,True,False,True,[],3,1,8,4,25,20001,18,0,0,0,0,0,0,0,False,1,2500,10,0,0,1002027,0,38,44,85,85,0,0,83,20,0,0,0,0,0,0,0,0,0,0,0,0,0,0,0,0,0,0,0,0,0,0,0,0,0,0,2100311,0,1008,1002029,30008,4001,0,0,0,0,,0,/Game/Streaming/ArtAsset/UI/UIResource/UITexture/Common_Icon/Icon_Item/icon_SpecialEquipment_StandardDeflector.icon_SpecialEquipment_StandardDeflector,,0,True,False,False,False,0,Defletor Padrão,
1002029,Item_Name_1002027,Item_Desc_1002027,False,1002029,True,False,True,[],3,2,8,4,25,20001,18,0,0,0,0,0,0,0,False,1,2500,10,0,0,1002027,0,38,44,85,85,0,0,83,20,0,0,0,0,0,0,0,0,0,0,0,0,38,24,85,46,0,0,0,0,0,0,0,0,0,0,2100331,0,0,0,31008,5001,0,0,0,0,,0,/Game/Streaming/ArtAsset/UI/UIResource/UITexture/Common_Icon/Icon_Item/icon_SpecialEquipment_StandardDeflector.icon_SpecialEquipment_StandardDeflector,,0,True,False,False,False,0,Defletor Padrão,
1002031,Item_Name_1002031,Item_Desc_1002031,False,1002031,True,True,True,[],4,1,3,4,25,20001,18,0,0,0,0,0,0,0,False,1,12500,30,0,0,1002031,0,38,88,85,167,0,0,83,30,89,600,0,0,0,0,0,0,0,0,0,0,0,0,0,0,0,0,0,0,0,0,0,0,0,0,2100411,0,2003,1002033,40003,0,0,0,0,0,,0,/Game/Streaming/ArtAsset/UI/UIResource/UITexture/Common_Icon/Icon_Item/icon_SpecialEquipment_ReinforcedDeflector.icon_SpecialEquipment_ReinforcedDeflector,,0,True,False,False,False,0,Defletor Reforçado,
1002033,Item_Name_1002031,Item_Desc_1002031,False,1002033,True,True,True,[],4,2,3,4,25,20001,18,0,0,0,0,0,0,0,False,1,12500,30,0,0,1002031,0,38,88,85,167,0,0,83,30,89,600,0,0,0,0,0,0,0,0,0,0,38,48,85,90,0,0,0,0,0,0,0,0,0,0,2100441,0,0,0,41003,0,0,0,0,0,,0,/Game/Streaming/ArtAsset/UI/UIResource/UITexture/Common_Icon/Icon_Item/icon_SpecialEquipment_ReinforcedDeflector.icon_SpecialEquipment_ReinforcedDeflector,,0,True,False,False,False,0,Defletor Reforçado,
1002035,Item_Name_1002035,Item_Desc_1002035,False,1002035,True,True,True,[],4,2,4,4,23,20001,15,0,0,0,0,0,0,0,False,1,12500,30,0,0,1002035,0,33,110,37,1600,85,64,98,30,90,750,42,30,102,30,181,2,0,0,0,0,33,65,37,900,85,36,0,0,0,0,0,0,0,0,2100431,0,0,0,41004,0,0,0,0,0,,0,/Game/Streaming/ArtAsset/UI/UIResource/UITexture/Common_Icon/Icon_Item/icon_SpecialEquipment_VoidwarpDrive.icon_SpecialEquipment_VoidwarpDrive,,0,True,False,False,False,0,Propulsor de Dobra do Vazio,
1002037,Item_Name_1002037,Item_Desc_1002037,False,1002037,True,True,True,[],4,1,5,4,23,20001,15,0,0,0,0,0,0,0,False,1,12500,30,0,0,1002037,0,33,130,37,1800,0,0,98,35,90,900,42,45,147,60,181,3,0,0,0,0,0,0,0,0,0,0,0,0,0,0,0,0,0,0,2100411,0,2005,1002039,40005,0,0,0,0,0,,0,/Game/Streaming/ArtAsset/UI/UIResource/UITexture/Common_Icon/Icon_Item/icon_SpecialEquipment_QuantumFadeDrive.icon_SpecialEquipment_QuantumFadeDrive,,0,True,False,False,False,0,Propulsor Quantum-Fade,
1002039,Item_Name_1002037,Item_Desc_1002037,False,1002039,True,True,True,[],4,2,5,4,23,20001,15,0,0,0,0,0,0,0,False,1,12500,30,0,0,1002039,0,33,130,37,1800,0,0,98,35,90,900,42,45,147,60,181,3,0,0,0,0,33,70,37,1000,0,0,0,0,0,0,0,0,0,0,2100451,0,0,0,41005,0,0,0,0,0,,0,/Game/Streaming/ArtAsset/UI/UIResource/UITexture/Common_Icon/Icon_Item/icon_SpecialEquipment_QuantumFadeDrive.icon_SpecialEquipment_QuantumFadeDrive,,0,True,False,False,False,0,Propulsor Quantum-Fade,
1002100,Item_Name_1002100,Item_Desc_1002100,False,1002100,True,False,True,[],1,1,1,3,21,20001,16,0,0,0,0,0,0,0,False,1,100,10,0,0,1002100,0,106,4,182,2,0,0,0,0,0,0,0,0,0,0,0,0,0,0,0,0,0,0,0,0,0,0,0,0,0,0,0,0,0,0,2000111,0,0,0,0,2101,0,0,0,0,,0,/Game/Streaming/ArtAsset/UI/UIResource/UITexture/Common_Icon/Icon_Item_Equipment/icon_acc_FrayedCirclet.icon_acc_FrayedCirclet,,0,True,False,False,False,0,Diadema Desgastado,Diadema Gasto
1002101,Item_Name_1002101,Item_Desc_1002101,False,1002101,True,False,True,[],1,1,1,3,21,20001,16,0,0,0,0,0,0,0,False,1,100,10,0,0,1002101,0,106,4,182,2,0,0,91,10,0,0,0,0,0,0,0,0,0,0,0,0,0,0,0,0,0,0,0,0,0,0,0,0,0,0,2000111,0,0,0,0,2101,0,0,0,0,,0,/Game/Streaming/ArtAsset/UI/UIResource/UITexture/Common_Icon/Icon_Item_Equipment/icon_acc_BasicCirclet.icon_acc_BasicCirclet,,0,True,False,False,False,0,Diadema Comum,Diadema Normal
1002102,Item_Name_1002102,Item_Desc_1002102,False,1002102,True,False,True,[],1,1,2,3,21,20001,16,0,0,0,0,0,0,0,False,1,100,10,0,0,1002102,0,106,7,182,3,0,0,132,100,0,0,0,0,0,0,0,0,0,0,0,0,0,0,0,0,0,0,0,0,0,0,0,0,0,0,2000111,0,0,0,0,2101,0,0,0,0,,0,/Game/Streaming/ArtAsset/UI/UIResource/UITexture/Common_Icon/Icon_Item_Equipment/icon_acc_ClumpyCirclet.icon_acc_ClumpyCirclet,,0,True,False,False,False,0,Diadema Rústico,Diadema Rudimentar
1002103,Item_Name_1002103,Item_Desc_1002103,False,1002103,True,False,True,[],1,1,2,3,21,20001,16,0,0,0,0,0,0,0,False,1,100,10,0,0,1002103,0,106,7,182,3,0,0,93,2,0,0,0,0,0,0,0,0,0,0,0,0,0,0,0,0,0,0,0,0,0,0,0,0,0,0,2000111,0,0,0,0,2101,0,0,0,0,,0,/Game/Streaming/ArtAsset/UI/UIResource/UITexture/Common_Icon/Icon_Item_Equipment/icon_acc_RustyCirclet.icon_acc_RustyCirclet,,0,True,False,False,False,0,Diadema Enferrujado,Diadema Enferrujado
1002104,Item_Name_1002104,Item_Desc_1002104,False,1002104,True,False,True,[],1,1,2,3,21,20001,16,0,0,0,0,0,0,0,False,1,100,10,0,0,1002104,0,106,7,182,4,0,0,85,4,0,0,0,0,0,0,0,0,0,0,0,0,0,0,0,0,0,0,0,0,0,0,0,0,0,0,2000111,0,0,0,0,2101,0,0,0,0,,0,/Game/Streaming/ArtAsset/UI/UIResource/UITexture/Common_Icon/Icon_Item_Equipment/icon_acc_FadedCirclet.icon_acc_FadedCirclet,,0,True,False,False,False,0,Diadema Desbotado,Diadema Desbotado
1002105,Item_Name_1002105,Item_Desc_1002105,False,1002105,True,False,True,[],2,1,1,3,21,20001,16,0,0,0,0,0,0,0,False,1,500,10,0,0,1002105,0,106,10,182,6,0,0,37,120,0,0,0,0,0,0,0,0,0,0,0,0,0,0,0,0,0,0,0,0,0,0,0,0,0,0,2000211,0,0,0,0,3101,0,0,0,0,,0,/Game/Streaming/ArtAsset/UI/UIResource/UITexture/Common_Icon/Icon_Item_Equipment/icon_acc_LuminantCirclet.icon_acc_LuminantCirclet,,0,True,False,False,False,0,Diadema Brilhante,Diadema Brilhante
1002106,Item_Name_1002106,Item_Desc_1002106,False,1002106,True,False,True,[],2,1,1,3,21,20001,16,0,0,0,0,0,0,0,False,1,500,10,0,0,1002106,0,106,10,182,6,0,0,91,80,0,0,0,0,0,0,0,0,0,0,0,0,0,0,0,0,0,0,0,0,0,0,0,0,0,0,2000211,0,0,0,0,3101,0,0,0,0,,0,/Game/Streaming/ArtAsset/UI/UIResource/UITexture/Common_Icon/Icon_Item_Equipment/icon_acc_RefinedCirclet.icon_acc_RefinedCirclet,,0,True,False,False,False,0,Diadema Refinado,Diadema Refinado
1002107,Item_Name_1002107,Item_Desc_1002107,False,1002107,True,False,True,[],2,1,2,3,21,20001,16,0,0,0,0,0,0,0,False,1,500,10,0,0,1002107,0,106,14,182,8,0,0,93,2,0,0,0,0,0,0,0,0,0,0,0,0,0,0,0,0,0,0,0,0,0,0,0,0,0,0,2000211,0,0,0,0,3101,0,0,0,0,,0,/Game/Streaming/ArtAsset/UI/UIResource/UITexture/Common_Icon/Icon_Item_Equipment/icon_acc_AdvancedCirclet.icon_acc_AdvancedCirclet,,0,True,False,False,False,0,Diadema Incomum,Diadema Fino
1002108,Item_Name_1002108,Item_Desc_1002108,False,1002108,True,False,True,[],2,1,2,3,21,20001,16,0,0,0,0,0,0,0,False,1,500,10,0,0,1002108,0,106,14,182,8,0,0,162,4,0,0,0,0,0,0,0,0,0,0,0,0,0,0,0,0,0,0,0,0,0,0,0,0,0,0,2000211,0,0,0,0,3101,0,0,0,0,,0,/Game/Streaming/ArtAsset/UI/UIResource/UITexture/Common_Icon/Icon_Item_Equipment/icon_acc_InlaidCirclet.icon_acc_InlaidCirclet,,0,True,False,False,False,0,Diadema Trabalhado,Diadema Criado
1002109,Item_Name_1002109,Item_Desc_1002109,False,1002109,True,False,True,[],2,1,3,3,21,20001,16,0,0,0,0,0,0,0,False,1,500,10,0,0,1002109,0,106,18,182,10,0,0,105,4,0,0,0,0,0,0,0,0,0,0,0,0,0,0,0,0,0,0,0,0,0,0,0,0,0,0,2000211,0,0,0,0,3101,0,0,0,0,,0,/Game/Streaming/ArtAsset/UI/UIResource/UITexture/Common_Icon/Icon_Item_Equipment/icon_acc_AbsoluteCirclet.icon_acc_AbsoluteCirclet,,0,True,False,False,False,0,Diadema Perfeito,Diadema Impecável
1002110,Item_Name_1002110,Item_Desc_1002110,False,1002110,True,False,True,[],3,1,1,3,21,20001,16,0,0,0,0,0,0,0,False,1,2500,10,0,0,1002110,0,106,30,182,21,0,0,93,9,159,30,0,0,0,0,0,0,0,0,0,0,0,0,0,0,0,0,0,0,0,0,0,0,0,0,2001311,0,1001,1002128,10001,4101,0,0,0,0,,0,/Game/Streaming/ArtAsset/UI/UIResource/UITexture/Common_Icon/Icon_Item_Equipment/icon_acc_FlexibleCircuitCirclet.icon_acc_FlexibleCircuitCirclet,,0,True,False,False,False,0,Diadema de Circuito Flexível,Diadema de Circuito Flexível
1002111,Item_Name_1002111,Item_Desc_1002111,False,1002111,True,False,True,[],3,1,2,3,21,20001,16,0,0,0,0,0,0,0,False,1,2500,10,0,0,1002111,0,106,36,182,28,0,0,37,150,159,45,0,0,0,0,0,0,0,0,0,0,0,0,0,0,0,0,0,0,0,0,0,0,0,0,2002311,0,1002,1002129,10002,4101,0,0,0,0,,0,/Game/Streaming/ArtAsset/UI/UIResource/UITexture/Common_Icon/Icon_Item_Equipment/icon_acc_PolymerElectrodeCirclet.icon_acc_PolymerElectrodeCirclet,,0,True,False,False,False,0,Diadema de Eletrodo de Polímero,Diadema de Eletrodo de Polímero
1002112,Item_Name_1002112,Item_Desc_1002112,False,1002112,True,False,True,[],3,1,3,3,21,20001,16,0,0,0,0,0,0,0,False,1,2500,10,0,0,1002112,0,106,42,182,35,0,0,93,12,102,45,0,0,0,0,0,0,0,0,0,0,0,0,0,0,0,0,0,0,0,0,0,0,0,0,2003311,0,1003,1002130,10003,4101,0,0,0,0,,0,/Game/Streaming/ArtAsset/UI/UIResource/UITexture/Common_Icon/Icon_Item_Equipment/icon_acc_SpiralGasketCirclet.icon_acc_SpiralGasketCirclet,,0,True,False,False,False,0,Diadema de Selo Helicoidal,Diadema de Selo Espiral
1002113,Item_Name_1002113,Item_Desc_1002113,False,1002113,True,False,True,[],3,1,4,3,21,20001,16,0,0,0,0,0,0,0,False,1,2500,10,0,0,1002113,0,106,48,182,42,0,0,85,12,102,60,0,0,0,0,0,0,0,0,0,0,0,0,0,0,0,0,0,0,0,0,0,0,0,0,2004311,0,1004,1002131,10004,4101,0,0,0,0,,0,/Game/Streaming/ArtAsset/UI/UIResource/UITexture/Common_Icon/Icon_Item_Equipment/icon_acc_MicroModuleCirclet.icon_acc_MicroModuleCirclet,,0,True,False,False,False,0,Diadema de Micromódulo,Diadema de Micromódulo
1002114,Item_Name_1002114,Item_Desc_1002114,False,1002114,True,False,True,[],3,1,5,3,21,20001,16,0,0,0,0,0,0,0,False,1,2500,10,0,0,1002114,0,106,54,182,49,0,0,93,15,102,60,0,0,0,0,0,0,0,0,0,0,0,0,0,0,0,0,0,0,0,0,0,0,0,0,2005311,0,1005,1002132,10005,4101,0,0,0,0,,0,/Game/Streaming/ArtAsset/UI/UIResource/UITexture/Common_Icon/Icon_Item_Equipment/icon_acc_Waper-ThinCirclet.icon_acc_Waper-ThinCirclet,,0,True,False,False,False,0,Diadema de Wafer Fino,Diadema de Wafer Fino
1002115,Item_Name_1002115,Item_Desc_1002115,False,1002115,True,False,True,[],3,1,6,3,21,20001,16,0,0,0,0,0,0,0,False,1,2500,10,0,0,1002115,0,106,60,182,56,0,0,85,15,102,75,0,0,0,0,0,0,0,0,0,0,0,0,0,0,0,0,0,0,0,0,0,0,0,0,2006311,0,1006,1002133,10006,4102,0,0,0,0,,0,/Game/Streaming/ArtAsset/UI/UIResource/UITexture/Common_Icon/Icon_Item_Equipment/icon_acc_SolenoidCoileCirclet.icon_acc_SolenoidCoileCirclet,,0,True,False,False,False,0,Diadema de Bobina Solenoide,Diadema de Bobina Solenoide
1002116,Item_Name_1002116,Item_Desc_1002116,False,1002116,True,False,True,[],3,1,7,3,21,20001,16,0,0,0,0,0,0,0,False,1,2500,10,0,0,1002116,0,106,66,182,63,0,0,37,180,102,75,0,0,0,0,0,0,0,0,0,0,0,0,0,0,0,0,0,0,0,0,0,0,0,0,2007311,0,1007,1002134,10007,4102,0,0,0,0,,0,/Game/Streaming/ArtAsset/UI/UIResource/UITexture/Common_Icon/Icon_Item_Equipment/icon_acc_AtomicCellCirclet.icon_acc_AtomicCellCirclet,,0,True,False,False,False,0,Diadema de Célula Atômica,Diadema de Célula Atômica
1002117,Item_Name_1002117,Item_Desc_1002117,False,1002117,True,True,True,[],4,1,1,3,21,20001,16,0,0,0,0,0,0,0,False,1,12500,30,0,0,1002117,0,106,72,182,84,0,0,85,18,159,120,67,300,0,0,0,0,0,0,0,0,0,0,0,0,0,0,0,0,0,0,0,0,0,0,2001411,0,2001,1002135,20001,0,0,0,0,0,,0,/Game/Streaming/ArtAsset/UI/UIResource/UITexture/Common_Icon/Icon_Item_Equipment/icon_acc_IonTrapCirclet.icon_acc_IonTrapCirclet,,0,True,False,False,False,0,Diadema de Armadilha Iônica,Diadema de Armadilha Iônica
1002118,Item_Name_1002118,Item_Desc_1002118,False,1002118,True,True,True,[],4,1,2,3,21,20001,16,0,0,0,0,0,0,0,False,1,12500,30,0,0,1002118,0,106,84,182,96,0,0,37,200,102,120,67,400,0,0,0,0,0,0,0,0,0,0,0,0,0,0,0,0,0,0,0,0,0,0,2002411,0,2002,1002136,20002,0,0,0,0,0,,0,/Game/Streaming/ArtAsset/UI/UIResource/UITexture/Common_Icon/Icon_Item_Equipment/icon_acc_QuantumComputingCirclet.icon_acc_QuantumComputingCirclet,,0,True,False,False,False,0,Diadema de Computação Quântica,Diadema de Computação Quântica
1002119,Item_Name_1002119,Item_Desc_1002119,False,1002119,True,True,True,[],4,1,3,3,21,20001,16,0,0,0,0,0,0,0,False,1,12500,30,0,0,1002119,0,106,96,182,108,0,0,85,20,102,150,67,500,0,0,0,0,0,0,0,0,0,0,0,0,0,0,0,0,0,0,0,0,0,0,2003411,0,2003,1002137,20003,0,0,0,0,0,,0,/Game/Streaming/ArtAsset/UI/UIResource/UITexture/Common_Icon/Icon_Item_Equipment/icon_acc_BioSensorCirclet.icon_acc_BioSensorCirclet,,0,True,False,False,False,0,Diadema de Biossensor,Diadema de Biossensor
1002120,Item_Name_1002120,Item_Desc_1002120,False,1002120,True,True,True,[],4,1,4,3,21,20001,16,0,0,0,0,0,0,0,False,1,12500,30,0,0,1002120,0,106,108,182,120,0,0,37,360,102,150,67,600,0,0,0,0,0,0,0,0,0,0,0,0,0,0,0,0,0,0,0,0,0,0,2004411,0,2004,1002138,20004,0,0,0,0,0,,0,/Game/Streaming/ArtAsset/UI/UIResource/UITexture/Common_Icon/Icon_Item_Equipment/icon_acc_IntelligentSystemCirclet.icon_acc_IntelligentSystemCirclet,,0,True,False,False,False,0,Diadema de Sistema Inteligente,Diadema de Sistema Inteligente
1002121,Item_Name_1002121,Item_Desc_1002121,False,1002121,True,True,True,[],4,1,5,3,21,20001,16,0,0,0,0,0,0,0,False,1,12500,30,0,0,1002121,0,106,132,182,141,0,0,37,750,102,180,67,700,0,0,0,0,0,0,0,0,0,0,0,0,0,0,0,0,0,0,0,0,0,0,2005411,0,2005,1002139,20005,0,0,0,0,0,,0,/Game/Streaming/ArtAsset/UI/UIResource/UITexture/Common_Icon/Icon_Item_Equipment/icon_acc_ArcFurnaceCirclet.icon_acc_ArcFurnaceCirclet,,0,True,False,False,False,0,Diadema de Fornalha Arc,Diadema de Fornalha Arc
1002128,Item_Name_1002128,Item_Desc_1002128,False,1002128,True,False,True,[],3,2,1,3,21,20001,16,0,0,0,0,0,0,0,False,1,2500,10,0,0,1002128,0,106,30,182,21,0,0,93,9,159,30,0,0,0,0,0,0,0,0,0,0,106,12,182,8,0,0,0,0,0,0,0,0,0,0,2001321,0,0,0,11001,5101,0,0,0,0,,0,/Game/Streaming/ArtAsset/UI/UIResource/UITexture/Common_Icon/Icon_Item_Equipment/icon_acc_FlexibleCircuitCirclet.icon_acc_FlexibleCircuitCirclet,,0,True,False,False,False,0,Diadema de Circuito Flexível,Diadema de Circuito Flexível
1002129,Item_Name_1002129,Item_Desc_1002129,False,1002129,True,False,True,[],3,2,2,3,21,20001,16,0,0,0,0,0,0,0,False,1,2500,10,0,0,1002129,0,106,36,182,28,0,0,37,150,159,45,0,0,0,0,0,0,0,0,0,0,106,15,182,11,0,0,0,0,0,0,0,0,0,0,2002321,0,0,0,11002,5101,0,0,0,0,,0,/Game/Streaming/ArtAsset/UI/UIResource/UITexture/Common_Icon/Icon_Item_Equipment/icon_acc_PolymerElectrodeCirclet.icon_acc_PolymerElectrodeCirclet,,0,True,False,False,False,0,Diadema de Eletrodo de Polímero,Diadema de Eletrodo de Polímero
1002130,Item_Name_1002130,Item_Desc_1002130,False,1002130,True,False,True,[],3,2,3,3,21,20001,16,0,0,0,0,0,0,0,False,1,2500,10,0,0,1002130,0,106,42,182,35,0,0,93,12,102,45,0,0,0,0,0,0,0,0,0,0,106,17,182,14,0,0,0,0,0,0,0,0,0,0,2003321,0,0,0,11003,5101,0,0,0,0,,0,/Game/Streaming/ArtAsset/UI/UIResource/UITexture/Common_Icon/Icon_Item_Equipment/icon_acc_SpiralGasketCirclet.icon_acc_SpiralGasketCirclet,,0,True,False,False,False,0,Diadema de Selo Helicoidal,Diadema de Selo Espiral
1002131,Item_Name_1002131,Item_Desc_1002131,False,1002131,True,False,True,[],3,2,4,3,21,20001,16,0,0,0,0,0,0,0,False,1,2500,10,0,0,1002131,0,106,48,182,42,0,0,85,12,102,60,0,0,0,0,0,0,0,0,0,0,106,20,182,17,0,0,0,0,0,0,0,0,0,0,2004321,0,0,0,11004,5101,0,0,0,0,,0,/Game/Streaming/ArtAsset/UI/UIResource/UITexture/Common_Icon/Icon_Item_Equipment/icon_acc_MicroModuleCirclet.icon_acc_MicroModuleCirclet,,0,True,False,False,False,0,Diadema de Micromódulo,Diadema de Micromódulo
1002132,Item_Name_1002132,Item_Desc_1002132,False,1002132,True,False,True,[],3,2,5,3,21,20001,16,0,0,0,0,0,0,0,False,1,2500,10,0,0,1002132,0,106,54,182,49,0,0,93,15,102,60,0,0,0,0,0,0,0,0,0,0,106,22,182,20,0,0,0,0,0,0,0,0,0,0,2005321,0,0,0,11005,5101,0,0,0,0,,0,/Game/Streaming/ArtAsset/UI/UIResource/UITexture/Common_Icon/Icon_Item_Equipment/icon_acc_Waper-ThinCirclet.icon_acc_Waper-ThinCirclet,,0,True,False,False,False,0,Diadema de Wafer Fino,Diadema de Wafer Fino
1002133,Item_Name_1002133,Item_Desc_1002133,False,1002133,True,False,True,[],3,2,6,3,21,20001,16,0,0,0,0,0,0,0,False,1,2500,10,0,0,1002133,0,106,60,182,56,0,0,85,15,102,75,0,0,0,0,0,0,0,0,0,0,106,25,182,22,0,0,0,0,0,0,0,0,0,0,2006321,0,0,0,11006,5102,0,0,0,0,,0,/Game/Streaming/ArtAsset/UI/UIResource/UITexture/Common_Icon/Icon_Item_Equipment/icon_acc_SolenoidCoileCirclet.icon_acc_SolenoidCoileCirclet,,0,True,False,False,False,0,Diadema de Bobina Solenoide,Diadema de Bobina Solenoide
1002134,Item_Name_1002134,Item_Desc_1002134,False,1002134,True,False,True,[],3,2,7,3,21,20001,16,0,0,0,0,0,0,0,False,1,2500,10,0,0,1002134,0,106,66,182,63,0,0,37,180,102,75,0,0,0,0,0,0,0,0,0,0,106,27,182,25,0,0,0,0,0,0,0,0,0,0,2007321,0,0,0,11007,5102,0,0,0,0,,0,/Game/Streaming/ArtAsset/UI/UIResource/UITexture/Common_Icon/Icon_Item_Equipment/icon_acc_AtomicCellCirclet.icon_acc_AtomicCellCirclet,,0,True,False,False,False,0,Diadema de Célula Atômica,Diadema de Célula Atômica
1002135,Item_Name_1002135,Item_Desc_1002135,False,1002135,True,True,True,[],4,2,1,3,21,20001,16,0,0,0,0,0,0,0,False,1,12500,30,0,0,1002135,0,106,72,182,84,0,0,85,18,159,120,67,300,0,0,0,0,0,0,0,0,106,30,182,34,0,0,0,0,0,0,0,0,0,0,2001421,0,0,0,21001,0,0,0,0,0,,0,/Game/Streaming/ArtAsset/UI/UIResource/UITexture/Common_Icon/Icon_Item_Equipment/icon_acc_IonTrapCirclet.icon_acc_IonTrapCirclet,,0,True,False,False,False,0,Diadema de Armadilha Iônica,Diadema de Armadilha Iônica
1002136,Item_Name_1002136,Item_Desc_1002136,False,1002136,True,True,True,[],4,2,2,3,21,20001,16,0,0,0,0,0,0,0,False,1,12500,30,0,0,1002136,0,106,84,182,96,0,0,37,200,102,120,67,400,0,0,0,0,0,0,0,0,106,35,182,38,0,0,0,0,0,0,0,0,0,0,2002421,0,0,0,21002,0,0,0,0,0,,0,/Game/Streaming/ArtAsset/UI/UIResource/UITexture/Common_Icon/Icon_Item_Equipment/icon_acc_QuantumComputingCirclet.icon_acc_QuantumComputingCirclet,,0,True,False,False,False,0,Diadema de Computação Quântica,Diadema de Computação Quântica
1002137,Item_Name_1002137,Item_Desc_1002137,False,1002137,True,True,True,[],4,2,3,3,21,20001,16,0,0,0,0,0,0,0,False,1,12500,30,0,0,1002137,0,106,96,182,108,0,0,85,20,102,150,67,500,0,0,0,0,0,0,0,0,106,40,182,43,0,0,0,0,0,0,0,0,0,0,2003421,0,0,0,21003,0,0,0,0,0,,0,/Game/Streaming/ArtAsset/UI/UIResource/UITexture/Common_Icon/Icon_Item_Equipment/icon_acc_BioSensorCirclet.icon_acc_BioSensorCirclet,,0,True,False,False,False,0,Diadema de Biossensor,Diadema de Biossensor
1002138,Item_Name_1002138,Item_Desc_1002138,False,1002138,True,True,True,[],4,2,4,3,21,20001,16,0,0,0,0,0,0,0,False,1,12500,30,0,0,1002138,0,106,108,182,120,0,0,37,360,102,150,67,600,0,0,0,0,0,0,0,0,106,45,182,48,0,0,0,0,0,0,0,0,0,0,2004421,0,0,0,21004,0,0,0,0,0,,0,/Game/Streaming/ArtAsset/UI/UIResource/UITexture/Common_Icon/Icon_Item_Equipment/icon_acc_IntelligentSystemCirclet.icon_acc_IntelligentSystemCirclet,,0,True,False,False,False,0,Diadema de Sistema Inteligente,Diadema de Sistema Inteligente
1002139,Item_Name_1002139,Item_Desc_1002139,False,1002139,True,True,True,[],4,2,5,3,21,20001,16,0,0,0,0,0,0,0,False,1,12500,30,0,0,1002139,0,106,132,182,141,0,0,37,750,102,180,67,700,0,0,0,0,0,0,0,0,106,59,182,65,0,0,0,0,0,0,0,0,0,0,2005421,0,0,0,21005,0,0,0,0,0,,0,/Game/Streaming/ArtAsset/UI/UIResource/UITexture/Common_Icon/Icon_Item_Equipment/icon_acc_ArcFurnaceCirclet.icon_acc_ArcFurnaceCirclet,,0,True,False,False,False,0,Diadema de Fornalha Arc,Diadema de Fornalha Arc
1002192,Item_Name_1002192,Item_Desc_1002192,False,1002192,True,False,True,[],1,1,1,1,8,20001,1,7,0,0,0,0,0,0,False,1,100,10,0,0,1002192,0,33,12,0,0,0,0,0,0,0,0,0,0,0,0,0,0,0,0,0,0,0,0,0,0,0,0,0,0,0,0,0,0,0,0,2000111,0,0,0,0,2001,0,0,0,0,,0,/Game/Streaming/ArtAsset/UI/UIResource/UITexture/Common_Icon/Icon_Item_Weapon/icon_wpn_LS_Vibro_001.icon_wpn_LS_Vibro_001,,1002192,True,False,False,False,0,Fio Cortante do Praticante,Fio Cortante do Praticante
1002193,Item_Name_1002193,Item_Desc_1002193,False,1002193,True,False,True,[],1,1,1,1,8,20001,1,7,0,0,0,0,0,0,False,1,100,10,0,0,1002193,0,33,12,38,2,0,0,75,3,0,0,0,0,0,0,0,0,0,0,0,0,0,0,0,0,0,0,0,0,0,0,0,0,0,0,2000111,0,0,0,0,2001,0,0,0,0,,0,/Game/Streaming/ArtAsset/UI/UIResource/UITexture/Common_Icon/Icon_Item_Weapon/icon_wpn_LS_Fermion_001.icon_wpn_LS_Fermion_001,,1002193,True,False,False,False,0,Fio Cortante do Mercenário,Fio Cortante do Mercenário
1002194,Item_Name_1002194,Item_Desc_1002194,False,1002194,True,False,True,[],1,1,1,1,8,20001,1,7,0,0,0,0,0,0,False,1,100,10,0,0,1002194,0,33,12,38,2,0,0,122,50,0,0,0,0,0,0,0,0,0,0,0,0,0,0,0,0,0,0,0,0,0,0,0,0,0,0,2000111,0,0,0,0,2001,0,0,0,0,,0,/Game/Streaming/ArtAsset/UI/UIResource/UITexture/Common_Icon/Icon_Item_Weapon/icon_wpn_LS_Photon_001.icon_wpn_LS_Photon_001,,1002194,True,False,False,False,0,Fio Cortante do Errante,Fio Cortante do Errante
1002195,Item_Name_1002195,Item_Desc_1002195,False,1002195,True,False,True,[],1,1,2,1,8,20001,1,7,0,0,0,0,0,0,False,1,100,10,0,0,1002195,0,33,16,38,4,0,0,72,100,0,0,0,0,0,0,0,0,0,0,0,0,0,0,0,0,0,0,0,0,0,0,0,0,0,0,2000111,0,0,0,0,2001,0,0,0,0,,0,/Game/Streaming/ArtAsset/UI/UIResource/UITexture/Common_Icon/Icon_Item_Weapon/icon_wpn_LS_Magneta_001.icon_wpn_LS_Magneta_001,,1002195,True,False,False,False,0,Fio Cortante do Especialista,Fio Cortante do Especialista
1002196,Item_Name_1002196,Item_Desc_1002196,False,1002196,True,False,True,[],1,1,2,1,8,20001,1,7,0,0,0,0,0,0,False,1,100,10,0,0,1002196,0,33,16,38,4,0,0,93,2,0,0,0,0,0,0,0,0,0,0,0,0,0,0,0,0,0,0,0,0,0,0,0,0,0,0,2000111,0,0,0,0,2001,0,0,0,0,,0,/Game/Streaming/ArtAsset/UI/UIResource/UITexture/Common_Icon/Icon_Item_Weapon/icon_wpn_LS_Muon_001.icon_wpn_LS_Muon_001,,1002196,True,False,False,False,0,Fio Cortante do Sentinela,Fio Cortante do Sentinela
1002197,Item_Name_1002197,Item_Desc_1002197,False,1002197,True,False,True,[],1,1,2,1,8,20001,1,7,0,0,0,0,0,0,False,1,100,10,0,0,1002197,0,33,16,38,4,0,0,156,4,0,0,0,0,0,0,0,0,0,0,0,0,0,0,0,0,0,0,0,0,0,0,0,0,0,0,2000111,0,0,0,0,2001,0,0,0,0,,0,/Game/Streaming/ArtAsset/UI/UIResource/UITexture/Common_Icon/Icon_Item_Weapon/icon_wpn_LS_Polariton_001.icon_wpn_LS_Polariton_001,,1002197,True,False,False,False,0,Fio Cortante do Executor,Fio Cortante do Executor
1002198,Item_Name_1002198,Item_Desc_1002198,False,1002198,True,False,True,[],2,1,1,1,8,20001,1,7,0,0,0,0,0,0,False,1,500,10,0,0,1002198,0,33,32,38,6,75,6,122,100,0,0,0,0,0,0,0,0,0,0,0,0,0,0,0,0,0,0,0,0,0,0,0,0,0,0,2000211,0,0,0,0,3001,0,0,0,0,,0,/Game/Streaming/ArtAsset/UI/UIResource/UITexture/Common_Icon/Icon_Item_Weapon/icon_wpn_LS_Prism_001.icon_wpn_LS_Prism_001,,1002198,True,False,False,False,0,Fio Cortante Prism,Fio Cortante Prism
1002199,Item_Name_1002199,Item_Desc_1002199,False,1002199,True,False,True,[],2,1,1,1,8,20001,1,7,0,0,0,0,0,0,False,1,500,10,0,0,1002199,0,33,32,38,6,75,6,156,4,0,0,0,0,0,0,0,0,0,0,0,0,0,0,0,0,0,0,0,0,0,0,0,0,0,0,2000211,0,0,0,0,3001,0,0,0,0,,0,/Game/Streaming/ArtAsset/UI/UIResource/UITexture/Common_Icon/Icon_Item_Weapon/icon_wpn_LS_Weyl_001.icon_wpn_LS_Weyl_001,,1002199,True,False,False,False,0,Fio Cortante Weyl,Fio Cortante Vile
1002200,Item_Name_1002200,Item_Desc_1002200,False,1002200,True,False,True,[],2,1,1,1,8,20001,1,7,0,0,0,0,0,0,False,1,500,10,0,0,1002200,0,33,32,38,6,75,6,147,6,0,0,0,0,0,0,0,0,0,0,0,0,0,0,0,0,0,0,0,0,0,0,0,0,0,0,2000211,0,0,0,0,3001,0,0,0,0,,0,/Game/Streaming/ArtAsset/UI/UIResource/UITexture/Common_Icon/Icon_Item_Weapon/icon_wpn_LS_Scalar_001.icon_wpn_LS_Scalar_001,,1002200,True,False,False,False,0,Fio Cortante Scalar,Fio Cortante Scalar
1002201,Item_Name_1002201,Item_Desc_1002201,False,1002201,True,False,True,[],2,1,2,1,8,20001,1,7,0,0,0,0,0,0,False,1,500,10,0,0,1002201,0,33,36,38,8,75,8,102,6,0,0,0,0,0,0,0,0,0,0,0,0,0,0,0,0,0,0,0,0,0,0,0,0,0,0,2000211,0,0,0,0,3001,0,0,0,0,,0,/Game/Streaming/ArtAsset/UI/UIResource/UITexture/Common_Icon/Icon_Item_Weapon/icon_wpn_LS_Eclipse_001.icon_wpn_LS_Eclipse_001,,1002201,True,False,False,False,0,Fio Cortante Eclipse,Fio Cortante Eclipse
1002202,Item_Name_1002202,Item_Desc_1002202,False,1002202,True,False,True,[],2,1,2,1,8,20001,1,7,0,0,0,0,0,0,False,1,500,10,0,0,1002202,0,33,36,38,8,75,8,72,300,0,0,0,0,0,0,0,0,0,0,0,0,0,0,0,0,0,0,0,0,0,0,0,0,0,0,2000211,0,0,0,0,3001,0,0,0,0,,0,/Game/Streaming/ArtAsset/UI/UIResource/UITexture/Common_Icon/Icon_Item_Weapon/icon_wpn_LS_Etendue_001.icon_wpn_LS_Etendue_001,,1002202,True,False,False,False,0,Fio Cortante Etendue,Fio Cortante Etendue
1002203,Item_Name_1002203,Item_Desc_1002203,False,1002203,True,False,True,[],2,1,3,1,8,20001,1,7,0,0,0,0,0,0,False,1,500,10,0,0,1002203,0,33,40,38,10,75,10,93,3,0,0,0,0,0,0,0,0,0,0,0,0,0,0,0,0,0,0,0,0,0,0,0,0,0,0,2000211,0,0,0,0,3001,0,0,0,0,,0,/Game/Streaming/ArtAsset/UI/UIResource/UITexture/Common_Icon/Icon_Item_Weapon/icon_wpn_LS_Kilonova_001.icon_wpn_LS_Kilonova_001,,1002203,True,False,False,False,0,Fio Cortante Kilonova,Fio Cortante Kilonova
1002204,Item_Name_1002204,Item_Desc_1002204,False,1002204,True,False,True,[],2,1,3,1,8,20001,1,7,0,0,0,0,0,0,False,1,500,10,0,0,1002204,0,33,40,38,10,75,10,156,10,0,0,0,0,0,0,0,0,0,0,0,0,0,0,0,0,0,0,0,0,0,0,0,0,0,0,2000211,0,0,0,0,3001,0,0,0,0,,0,/Game/Streaming/ArtAsset/UI/UIResource/UITexture/Common_Icon/Icon_Item_Weapon/icon_wpn_LS_Magnox_001.icon_wpn_LS_Magnox_001,,1002204,True,False,False,False,0,Fio Cortante Magnox,Fio Cortante Magnox
1002205,Item_Name_1002205,Item_Desc_1002205,False,1002205,True,False,True,[],3,1,1,1,8,20001,1,7,0,0,0,0,0,0,False,1,2500,10,0,0,1002205,0,33,60,38,14,75,16,72,350,147,8,0,0,0,0,0,0,0,0,0,0,0,0,0,0,0,0,0,0,0,0,0,0,0,0,2001311,0,1001,1002223,10001,4001,0,0,0,0,,0,/Game/Streaming/ArtAsset/UI/UIResource/UITexture/Common_Icon/Icon_Item_Weapon/icon_wpn_LS_Specter_001.icon_wpn_LS_Specter_001,,1002205,True,False,False,False,0,Fio Cortante de Combate Specter,Fio Cortante de Combate Specter
1002206,Item_Name_1002206,Item_Desc_1002206,False,1002206,True,False,True,[],3,1,2,1,8,20001,1,7,0,0,0,0,0,0,False,1,2500,10,0,0,1002206,0,33,65,38,19,75,19,72,400,149,8,0,0,0,0,0,0,0,0,0,0,0,0,0,0,0,0,0,0,0,0,0,0,0,0,2002311,0,1002,1002224,10002,4001,0,0,0,0,,0,/Game/Streaming/ArtAsset/UI/UIResource/UITexture/Common_Icon/Icon_Item_Weapon/icon_wpn_LS_Reticle_001.icon_wpn_LS_Reticle_001,,1002206,True,False,False,False,0,Fio Cortante de Combate Retícula,Fio Cortante de Combate Retícula
1002207,Item_Name_1002207,Item_Desc_1002207,False,1002207,True,False,True,[],3,1,3,1,8,20001,1,7,0,0,0,0,0,0,False,1,2500,10,0,0,1002207,0,33,72,38,26,75,24,72,450,102,8,0,0,0,0,0,0,0,0,0,0,0,0,0,0,0,0,0,0,0,0,0,0,0,0,2003311,0,1003,1002225,10003,4001,0,0,0,0,,0,/Game/Streaming/ArtAsset/UI/UIResource/UITexture/Common_Icon/Icon_Item_Weapon/icon_wpn_LS_Prominence_001.icon_wpn_LS_Prominence_001,,1002207,True,False,False,False,0,Fio Cortante de Combate Eminência,Fio Cortante de Combate Eminência
1002208,Item_Name_1002208,Item_Desc_1002208,False,1002208,True,False,True,[],3,1,4,1,8,20001,1,7,0,0,0,0,0,0,False,1,2500,10,0,0,1002208,0,33,81,38,35,75,31,72,500,39,10,0,0,0,0,0,0,0,0,0,0,0,0,0,0,0,0,0,0,0,0,0,0,0,0,2004311,0,1004,1002226,10004,4001,0,0,0,0,,0,/Game/Streaming/ArtAsset/UI/UIResource/UITexture/Common_Icon/Icon_Item_Weapon/icon_wpn_LS_Sigma_001.icon_wpn_LS_Sigma_001,,1002208,True,False,False,False,0,Fio Cortante de Combate Sigma,Fio Cortante de Combate Sigma
1002209,Item_Name_1002209,Item_Desc_1002209,False,1002209,True,False,True,[],3,1,5,1,8,20001,1,7,0,0,0,0,0,0,False,1,2500,10,0,0,1002209,0,33,92,38,46,75,42,72,550,122,200,0,0,0,0,0,0,0,0,0,0,0,0,0,0,0,0,0,0,0,0,0,0,0,0,2005311,0,1005,1002227,10005,4001,0,0,0,0,,0,/Game/Streaming/ArtAsset/UI/UIResource/UITexture/Common_Icon/Icon_Item_Weapon/icon_wpn_LS_Xenon_001.icon_wpn_LS_Xenon_001,,1002209,True,False,False,False,0,Fio Cortante de Combate Xenon,Fio Cortante de Combate Xenon
1002210,Item_Name_1002210,Item_Desc_1002210,False,1002210,True,False,True,[],3,1,6,1,8,20001,1,7,0,0,0,0,0,0,False,1,2500,10,0,0,1002210,0,33,105,38,59,75,57,72,600,101,15,0,0,0,0,0,0,0,0,0,0,0,0,0,0,0,0,0,0,0,0,0,0,0,0,2006311,0,1006,1002228,10006,4002,0,0,0,0,,0,/Game/Streaming/ArtAsset/UI/UIResource/UITexture/Common_Icon/Icon_Item_Weapon/icon_wpn_LS_Anathema_001.icon_wpn_LS_Anathema_001,,1002210,True,False,False,False,0,Fio Cortante de Combate Anathema,Fio Cortante de Combate Anathema
1002211,Item_Name_1002211,Item_Desc_1002211,False,1002211,True,False,True,[],3,1,7,1,8,20001,1,7,0,0,0,0,0,0,False,1,2500,10,0,0,1002211,0,33,118,38,72,75,72,72,700,101,18,0,0,0,0,0,0,0,0,0,0,0,0,0,0,0,0,0,0,0,0,0,0,0,0,2007311,0,1007,1002229,10007,4002,0,0,0,0,,0,/Game/Streaming/ArtAsset/UI/UIResource/UITexture/Common_Icon/Icon_Item_Weapon/icon_wpn_LS_Void_001.icon_wpn_LS_Void_001,,1002211,True,False,False,False,0,Fio Cortante de Combate Void,Fio Cortante de Combate Void
1002212,Item_Name_1002212,Item_Desc_1002212,False,1002212,True,False,True,[],3,1,8,1,8,20001,1,7,0,0,0,0,0,0,False,1,2500,10,0,0,1002212,0,33,127,38,80,75,77,72,800,156,21,0,0,0,0,0,0,0,0,0,0,0,0,0,0,0,0,0,0,0,0,0,0,0,0,2008311,0,1008,1002230,10008,4003,0,0,0,0,,0,/Game/Streaming/ArtAsset/UI/UIResource/UITexture/Common_Icon/Icon_Item_Weapon/icon_wpn_LS_Dekabreez_001.icon_wpn_LS_Dekabreez_001,,1002212,True,False,False,False,0,Fio Cortante de Combate Dekabris,
1002213,Item_Name_1002213,Item_Desc_1002213,False,1002213,True,True,True,[],4,1,1,1,8,20001,1,7,0,0,0,0,0,0,False,1,12500,30,0,0,1002213,0,33,140,38,84,75,82,72,900,93,12,102,20,0,0,0,0,0,0,0,0,0,0,0,0,0,0,0,0,0,0,0,0,0,0,2001411,0,2001,1002231,20001,0,0,0,0,0,,0,/Game/Streaming/ArtAsset/UI/UIResource/UITexture/Common_Icon/Icon_Item_Weapon/icon_wpn_LS_Fallacia_001.icon_wpn_LS_Fallacia_001,,1002213,True,False,False,False,0,Fio Cortante Pallacia do Executor,Fio Cortante Pallacia do Executor
1002214,Item_Name_1002214,Item_Desc_1002214,False,1002214,True,True,True,[],4,1,2,1,8,20001,1,7,0,0,0,0,0,0,False,1,12500,30,0,0,1002214,0,33,154,38,99,75,97,72,1200,102,25,39,20,0,0,0,0,0,0,0,0,0,0,0,0,0,0,0,0,0,0,0,0,0,0,2002411,0,2002,1002232,20002,0,0,0,0,0,,0,/Game/Streaming/ArtAsset/UI/UIResource/UITexture/Common_Icon/Icon_Item_Weapon/icon_wpn_LS_Oblivion_001.icon_wpn_LS_Oblivion_001,,1002214,True,False,False,False,0,Fio Cortante Oblivion do Juiz,Fio Cortante Oblivion do Juiz
1002215,Item_Name_1002215,Item_Desc_1002215,False,1002215,True,True,True,[],4,1,3,1,8,20001,1,7,0,0,0,0,0,0,False,1,12500,30,0,0,1002215,0,33,171,38,119,75,117,72,1500,106,30,102,30,0,0,0,0,0,0,0,0,0,0,0,0,0,0,0,0,0,0,1,8010401,0,0,2003411,0,2003,1002233,20003,0,0,0,0,0,,0,/Game/Streaming/ArtAsset/UI/UIResource/UITexture/Common_Icon/Icon_Item_Weapon/icon_wpn_LS_Erebos_001.icon_wpn_LS_Erebos_001,,1002215,True,False,False,False,0,Fio Cortante Erebus do Pioneiro,Fio Cortante Erebus do Pioneiro
1002216,Item_Name_1002216,Item_Desc_1002216,False,1002216,True,True,True,[],4,1,4,1,8,20001,1,7,0,0,0,0,0,0,False,1,12500,30,0,0,1002216,0,33,192,38,127,75,127,72,1600,101,150,20,36,0,0,0,0,0,0,0,0,0,0,0,0,0,0,0,0,0,0,1,8010411,0,0,2004411,0,2004,1002234,20004,0,0,0,0,0,,0,/Game/Streaming/ArtAsset/UI/UIResource/UITexture/Common_Icon/Icon_Item_Weapon/icon_wpn_LS_Quasar_001.icon_wpn_LS_Quasar_001,,1002216,True,False,False,False,0,Fio Cortante Quasar do Comandante,Fio Cortante Quasar do Comandante
1002217,Item_Name_1002217,Item_Desc_1002217,False,1002217,True,True,True,[],4,1,5,1,8,20001,1,7,0,0,0,0,0,0,False,1,12500,30,0,0,1002217,0,33,218,38,135,75,137,72,1750,101,210,23,64,0,0,0,0,0,0,0,0,0,0,0,0,0,0,0,0,0,0,1,8010945,0,0,2005411,0,2005,1002235,20005,0,0,0,0,0,,0,/Game/Streaming/ArtAsset/UI/UIResource/UITexture/Common_Icon/Icon_Item_Weapon/icon_wpn_LS_Starburst_001.icon_wpn_LS_Starburst_001,,1002217,True,False,False,False,0,Fio Cortante Starburst do Soberano,
1002218,Item_Name_1002218,Item_Desc_1002218,False,1002218,True,True,True,[],4,1,6,1,8,20001,1,7,0,0,0,0,0,0,False,1,12500,30,0,0,1002218,0,33,233,38,150,75,147,72,1900,101,250,23,75,0,0,0,0,0,0,0,0,0,0,0,0,0,0,0,0,0,0,1,8010969,0,0,2006411,0,2006,1002236,0,0,0,0,0,0,,0,/Game/Streaming/ArtAsset/UI/UIResource/UITexture/Common_Icon/Icon_Item_Weapon/icon_wpn_LS_Enigma_001.icon_wpn_LS_Enigma_001,,1002218,True,False,False,False,0,Fio Cortante Enigma do Dominador,
1002223,Item_Name_1002205,Item_Desc_1002205,False,1002223,True,False,True,[],3,2,1,1,8,20001,1,7,0,0,0,0,0,0,False,1,2500,10,0,0,1002223,0,33,60,38,14,75,16,72,350,147,8,0,0,0,0,0,0,0,0,0,0,35,30,38,7,0,0,0,0,0,0,0,0,0,0,2001321,0,0,0,11001,5001,0,0,0,0,,0,/Game/Streaming/ArtAsset/UI/UIResource/UITexture/Common_Icon/Icon_Item_Weapon/icon_wpn_LS_Specter_001.icon_wpn_LS_Specter_001,,1002205,True,False,False,False,0,Fio Cortante de Combate Specter,Fio Cortante de Combate Specter
1002224,Item_Name_1002206,Item_Desc_1002206,False,1002224,True,False,True,[],3,2,2,1,8,20001,1,7,0,0,0,0,0,0,False,1,2500,10,0,0,1002224,0,33,65,38,19,75,19,72,400,149,8,0,0,0,0,0,0,0,0,0,0,35,32,38,9,0,0,0,0,0,0,0,0,0,0,2002321,0,0,0,11002,5001,0,0,0,0,,0,/Game/Streaming/ArtAsset/UI/UIResource/UITexture/Common_Icon/Icon_Item_Weapon/icon_wpn_LS_Reticle_001.icon_wpn_LS_Reticle_001,,1002206,True,False,False,False,0,Fio Cortante de Combate Retícula,Fio Cortante de Combate Retícula
1002225,Item_Name_1002207,Item_Desc_1002207,False,1002225,True,False,True,[],3,2,3,1,8,20001,1,7,0,0,0,0,0,0,False,1,2500,10,0,0,1002225,0,33,72,38,26,75,24,72,450,102,8,0,0,0,0,0,0,0,0,0,0,35,36,38,13,0,0,0,0,0,0,0,0,0,0,2003321,0,0,0,11003,5001,0,0,0,0,,0,/Game/Streaming/ArtAsset/UI/UIResource/UITexture/Common_Icon/Icon_Item_Weapon/icon_wpn_LS_Prominence_001.icon_wpn_LS_Prominence_001,,1002207,True,False,False,False,0,Fio Cortante de Combate Eminência,Fio Cortante de Combate Eminência
1002226,Item_Name_1002208,Item_Desc_1002208,False,1002226,True,False,True,[],3,2,4,1,8,20001,1,7,0,0,0,0,0,0,False,1,2500,10,0,0,1002226,0,33,81,38,35,75,31,72,500,39,10,0,0,0,0,0,0,0,0,0,0,35,40,38,17,0,0,0,0,0,0,0,0,0,0,2004321,0,0,0,11004,5001,0,0,0,0,,0,/Game/Streaming/ArtAsset/UI/UIResource/UITexture/Common_Icon/Icon_Item_Weapon/icon_wpn_LS_Sigma_001.icon_wpn_LS_Sigma_001,,1002208,True,False,False,False,0,Fio Cortante de Combate Sigma,Fio Cortante de Combate Sigma
1002227,Item_Name_1002209,Item_Desc_1002209,False,1002227,True,False,True,[],3,2,5,1,8,20001,1,7,0,0,0,0,0,0,False,1,2500,10,0,0,1002227,0,33,92,38,46,75,42,72,550,122,200,0,0,0,0,0,0,0,0,0,0,35,46,38,23,0,0,0,0,0,0,0,0,0,0,2005321,0,0,0,11005,5001,0,0,0,0,,0,/Game/Streaming/ArtAsset/UI/UIResource/UITexture/Common_Icon/Icon_Item_Weapon/icon_wpn_LS_Xenon_001.icon_wpn_LS_Xenon_001,,1002209,True,False,False,False,0,Fio Cortante de Combate Xenon,Fio Cortante de Combate Xenon
1002228,Item_Name_1002210,Item_Desc_1002210,False,1002228,True,False,True,[],3,2,6,1,8,20001,1,7,0,0,0,0,0,0,False,1,2500,10,0,0,1002228,0,33,105,38,59,75,57,72,600,101,15,0,0,0,0,0,0,0,0,0,0,35,52,38,29,0,0,0,0,0,0,0,0,0,0,2006321,0,0,0,11006,5002,0,0,0,0,,0,/Game/Streaming/ArtAsset/UI/UIResource/UITexture/Common_Icon/Icon_Item_Weapon/icon_wpn_LS_Anathema_001.icon_wpn_LS_Anathema_001,,1002210,True,False,False,False,0,Fio Cortante de Combate Anathema,Fio Cortante de Combate Anathema
1002229,Item_Name_1002211,Item_Desc_1002211,False,1002229,True,False,True,[],3,2,7,1,8,20001,1,7,0,0,0,0,0,0,False,1,2500,10,0,0,1002229,0,33,118,38,72,75,72,72,700,101,18,0,0,0,0,0,0,0,0,0,0,35,52,38,29,0,0,0,0,0,0,0,0,0,0,2007321,0,0,0,11007,5002,0,0,0,0,,0,/Game/Streaming/ArtAsset/UI/UIResource/UITexture/Common_Icon/Icon_Item_Weapon/icon_wpn_LS_Void_001.icon_wpn_LS_Void_001,,1002211,True,False,False,False,0,Fio Cortante de Combate Void,Fio Cortante de Combate Void
1002230,Item_Name_1002212,Item_Desc_1002212,False,1002230,True,False,True,[],3,2,8,1,8,20001,1,7,0,0,0,0,0,0,False,1,2500,10,0,0,1002230,0,33,127,38,80,75,77,72,800,156,21,0,0,0,0,0,0,0,0,0,0,35,63,38,40,0,0,0,0,0,0,0,0,0,0,2008321,0,0,0,11008,5003,0,0,0,0,,0,/Game/Streaming/ArtAsset/UI/UIResource/UITexture/Common_Icon/Icon_Item_Weapon/icon_wpn_LS_Dekabreez_001.icon_wpn_LS_Dekabreez_001,,1002212,True,False,False,False,0,Fio Cortante de Combate Dekabris,
1002231,Item_Name_1002213,Item_Desc_1002213,False,1002231,True,True,True,[],4,2,1,1,8,20001,1,7,0,0,0,0,0,0,False,1,12500,30,0,0,1002231,0,33,140,38,84,75,82,72,900,93,12,102,20,0,0,0,0,0,0,0,0,35,70,38,42,0,0,0,0,0,0,0,0,0,0,2001421,0,0,0,21001,0,0,0,0,0,,0,/Game/Streaming/ArtAsset/UI/UIResource/UITexture/Common_Icon/Icon_Item_Weapon/icon_wpn_LS_Fallacia_001.icon_wpn_LS_Fallacia_001,,1002213,True,False,False,False,0,Fio Cortante Pallacia do Executor,Fio Cortante Pallacia do Executor
1002232,Item_Name_1002214,Item_Desc_1002214,False,1002232,True,True,True,[],4,2,2,1,8,20001,1,7,0,0,0,0,0,0,False,1,12500,30,0,0,1002232,0,33,154,38,99,75,97,72,1200,102,25,39,20,0,0,0,0,0,0,0,0,35,72,38,49,0,0,0,0,0,0,0,0,0,0,2002421,0,0,0,21002,0,0,0,0,0,,0,/Game/Streaming/ArtAsset/UI/UIResource/UITexture/Common_Icon/Icon_Item_Weapon/icon_wpn_LS_Oblivion_001.icon_wpn_LS_Oblivion_001,,1002214,True,False,False,False,0,Fio Cortante Oblivion do Juiz,Fio Cortante Oblivion do Juiz
1002233,Item_Name_1002215,Item_Desc_1002215,False,1002233,True,True,True,[],4,2,3,1,8,20001,1,7,0,0,0,0,0,0,False,1,12500,30,0,0,1002233,0,33,171,38,119,75,117,72,1500,106,30,102,30,0,0,0,0,0,0,0,0,35,75,38,59,0,0,0,0,0,0,1,8010401,0,0,2003421,0,0,0,21003,0,0,0,0,0,,0,/Game/Streaming/ArtAsset/UI/UIResource/UITexture/Common_Icon/Icon_Item_Weapon/icon_wpn_LS_Erebos_001.icon_wpn_LS_Erebos_001,,1002215,True,False,False,False,0,Fio Cortante Erebus do Pioneiro,Fio Cortante Erebus do Pioneiro
1002234,Item_Name_1002216,Item_Desc_1002216,False,1002234,True,True,True,[],4,2,4,1,8,20001,1,7,0,0,0,0,0,0,False,1,12500,30,0,0,1002234,0,33,192,38,127,75,127,72,1600,101,150,20,36,0,0,0,0,0,0,0,0,35,80,38,64,0,0,0,0,0,0,1,8010411,0,0,2004421,0,0,0,21004,0,0,0,0,0,,0,/Game/Streaming/ArtAsset/UI/UIResource/UITexture/Common_Icon/Icon_Item_Weapon/icon_wpn_LS_Quasar_001.icon_wpn_LS_Quasar_001,,1002216,True,False,False,False,0,Fio Cortante Quasar do Comandante,Fio Cortante Quasar do Comandante
1002235,Item_Name_1002217,Item_Desc_1002217,False,1002235,True,True,True,[],4,2,5,1,8,20001,1,7,0,0,0,0,0,0,False,1,12500,30,0,0,1002235,0,33,218,38,135,75,137,72,1750,101,210,23,64,0,0,0,0,0,0,0,0,35,108,38,74,0,0,0,0,0,0,1,8010945,0,0,2005421,0,0,0,21005,0,0,0,0,0,,0,/Game/Streaming/ArtAsset/UI/UIResource/UITexture/Common_Icon/Icon_Item_Weapon/icon_wpn_LS_Starburst_001.icon_wpn_LS_Starburst_001,,1002217,True,False,False,False,0,Fio Cortante Starburst do Soberano,
1002236,Item_Name_1002218,Item_Desc_1002218,False,1002236,True,True,True,[],4,2,6,1,8,20001,1,7,0,0,0,0,0,0,False,1,12500,30,0,0,1002236,0,33,233,38,150,75,147,72,1900,101,250,23,75,0,0,0,0,0,0,0,0,35,128,38,84,0,0,0,0,0,0,1,8010969,0,0,2006421,0,0,0,0,0,0,0,0,0,,0,/Game/Streaming/ArtAsset/UI/UIResource/UITexture/Common_Icon/Icon_Item_Weapon/icon_wpn_LS_Enigma_001.icon_wpn_LS_Enigma_001,,1002218,True,False,False,False,0,Fio Cortante Enigma do Dominador,
1002300,Item_Name_1002300,Item_Desc_1002300,False,1002300,True,False,True,[],3,1,8,3,21,20001,16,0,0,0,0,0,0,0,False,1,2500,10,0,0,1002300,0,106,70,182,74,0,0,37,200,102,80,0,0,0,0,0,0,0,0,0,0,0,0,0,0,0,0,0,0,0,0,0,0,0,0,2008311,0,1008,1002301,10008,4103,0,0,0,0,,0,/Game/Streaming/ArtAsset/UI/UIResource/UITexture/Common_Icon/Icon_Item_Equipment/icon_acc_OpticalProjectionCirclet.icon_acc_OpticalProjectionCirclet,,0,True,False,False,False,0,Diadema de Célula de Projeção Óptica,
1002301,Item_Name_1002300,Item_Desc_1002300,False,1002301,True,False,True,[],3,2,8,3,21,20001,16,0,0,0,0,0,0,0,False,1,2500,10,0,0,1002301,0,106,70,182,74,0,0,37,200,102,80,0,0,0,0,0,0,0,0,0,0,106,29,182,30,0,0,0,0,0,0,0,0,0,0,2008321,0,0,0,11008,5103,0,0,0,0,,0,/Game/Streaming/ArtAsset/UI/UIResource/UITexture/Common_Icon/Icon_Item_Equipment/icon_acc_OpticalProjectionCirclet.icon_acc_OpticalProjectionCirclet,,0,True,False,False,False,0,Diadema de Célula de Projeção Óptica,
1002400,Item_Name_1002400,Item_Desc_1002400,False,1002400,True,False,True,[],1,1,1,1,9,20001,1,8,0,0,0,0,0,0,False,1,100,10,0,0,1002400,0,33,12,0,0,0,0,0,0,0,0,0,0,0,0,0,0,0,0,0,0,0,0,0,0,0,0,0,0,0,0,0,0,0,0,2000111,0,0,0,0,2001,0,0,0,0,,0,/Game/Streaming/ArtAsset/UI/UIResource/UITexture/Common_Icon/Icon_Item_Weapon/icon_wpn_BG_Vibro_001.icon_wpn_BG_Vibro_001,,1002400,True,False,False,False,0,Arma de Raios do Praticante,
1002401,Item_Name_1002401,Item_Desc_1002401,False,1002401,True,False,True,[],1,1,1,1,9,20001,1,8,0,0,0,0,0,0,False,1,100,10,0,0,1002401,0,33,12,38,2,0,0,79,3,0,0,0,0,0,0,0,0,0,0,0,0,0,0,0,0,0,0,0,0,0,0,0,0,0,0,2000111,0,0,0,0,2001,0,0,0,0,,0,/Game/Streaming/ArtAsset/UI/UIResource/UITexture/Common_Icon/Icon_Item_Weapon/icon_wpn_BG_Fermion_001.icon_wpn_BG_Fermion_001,,1002401,True,False,False,False,0,Pistola Blaster do Mercenário,
1002402,Item_Name_1002402,Item_Desc_1002402,False,1002402,True,False,True,[],1,1,1,1,9,20001,1,8,0,0,0,0,0,0,False,1,100,10,0,0,1002402,0,33,12,38,2,0,0,113,50,0,0,0,0,0,0,0,0,0,0,0,0,0,0,0,0,0,0,0,0,0,0,0,0,0,0,2000111,0,0,0,0,2001,0,0,0,0,,0,/Game/Streaming/ArtAsset/UI/UIResource/UITexture/Common_Icon/Icon_Item_Weapon/icon_wpn_BG_Photon_001.icon_wpn_BG_Photon_001,,1002402,True,False,False,False,0,Pistola Blaster do Vagante,
1002403,Item_Name_1002403,Item_Desc_1002403,False,1002403,True,False,True,[],1,1,2,1,9,20001,1,8,0,0,0,0,0,0,False,1,100,10,0,0,1002403,0,33,16,38,4,0,0,98,3,0,0,0,0,0,0,0,0,0,0,0,0,0,0,0,0,0,0,0,0,0,0,0,0,0,0,2000111,0,0,0,0,2001,0,0,0,0,,0,/Game/Streaming/ArtAsset/UI/UIResource/UITexture/Common_Icon/Icon_Item_Weapon/icon_wpn_BG_Magneta_001.icon_wpn_BG_Magneta_001,,1002403,True,False,False,False,0,Arma de Explosão do Especialista,
1002404,Item_Name_1002404,Item_Desc_1002404,False,1002404,True,False,True,[],1,1,2,1,9,20001,1,8,0,0,0,0,0,0,False,1,100,10,0,0,1002404,0,33,16,38,4,0,0,93,2,0,0,0,0,0,0,0,0,0,0,0,0,0,0,0,0,0,0,0,0,0,0,0,0,0,0,2000111,0,0,0,0,2001,0,0,0,0,,0,/Game/Streaming/ArtAsset/UI/UIResource/UITexture/Common_Icon/Icon_Item_Weapon/icon_wpn_BG_Muon_001.icon_wpn_BG_Muon_001,,1002404,True,False,False,False,0,Pistola Blaster do Sentinel,
1002405,Item_Name_1002405,Item_Desc_1002405,False,1002405,True,False,True,[],1,1,2,1,9,20001,1,8,0,0,0,0,0,0,False,1,100,10,0,0,1002405,0,33,16,38,4,0,0,155,4,0,0,0,0,0,0,0,0,0,0,0,0,0,0,0,0,0,0,0,0,0,0,0,0,0,0,2000111,0,0,0,0,2001,0,0,0,0,,0,/Game/Streaming/ArtAsset/UI/UIResource/UITexture/Common_Icon/Icon_Item_Weapon/icon_wpn_BG_Polariton_001.icon_wpn_BG_Polariton_001,,1002405,True,False,False,False,0,Pistola Blaster do Executor,
1002406,Item_Name_1002406,Item_Desc_1002406,False,1002406,True,False,True,[],2,1,1,1,9,20001,1,8,0,0,0,0,0,0,False,1,500,10,0,0,1002406,0,33,32,38,6,79,6,113,100,0,0,0,0,0,0,0,0,0,0,0,0,0,0,0,0,0,0,0,0,0,0,0,0,0,0,2000211,0,0,0,0,3001,0,0,0,0,,0,/Game/Streaming/ArtAsset/UI/UIResource/UITexture/Common_Icon/Icon_Item_Weapon/icon_wpn_BG_Prism_001.icon_wpn_BG_Prism_001,,1002406,True,False,False,False,0,Arma de Raios Prismáticos,
1002407,Item_Name_1002407,Item_Desc_1002407,False,1002407,True,False,True,[],2,1,1,1,9,20001,1,8,0,0,0,0,0,0,False,1,500,10,0,0,1002407,0,33,32,38,6,79,6,155,4,0,0,0,0,0,0,0,0,0,0,0,0,0,0,0,0,0,0,0,0,0,0,0,0,0,0,2000211,0,0,0,0,3001,0,0,0,0,,0,/Game/Streaming/ArtAsset/UI/UIResource/UITexture/Common_Icon/Icon_Item_Weapon/icon_wpn_BG_Weyl_001.icon_wpn_BG_Weyl_001,,1002407,True,False,False,False,0,Arma Weyl Blaster,
1002408,Item_Name_1002408,Item_Desc_1002408,False,1002408,True,False,True,[],2,1,1,1,9,20001,1,8,0,0,0,0,0,0,False,1,500,10,0,0,1002408,0,33,32,38,6,79,6,147,6,0,0,0,0,0,0,0,0,0,0,0,0,0,0,0,0,0,0,0,0,0,0,0,0,0,0,2000211,0,0,0,0,3001,0,0,0,0,,0,/Game/Streaming/ArtAsset/UI/UIResource/UITexture/Common_Icon/Icon_Item_Weapon/icon_wpn_BG_Scalar_001.icon_wpn_BG_Scalar_001,,1002408,True,False,False,False,0,Pistola Blaster Scalar,
1002409,Item_Name_1002409,Item_Desc_1002409,False,1002409,True,False,True,[],2,1,2,1,9,20001,1,8,0,0,0,0,0,0,False,1,500,10,0,0,1002409,0,33,36,38,8,79,8,102,6,0,0,0,0,0,0,0,0,0,0,0,0,0,0,0,0,0,0,0,0,0,0,0,0,0,0,2000211,0,0,0,0,3001,0,0,0,0,,0,/Game/Streaming/ArtAsset/UI/UIResource/UITexture/Common_Icon/Icon_Item_Weapon/icon_wpn_BG_Eclipse_001.icon_wpn_BG_Eclipse_001,,1002409,True,False,False,False,0,Arma Blaster Eclipse,
1002410,Item_Name_1002410,Item_Desc_1002410,False,1002410,True,False,True,[],2,1,2,1,9,20001,1,8,0,0,0,0,0,0,False,1,500,10,0,0,1002410,0,33,36,38,8,79,8,98,5,0,0,0,0,0,0,0,0,0,0,0,0,0,0,0,0,0,0,0,0,0,0,0,0,0,0,2000211,0,0,0,0,3001,0,0,0,0,,0,/Game/Streaming/ArtAsset/UI/UIResource/UITexture/Common_Icon/Icon_Item_Weapon/icon_wpn_BG_Etendue_001.icon_wpn_BG_Etendue_001,,1002410,True,False,False,False,0,Arma Blaster Etendue,
1002411,Item_Name_1002411,Item_Desc_1002411,False,1002411,True,False,True,[],2,1,3,1,9,20001,1,8,0,0,0,0,0,0,False,1,500,10,0,0,1002411,0,33,40,38,10,79,10,93,3,0,0,0,0,0,0,0,0,0,0,0,0,0,0,0,0,0,0,0,0,0,0,0,0,0,0,2000211,0,0,0,0,3001,0,0,0,0,,0,/Game/Streaming/ArtAsset/UI/UIResource/UITexture/Common_Icon/Icon_Item_Weapon/icon_wpn_BG_Kilonova_001.icon_wpn_BG_Kilonova_001,,1002411,True,False,False,False,0,Arma de Raios Kilonova,
1002412,Item_Name_1002412,Item_Desc_1002412,False,1002412,True,False,True,[],2,1,3,1,9,20001,1,8,0,0,0,0,0,0,False,1,500,10,0,0,1002204,0,33,40,38,10,79,10,155,10,0,0,0,0,0,0,0,0,0,0,0,0,0,0,0,0,0,0,0,0,0,0,0,0,0,0,2000211,0,0,0,0,3001,0,0,0,0,,0,/Game/Streaming/ArtAsset/UI/UIResource/UITexture/Common_Icon/Icon_Item_Weapon/icon_wpn_BG_Magnox_001.icon_wpn_BG_Magnox_001,,1002412,True,False,False,False,0,Arma de Blaster Magnox,
1002413,Item_Name_1002413,Item_Desc_1002413,False,1002413,True,False,True,[],3,1,1,1,9,20001,1,8,0,0,0,0,0,0,False,1,2500,10,0,0,1002413,0,33,60,38,14,79,16,98,8,147,8,0,0,0,0,0,0,0,0,0,0,0,0,0,0,0,0,0,0,0,0,0,0,0,0,2001311,0,1001,1002426,10001,4001,0,0,0,0,,0,/Game/Streaming/ArtAsset/UI/UIResource/UITexture/Common_Icon/Icon_Item_Weapon/icon_wpn_BG_Specter_001.icon_wpn_BG_Specter_001,,1002413,True,False,False,False,0,Pistola Blaster de Combate Specter,
1002414,Item_Name_1002414,Item_Desc_1002414,False,1002414,True,False,True,[],3,1,2,1,9,20001,1,8,0,0,0,0,0,0,False,1,2500,10,0,0,1002414,0,33,65,38,19,79,19,98,9,149,8,0,0,0,0,0,0,0,0,0,0,0,0,0,0,0,0,0,0,0,0,0,0,0,0,2002311,0,1002,1002427,10002,4001,0,0,0,0,,0,/Game/Streaming/ArtAsset/UI/UIResource/UITexture/Common_Icon/Icon_Item_Weapon/icon_wpn_BG_Reticle_001.icon_wpn_BG_Reticle_001,,1002414,True,False,False,False,0,Arma de Blaster de Combate Cruzado,
1002415,Item_Name_1002415,Item_Desc_1002415,False,1002415,True,False,True,[],3,1,3,1,9,20001,1,8,0,0,0,0,0,0,False,1,2500,10,0,0,1002415,0,33,72,38,26,79,24,98,10,102,8,0,0,0,0,0,0,0,0,0,0,0,0,0,0,0,0,0,0,0,0,0,0,0,0,2003311,0,1003,1002428,10003,4001,0,0,0,0,,0,/Game/Streaming/ArtAsset/UI/UIResource/UITexture/Common_Icon/Icon_Item_Weapon/icon_wpn_BG_Prominence_001.icon_wpn_BG_Prominence_001,,1002415,True,False,False,False,0,Pistola de Combate Eminence,
1002416,Item_Name_1002416,Item_Desc_1002416,False,1002416,True,False,True,[],3,1,4,1,9,20001,1,8,0,0,0,0,0,0,False,1,2500,10,0,0,1002416,0,33,81,38,35,79,31,98,11,39,10,0,0,0,0,0,0,0,0,0,0,0,0,0,0,0,0,0,0,0,0,0,0,0,0,2004311,0,1004,1002429,10004,4001,0,0,0,0,,0,/Game/Streaming/ArtAsset/UI/UIResource/UITexture/Common_Icon/Icon_Item_Weapon/icon_wpn_BG_Sigma_001.icon_wpn_BG_Sigma_001,,1002416,True,False,False,False,0,Arma Blaster de Combate Sigma,
1002417,Item_Name_1002417,Item_Desc_1002417,False,1002417,True,False,True,[],3,1,5,1,9,20001,1,8,0,0,0,0,0,0,False,1,2500,10,0,0,1002417,0,33,92,38,46,79,42,98,12,113,200,0,0,0,0,0,0,0,0,0,0,0,0,0,0,0,0,0,0,0,0,0,0,0,0,2005311,0,1005,1002430,10005,4001,0,0,0,0,,0,/Game/Streaming/ArtAsset/UI/UIResource/UITexture/Common_Icon/Icon_Item_Weapon/icon_wpn_BG_Xenon_001.icon_wpn_BG_Xenon_001,,1002417,True,False,False,False,0,Arma Blaster de Combate Xenon,
1002418,Item_Name_1002418,Item_Desc_1002418,False,1002418,True,False,True,[],3,1,6,1,9,20001,1,8,0,0,0,0,0,0,False,1,2500,10,0,0,1002418,0,33,105,38,59,79,57,98,13,100,15,0,0,0,0,0,0,0,0,0,0,0,0,0,0,0,0,0,0,0,0,0,0,0,0,2006311,0,1006,1002431,10006,4002,0,0,0,0,,0,/Game/Streaming/ArtAsset/UI/UIResource/UITexture/Common_Icon/Icon_Item_Weapon/icon_wpn_BG_Anathema_001.icon_wpn_BG_Anathema_001,,1002418,True,False,False,False,0,Pistola de Combate Anathema Blaster,
1002419,Item_Name_1002419,Item_Desc_1002419,False,1002419,True,False,True,[],3,1,7,1,9,20001,1,8,0,0,0,0,0,0,False,1,2500,10,0,0,1002419,0,33,118,38,72,79,72,98,15,100,18,0,0,0,0,0,0,0,0,0,0,0,0,0,0,0,0,0,0,0,0,0,0,0,0,2007311,0,1007,1002432,10007,4002,0,0,0,0,,0,/Game/Streaming/ArtAsset/UI/UIResource/UITexture/Common_Icon/Icon_Item_Weapon/icon_wpn_BG_Void_001.icon_wpn_BG_Void_001,,1002419,True,False,False,False,0,Arma de Combate Void Blaster,
1002420,Item_Name_1002420,Item_Desc_1002420,False,1002420,True,False,True,[],3,1,8,1,9,20001,1,8,0,0,0,0,0,0,False,1,2500,10,0,0,1002420,0,33,127,38,80,79,77,98,18,155,21,0,0,0,0,0,0,0,0,0,0,0,0,0,0,0,0,0,0,0,0,0,0,0,0,2008311,0,1008,1002433,10008,4003,0,0,0,0,,0,/Game/Streaming/ArtAsset/UI/UIResource/UITexture/Common_Icon/Icon_Item_Weapon/icon_wpn_BG_Dekabreez_001.icon_wpn_BG_Dekabreez_001,,1002420,True,False,False,False,0,Pistola Blaster de Combate Dekabris,
1002421,Item_Name_1002421,Item_Desc_1002421,False,1002421,True,True,True,[],4,1,1,1,9,20001,1,8,0,0,0,0,0,0,False,1,12500,30,0,0,1002421,0,33,140,38,84,79,82,98,22,93,12,102,20,0,0,0,0,0,0,0,0,0,0,0,0,0,0,0,0,0,0,0,0,0,0,2001411,0,2001,1002434,20001,0,0,0,0,0,,0,/Game/Streaming/ArtAsset/UI/UIResource/UITexture/Common_Icon/Icon_Item_Weapon/icon_wpn_BG_Fallacia_001.icon_wpn_BG_Fallacia_001,,1002421,True,False,False,False,0,Pistola Blaster Pallacia do Executor,
1002422,Item_Name_1002422,Item_Desc_1002422,False,1002422,True,True,True,[],4,1,2,1,9,20001,1,8,0,0,0,0,0,0,False,1,12500,30,0,0,1002422,0,33,154,38,99,79,97,98,24,102,25,39,20,0,0,0,0,0,0,0,0,0,0,0,0,0,0,0,0,0,0,0,0,0,0,2002411,0,2002,1002435,20002,0,0,0,0,0,,0,/Game/Streaming/ArtAsset/UI/UIResource/UITexture/Common_Icon/Icon_Item_Weapon/icon_wpn_BG_Oblivion_001.icon_wpn_BG_Oblivion_001,,1002422,True,False,False,False,0,Arma de Desintegração do Juiz Oblivion,
1002423,Item_Name_1002423,Item_Desc_1002423,False,1002423,True,True,True,[],4,1,3,1,9,20001,1,8,0,0,0,0,0,0,False,1,12500,30,0,0,1002423,0,33,171,38,119,79,117,98,26,106,30,102,30,0,0,0,0,0,0,0,0,0,0,0,0,0,0,0,0,0,0,1,8010401,0,0,2003411,0,2003,1002436,20003,0,0,0,0,0,,0,/Game/Streaming/ArtAsset/UI/UIResource/UITexture/Common_Icon/Icon_Item_Weapon/icon_wpn_BG_Erebos_001.icon_wpn_BG_Erebos_001,,1002423,True,False,False,False,0,Arma Blaster Erebus do Pioneiro,
1002424,Item_Name_1002424,Item_Desc_1002424,False,1002424,True,True,True,[],4,1,4,1,9,20001,1,8,0,0,0,0,0,0,False,1,12500,30,0,0,1002424,0,33,192,38,127,79,127,98,27,100,150,7,36,0,0,0,0,0,0,0,0,0,0,0,0,0,0,0,0,0,0,1,8010411,0,0,2004411,0,2004,1002437,20004,0,0,0,0,0,,0,/Game/Streaming/ArtAsset/UI/UIResource/UITexture/Common_Icon/Icon_Item_Weapon/icon_wpn_BG_Quasar_001.icon_wpn_BG_Quasar_001,,1002424,True,False,False,False,0,Arma de Blaster Quasar do Comandante,
1002425,Item_Name_1002425,Item_Desc_1002425,False,1002425,True,True,True,[],4,1,5,1,9,20001,1,8,0,0,0,0,0,0,False,1,12500,30,0,0,1002425,0,33,218,38,135,79,137,98,32,100,210,10,64,0,0,0,0,0,0,0,0,0,0,0,0,0,0,0,0,0,0,1,8010945,0,0,2005411,0,2005,1002438,20005,0,0,0,0,0,,0,/Game/Streaming/ArtAsset/UI/UIResource/UITexture/Common_Icon/Icon_Item_Weapon/icon_wpn_BG_Starburst_001.icon_wpn_BG_Starburst_001,,1002425,True,False,False,False,0,Pistola de Rajada Estelar do Soberano,
1002426,Item_Name_1002426,Item_Desc_1002426,False,1002426,True,False,True,[],3,2,1,1,9,20001,1,8,0,0,0,0,0,0,False,1,2500,10,0,0,1002426,0,33,60,38,14,79,16,98,8,147,8,0,0,0,0,0,0,0,0,0,0,35,30,38,7,0,0,0,0,0,0,0,0,0,0,2001321,0,0,0,11001,5001,0,0,0,0,,0,/Game/Streaming/ArtAsset/UI/UIResource/UITexture/Common_Icon/Icon_Item_Weapon/icon_wpn_BG_Specter_001.icon_wpn_BG_Specter_001,,1002413,True,False,False,False,0,Pistola Blaster de Combate Specter,
1002427,Item_Name_1002427,Item_Desc_1002427,False,1002427,True,False,True,[],3,2,2,1,9,20001,1,8,0,0,0,0,0,0,False,1,2500,10,0,0,1002427,0,33,65,38,19,79,19,98,9,149,8,0,0,0,0,0,0,0,0,0,0,35,32,38,9,0,0,0,0,0,0,0,0,0,0,2002321,0,0,0,11002,5001,0,0,0,0,,0,/Game/Streaming/ArtAsset/UI/UIResource/UITexture/Common_Icon/Icon_Item_Weapon/icon_wpn_BG_Reticle_001.icon_wpn_BG_Reticle_001,,1002414,True,False,False,False,0,Arma de Blaster de Combate Cruzado,
1002428,Item_Name_1002428,Item_Desc_1002428,False,1002428,True,False,True,[],3,2,3,1,9,20001,1,8,0,0,0,0,0,0,False,1,2500,10,0,0,1002428,0,33,72,38,26,79,24,98,10,102,8,0,0,0,0,0,0,0,0,0,0,35,36,38,13,0,0,0,0,0,0,0,0,0,0,2003321,0,0,0,11003,5001,0,0,0,0,,0,/Game/Streaming/ArtAsset/UI/UIResource/UITexture/Common_Icon/Icon_Item_Weapon/icon_wpn_BG_Prominence_001.icon_wpn_BG_Prominence_001,,1002415,True,False,False,False,0,Pistola de Combate Eminence Blaster,
1002429,Item_Name_1002429,Item_Desc_1002429,False,1002429,True,False,True,[],3,2,4,1,9,20001,1,8,0,0,0,0,0,0,False,1,2500,10,0,0,1002429,0,33,81,38,35,79,31,98,11,39,10,0,0,0,0,0,0,0,0,0,0,35,40,38,17,0,0,0,0,0,0,0,0,0,0,2004321,0,0,0,11004,5001,0,0,0,0,,0,/Game/Streaming/ArtAsset/UI/UIResource/UITexture/Common_Icon/Icon_Item_Weapon/icon_wpn_BG_Sigma_001.icon_wpn_BG_Sigma_001,,1002416,True,False,False,False,0,Pistola Blaster de Combate Sigma,
1002430,Item_Name_1002430,Item_Desc_1002430,False,1002430,True,False,True,[],3,2,5,1,9,20001,1,8,0,0,0,0,0,0,False,1,2500,10,0,0,1002430,0,33,92,38,46,79,42,98,12,113,200,0,0,0,0,0,0,0,0,0,0,35,46,38,23,0,0,0,0,0,0,0,0,0,0,2005321,0,0,0,11005,5001,0,0,0,0,,0,/Game/Streaming/ArtAsset/UI/UIResource/UITexture/Common_Icon/Icon_Item_Weapon/icon_wpn_BG_Xenon_001.icon_wpn_BG_Xenon_001,,1002417,True,False,False,False,0,Pistola Blaster de Combate Xenon,
1002431,Item_Name_1002431,Item_Desc_1002431,False,1002431,True,False,True,[],3,2,6,1,9,20001,1,8,0,0,0,0,0,0,False,1,2500,10,0,0,1002431,0,33,105,38,59,79,57,98,13,100,15,0,0,0,0,0,0,0,0,0,0,35,52,38,29,0,0,0,0,0,0,0,0,0,0,2006321,0,0,0,11006,5002,0,0,0,0,,0,/Game/Streaming/ArtAsset/UI/UIResource/UITexture/Common_Icon/Icon_Item_Weapon/icon_wpn_BG_Anathema_001.icon_wpn_BG_Anathema_001,,1002418,True,False,False,False,0,Pistola de Combate Anathema Blaster,
1002432,Item_Name_1002432,Item_Desc_1002432,False,1002432,True,False,True,[],3,2,7,1,9,20001,1,8,0,0,0,0,0,0,False,1,2500,10,0,0,1002432,0,33,118,38,72,79,72,98,15,100,18,0,0,0,0,0,0,0,0,0,0,35,52,38,29,0,0,0,0,0,0,0,0,0,0,2007321,0,0,0,11007,5002,0,0,0,0,,0,/Game/Streaming/ArtAsset/UI/UIResource/UITexture/Common_Icon/Icon_Item_Weapon/icon_wpn_BG_Void_001.icon_wpn_BG_Void_001,,1002419,True,False,False,False,0,Arma de Combate Void Blaster,
1002433,Item_Name_1002433,Item_Desc_1002433,False,1002433,True,False,True,[],3,2,8,1,9,20001,1,8,0,0,0,0,0,0,False,1,2500,10,0,0,1002433,0,33,127,38,80,79,77,98,18,155,21,0,0,0,0,0,0,0,0,0,0,35,63,38,40,0,0,0,0,0,0,0,0,0,0,2008321,0,0,0,11008,5003,0,0,0,0,,0,/Game/Streaming/ArtAsset/UI/UIResource/UITexture/Common_Icon/Icon_Item_Weapon/icon_wpn_BG_Dekabreez_001.icon_wpn_BG_Dekabreez_001,,1002420,True,False,False,False,0,Pistola de Combate Dekabris Blaster,
1002434,Item_Name_1002434,Item_Desc_1002434,False,1002434,True,True,True,[],4,2,1,1,9,20001,1,8,0,0,0,0,0,0,False,1,12500,30,0,0,1002434,0,33,140,38,84,79,82,98,22,93,12,102,20,0,0,0,0,0,0,0,0,35,70,38,42,0,0,0,0,0,0,0,0,0,0,2001421,0,0,0,21001,0,0,0,0,0,,0,/Game/Streaming/ArtAsset/UI/UIResource/UITexture/Common_Icon/Icon_Item_Weapon/icon_wpn_BG_Fallacia_001.icon_wpn_BG_Fallacia_001,,1002421,True,False,False,False,0,Pistola Blaster Pallacia do Executor,
1002435,Item_Name_1002435,Item_Desc_1002435,False,1002435,True,True,True,[],4,2,2,1,9,20001,1,8,0,0,0,0,0,0,False,1,12500,30,0,0,1002435,0,33,154,38,99,79,97,98,24,102,25,39,20,0,0,0,0,0,0,0,0,35,72,38,49,0,0,0,0,0,0,0,0,0,0,2002421,0,0,0,21002,0,0,0,0,0,,0,/Game/Streaming/ArtAsset/UI/UIResource/UITexture/Common_Icon/Icon_Item_Weapon/icon_wpn_BG_Oblivion_001.icon_wpn_BG_Oblivion_001,,1002422,True,False,False,False,0,Arma de Oblivion do Juiz,
1002436,Item_Name_1002436,Item_Desc_1002436,False,1002436,True,True,True,[],4,2,3,1,9,20001,1,8,0,0,0,0,0,0,False,1,12500,30,0,0,1002436,0,33,171,38,119,79,117,98,26,106,30,102,30,0,0,0,0,0,0,0,0,35,75,38,59,0,0,0,0,0,0,1,8010401,0,0,2003421,0,0,0,21003,0,0,0,0,0,,0,/Game/Streaming/ArtAsset/UI/UIResource/UITexture/Common_Icon/Icon_Item_Weapon/icon_wpn_BG_Erebos_001.icon_wpn_BG_Erebos_001,,1002423,True,False,False,False,0,Arma Blaster Erebus do Pioneiro,
1002437,Item_Name_1002437,Item_Desc_1002437,False,1002437,True,True,True,[],4,2,4,1,9,20001,1,8,0,0,0,0,0,0,False,1,12500,30,0,0,1002437,0,33,192,38,127,79,127,98,27,100,150,7,36,0,0,0,0,0,0,0,0,35,80,38,64,0,0,0,0,0,0,1,8010411,0,0,2004421,0,0,0,21004,0,0,0,0,0,,0,/Game/Streaming/ArtAsset/UI/UIResource/UITexture/Common_Icon/Icon_Item_Weapon/icon_wpn_BG_Quasar_001.icon_wpn_BG_Quasar_001,,1002424,True,False,False,False,0,Arma de Blaster Quasar do Comandante,
1002438,Item_Name_1002438,Item_Desc_1002438,False,1002438,True,True,True,[],4,2,5,1,9,20001,1,8,0,0,0,0,0,0,False,1,12500,30,0,0,1002438,0,33,218,38,135,79,137,98,32,100,210,10,64,0,0,0,0,0,0,0,0,35,108,38,74,0,0,0,0,0,0,1,8010945,0,0,2005421,0,0,0,21005,0,0,0,0,0,,0,/Game/Streaming/ArtAsset/UI/UIResource/UITexture/Common_Icon/Icon_Item_Weapon/icon_wpn_BG_Starburst_001.icon_wpn_BG_Starburst_001,,1002425,True,False,False,False,0,Pistola de Rajada Estelar do Soberano,
1002478,Item_Name_1002439,Item_Desc_1002439,False,1002478,True,True,True,[],4,1,6,1,9,20001,1,8,0,0,0,0,0,0,False,1,12500,30,0,0,1002478,0,33,233,38,150,79,147,98,37,100,250,10,75,0,0,0,0,0,0,0,0,0,0,0,0,0,0,0,0,0,0,1,8010969,0,0,2006411,0,2006,1002479,0,0,0,0,0,0,,0,/Game/Streaming/ArtAsset/UI/UIResource/UITexture/Common_Icon/Icon_Item_Weapon/icon_wpn_BG_Enigma_001.icon_wpn_BG_Enigma_001,,1002478,True,False,False,False,0,Arma de Enigma do Governante,
1002479,Item_Name_1002439,Item_Desc_1002439,False,1002479,True,True,True,[],4,2,6,1,9,20001,1,8,0,0,0,0,0,0,False,1,12500,30,0,0,1002479,0,33,233,38,150,79,147,98,37,100,250,10,75,0,0,0,0,0,0,0,0,35,128,38,84,0,0,0,0,0,0,1,8010969,0,0,2006421,0,0,0,0,0,0,0,0,0,,0,/Game/Streaming/ArtAsset/UI/UIResource/UITexture/Common_Icon/Icon_Item_Weapon/icon_wpn_BG_Enigma_001.icon_wpn_BG_Enigma_001,,1002478,True,False,False,False,0,Arma de Enigma do Governante,
1900000,Item_Name_1900000,Item_Desc_1900000,False,1900000,True,False,True,[],3,2,3,1,2,20001,1,1,0,0,0,0,0,0,False,1,2500,10,0,0,1900000,0,33,75,38,27,79,25,93,8,106,20,0,0,0,0,0,0,0,0,0,0,35,36,38,13,0,0,0,0,0,0,0,0,0,0,2003321,0,0,0,11003,5201,0,0,0,0,,0,/Game/Streaming/ArtAsset/UI/UIResource/UITexture/Common_Icon/Icon_Item_Weapon/icon_wpn_RF_Eta_001.icon_wpn_RF_Eta_001,,1900000,True,False,False,False,0,Rifle do Observador,Rifle do Observador
1900001,Item_Name_1900001,Item_Desc_1900001,False,1900001,True,False,True,[],3,2,5,1,2,20001,1,1,0,0,0,0,0,0,False,1,2500,10,0,0,1900001,0,33,96,38,48,79,44,100,15,106,20,0,0,0,0,0,0,0,0,0,0,35,46,38,23,0,0,0,0,0,0,0,0,0,0,2005321,0,0,0,11005,5201,0,0,0,0,,0,/Game/Streaming/ArtAsset/UI/UIResource/UITexture/Common_Icon/Icon_Item_Weapon/icon_wpn_RF_Anguish_001.icon_wpn_RF_Anguish_001,,1900001,True,False,False,False,0,Rifle do Rastreador,Rifle do Rastreador
1900002,Item_Name_1900002,Item_Desc_1900002,False,1900002,True,False,True,[],3,2,4,1,3,20001,1,2,0,0,0,0,0,0,False,1,2500,10,0,0,1900002,0,33,85,38,36,77,32,93,8,106,20,0,0,0,0,0,0,0,0,0,0,35,40,38,17,0,0,0,0,0,0,0,0,0,0,2004321,0,0,0,11004,5201,0,0,0,0,,0,/Game/Streaming/ArtAsset/UI/UIResource/UITexture/Common_Icon/Icon_Item_Weapon/icon_wpn_BL_Eta_001.icon_wpn_BL_Eta_001,,1900002,True,False,False,False,0,Lâmina do Rastreador de Fogo,Lâmina do Rastreador de Fogo
1900003,Item_Name_1900003,Item_Desc_1900003,False,1900003,True,False,True,[],3,2,4,1,3,20001,1,2,0,0,0,0,0,0,False,1,2500,10,0,0,1900003,0,33,85,38,36,77,32,12,500,106,20,0,0,0,0,0,0,0,0,0,0,35,40,38,17,0,0,0,0,0,0,0,0,0,0,2004321,0,0,0,11004,5201,0,0,0,0,,0,/Game/Streaming/ArtAsset/UI/UIResource/UITexture/Common_Icon/Icon_Item_Weapon/icon_wpn_BL_Anguish_001.icon_wpn_BL_Anguish_001,,1900003,True,False,False,False,0,Lâmina do Ninho Enferrujado,Lâmina do Ninho Enferrujado
1900004,Item_Name_1900004,Item_Desc_1900004,False,1900004,True,False,True,[],3,2,6,1,4,20001,1,3,0,0,0,0,0,0,False,1,2500,10,0,0,1900004,0,33,110,38,61,77,59,93,8,106,20,0,0,0,0,0,0,0,0,0,0,35,52,38,29,0,0,0,0,0,0,0,0,0,0,2006321,0,0,0,11006,5202,0,0,0,0,,0,/Game/Streaming/ArtAsset/UI/UIResource/UITexture/Common_Icon/Icon_Item_Weapon/icon_wpn_SW_Eta_001.icon_wpn_SW_Eta_001,,1900004,True,False,False,False,0,Espada e Escudo Garra de Ferro,Espada e Escudo Garra de Ferro
1900005,Item_Name_1900005,Item_Desc_1900005,False,1900005,True,False,True,[],3,2,4,1,4,20001,1,3,0,0,0,0,0,0,False,1,2500,10,0,0,1900005,0,33,85,38,36,77,32,99,20,106,20,0,0,0,0,0,0,0,0,0,0,35,40,38,17,0,0,0,0,0,0,0,0,0,0,2004321,0,0,0,11004,5201,0,0,0,0,,0,/Game/Streaming/ArtAsset/UI/UIResource/UITexture/Common_Icon/Icon_Item_Weapon/icon_wpn_SW_Anguish_001.icon_wpn_SW_Anguish_001,,1900005,True,False,False,False,0,Espada e Escudo do Rastreador de Fogo,Espada e Escudo do Rastreador de Fogo
1900006,Item_Name_1900006,Item_Desc_1900006,False,1900006,True,False,True,[],3,2,2,1,5,20001,1,4,0,0,0,0,0,0,False,1,2500,10,0,0,1900006,0,33,68,38,19,79,19,93,8,106,20,0,0,0,0,0,0,0,0,0,0,35,32,38,9,0,0,0,0,0,0,0,0,0,0,2002321,0,0,0,11002,5201,0,0,0,0,,0,/Game/Streaming/ArtAsset/UI/UIResource/UITexture/Common_Icon/Icon_Item_Weapon/icon_wpn_GL_Eta_001.icon_wpn_GL_Eta_001,,1900006,True,False,False,False,0,Carregador de Força do Rastreador,Carregador de Força do Rastreador
1900007,Item_Name_1900007,Item_Desc_1900007,False,1900007,True,False,True,[],3,2,5,1,5,20001,1,4,0,0,0,0,0,0,False,1,2500,10,0,0,1900007,0,33,96,38,48,79,44,159,20,106,20,0,0,0,0,0,0,0,0,0,0,35,46,38,23,0,0,0,0,0,0,0,0,0,0,2005321,0,0,0,11005,5201,0,0,0,0,,0,/Game/Streaming/ArtAsset/UI/UIResource/UITexture/Common_Icon/Icon_Item_Weapon/icon_wpn_GL_Anguish_001.icon_wpn_GL_Anguish_001,,1900007,True,False,False,False,0,Carregador de Força da Chama Eterna,Carregador de Força da Chama Eterna
1900008,Item_Name_1900008,Item_Desc_1900008,False,1900008,True,False,True,[],3,2,4,1,6,20001,1,5,0,0,0,0,0,0,False,1,2500,10,0,0,1900008,0,33,85,38,36,75,32,145,200,106,20,0,0,0,0,0,0,0,0,0,0,35,40,38,17,0,0,0,0,0,0,0,0,0,0,2004321,0,0,0,11004,5201,0,0,0,0,,0,/Game/Streaming/ArtAsset/UI/UIResource/UITexture/Common_Icon/Icon_Item_Weapon/icon_wpn_AX_Eta_001.icon_wpn_AX_Eta_001,,1900008,True,False,False,False,0,Machado do Rastreador de Fogo,Machado do Rastreador de Fogo
1900009,Item_Name_1900009,Item_Desc_1900009,False,1900009,True,False,True,[],3,2,6,1,6,20001,1,5,0,0,0,0,0,0,False,1,2500,10,0,0,1900009,0,33,110,38,61,75,59,141,700,106,20,0,0,0,0,0,0,0,0,0,0,35,52,38,29,0,0,0,0,0,0,0,0,0,0,2006321,0,0,0,11006,5202,0,0,0,0,,0,/Game/Streaming/ArtAsset/UI/UIResource/UITexture/Common_Icon/Icon_Item_Weapon/icon_wpn_AX_Anguish_001.icon_wpn_AX_Anguish_001,,1900009,True,False,False,False,0,Machado do Caçador de Piratas,Machado do Caçador de Piratas
1900010,Item_Name_1900010,Item_Desc_1900010,False,1900010,True,False,True,[],3,2,3,1,7,20001,1,6,0,0,0,0,0,0,False,1,2500,10,0,0,1900010,0,33,75,38,27,75,25,112,200,106,20,0,0,0,0,0,0,0,0,0,0,35,36,38,13,0,0,0,0,0,0,0,0,0,0,2003321,0,0,0,11003,5201,0,0,0,0,,0,/Game/Streaming/ArtAsset/UI/UIResource/UITexture/Common_Icon/Icon_Item_Weapon/icon_wpn_MG_Eta_001.icon_wpn_MG_Eta_001,,1900010,True,False,False,False,0,Arma de Força Selvagem,Arma de Força Selvagem
1900011,Item_Name_1900011,Item_Desc_1900011,False,1900011,True,False,True,[],3,2,3,1,7,20001,1,6,0,0,0,0,0,0,False,1,2500,10,0,0,1900011,0,33,75,38,27,75,25,164,700,106,20,0,0,0,0,0,0,0,0,0,0,35,36,38,13,0,0,0,0,0,0,0,0,0,0,2003321,0,0,0,11003,5201,0,0,0,0,,0,/Game/Streaming/ArtAsset/UI/UIResource/UITexture/Common_Icon/Icon_Item_Weapon/icon_wpn_MG_Anguish_001.icon_wpn_MG_Anguish_001,,1900011,True,False,False,False,0,Arma de Força do Observador,Arma de Força do Observador
1900036,Item_Name_1900036,Item_Desc_1900036,False,1900036,True,False,True,[],3,2,2,2,12,20001,2,0,0,0,0,0,0,0,False,1,2500,10,0,0,1900036,0,36,26,40,22,0,0,91,50,37,300,0,0,0,0,0,0,0,0,0,0,36,18,40,12,0,0,0,0,0,0,0,0,0,0,2002321,0,0,0,11002,5201,0,0,0,0,,0,/Game/Streaming/ArtAsset/UI/UIResource/UITexture/Common_Icon/Icon_Item_Equipment/icon_armor_Avenger_sNeckGuard.icon_armor_Avenger_sNeckGuard,,0,True,False,False,False,0,Protetor Cervical do Vingador,Protetor Cervical do Vingador
1900037,Item_Name_1900037,Item_Desc_1900037,False,1900037,True,False,True,[],3,2,3,2,12,20001,2,0,0,0,0,0,0,0,False,1,2500,10,0,0,1900037,0,36,32,40,26,0,0,159,12,37,300,0,0,0,0,0,0,0,0,0,0,36,19,40,13,0,0,0,0,0,0,0,0,0,0,2003321,0,0,0,11003,5201,0,0,0,0,,0,/Game/Streaming/ArtAsset/UI/UIResource/UITexture/Common_Icon/Icon_Item_Equipment/icon_armor_NeckGuardofWild.icon_armor_NeckGuardofWild,,0,True,False,False,False,0,Protetor Cervical Selvagem,Protetor Cervical Selvagem
1900038,Item_Name_1900038,Item_Desc_1900038,False,1900038,True,False,True,[],3,2,2,2,11,20001,3,0,0,0,0,0,0,0,False,1,2500,10,0,0,1900038,0,36,32,85,27,0,0,37,300,83,12,0,0,0,0,0,0,0,0,0,0,36,19,85,13,0,0,0,0,0,0,0,0,0,0,2002321,0,0,0,11002,5201,0,0,0,0,,0,/Game/Streaming/ArtAsset/UI/UIResource/UITexture/Common_Icon/Icon_Item_Equipment/icon_armor_Avenger_sUpperGuard.icon_armor_Avenger_sUpperGuard,,0,True,False,False,False,0,Protetor Superior do Vingador,Protetor Superior do Vingador
1900039,Item_Name_1900039,Item_Desc_1900039,False,1900039,True,False,True,[],3,2,5,2,11,20001,3,0,0,0,0,0,0,0,False,1,2500,10,0,0,1900039,0,36,60,85,58,0,0,95,12,83,12,0,0,0,0,0,0,0,0,0,0,36,26,85,20,0,0,0,0,0,0,0,0,0,0,2005321,0,0,0,11005,5201,0,0,0,0,,0,/Game/Streaming/ArtAsset/UI/UIResource/UITexture/Common_Icon/Icon_Item_Equipment/icon_armor_Chaser_sUpperGuard.icon_armor_Chaser_sUpperGuard,,0,True,False,False,False,0,Protetor Superior do Rastreador,Protetor Superior do Rastreador
1900040,Item_Name_1900040,Item_Desc_1900040,False,1900040,True,False,True,[],3,2,3,2,13,20001,4,0,0,0,0,0,0,0,False,1,2500,10,0,0,1900040,0,36,36,37,787,0,0,162,8,144,50,0,0,0,0,0,0,0,0,0,0,36,20,37,396,0,0,0,0,0,0,0,0,0,0,2003321,0,0,0,11003,5201,0,0,0,0,,0,/Game/Streaming/ArtAsset/UI/UIResource/UITexture/Common_Icon/Icon_Item_Equipment/icon_armor_LowerGuardofCorruption.icon_armor_LowerGuardofCorruption,,0,True,False,False,False,0,Protetor Inferior da Corrupção,Protetor Inferior da Corrupção
1900041,Item_Name_1900041,Item_Desc_1900041,False,1900041,True,False,True,[],3,2,6,2,13,20001,4,0,0,0,0,0,0,0,False,1,2500,10,0,0,1900041,0,36,61,37,1669,0,0,85,6,144,50,0,0,0,0,0,0,0,0,0,0,36,26,37,606,0,0,0,0,0,0,0,0,0,0,2006321,0,0,0,11006,5202,0,0,0,0,,0,/Game/Streaming/ArtAsset/UI/UIResource/UITexture/Common_Icon/Icon_Item_Equipment/icon_armor_LowerGuardofMutation.icon_armor_LowerGuardofMutation,,0,True,False,False,False,0,Protetor Inferior de Transmutação,Protetor Inferior de Transmutação
1900042,Item_Name_1900042,Item_Desc_1900042,False,1900042,True,False,True,[],3,2,2,2,14,20001,5,0,0,0,0,0,0,0,False,1,2500,10,0,0,1900042,0,36,26,38,22,0,0,91,30,81,200,0,0,0,0,0,0,0,0,0,0,36,17,38,11,0,0,0,0,0,0,0,0,0,0,2002321,0,0,0,11002,5201,0,0,0,0,,0,/Game/Streaming/ArtAsset/UI/UIResource/UITexture/Common_Icon/Icon_Item_Equipment/icon_armor_Chaser_sArmGuard.icon_armor_Chaser_sArmGuard,,0,True,False,False,False,0,Protetor de Braço do Rastreador,Protetor de Braço do Rastreador
1900043,Item_Name_1900043,Item_Desc_1900043,False,1900043,True,False,True,[],3,2,2,2,14,20001,5,0,0,0,0,0,0,0,False,1,2500,10,0,0,1900043,0,36,26,38,22,0,0,102,6,81,200,0,0,0,0,0,0,0,0,0,0,36,17,38,11,0,0,0,0,0,0,0,0,0,0,2002321,0,0,0,11002,5201,0,0,0,0,,0,/Game/Streaming/ArtAsset/UI/UIResource/UITexture/Common_Icon/Icon_Item_Equipment/icon_armor_ArmGuardofMutation.icon_armor_ArmGuardofMutation,,0,True,False,False,False,0,Protetor de Braço de Transmutação,Protetor de Braço de Transmutação
1900044,Item_Name_1900044,Item_Desc_1900044,False,1900044,True,False,True,[],3,2,3,2,15,20001,6,0,0,0,0,0,0,0,False,1,2500,10,0,0,1900044,0,36,32,40,26,0,0,85,6,80,500,0,0,0,0,0,0,0,0,0,0,36,18,40,11,0,0,0,0,0,0,0,0,0,0,2003321,0,0,0,11003,5201,0,0,0,0,,0,/Game/Streaming/ArtAsset/UI/UIResource/UITexture/Common_Icon/Icon_Item_Equipment/icon_armor_LegGuardofWild.icon_armor_LegGuardofWild,,0,True,False,False,False,0,Protetor de Perna Selvagem,Protetor de Perna Selvagem
1900045,Item_Name_1900045,Item_Desc_1900045,False,1900045,True,False,True,[],3,2,6,2,15,20001,6,0,0,0,0,0,0,0,False,1,2500,10,0,0,1900045,0,36,57,40,45,0,0,99,10,80,500,0,0,0,0,0,0,0,0,0,0,36,22,40,14,0,0,0,0,0,0,0,0,0,0,2006321,0,0,0,11006,5202,0,0,0,0,,0,/Game/Streaming/ArtAsset/UI/UIResource/UITexture/Common_Icon/Icon_Item_Equipment/icon_armor_LegGuardofPatience.icon_armor_LegGuardofPatience,,0,True,False,False,False,0,Protetor de Perna da Perseverança,Protetor de Perna da Perseverança
1900066,Item_Name_1900066,Item_Desc_1900066,False,1900066,True,False,True,[],3,2,3,3,18,20001,8,0,0,0,0,0,0,0,False,1,2500,10,0,0,1900066,0,38,26,98,19,0,0,121,200,41,10,0,0,0,0,0,0,0,0,0,0,38,18,98,11,0,0,0,0,0,0,0,0,0,0,2003321,0,0,0,11003,5201,0,0,0,0,,0,/Game/Streaming/ArtAsset/UI/UIResource/UITexture/Common_Icon/Icon_Item_Equipment/icon_acc_Necklaceofcorruption.icon_acc_Necklaceofcorruption,,0,True,False,False,False,0,Colar da Corrupção,Brincos da Corrupção
1900067,Item_Name_1900067,Item_Desc_1900067,False,1900067,True,False,True,[],3,2,4,3,18,20001,8,0,0,0,0,0,0,0,False,1,2500,10,0,0,1900067,0,38,33,98,25,0,0,89,400,41,10,0,0,0,0,0,0,0,0,0,0,38,19,41,12,0,0,0,0,0,0,0,0,0,0,2004321,0,0,0,11004,5201,0,0,0,0,,0,/Game/Streaming/ArtAsset/UI/UIResource/UITexture/Common_Icon/Icon_Item_Equipment/icon_acc_Chaser_sNecklace.icon_acc_Chaser_sNecklace,,0,True,False,False,False,0,Colar do Rastreador,Colar do Rastreador
1900068,Item_Name_1900068,Item_Desc_1900068,False,1900068,True,False,True,[],3,2,3,3,17,20001,7,0,0,0,0,0,0,0,False,1,2500,10,0,0,1900068,0,35,26,41,19,0,0,147,10,93,5,0,0,0,0,0,0,0,0,0,0,35,18,41,11,0,0,0,0,0,0,0,0,0,0,2003321,0,0,0,11003,5201,0,0,0,0,,0,/Game/Streaming/ArtAsset/UI/UIResource/UITexture/Common_Icon/Icon_Item_Equipment/icon_acc_EarcuffofCorruption.icon_acc_EarcuffofCorruption,,0,True,False,False,False,0,Brincos da Corrupção,Brincos da Corrupção
1900069,Item_Name_1900069,Item_Desc_1900069,False,1900069,True,False,True,[],3,2,6,3,17,20001,7,0,0,0,0,0,0,0,False,1,2500,10,0,0,1900069,0,35,51,41,38,0,0,39,6,93,5,0,0,0,0,0,0,0,0,0,0,35,24,41,6,0,0,0,0,0,0,0,0,0,0,2006321,0,0,0,11006,5202,0,0,0,0,,0,/Game/Streaming/ArtAsset/UI/UIResource/UITexture/Common_Icon/Icon_Item_Equipment/icon_acc_EarcuffofClawarm.icon_acc_EarcuffofClawarm,,0,True,False,False,False,0,Brincos de Pinça,Brincos de Pinça
1900070,Item_Name_1900070,Item_Desc_1900070,False,1900070,True,False,True,[],3,2,5,3,19,20001,9,0,0,0,0,0,0,0,False,1,2500,10,0,0,1900070,0,36,42,42,31,0,0,148,10,85,6,0,0,0,0,0,0,0,0,0,0,36,21,42,14,0,0,0,0,0,0,0,0,0,0,2005321,0,0,0,11005,5201,0,0,0,0,,0,/Game/Streaming/ArtAsset/UI/UIResource/UITexture/Common_Icon/Icon_Item_Equipment/icon_acc_BangleofBluefire.icon_acc_BangleofBluefire,,0,True,False,False,False,0,Bracelete do Fogo Azul,Bracelete do Fogo Azul
1900071,Item_Name_1900071,Item_Desc_1900071,False,1900071,True,False,True,[],3,2,2,3,19,20001,9,0,0,0,0,0,0,0,False,1,2500,10,0,0,1900071,0,36,19,42,15,0,0,83,10,85,6,0,0,0,0,0,0,0,0,0,0,36,16,42,10,0,0,0,0,0,0,0,0,0,0,2002321,0,0,0,11002,5201,0,0,0,0,,0,/Game/Streaming/ArtAsset/UI/UIResource/UITexture/Common_Icon/Icon_Item_Equipment/icon_acc_BangleofMutation.icon_acc_BangleofMutation,,0,True,False,False,False,0,Bracelete de Transmutação,Bracelete de Transmutação
1900072,Item_Name_1900072,Item_Desc_1900072,False,1900072,True,False,True,[],3,2,4,3,20,20001,10,0,0,0,0,0,0,0,False,1,2500,10,0,0,1900072,0,40,33,99,25,0,0,42,10,36,10,0,0,0,0,0,0,0,0,0,0,40,19,99,12,0,0,0,0,0,0,0,0,0,0,2004321,0,0,0,11004,5201,0,0,0,0,,0,/Game/Streaming/ArtAsset/UI/UIResource/UITexture/Common_Icon/Icon_Item_Equipment/icon_acc_RingofNest.icon_acc_RingofNest,,0,True,False,False,False,0,Anel do Ninho,Anel do Ninho
1900073,Item_Name_1900073,Item_Desc_1900073,False,1900073,True,False,True,[],3,2,3,3,20,20001,10,0,0,0,0,0,0,0,False,1,2500,10,0,0,1900073,0,40,26,99,19,0,0,90,400,36,10,0,0,0,0,0,0,0,0,0,0,40,18,99,11,0,0,0,0,0,0,0,0,0,0,2003321,0,0,0,11003,5201,0,0,0,0,,0,/Game/Streaming/ArtAsset/UI/UIResource/UITexture/Common_Icon/Icon_Item_Equipment/icon_acc_RingofObserver.icon_acc_RingofObserver,,0,True,False,False,False,0,Anel do Observador,Anel do Observador
1900192,Item_Name_1900192,Item_Desc_1900192,False,1900192,True,False,True,[],3,2,6,1,2,20001,1,1,0,0,0,0,0,0,False,1,2500,10,0,0,1900192,0,33,110,38,61,79,59,93,8,106,20,0,0,0,0,0,0,0,0,0,0,35,52,38,29,0,0,0,0,0,0,0,0,0,0,2006321,0,0,0,11006,5202,0,0,0,0,,0,/Game/Streaming/ArtAsset/UI/UIResource/UITexture/Common_Icon/Icon_Item_Weapon/icon_wpn_RF_Debye_001.icon_wpn_RF_Debye_001,,1900012,True,False,False,False,0,Rifle de Transmutação,Rifle de Transmutação
1900193,Item_Name_1900193,Item_Desc_1900193,False,1900193,True,False,True,[],3,2,6,1,2,20001,1,1,0,0,0,0,0,0,False,1,2500,10,0,0,1900193,0,33,110,38,61,79,59,96,30,106,20,0,0,0,0,0,0,0,0,0,0,35,52,38,29,0,0,0,0,0,0,0,0,0,0,2006321,0,0,0,11006,5202,0,0,0,0,,0,/Game/Streaming/ArtAsset/UI/UIResource/UITexture/Common_Icon/Icon_Item_Weapon/icon_wpn_RF_Fracture_001.icon_wpn_RF_Fracture_001,,1900013,True,False,False,False,0,Rifle do Caçador de Piratas,Rifle do Caçador de Piratas
1900194,Item_Name_1900194,Item_Desc_1900194,False,1900194,True,False,True,[],3,2,6,1,3,20001,1,2,0,0,0,0,0,0,False,1,2500,10,0,0,1900194,0,33,110,38,61,77,59,93,8,106,20,0,0,0,0,0,0,0,0,0,0,35,52,38,29,0,0,0,0,0,0,0,0,0,0,2006321,0,0,0,11006,5202,0,0,0,0,,0,/Game/Streaming/ArtAsset/UI/UIResource/UITexture/Common_Icon/Icon_Item_Weapon/icon_wpn_BL_Debye_001.icon_wpn_BL_Debye_001,,1900014,True,False,False,False,0,Lâmina do Caçador de Máquinas,Lâmina do Caçador de Máquinas
1900195,Item_Name_1900195,Item_Desc_1900195,False,1900195,True,False,True,[],3,2,6,1,3,20001,1,2,0,0,0,0,0,0,False,1,2500,10,0,0,1900195,0,33,110,38,61,77,59,10,30,106,20,0,0,0,0,0,0,0,0,0,0,35,52,38,29,0,0,0,0,0,0,0,0,0,0,2006321,0,0,0,11006,5202,0,0,0,0,,0,/Game/Streaming/ArtAsset/UI/UIResource/UITexture/Common_Icon/Icon_Item_Weapon/icon_wpn_BL_Fracture_001.icon_wpn_BL_Fracture_001,,1900015,True,False,False,False,0,Lâmina do Assassino Cego,Lâmina do Assassino Cego
1900196,Item_Name_1900196,Item_Desc_1900196,False,1900196,True,False,True,[],3,2,6,1,4,20001,1,3,0,0,0,0,0,0,False,1,2500,10,0,0,1900196,0,33,110,38,61,77,59,93,8,106,20,0,0,0,0,0,0,0,0,0,0,35,52,38,29,0,0,0,0,0,0,0,0,0,0,2006321,0,0,0,11006,5202,0,0,0,0,,0,/Game/Streaming/ArtAsset/UI/UIResource/UITexture/Common_Icon/Icon_Item_Weapon/icon_wpn_SW_Debye_001.icon_wpn_SW_Debye_001,,1900016,True,False,False,False,0,Espada e Escudo de Hive Lord,Espada e Escudo de Hive Lord
1900197,Item_Name_1900197,Item_Desc_1900197,False,1900197,True,False,True,[],3,2,5,1,4,20001,1,3,0,0,0,0,0,0,False,1,2500,10,0,0,1900197,0,33,96,38,48,77,44,70,700,106,20,0,0,0,0,0,0,0,0,0,0,35,46,38,23,0,0,0,0,0,0,0,0,0,0,2005321,0,0,0,11005,5201,0,0,0,0,,0,/Game/Streaming/ArtAsset/UI/UIResource/UITexture/Common_Icon/Icon_Item_Weapon/icon_wpn_SW_Fracture_001.icon_wpn_SW_Fracture_001,,1900017,True,False,False,False,0,Espada e Escudo do Mutador,Espada e Escudo do Mutador
1900198,Item_Name_1900198,Item_Desc_1900198,False,1900198,True,False,True,[],3,2,6,1,5,20001,1,4,0,0,0,0,0,0,False,1,2500,10,0,0,1900198,0,33,110,38,61,79,59,93,8,106,20,0,0,0,0,0,0,0,0,0,0,35,52,38,29,0,0,0,0,0,0,0,0,0,0,2006321,0,0,0,11006,5202,0,0,0,0,,0,/Game/Streaming/ArtAsset/UI/UIResource/UITexture/Common_Icon/Icon_Item_Weapon/icon_wpn_GL_Debye_001.icon_wpn_GL_Debye_001,,1900018,True,False,False,False,0,Carregador de Força do Asceta,Carregador de Força do Asceta
1900199,Item_Name_1900199,Item_Desc_1900199,False,1900199,True,False,True,[],3,2,6,1,5,20001,1,4,0,0,0,0,0,0,False,1,2500,10,0,0,1900199,0,33,110,38,61,79,59,97,26,106,20,0,0,0,0,0,0,0,0,0,0,35,52,38,29,0,0,0,0,0,0,0,0,0,0,2006321,0,0,0,11006,5202,0,0,0,0,,0,/Game/Streaming/ArtAsset/UI/UIResource/UITexture/Common_Icon/Icon_Item_Weapon/icon_wpn_GL_Fracture_001.icon_wpn_GL_Fracture_001,,1900019,True,False,False,False,0,Carregador de Força do Vidente,Carregador de Força do Vidente
1900200,Item_Name_1900200,Item_Desc_1900200,False,1900200,True,False,True,[],3,2,6,1,6,20001,1,5,0,0,0,0,0,0,False,1,2500,10,0,0,1900200,0,33,110,38,61,75,59,93,8,106,20,0,0,0,0,0,0,0,0,0,0,35,52,38,29,0,0,0,0,0,0,0,0,0,0,2006321,0,0,0,11006,5202,0,0,0,0,,0,/Game/Streaming/ArtAsset/UI/UIResource/UITexture/Common_Icon/Icon_Item_Weapon/icon_wpn_AX_Debye_001.icon_wpn_AX_Debye_001,,1900020,True,False,False,False,0,Machado do Infiltrador,Machado do Infiltrador
1900201,Item_Name_1900201,Item_Desc_1900201,False,1900201,True,False,True,[],3,2,6,1,6,20001,1,5,0,0,0,0,0,0,False,1,2500,10,0,0,1900201,0,33,110,38,61,75,59,141,700,106,20,0,0,0,0,0,0,0,0,0,0,35,52,38,29,0,0,0,0,0,0,0,0,0,0,2006321,0,0,0,11006,5202,0,0,0,0,,0,/Game/Streaming/ArtAsset/UI/UIResource/UITexture/Common_Icon/Icon_Item_Weapon/icon_wpn_AX_Fracture_001.icon_wpn_AX_Fracture_001,,1900021,True,False,False,False,0,Machado Garra de Ferro,Machado Garra de Ferro
1900202,Item_Name_1900202,Item_Desc_1900202,False,1900202,True,False,True,[],3,2,5,1,7,20001,1,6,0,0,0,0,0,0,False,1,2500,10,0,0,1900202,0,33,96,38,48,75,44,93,8,106,20,0,0,0,0,0,0,0,0,0,0,35,46,38,23,0,0,0,0,0,0,0,0,0,0,2005321,0,0,0,11005,5201,0,0,0,0,,0,/Game/Streaming/ArtAsset/UI/UIResource/UITexture/Common_Icon/Icon_Item_Weapon/icon_wpn_MG_Debye_001.icon_wpn_MG_Debye_001,,1900022,True,False,False,False,0,Arma de Força do Rastreador,Arma de Força do Rastreador
1900203,Item_Name_1900203,Item_Desc_1900203,False,1900203,True,False,True,[],3,2,6,1,7,20001,1,6,0,0,0,0,0,0,False,1,2500,10,0,0,1900203,0,33,110,38,61,75,59,164,700,106,20,0,0,0,0,0,0,0,0,0,0,35,52,38,29,0,0,0,0,0,0,0,0,0,0,2006321,0,0,0,11006,5202,0,0,0,0,,0,/Game/Streaming/ArtAsset/UI/UIResource/UITexture/Common_Icon/Icon_Item_Weapon/icon_wpn_MG_Fracture_001.icon_wpn_MG_Fracture_001,,1900023,True,False,False,False,0,Arma de Força de Transmutação,Arma de Força de Transmutação
1900204,Item_Name_1900204,Item_Desc_1900204,False,1900204,True,True,True,[],4,2,3,1,2,20001,1,1,0,0,0,0,0,0,False,1,12500,30,0,0,1900204,0,33,180,38,124,79,125,100,30,106,50,7,30,0,0,0,0,0,0,0,0,35,97,38,65,159,35,0,0,0,0,1,8010909,0,0,2003421,0,0,0,21003,0,0,0,0,0,,0,/Game/Streaming/ArtAsset/UI/UIResource/UITexture/Common_Icon/Icon_Item_Weapon/icon_wpn_RF_Gluon_001.icon_wpn_RF_Gluon_001,,1900024,True,False,False,False,0,Rifle do Guardião,Rifle do Guardião
1900205,Item_Name_1900205,Item_Desc_1900205,False,1900205,True,True,True,[],4,2,3,1,2,20001,1,1,0,0,0,0,0,0,False,1,12500,30,0,0,1900205,0,33,180,38,124,79,125,96,52,106,50,7,30,0,0,0,0,0,0,0,0,35,97,38,65,159,35,0,0,0,0,1,8010908,0,0,2003421,0,0,0,21003,0,0,0,0,0,,0,/Game/Streaming/ArtAsset/UI/UIResource/UITexture/Common_Icon/Icon_Item_Weapon/icon_wpn_RF_Archon_001.icon_wpn_RF_Archon_001,,1900025,True,False,False,False,0,Rifle da Guarda Imperial,Rifle da Guarda Imperial
1900206,Item_Name_1900206,Item_Desc_1900206,False,1900206,True,True,True,[],4,2,3,1,3,20001,1,2,0,0,0,0,0,0,False,1,12500,30,0,0,1900206,0,33,180,38,124,77,125,12,800,106,50,7,30,0,0,0,0,0,0,0,0,35,97,38,65,159,35,0,0,0,0,1,8010909,0,0,2003421,0,0,0,21003,0,0,0,0,0,,0,/Game/Streaming/ArtAsset/UI/UIResource/UITexture/Common_Icon/Icon_Item_Weapon/icon_wpn_BL_Gluon_001.icon_wpn_BL_Gluon_001,,1900026,True,False,False,False,0,Lâmina do Guardião,Lâmina do Guardião
1900207,Item_Name_1900207,Item_Desc_1900207,False,1900207,True,True,True,[],4,2,3,1,3,20001,1,2,0,0,0,0,0,0,False,1,12500,30,0,0,1900207,0,33,180,38,124,77,125,10,52,106,50,7,30,0,0,0,0,0,0,0,0,35,97,38,65,159,35,0,0,0,0,1,8010901,0,0,2003421,0,0,0,21003,0,0,0,0,0,,0,/Game/Streaming/ArtAsset/UI/UIResource/UITexture/Common_Icon/Icon_Item_Weapon/icon_wpn_BL_Archon_001.icon_wpn_BL_Archon_001,,1900027,True,False,False,False,0,Lâmina de Transmutação Retorcida,Lâmina de Transmutação Retorcida
1900208,Item_Name_1900208,Item_Desc_1900208,False,1900208,True,True,True,[],4,2,3,1,4,20001,1,3,0,0,0,0,0,0,False,1,12500,30,0,0,1900208,0,33,180,38,124,77,125,99,30,106,50,20,30,0,0,0,0,0,0,0,0,35,97,38,65,159,35,0,0,0,0,1,8010909,0,0,2003421,0,0,0,21003,0,0,0,0,0,,0,/Game/Streaming/ArtAsset/UI/UIResource/UITexture/Common_Icon/Icon_Item_Weapon/icon_wpn_SW_Gluon_001.icon_wpn_SW_Gluon_001,,1900028,True,False,False,False,0,Espada e Escudo do Guardião,Espada e Escudo do Guardião
1900209,Item_Name_1900209,Item_Desc_1900209,False,1900209,True,True,True,[],4,2,3,1,4,20001,1,3,0,0,0,0,0,0,False,1,12500,30,0,0,1900209,0,33,180,38,124,77,125,70,1500,106,50,20,30,0,0,0,0,0,0,0,0,35,97,38,65,159,35,0,0,0,0,1,8010903,0,0,2003421,0,0,0,21003,0,0,0,0,0,,0,/Game/Streaming/ArtAsset/UI/UIResource/UITexture/Common_Icon/Icon_Item_Weapon/icon_wpn_SW_Archon_001.icon_wpn_SW_Archon_001,,1900029,True,False,False,False,0,Espada e Escudo do Pulverizador,Espada e Escudo do Pulverizador
1900210,Item_Name_1900210,Item_Desc_1900210,False,1900210,True,True,True,[],4,2,3,1,5,20001,1,4,0,0,0,0,0,0,False,1,12500,30,0,0,1900210,0,33,180,38,124,79,125,159,30,106,50,20,30,0,0,0,0,0,0,0,0,35,97,38,65,159,35,0,0,0,0,1,8010911,0,0,2003421,0,0,0,21003,0,0,0,0,0,,0,/Game/Streaming/ArtAsset/UI/UIResource/UITexture/Common_Icon/Icon_Item_Weapon/icon_wpn_GL_Gluon_001.icon_wpn_GL_Gluon_001,,1900030,True,False,False,False,0,Carregador de Força do Guardião,Carregador de Força do Guardião
1900211,Item_Name_1900211,Item_Desc_1900211,False,1900211,True,True,True,[],4,2,3,1,5,20001,1,4,0,0,0,0,0,0,False,1,12500,30,0,0,1900211,0,33,180,38,124,79,125,97,52,106,50,20,30,0,0,0,0,0,0,0,0,35,97,38,65,159,35,0,0,0,0,1,8010902,0,0,2003421,0,0,0,21003,0,0,0,0,0,,0,/Game/Streaming/ArtAsset/UI/UIResource/UITexture/Common_Icon/Icon_Item_Weapon/icon_wpn_GL_Archon_001.icon_wpn_GL_Archon_001,,1900031,True,False,False,False,0,Carregador de Força do Infiltrador,Carregador de Força do Infiltrador
1900212,Item_Name_1900212,Item_Desc_1900212,False,1900212,True,True,True,[],4,2,3,1,6,20001,1,5,0,0,0,0,0,0,False,1,12500,30,0,0,1900212,0,33,180,38,124,75,125,145,300,106,50,7,30,0,0,0,0,0,0,0,0,35,97,38,65,159,35,0,0,0,0,1,8010911,0,0,2003421,0,0,0,21003,0,0,0,0,0,,0,/Game/Streaming/ArtAsset/UI/UIResource/UITexture/Common_Icon/Icon_Item_Weapon/icon_wpn_AX_Gluon_001.icon_wpn_AX_Gluon_001,,1900032,True,False,False,False,0,Machado do Guardião,Machado do Guardião
1900213,Item_Name_1900213,Item_Desc_1900213,False,1900213,True,True,True,[],4,2,3,1,6,20001,1,5,0,0,0,0,0,0,False,1,12500,30,0,0,1900213,0,33,180,38,124,75,125,141,1500,106,50,7,30,0,0,0,0,0,0,0,0,35,97,38,65,159,35,0,0,0,0,1,8010904,0,0,2003421,0,0,0,21003,0,0,0,0,0,,0,/Game/Streaming/ArtAsset/UI/UIResource/UITexture/Common_Icon/Icon_Item_Weapon/icon_wpn_AX_Archon_001.icon_wpn_AX_Archon_001,,1900033,True,False,False,False,0,Machado do Incinerador de Almas,Machado do Incinerador de Almas
1900214,Item_Name_1900214,Item_Desc_1900214,False,1900214,True,True,True,[],4,2,3,1,7,20001,1,6,0,0,0,0,0,0,False,1,12500,30,0,0,1900214,0,33,180,38,124,75,125,112,800,106,50,20,30,0,0,0,0,0,0,0,0,35,97,38,65,159,35,0,0,0,0,1,8010911,0,0,2003421,0,0,0,21003,0,0,0,0,0,,0,/Game/Streaming/ArtAsset/UI/UIResource/UITexture/Common_Icon/Icon_Item_Weapon/icon_wpn_MG_Gluon_001.icon_wpn_MG_Gluon_001,,1900034,True,False,False,False,0,Arma de Força do Guardião,Arma de Força do Guardião
1900215,Item_Name_1900215,Item_Desc_1900215,False,1900215,True,True,True,[],4,2,3,1,7,20001,1,6,0,0,0,0,0,0,False,1,12500,30,0,0,1900215,0,33,180,38,124,75,125,164,1500,106,50,20,30,0,0,0,0,0,0,0,0,35,97,38,65,159,35,0,0,0,0,1,8010906,0,0,2003421,0,0,0,21003,0,0,0,0,0,,0,/Game/Streaming/ArtAsset/UI/UIResource/UITexture/Common_Icon/Icon_Item_Weapon/icon_wpn_MG_Archon_001.icon_wpn_MG_Archon_001,,1900035,True,False,False,False,0,Arma de Força do Ceifador da Terra,Arma de Força do Ceifador da Terra
1900226,Item_Name_1900226,Item_Desc_1900226,False,1900226,True,False,True,[],3,2,5,2,12,20001,2,0,0,0,0,0,0,0,False,1,2500,10,0,0,1900226,0,36,48,40,37,0,0,93,4,37,100,0,0,0,0,0,0,0,0,0,0,36,23,40,15,0,0,0,0,0,0,0,0,0,0,2005321,0,0,0,11005,5201,0,0,0,0,,0,/Game/Streaming/ArtAsset/UI/UIResource/UITexture/Common_Icon/Icon_Item_Equipment/icon_armor_NeckGuardofEternalflame.icon_armor_NeckGuardofEternalflame,,0,True,False,False,False,0,Protetor Cervical da Chama Eterna,Protetor Cervical da Chama Eterna
1900227,Item_Name_1900227,Item_Desc_1900227,False,1900227,True,False,True,[],3,2,4,2,12,20001,2,0,0,0,0,0,0,0,False,1,2500,10,0,0,1900227,0,36,39,40,31,0,0,66,300,37,100,0,0,0,0,0,0,0,0,0,0,36,21,40,14,0,0,0,0,0,0,0,0,0,0,2004321,0,0,0,11004,5201,0,0,0,0,,0,/Game/Streaming/ArtAsset/UI/UIResource/UITexture/Common_Icon/Icon_Item_Equipment/icon_armor_NeckGuardofFlameseeker.icon_armor_NeckGuardofFlameseeker,,0,True,False,False,False,0,Protetor Cervical do Rastreador de Fogo,Protetor Cervical do Rastreador de Fogo
1900228,Item_Name_1900228,Item_Desc_1900228,False,1900228,True,False,True,[],3,2,6,2,11,20001,3,0,0,0,0,0,0,0,False,1,2500,10,0,0,1900228,0,36,74,85,73,0,0,42,20,83,6,0,0,0,0,0,0,0,0,0,0,36,29,85,24,0,0,0,0,0,0,0,0,0,0,2006321,0,0,0,11006,5202,0,0,0,0,,0,/Game/Streaming/ArtAsset/UI/UIResource/UITexture/Common_Icon/Icon_Item_Equipment/icon_armor_UpperGuardofStoneheart.icon_armor_UpperGuardofStoneheart,,0,True,False,False,False,0,Protetor Superior de Coração de Pedra,Protetor Superior de Coração de Pedra
1900229,Item_Name_1900229,Item_Desc_1900229,False,1900229,True,False,True,[],3,2,6,2,11,20001,3,0,0,0,0,0,0,0,False,1,2500,10,0,0,1900229,0,36,74,85,73,0,0,67,300,83,6,0,0,0,0,0,0,0,0,0,0,36,29,85,24,0,0,0,0,0,0,0,0,0,0,2006321,0,0,0,11006,5202,0,0,0,0,,0,/Game/Streaming/ArtAsset/UI/UIResource/UITexture/Common_Icon/Icon_Item_Equipment/icon_armor_Lurker_sUpperGuard.icon_armor_Lurker_sUpperGuard,,0,True,False,False,False,0,Protetor Superior do Infiltrador,Protetor Superior do Infiltrador
1900230,Item_Name_1900230,Item_Desc_1900230,False,1900230,True,False,True,[],3,2,6,2,13,20001,4,0,0,0,0,0,0,0,False,1,2500,10,0,0,1900230,0,36,61,37,1669,0,0,105,20,144,50,0,0,0,0,0,0,0,0,0,0,36,26,37,606,0,0,0,0,0,0,0,0,0,0,2006321,0,0,0,11006,5202,0,0,0,0,,0,/Game/Streaming/ArtAsset/UI/UIResource/UITexture/Common_Icon/Icon_Item_Equipment/icon_armor_LowerGuardofStoneheart.icon_armor_LowerGuardofStoneheart,,0,True,False,False,False,0,Protetor Inferior de Coração de Pedra,Protetor Inferior de Coração de Pedra
1900231,Item_Name_1900231,Item_Desc_1900231,False,1900231,True,False,True,[],3,2,5,2,13,20001,4,0,0,0,0,0,0,0,False,1,2500,10,0,0,1900231,0,36,52,37,1260,0,0,145,300,144,50,0,0,0,0,0,0,0,0,0,0,36,24,37,509,0,0,0,0,0,0,0,0,0,0,2005321,0,0,0,11005,5201,0,0,0,0,,0,/Game/Streaming/ArtAsset/UI/UIResource/UITexture/Common_Icon/Icon_Item_Equipment/icon_armor_Lurker_sLowerGuard.icon_armor_Lurker_sLowerGuard,,0,True,False,False,False,0,Protetor Inferior do Infiltrador,Protetor Inferior do Infiltrador
1900232,Item_Name_1900232,Item_Desc_1900232,False,1900232,True,False,True,[],3,2,6,2,14,20001,5,0,0,0,0,0,0,0,False,1,2500,10,0,0,1900232,0,36,57,38,45,0,0,98,10,81,200,0,0,0,0,0,0,0,0,0,0,36,22,38,14,0,0,0,0,0,0,0,0,0,0,2006321,0,0,0,11006,5202,0,0,0,0,,0,/Game/Streaming/ArtAsset/UI/UIResource/UITexture/Common_Icon/Icon_Item_Equipment/icon_armor_Eldridge_sArmGuard.icon_armor_Eldridge_sArmGuard,,0,True,False,False,False,0,Protetor de Braço de Eldrige,Protetor de Braço de Eldridge
1900233,Item_Name_1900233,Item_Desc_1900233,False,1900233,True,False,True,[],3,2,5,2,14,20001,5,0,0,0,0,0,0,0,False,1,2500,10,0,0,1900233,0,36,48,38,37,0,0,41,10,81,200,0,0,0,0,0,0,0,0,0,0,36,20,38,13,0,0,0,0,0,0,0,0,0,0,2005321,0,0,0,11005,5201,0,0,0,0,,0,/Game/Streaming/ArtAsset/UI/UIResource/UITexture/Common_Icon/Icon_Item_Equipment/icon_armor_Lurker_sArmGuard.icon_armor_Lurker_sArmGuard,,0,True,False,False,False,0,Protetor de Braço do Infiltrador,Protetor de Braço do Infiltrador
1900234,Item_Name_1900234,Item_Desc_1900234,False,1900234,True,False,True,[],3,2,4,2,15,20001,6,0,0,0,0,0,0,0,False,1,2500,10,0,0,1900234,0,36,39,40,31,0,0,99,10,37,100,0,0,0,0,0,0,0,0,0,0,36,19,40,12,0,0,0,0,0,0,0,0,0,0,2004321,0,0,0,11004,5201,0,0,0,0,,0,/Game/Streaming/ArtAsset/UI/UIResource/UITexture/Common_Icon/Icon_Item_Equipment/icon_armor_LegGuardofFlameseeker.icon_armor_LegGuardofFlameseeker,,0,True,False,False,False,0,Protetor de Perna do Rastreador de Fogo,Protetor de Perna do Rastreador de Fogo
1900235,Item_Name_1900235,Item_Desc_1900235,False,1900235,True,False,True,[],3,2,6,2,15,20001,6,0,0,0,0,0,0,0,False,1,2500,10,0,0,1900235,0,36,57,40,45,0,0,99,10,37,100,0,0,0,0,0,0,0,0,0,0,36,22,40,14,0,0,0,0,0,0,0,0,0,0,2006321,0,0,0,11006,5202,0,0,0,0,,0,/Game/Streaming/ArtAsset/UI/UIResource/UITexture/Common_Icon/Icon_Item_Equipment/icon_armor_LegGuardofAscetic.icon_armor_LegGuardofAscetic,,0,True,False,False,False,0,Protetor de Perna do Asceta,Protetor de Perna do Asceta
1900236,Item_Name_1900236,Item_Desc_1900236,False,1900236,True,True,True,[],4,2,3,2,12,20001,2,0,0,0,0,0,0,0,False,1,12500,30,0,0,1900236,0,36,106,40,77,0,0,93,24,37,500,126,500,0,0,0,0,0,0,0,0,36,49,40,36,93,14,0,0,0,0,0,0,0,0,2003421,0,0,0,21003,0,0,0,0,0,,0,/Game/Streaming/ArtAsset/UI/UIResource/UITexture/Common_Icon/Icon_Item_Equipment/icon_armor_NeckGuardofImperialguard.icon_armor_NeckGuardofImperialguard,,0,True,False,False,False,0,Protetor Cervical da Guarda Imperial,Protetor Cervical da Guarda Imperial
1900237,Item_Name_1900237,Item_Desc_1900237,False,1900237,True,True,True,[],4,2,3,2,12,20001,2,0,0,0,0,0,0,0,False,1,12500,30,0,0,1900237,0,36,106,40,77,0,0,66,500,37,500,126,500,0,0,0,0,0,0,0,0,36,49,40,36,93,14,0,0,0,0,0,0,0,0,2003421,0,0,0,21003,0,0,0,0,0,,0,/Game/Streaming/ArtAsset/UI/UIResource/UITexture/Common_Icon/Icon_Item_Equipment/icon_armor_NeckGuardofOppressor.icon_armor_NeckGuardofOppressor,,0,True,False,False,False,0,Protetor Cervical do Opressor,Protetor Cervical do Opressor
1900238,Item_Name_1900238,Item_Desc_1900238,False,1900238,True,True,True,[],4,2,3,2,11,20001,3,0,0,0,0,0,0,0,False,1,12500,30,0,0,1900238,0,36,133,85,115,0,0,95,50,37,600,42,40,0,0,0,0,0,0,0,0,36,55,85,60,90,250,0,0,0,0,0,0,0,0,2003421,0,0,0,21003,0,0,0,0,0,,0,/Game/Streaming/ArtAsset/UI/UIResource/UITexture/Common_Icon/Icon_Item_Equipment/icon_armor_UpperGuardofImperialguard.icon_armor_UpperGuardofImperialguard,,0,True,False,False,False,0,Protetor Superior da Guarda Imperial,Protetor Superior da Guarda Imperial
1900239,Item_Name_1900239,Item_Desc_1900239,False,1900239,True,True,True,[],4,2,3,2,11,20001,3,0,0,0,0,0,0,0,False,1,12500,30,0,0,1900239,0,36,133,85,115,0,0,67,500,37,600,42,40,0,0,0,0,0,0,0,0,36,55,85,60,90,250,0,0,0,0,0,0,0,0,2003421,0,0,0,21003,0,0,0,0,0,,0,/Game/Streaming/ArtAsset/UI/UIResource/UITexture/Common_Icon/Icon_Item_Equipment/icon_armor_UpperGuardofEarthHarvester.icon_armor_UpperGuardofEarthHarvester,,0,True,False,False,False,0,Protetor Superior do Ceifador da Terra,Protetor Superior do Ceifador da Terra
1900240,Item_Name_1900240,Item_Desc_1900240,False,1900240,True,True,True,[],4,2,3,2,13,20001,4,0,0,0,0,0,0,0,False,1,12500,30,0,0,1900240,0,36,110,37,3150,0,0,105,40,85,72,131,500,0,0,0,0,0,0,0,0,36,50,37,1160,85,21,0,0,0,0,0,0,0,0,2003421,0,0,0,21003,0,0,0,0,0,,0,/Game/Streaming/ArtAsset/UI/UIResource/UITexture/Common_Icon/Icon_Item_Equipment/icon_armor_LowerGuardofCrusher.icon_armor_LowerGuardofCrusher,,0,True,False,False,False,0,Protetor Inferior do Pulverizador,Protetor Inferior do Pulverizador
1900241,Item_Name_1900241,Item_Desc_1900241,False,1900241,True,True,True,[],4,2,3,2,13,20001,4,0,0,0,0,0,0,0,False,1,12500,30,0,0,1900241,0,36,110,37,3150,0,0,145,500,85,72,131,500,0,0,0,0,0,0,0,0,36,50,37,1160,85,21,0,0,0,0,0,0,0,0,2003421,0,0,0,21003,0,0,0,0,0,,0,/Game/Streaming/ArtAsset/UI/UIResource/UITexture/Common_Icon/Icon_Item_Equipment/icon_armor_HiveRuler_sLowerGuard.icon_armor_HiveRuler_sLowerGuard,,0,True,False,False,False,0,Protetor Inferior do Senhor do Enxame,Protetor Inferior do Senhor do Enxame
1900242,Item_Name_1900242,Item_Desc_1900242,False,1900242,True,True,True,[],4,2,3,2,14,20001,5,0,0,0,0,0,0,0,False,1,12500,30,0,0,1900242,0,36,106,38,77,0,0,102,40,41,25,81,500,0,0,0,0,0,0,0,0,36,42,38,31,82,150,0,0,0,0,0,0,0,0,2003421,0,0,0,21003,0,0,0,0,0,,0,/Game/Streaming/ArtAsset/UI/UIResource/UITexture/Common_Icon/Icon_Item_Equipment/icon_armor_ArmGuardofSoulBurner.icon_armor_ArmGuardofSoulBurner,,0,True,False,False,False,0,Protetor de Braço do Incinerador de Almas,Protetor de Braço do Incinerador de Almas
1900243,Item_Name_1900243,Item_Desc_1900243,False,1900243,True,True,True,[],4,2,3,2,14,20001,5,0,0,0,0,0,0,0,False,1,12500,30,0,0,1900243,0,36,106,38,77,0,0,98,30,41,25,81,500,0,0,0,0,0,0,0,0,36,42,38,31,82,150,0,0,0,0,0,0,0,0,2003421,0,0,0,21003,0,0,0,0,0,,0,/Game/Streaming/ArtAsset/UI/UIResource/UITexture/Common_Icon/Icon_Item_Equipment/icon_armor_ArmGuardofMachinehunter.icon_armor_ArmGuardofMachinehunter,,0,True,False,False,False,0,Protetor de Braço do Caçador de Máquinas,Protetor de Braço do Caçador de Máquinas
1900244,Item_Name_1900244,Item_Desc_1900244,False,1900244,True,True,True,[],4,2,3,2,15,20001,6,0,0,0,0,0,0,0,False,1,12500,30,0,0,1900244,0,36,106,40,77,0,0,162,45,37,300,80,500,0,0,0,0,0,0,0,0,36,42,40,31,42,14,0,0,0,0,0,0,0,0,2003421,0,0,0,21003,0,0,0,0,0,,0,/Game/Streaming/ArtAsset/UI/UIResource/UITexture/Common_Icon/Icon_Item_Equipment/icon_armor_LegGuardofOppressor.icon_armor_LegGuardofOppressor,,0,True,False,False,False,0,Protetor de Perna do Opressor,Protetor de Perna do Opressor
1900245,Item_Name_1900245,Item_Desc_1900245,False,1900245,True,True,True,[],4,2,3,2,15,20001,6,0,0,0,0,0,0,0,False,1,12500,30,0,0,1900245,0,36,106,40,77,0,0,99,30,37,300,80,500,0,0,0,0,0,0,0,0,36,42,40,31,42,14,0,0,0,0,0,0,0,0,2003421,0,0,0,21003,0,0,0,0,0,,0,/Game/Streaming/ArtAsset/UI/UIResource/UITexture/Common_Icon/Icon_Item_Equipment/icon_armor_LegGuardofMachinehunter.icon_armor_LegGuardofMachinehunter,,0,True,False,False,False,0,Protetor de Perna do Caçador de Máquinas,Protetor de Perna do Caçador de Máquinas
1900254,Item_Name_1900254,Item_Desc_1900254,False,1900254,True,False,True,[],3,2,4,3,18,20001,8,0,0,0,0,0,0,0,False,1,2500,10,0,0,1900254,0,38,33,98,25,0,0,106,10,41,10,0,0,0,0,0,0,0,0,0,0,38,19,98,12,0,0,0,0,0,0,0,0,0,0,2004321,0,0,0,11004,5201,0,0,0,0,,0,/Game/Streaming/ArtAsset/UI/UIResource/UITexture/Common_Icon/Icon_Item_Equipment/icon_acc_NecklaceofRedmist.icon_acc_NecklaceofRedmist,,0,True,False,False,False,0,Colar da Névoa Vermelha,Colar da Névoa Vermelha
1900255,Item_Name_1900255,Item_Desc_1900255,False,1900255,True,False,True,[],3,2,6,3,18,20001,8,0,0,0,0,0,0,0,False,1,2500,10,0,0,1900255,0,38,51,98,38,0,0,33,6,41,10,0,0,0,0,0,0,0,0,0,0,38,24,98,16,0,0,0,0,0,0,0,0,0,0,2006321,0,0,0,11006,5202,0,0,0,0,,0,/Game/Streaming/ArtAsset/UI/UIResource/UITexture/Common_Icon/Icon_Item_Equipment/icon_acc_Hunter_sNecklace.icon_acc_Hunter_sNecklace,,0,True,False,False,False,0,Colar do Caçador,Colar do Caçador
1900256,Item_Name_1900256,Item_Desc_1900256,False,1900256,True,False,True,[],3,2,6,3,17,20001,7,0,0,0,0,0,0,0,False,1,2500,10,0,0,1900256,0,35,51,41,38,0,0,159,8,93,5,0,0,0,0,0,0,0,0,0,0,35,24,41,16,0,0,0,0,0,0,0,0,0,0,2006321,0,0,0,11006,5202,0,0,0,0,,0,/Game/Streaming/ArtAsset/UI/UIResource/UITexture/Common_Icon/Icon_Item_Equipment/icon_acc_PirateChaser_sEarcuff.icon_acc_PirateChaser_sEarcuff,,0,True,False,False,False,0,Brincos do Rastreador de Piratas,Brincos do Rastreador de Piratas
1900257,Item_Name_1900257,Item_Desc_1900257,False,1900257,True,False,True,[],3,2,5,3,17,20001,7,0,0,0,0,0,0,0,False,1,2500,10,0,0,1900257,0,35,42,41,31,0,0,115,200,93,5,0,0,0,0,0,0,0,0,0,0,35,21,41,14,0,0,0,0,0,0,0,0,0,0,2005321,0,0,0,11005,5201,0,0,0,0,,0,/Game/Streaming/ArtAsset/UI/UIResource/UITexture/Common_Icon/Icon_Item_Equipment/icon_acc_EarcuffofTwistedMutation.icon_acc_EarcuffofTwistedMutation,,0,True,False,False,False,0,Brincos de Transmutação Retorcida,Brincos de Transmutação Retorcida
1900258,Item_Name_1900258,Item_Desc_1900258,False,1900258,True,False,True,[],3,2,6,3,19,20001,9,0,0,0,0,0,0,0,False,1,2500,10,0,0,1900258,0,36,51,42,38,0,0,159,10,85,6,0,0,0,0,0,0,0,0,0,0,36,24,42,16,0,0,0,0,0,0,0,0,0,0,2006321,0,0,0,11006,5202,0,0,0,0,,0,/Game/Streaming/ArtAsset/UI/UIResource/UITexture/Common_Icon/Icon_Item_Equipment/icon_acc_Eldridge_sBangle.icon_acc_Eldridge_sBangle,,0,True,False,False,False,0,Bracelete de Eldrige,Bracelete de Eldrige
1900259,Item_Name_1900259,Item_Desc_1900259,False,1900259,True,False,True,[],3,2,5,3,19,20001,9,0,0,0,0,0,0,0,False,1,2500,10,0,0,1900259,0,36,42,42,31,0,0,126,200,85,6,0,0,0,0,0,0,0,0,0,0,36,21,42,14,0,0,0,0,0,0,0,0,0,0,2005321,0,0,0,11005,5201,0,0,0,0,,0,/Game/Streaming/ArtAsset/UI/UIResource/UITexture/Common_Icon/Icon_Item_Equipment/icon_acc_Lurker_sBangle.icon_acc_Lurker_sBangle,,0,True,False,False,False,0,Bracelete do Infiltrador,Bracelete do Infiltrador
1900260,Item_Name_1900260,Item_Desc_1900260,False,1900260,True,False,True,[],3,2,6,3,20,20001,10,0,0,0,0,0,0,0,False,1,2500,10,0,0,1900260,0,40,51,99,38,0,0,132,200,36,10,0,0,0,0,0,0,0,0,0,0,40,24,99,16,0,0,0,0,0,0,0,0,0,0,2006321,0,0,0,11006,5202,0,0,0,0,,0,/Game/Streaming/ArtAsset/UI/UIResource/UITexture/Common_Icon/Icon_Item_Equipment/icon_acc_HiveRuler_sRing.icon_acc_HiveRuler_sRing,,0,True,False,False,False,0,Anel do Senhor do Enxame,Anel do Senhor do Enxame
1900261,Item_Name_1900261,Item_Desc_1900261,False,1900261,True,False,True,[],3,2,5,3,20,20001,10,0,0,0,0,0,0,0,False,1,2500,10,0,0,1900261,0,40,42,99,31,0,0,95,10,36,10,0,0,0,0,0,0,0,0,0,0,40,21,99,14,0,0,0,0,0,0,0,0,0,0,2005321,0,0,0,11005,5201,0,0,0,0,,0,/Game/Streaming/ArtAsset/UI/UIResource/UITexture/Common_Icon/Icon_Item_Equipment/icon_acc_RingofMachinehunter.icon_acc_RingofMachinehunter,,0,True,False,False,False,0,Anel do Caçador de Máquinas,Anel do Caçador de Máquinas
1900262,Item_Name_1900262,Item_Desc_1900262,False,1900262,True,True,True,[],4,2,3,3,18,20001,8,0,0,0,0,0,0,0,False,1,12500,30,0,0,1900262,0,38,100,98,71,0,0,33,30,89,500,106,30,0,0,0,0,0,0,0,0,38,47,98,34,102,20,0,0,0,0,0,0,0,0,2003421,0,0,0,21003,0,0,0,0,0,,0,/Game/Streaming/ArtAsset/UI/UIResource/UITexture/Common_Icon/Icon_Item_Equipment/icon_acc_NecklaceofStoneheart.icon_acc_NecklaceofStoneheart,,0,True,False,False,False,0,Colar de Coração de Pedra,Colar de Coração de Pedra
1900263,Item_Name_1900263,Item_Desc_1900263,False,1900263,True,True,True,[],4,2,3,3,18,20001,8,0,0,0,0,0,0,0,False,1,12500,30,0,0,1900263,0,38,100,98,71,0,0,66,500,89,500,106,30,0,0,0,0,0,0,0,0,38,47,98,34,102,20,0,0,0,0,0,0,0,0,2003421,0,0,0,21003,0,0,0,0,0,,0,/Game/Streaming/ArtAsset/UI/UIResource/UITexture/Common_Icon/Icon_Item_Equipment/icon_acc_NecklaceofOppressor.icon_acc_NecklaceofOppressor,,0,True,False,False,False,0,Colar do Opressor,Colar do Opressor
1900264,Item_Name_1900264,Item_Desc_1900264,False,1900264,True,True,True,[],4,2,3,3,17,20001,7,0,0,0,0,0,0,0,False,1,12500,30,0,0,1900264,0,35,100,41,71,0,0,39,30,159,45,93,24,0,0,0,0,0,0,0,0,35,47,41,34,38,10,0,0,0,0,0,0,0,0,2003421,0,0,0,21003,0,0,0,0,0,,0,/Game/Streaming/ArtAsset/UI/UIResource/UITexture/Common_Icon/Icon_Item_Equipment/icon_acc_Eldridge_sEarcuff.icon_acc_Eldridge_sEarcuff,,0,True,False,False,False,0,Brincos de Eldrige,Brincos de Eldrige
1900265,Item_Name_1900265,Item_Desc_1900265,False,1900265,True,True,True,[],4,2,3,3,17,20001,7,0,0,0,0,0,0,0,False,1,12500,30,0,0,1900265,0,35,100,41,71,0,0,115,300,159,45,93,24,0,0,0,0,0,0,0,0,35,47,41,34,38,10,0,0,0,0,0,0,0,0,2003421,0,0,0,21003,0,0,0,0,0,,0,/Game/Streaming/ArtAsset/UI/UIResource/UITexture/Common_Icon/Icon_Item_Equipment/icon_acc_EarcuffofEarthHarvester.icon_acc_EarcuffofEarthHarvester,,0,True,False,False,False,0,Brincos do Ceifador da Terra,Brincos do Ceifador da Terra
1900266,Item_Name_1900266,Item_Desc_1900266,False,1900266,True,True,True,[],4,2,3,3,19,20001,9,0,0,0,0,0,0,0,False,1,12500,30,0,0,1900266,0,36,100,42,71,0,0,83,20,95,30,85,24,0,0,0,0,0,0,0,0,36,47,42,34,95,10,0,0,0,0,0,0,0,0,2003421,0,0,0,21003,0,0,0,0,0,,0,/Game/Streaming/ArtAsset/UI/UIResource/UITexture/Common_Icon/Icon_Item_Equipment/icon_acc_BangleofCrusher.icon_acc_BangleofCrusher,,0,True,False,False,False,0,Bracelete do Pulverizador,Bracelete do Pulverizador
1900267,Item_Name_1900267,Item_Desc_1900267,False,1900267,True,True,True,[],4,2,3,3,19,20001,9,0,0,0,0,0,0,0,False,1,12500,30,0,0,1900267,0,36,100,42,71,0,0,126,300,95,30,85,24,0,0,0,0,0,0,0,0,36,47,42,34,95,10,0,0,0,0,0,0,0,0,2003421,0,0,0,21003,0,0,0,0,0,,0,/Game/Streaming/ArtAsset/UI/UIResource/UITexture/Common_Icon/Icon_Item_Equipment/icon_acc_BlindThrower_sBangle.icon_acc_BlindThrower_sBangle,,0,True,False,False,False,0,Bracelete do Arremessador Cego,Bracelete do Arremessador Cego
1900268,Item_Name_1900268,Item_Desc_1900268,False,1900268,True,True,True,[],4,2,3,3,20,20001,10,0,0,0,0,0,0,0,False,1,12500,30,0,0,1900268,0,40,100,99,71,0,0,42,30,95,30,36,30,0,0,0,0,0,0,0,0,40,47,99,34,105,20,0,0,0,0,0,0,0,0,2003421,0,0,0,21003,0,0,0,0,0,,0,/Game/Streaming/ArtAsset/UI/UIResource/UITexture/Common_Icon/Icon_Item_Equipment/icon_acc_RingofSoulBurner.icon_acc_RingofSoulBurner,,0,True,False,False,False,0,Anel do Incinerador de Almas,Anel do Incinerador de Almas
1900269,Item_Name_1900269,Item_Desc_1900269,False,1900269,True,True,True,[],4,2,3,3,20,20001,10,0,0,0,0,0,0,0,False,1,12500,30,0,0,1900269,0,40,100,99,71,0,0,90,500,95,30,36,30,0,0,0,0,0,0,0,0,40,47,99,34,105,20,0,0,0,0,0,0,0,0,2003421,0,0,0,21003,0,0,0,0,0,,0,/Game/Streaming/ArtAsset/UI/UIResource/UITexture/Common_Icon/Icon_Item_Equipment/icon_acc_RingofLurkingsnake.icon_acc_RingofLurkingsnake,,0,True,False,False,False,0,Anel da Serpente à Espreita,Anel da Serpente à Espreita
1900360,Item_Name_1900360,Item_Desc_1900360,False,1900360,True,True,True,[],4,2,4,1,2,20001,1,1,0,0,0,0,0,0,False,1,12500,30,0,0,1900360,0,33,200,38,133,79,135,96,60,106,65,89,800,0,0,0,0,0,0,0,0,35,104,38,72,159,50,0,0,0,0,1,8010913,0,0,2004421,0,0,0,21004,0,0,0,0,0,,0,/Game/Streaming/ArtAsset/UI/UIResource/UITexture/Common_Icon/Icon_Item_Weapon/icon_wpn_RF_SteelTeeth.icon_wpn_RF_SteelTeeth,,1900360,True,False,False,False,0,Rifle de Engrenagem de Aço,Rifle de Engrenagem de Aço
1900364,Item_Name_1900364,Item_Desc_1900364,False,1900364,True,True,True,[],4,2,4,1,6,20001,1,5,0,0,0,0,0,0,False,1,12500,30,0,0,1900364,0,33,200,38,133,75,135,100,60,106,65,89,800,0,0,0,0,0,0,0,0,35,104,38,72,159,50,0,0,0,0,1,8010920,0,0,2004421,0,0,0,21004,0,0,0,0,0,,0,/Game/Streaming/ArtAsset/UI/UIResource/UITexture/Common_Icon/Icon_Item_Weapon/icon_wpn_AX_GroundEchoing.icon_wpn_AX_GroundEchoing,,1900364,True,False,False,False,0,Machado de Tremor de Terra,Machado de Tremor de Terra
1900365,Item_Name_1900365,Item_Desc_1900365,False,1900365,True,True,True,[],4,2,4,1,7,20001,1,6,0,0,0,0,0,0,False,1,12500,30,0,0,1900365,0,33,200,38,133,75,135,164,1600,106,65,89,800,0,0,0,0,0,0,0,0,35,104,38,72,159,50,0,0,0,0,1,8010919,0,0,2004421,0,0,0,21004,0,0,0,0,0,,0,/Game/Streaming/ArtAsset/UI/UIResource/UITexture/Common_Icon/Icon_Item_Weapon/icon_wpn_MG_Pyromaniac.icon_wpn_MG_Pyromaniac,,1900365,True,False,False,False,0,Arma de Força do Piromaníaco,Arma de Força do Piromaníaco
1900366,Item_Name_1900366,Item_Desc_1900366,False,1900366,True,True,True,[],4,2,4,2,12,20001,2,0,0,0,0,0,0,0,False,1,12500,30,0,0,1900366,0,36,130,40,89,0,0,66,700,37,800,126,1000,0,0,0,0,0,0,0,0,36,59,40,45,93,20,0,0,0,0,0,0,0,0,2004421,0,0,0,21004,0,0,0,0,0,,0,/Game/Streaming/ArtAsset/UI/UIResource/UITexture/Common_Icon/Icon_Item_Equipment/icon_armor_NeckGuardofGroundEchoing.icon_armor_NeckGuardofGroundEchoing,,0,True,False,False,False,0,Protetor Cervical de Tremor de Terra,Protetor Cervical de Tremor de Terra
1900368,Item_Name_1900368,Item_Desc_1900368,False,1900368,True,True,True,[],4,2,4,2,14,20001,5,0,0,0,0,0,0,0,False,1,12500,30,0,0,1900368,0,36,130,38,89,0,0,159,65,41,36,81,600,0,0,0,0,0,0,0,0,36,52,38,43,82,200,0,0,0,0,0,0,0,0,2004421,0,0,0,21004,0,0,0,0,0,,0,/Game/Streaming/ArtAsset/UI/UIResource/UITexture/Common_Icon/Icon_Item_Equipment/icon_armor_ArmGuardofPyromaniac.icon_armor_ArmGuardofPyromaniac,,0,True,False,False,False,0,Protetor de Braço do Piromaníaco,Protetor de Braço do Piromaníaco
1900370,Item_Name_1900370,Item_Desc_1900370,False,1900370,True,True,True,[],4,2,4,2,15,20001,6,0,0,0,0,0,0,0,False,1,12500,30,0,0,1900370,0,36,130,40,89,0,0,80,500,159,65,162,65,0,0,0,0,0,0,0,0,36,52,40,43,42,20,0,0,0,0,0,0,0,0,2004421,0,0,0,21004,0,0,0,0,0,,0,/Game/Streaming/ArtAsset/UI/UIResource/UITexture/Common_Icon/Icon_Item_Equipment/icon_armor_LegGuardofSteelTeeth.icon_armor_LegGuardofSteelTeeth,,0,True,False,False,False,0,Protetor de Perna de Engrenagem de Aço,Protetor de Perna de Engrenagem de Aço
1900372,Item_Name_1900372,Item_Desc_1900372,False,1900372,True,True,True,[],4,2,4,3,17,20001,7,0,0,0,0,0,0,0,False,1,12500,30,0,0,1900372,0,35,124,41,82,0,0,115,500,159,65,93,24,0,0,0,0,0,0,0,0,35,58,41,43,38,15,0,0,0,0,0,0,0,0,2004421,0,0,0,21004,0,0,0,0,0,,0,/Game/Streaming/ArtAsset/UI/UIResource/UITexture/Common_Icon/Icon_Item_Equipment/icon_acc_EarcuffofSteelTeeth.icon_acc_EarcuffofSteelTeeth,,0,True,False,False,False,0,Brincos de Engrenagem de Aço,Brincos de Engrenagem de Aço
1900373,Item_Name_1900373,Item_Desc_1900373,False,1900373,True,True,True,[],4,2,4,3,19,20001,9,0,0,0,0,0,0,0,False,1,12500,30,0,0,1900373,0,36,124,42,82,0,0,95,35,67,400,85,32,0,0,0,0,0,0,0,0,36,58,42,43,95,15,0,0,0,0,0,0,0,0,2004421,0,0,0,21004,0,0,0,0,0,,0,/Game/Streaming/ArtAsset/UI/UIResource/UITexture/Common_Icon/Icon_Item_Equipment/icon_acc_BangleofPyromaniac.icon_acc_BangleofPyromaniac,,0,True,False,False,False,0,Bracelete do Piromaníaco,Bracelete do Piromaníaco
1900374,Item_Name_1900374,Item_Desc_1900374,False,1900374,True,True,True,[],4,2,4,3,20,20001,10,0,0,0,0,0,0,0,False,1,12500,30,0,0,1900374,0,40,124,99,82,0,0,95,35,42,50,90,500,0,0,0,0,0,0,0,0,40,58,99,43,105,30,0,0,0,0,0,0,0,0,2004421,0,0,0,21004,0,0,0,0,0,,0,/Game/Streaming/ArtAsset/UI/UIResource/UITexture/Common_Icon/Icon_Item_Equipment/icon_acc_RingofGroundEchoing.icon_acc_RingofGroundEchoing,,0,True,False,False,False,0,Anel de Tremor de Terra,Anel de Tremor de Terra
1900375,Item_Name_1900375,Item_Desc_1900375,False,1900375,True,True,True,[],4,2,4,2,12,20001,2,0,0,0,0,0,0,0,False,1,12500,30,0,0,1900375,0,36,130,40,89,0,0,66,700,159,65,37,800,0,0,0,0,0,0,0,0,36,59,40,45,93,20,0,0,0,0,0,0,0,0,2004421,0,0,0,21004,0,0,0,0,0,,0,/Game/Streaming/ArtAsset/UI/UIResource/UITexture/Common_Icon/Icon_Item_Equipment/icon_armor_NeckGuardofXenostream1.icon_armor_NeckGuardofXenostream1,,0,True,False,False,False,0,Protetor Cervical Xenostream,Protetor Cervical Xenostream
1900376,Item_Name_1900376,Item_Desc_1900376,False,1900376,True,True,True,[],4,2,4,2,14,20001,5,0,0,0,0,0,0,0,False,1,12500,30,0,0,1900376,0,36,130,38,89,0,0,98,50,102,50,81,600,0,0,0,0,0,0,0,0,36,52,38,43,82,200,0,0,0,0,0,0,0,0,2004421,0,0,0,21004,0,0,0,0,0,,0,/Game/Streaming/ArtAsset/UI/UIResource/UITexture/Common_Icon/Icon_Item_Equipment/icon_armor_ArmGuardofXenostream1.icon_armor_ArmGuardofXenostream1,,0,True,False,False,False,0,Protetor de Braço Xenostream,Protetor de Braço Xenostream
1900377,Item_Name_1900377,Item_Desc_1900377,False,1900377,True,True,True,[],4,2,4,3,17,20001,7,0,0,0,0,0,0,0,False,1,12500,30,0,0,1900377,0,35,124,41,82,0,0,106,35,159,65,39,40,0,0,0,0,0,0,0,0,35,58,41,43,38,15,0,0,0,0,0,0,0,0,2004421,0,0,0,21004,0,0,0,0,0,,0,/Game/Streaming/ArtAsset/UI/UIResource/UITexture/Common_Icon/Icon_Item_Equipment/icon_acc_EarcuffofXenostream2.icon_acc_EarcuffofXenostream2,,0,True,False,False,False,0,Brincos Xenostream,Brincos Xenostream
1900396,Item_Name_1900396,Item_Desc_1900396,False,1900396,True,True,True,[],4,2,4,1,3,20001,1,2,0,0,0,0,0,0,False,1,12500,30,0,0,1900396,0,33,200,38,133,77,135,157,90,106,65,7,40,0,0,0,0,0,0,0,0,35,104,38,72,159,50,0,0,0,0,1,8010924,0,0,2004421,0,0,0,21004,0,0,0,0,0,,0,/Game/Streaming/ArtAsset/UI/UIResource/UITexture/Common_Icon/Icon_Item_Weapon/icon_wpn_BL_FallenDemigod.icon_wpn_BL_FallenDemigod,,1900396,True,False,False,False,0,Lâmina do Semideus Caído,Lâmina do Semideus Caído
1900398,Item_Name_1900398,Item_Desc_1900398,False,1900398,True,True,True,[],4,2,4,1,5,20001,1,4,0,0,0,0,0,0,False,1,12500,30,0,0,1900398,0,33,200,38,133,79,135,158,90,106,65,20,40,0,0,0,0,0,0,0,0,35,104,38,72,159,50,0,0,0,0,1,8010922,0,0,2004421,0,0,0,21004,0,0,0,0,0,,0,/Game/Streaming/ArtAsset/UI/UIResource/UITexture/Common_Icon/Icon_Item_Weapon/icon_wpn_GL_Wallbreaker.icon_wpn_GL_Wallbreaker,,1900398,True,False,False,False,0,Carregador de Força do Quebrador de Paredes,Carregador de Força do Quebrador de Paredes
1900400,Item_Name_1900400,Item_Desc_1900400,False,1900400,True,True,True,[],4,2,4,2,11,20001,3,0,0,0,0,0,0,0,False,1,12500,30,0,0,1900400,0,36,156,85,130,0,0,67,700,37,800,42,50,0,0,0,0,0,0,0,0,36,65,85,67,90,400,0,0,0,0,0,0,0,0,2004421,0,0,0,21004,0,0,0,0,0,,0,/Game/Streaming/ArtAsset/UI/UIResource/UITexture/Common_Icon/Icon_Item_Equipment/icon_armor_UpperGuardofWallbreaker.icon_armor_UpperGuardofWallbreaker,,0,True,False,False,False,0,Protetor Superior do Quebrador de Paredes,Protetor Superior do Quebrador de Paredes
1900401,Item_Name_1900401,Item_Desc_1900401,False,1900401,True,True,True,[],4,2,4,2,13,20001,4,0,0,0,0,0,0,0,False,1,12500,30,0,0,1900401,0,36,134,37,3600,0,0,105,50,85,84,131,700,0,0,0,0,0,0,0,0,36,60,37,1290,85,30,0,0,0,0,0,0,0,0,2004421,0,0,0,21004,0,0,0,0,0,,0,/Game/Streaming/ArtAsset/UI/UIResource/UITexture/Common_Icon/Icon_Item_Equipment/icon_armor_LowerGuardoftheFallenDemigod.icon_armor_LowerGuardoftheFallenDemigod,,0,True,False,False,False,0,Protetor Inferior do Semideus Caído,Protetor Inferior do Semideus Caído
1900402,Item_Name_1900402,Item_Desc_1900402,False,1900402,True,True,True,[],4,2,4,3,18,20001,8,0,0,0,0,0,0,0,False,1,12500,30,0,0,1900402,0,38,124,98,82,0,0,33,35,102,50,106,40,0,0,0,0,0,0,0,0,38,58,98,43,102,30,0,0,0,0,0,0,0,0,2004421,0,0,0,21004,0,0,0,0,0,,0,/Game/Streaming/ArtAsset/UI/UIResource/UITexture/Common_Icon/Icon_Item_Equipment/icon_acc_NecklaceofFallenDemigod.icon_acc_NecklaceofFallenDemigod,,0,True,False,False,False,0,Colar do Semideus Caído,Colar do Semideus Caído
1900403,Item_Name_1900403,Item_Desc_1900403,False,1900403,True,True,True,[],4,2,4,3,19,20001,9,0,0,0,0,0,0,0,False,1,12500,30,0,0,1900403,0,36,124,42,82,0,0,105,50,85,32,126,600,0,0,0,0,0,0,0,0,36,58,42,43,95,15,0,0,0,0,0,0,0,0,2004421,0,0,0,21004,0,0,0,0,0,,0,/Game/Streaming/ArtAsset/UI/UIResource/UITexture/Common_Icon/Icon_Item_Equipment/icon_acc_BangleofWallbreaker.icon_acc_BangleofWallbreaker,,0,True,False,False,False,0,Bracelete do Quebrador de Paredes,Bracelete do Quebrador de Paredes
1900412,Item_Name_1900412,Item_Desc_1900412,False,1900412,True,True,True,[],4,2,4,1,4,20001,1,3,0,0,0,0,0,0,False,1,12500,30,0,0,1900412,0,33,200,38,133,77,135,70,1600,106,65,20,40,0,0,0,0,0,0,0,0,35,104,38,72,159,50,0,0,0,0,1,8010929,0,0,2004421,0,0,0,21003,0,0,0,0,0,,0,/Game/Streaming/ArtAsset/UI/UIResource/UITexture/Common_Icon/Icon_Item_Weapon/icon_wpn_SW_Meltingfurnace.icon_wpn_SW_Meltingfurnace,,1900412,True,False,False,False,0,Espada e Escudo da Fornalha,Espada e Escudo da Fornalha
1900413,Item_Name_1900413,Item_Desc_1900413,False,1900413,True,True,True,[],4,2,4,2,15,20001,6,0,0,0,0,0,0,0,False,1,12500,30,0,0,1900413,0,36,130,40,89,0,0,37,450,99,30,85,24,0,0,0,0,0,0,0,0,36,52,40,43,42,20,0,0,0,0,0,0,0,0,2004421,0,0,0,21004,0,0,0,0,0,,0,/Game/Streaming/ArtAsset/UI/UIResource/UITexture/Common_Icon/Icon_Item_Equipment/icon_armor_LegGuardofMeltingfurnace.icon_armor_LegGuardofMeltingfurnace,,0,True,False,False,False,0,Protetor de Perna da Fornalha,Protetor de Perna da Fornalha
1900414,Item_Name_1900414,Item_Desc_1900414,False,1900414,True,True,True,[],4,2,4,3,20,20001,10,0,0,0,0,0,0,0,False,1,12500,30,0,0,1900414,0,40,124,99,82,0,0,95,35,36,40,67,600,0,0,0,0,0,0,0,0,40,58,99,43,105,30,0,0,0,0,0,0,0,0,2004421,0,0,0,21004,0,0,0,0,0,,0,/Game/Streaming/ArtAsset/UI/UIResource/UITexture/Common_Icon/Icon_Item_Equipment/icon_acc_ringofMeltingfurnace.icon_acc_ringofMeltingfurnace,,0,True,False,False,False,0,Anel da Fornalha,Anel da Fornalha
1900418,Item_Name_1900418,Item_Desc_1900418,False,1900418,True,True,True,[],4,2,4,1,2,20001,1,1,0,0,0,0,0,0,False,1,12500,30,0,0,1900418,0,33,200,38,133,79,135,96,60,106,65,10,50,0,0,0,0,0,0,0,0,35,104,38,72,159,50,0,0,0,0,1,8010937,0,0,2004421,0,0,0,21004,0,0,0,0,0,,0,/Game/Streaming/ArtAsset/UI/UIResource/UITexture/Common_Icon/Icon_Item_Weapon/icon_wpn_RF_FrenzyKeeper.icon_wpn_RF_FrenzyKeeper,,1900418,True,False,False,False,0,Rifle da Perdição Ardente,Rifle da Perdição Ardente
1900419,Item_Name_1900419,Item_Desc_1900419,False,1900419,True,True,True,[],4,2,4,1,3,20001,1,2,0,0,0,0,0,0,False,1,12500,30,0,0,1900419,0,33,200,38,133,77,135,157,90,106,65,10,50,0,0,0,0,0,0,0,0,35,104,38,72,159,50,0,0,0,0,1,8010937,0,0,2004421,0,0,0,21004,0,0,0,0,0,,0,/Game/Streaming/ArtAsset/UI/UIResource/UITexture/Common_Icon/Icon_Item_Weapon/icon_wpn_BL_FrenzyKeeper.icon_wpn_BL_FrenzyKeeper,,1900419,True,False,False,False,0,Lâmina da Perdição Ardente,Lâmina da Perdição Ardente
1900420,Item_Name_1900420,Item_Desc_1900420,False,1900420,True,True,True,[],4,2,4,1,4,20001,1,3,0,0,0,0,0,0,False,1,12500,30,0,0,1900420,0,33,200,38,133,77,135,70,1600,106,65,23,50,0,0,0,0,0,0,0,0,35,104,38,72,159,50,0,0,0,0,1,8010939,0,0,2004421,0,0,0,21004,0,0,0,0,0,,0,/Game/Streaming/ArtAsset/UI/UIResource/UITexture/Common_Icon/Icon_Item_Weapon/icon_wpn_SW_FrenzyKeeper.icon_wpn_SW_FrenzyKeeper,,1900420,True,False,False,False,0,Espada e Escudo da Perdição Ardente,Espada e Escudo da Perdição Ardente
1900421,Item_Name_1900421,Item_Desc_1900421,False,1900421,True,True,True,[],4,2,4,1,5,20001,1,4,0,0,0,0,0,0,False,1,12500,30,0,0,1900421,0,33,200,38,133,79,135,158,90,106,65,23,50,0,0,0,0,0,0,0,0,35,104,38,72,159,50,0,0,0,0,1,8010939,0,0,2004421,0,0,0,21004,0,0,0,0,0,,0,/Game/Streaming/ArtAsset/UI/UIResource/UITexture/Common_Icon/Icon_Item_Weapon/icon_wpn_GL_FrenzyKeeper.icon_wpn_GL_FrenzyKeeper,,1900421,True,False,False,False,0,Carregador de Força da Perdição Ardente,Carregador de Força da Perdição Ardente
1900422,Item_Name_1900422,Item_Desc_1900422,False,1900422,True,True,True,[],4,2,4,1,6,20001,1,5,0,0,0,0,0,0,False,1,12500,30,0,0,1900422,0,33,200,38,133,75,135,141,1600,106,65,10,50,0,0,0,0,0,0,0,0,35,104,38,72,159,50,0,0,0,0,1,8010937,0,0,2004421,0,0,0,21004,0,0,0,0,0,,0,/Game/Streaming/ArtAsset/UI/UIResource/UITexture/Common_Icon/Icon_Item_Weapon/icon_wpn_AX_FrenzyKeeper.icon_wpn_AX_FrenzyKeeper,,1900422,True,False,False,False,0,Machado da Perdição Ardente,Machado da Perdição Ardente
1900423,Item_Name_1900423,Item_Desc_1900423,False,1900423,True,True,True,[],4,2,4,1,7,20001,1,6,0,0,0,0,0,0,False,1,12500,30,0,0,1900423,0,33,200,38,133,75,135,164,1600,106,65,23,50,0,0,0,0,0,0,0,0,35,104,38,72,159,50,0,0,0,0,1,8010939,0,0,2004421,0,0,0,21004,0,0,0,0,0,,0,/Game/Streaming/ArtAsset/UI/UIResource/UITexture/Common_Icon/Icon_Item_Weapon/icon_wpn_MG_FrenzyKeeper.icon_wpn_MG_FrenzyKeeper,,1900423,True,False,False,False,0,Arma de Força da Perdição Ardente,Arma de Força da Perdição Ardente
1900430,Item_Name_1900430,Item_Desc_1900430,False,1900430,True,True,True,[],4,2,4,1,2,20001,1,1,0,0,0,0,0,0,False,1,12500,30,0,0,1900430,0,33,200,38,133,79,135,10,65,106,65,65,300,0,0,0,0,0,0,0,0,35,104,38,72,159,50,0,0,0,0,1,8010931,0,0,2004421,0,0,0,21004,0,0,0,0,0,,0,/Game/Streaming/ArtAsset/UI/UIResource/UITexture/Common_Icon/Icon_Item_Weapon/icon_wpn_RF_CrimsonForesight.icon_wpn_RF_CrimsonForesight,,1900430,True,False,False,False,0,Rifle de Premonição Carmesim,Rifle de Premonição Carmesim
1900431,Item_Name_1900431,Item_Desc_1900431,False,1900431,True,True,True,[],4,2,4,2,12,20001,2,0,0,0,0,0,0,0,False,1,12500,30,0,0,1900431,0,36,130,40,89,0,0,66,700,37,800,93,30,0,0,0,0,0,0,0,0,36,59,40,45,93,20,0,0,0,0,0,0,0,0,2004421,0,0,0,21004,0,0,0,0,0,,0,/Game/Streaming/ArtAsset/UI/UIResource/UITexture/Common_Icon/Icon_Item_Equipment/icon_armor_NeckGuardofCrimsonForesight.icon_armor_NeckGuardofCrimsonForesight,,0,True,False,False,False,0,Protetor Cervical de Premonição Carmesim,Protetor Cervical de Premonição Carmesim
1900432,Item_Name_1900432,Item_Desc_1900432,False,1900432,True,True,True,[],4,2,4,3,18,20001,8,0,0,0,0,0,0,0,False,1,12500,30,0,0,1900432,0,38,124,98,82,0,0,33,35,41,40,66,400,0,0,0,0,0,0,0,0,38,58,98,43,102,30,0,0,0,0,0,0,0,0,2004421,0,0,0,21004,0,0,0,0,0,,0,/Game/Streaming/ArtAsset/UI/UIResource/UITexture/Common_Icon/Icon_Item_Equipment/icon_acc_NecklaceofCrimsonForesight.icon_acc_NecklaceofCrimsonForesight,,0,True,False,False,False,0,Colar de Premonição Carmesim,Colar de Premonição Carmesim
1900433,Item_Name_1900433,Item_Desc_1900433,False,1900433,True,True,True,[],4,2,4,1,5,20001,1,4,0,0,0,0,0,0,False,1,12500,30,0,0,1900433,0,33,200,38,133,79,135,23,65,106,65,65,300,0,0,0,0,0,0,0,0,35,104,38,72,159,50,0,0,0,0,1,8010933,0,0,2004421,0,0,0,21004,0,0,0,0,0,,0,/Game/Streaming/ArtAsset/UI/UIResource/UITexture/Common_Icon/Icon_Item_Weapon/icon_wpn_GL_CrimsonGiant.icon_wpn_GL_CrimsonGiant,,1900433,True,False,False,False,0,Carregador de Força do Gigante Carmesim,Carregador de Força do Gigante Carmesim
1900434,Item_Name_1900434,Item_Desc_1900434,False,1900434,True,True,True,[],4,2,4,2,14,20001,5,0,0,0,0,0,0,0,False,1,12500,30,0,0,1900434,0,36,130,38,89,0,0,96,75,102,50,81,600,0,0,0,0,0,0,0,0,36,52,38,43,82,200,0,0,0,0,0,0,0,0,2004421,0,0,0,21004,0,0,0,0,0,,0,/Game/Streaming/ArtAsset/UI/UIResource/UITexture/Common_Icon/Icon_Item_Equipment/icon_armor_ArmGuardofCrimsonGiant.icon_armor_ArmGuardofCrimsonGiant,,0,True,False,False,False,0,Protetor de Braço do Gigante Carmesim,Protetor de Braço do Gigante Carmesim
1900435,Item_Name_1900435,Item_Desc_1900435,False,1900435,True,True,True,[],4,2,4,3,19,20001,9,0,0,0,0,0,0,0,False,1,12500,30,0,0,1900435,0,36,124,42,82,0,0,95,35,99,50,67,400,0,0,0,0,0,0,0,0,36,58,42,43,95,15,0,0,0,0,0,0,0,0,2004421,0,0,0,21004,0,0,0,0,0,,0,/Game/Streaming/ArtAsset/UI/UIResource/UITexture/Common_Icon/Icon_Item_Equipment/icon_acc_BangleofCrimsonGiant.icon_acc_BangleofCrimsonGiant,,0,True,False,False,False,0,Bracelete do Gigante Carmesim,Bracelete do Gigante Carmesim
1900436,Item_Name_1900436,Item_Desc_1900436,False,1900436,True,True,True,[],4,2,4,1,6,20001,1,5,0,0,0,0,0,0,False,1,12500,30,0,0,1900436,0,33,200,38,133,75,135,10,65,106,65,65,300,0,0,0,0,0,0,0,0,35,104,38,72,159,50,0,0,0,0,1,8010935,0,0,2004421,0,0,0,21004,0,0,0,0,0,,0,/Game/Streaming/ArtAsset/UI/UIResource/UITexture/Common_Icon/Icon_Item_Weapon/icon_wpn_AX_CrimsonDeath.icon_wpn_AX_CrimsonDeath,,1900436,True,False,False,False,0,Machado da Morte Carmesim,Machado da Morte Carmesim
1900437,Item_Name_1900437,Item_Desc_1900437,False,1900437,True,True,True,[],4,2,4,2,13,20001,4,0,0,0,0,0,0,0,False,1,12500,30,0,0,1900437,0,36,134,37,3600,0,0,105,50,85,84,145,600,0,0,0,0,0,0,0,0,36,60,37,1290,85,30,0,0,0,0,0,0,0,0,2004421,0,0,0,21004,0,0,0,0,0,,0,/Game/Streaming/ArtAsset/UI/UIResource/UITexture/Common_Icon/Icon_Item_Equipment/icon_armor_LowerGuardofCrimsonDeath.icon_armor_LowerGuardofCrimsonDeath,,0,True,False,False,False,0,Protetor Inferior da Morte Carmesim,Protetor Inferior da Morte Carmesim
1900438,Item_Name_1900438,Item_Desc_1900438,False,1900438,True,True,True,[],4,2,4,3,17,20001,7,0,0,0,0,0,0,0,False,1,12500,30,0,0,1900438,0,35,124,41,82,0,0,39,40,66,400,93,30,0,0,0,0,0,0,0,0,35,58,41,43,38,15,0,0,0,0,0,0,0,0,2004421,0,0,0,21004,0,0,0,0,0,,0,/Game/Streaming/ArtAsset/UI/UIResource/UITexture/Common_Icon/Icon_Item_Equipment/icon_acc_EarcuffofCrimsonDeath.icon_acc_EarcuffofCrimsonDeath,,0,True,False,False,False,0,Brincos da Morte Carmesim,Brincos da Morte Carmesim
1900448,Item_Name_1900448,Item_Desc_1900448,False,1900448,True,True,True,[],4,2,4,1,8,20001,1,7,0,0,0,0,0,0,False,1,12500,30,0,0,1900448,0,33,200,38,133,75,135,72,1600,106,65,23,50,0,0,0,0,0,0,0,0,35,104,38,72,159,50,0,0,0,0,1,8010939,0,0,2004421,0,0,0,0,0,0,0,0,0,,0,/Game/Streaming/ArtAsset/UI/UIResource/UITexture/Common_Icon/Icon_Item_Weapon/icon_wpn_LS_FrenzyKeeper.icon_wpn_LS_FrenzyKeeper,,1900448,True,False,False,False,0,Fio Cortante da Perdição Ardente,Fio Cortante da Perdição Ardente
1900450,Item_Name_1900450,Item_Desc_1900450,False,1900450,True,True,True,[],4,2,5,1,4,20001,1,3,0,0,0,0,0,0,False,1,12500,30,0,0,1900450,0,33,225,38,148,77,150,70,1750,23,87,106,75,0,0,0,0,0,0,0,0,35,134,38,85,159,70,0,0,0,0,1,8010941,0,0,2005421,0,0,0,21005,0,0,0,0,0,,0,/Game/Streaming/ArtAsset/UI/UIResource/UITexture/Common_Icon/Icon_Item_Weapon/icon_wpn_SW_Xenopsycher.icon_wpn_SW_Xenopsycher,,1900450,True,False,False,False,0,Espada e Escudo Xenopsychic,Espada e Escudo Xenopsychic
1900451,Item_Name_1900451,Item_Desc_1900451,False,1900451,True,True,True,[],4,2,5,1,8,20001,1,7,0,0,0,0,0,0,False,1,12500,30,0,0,1900451,0,33,225,38,148,75,150,72,1750,23,87,106,75,0,0,0,0,0,0,0,0,35,134,38,85,159,70,0,0,0,0,1,8010941,0,0,2005421,0,0,0,21005,0,0,0,0,0,,0,/Game/Streaming/ArtAsset/UI/UIResource/UITexture/Common_Icon/Icon_Item_Weapon/icon_wpn_LS_Xenopsycher.icon_wpn_LS_Xenopsycher,,1900451,True,False,False,False,0,Fio Cortante Xenopsychic,Fio Cortante Xenopsychic
1900452,Item_Name_1900452,Item_Desc_1900452,False,1900452,True,True,True,[],4,2,5,2,11,20001,3,0,0,0,0,0,0,0,False,1,12500,30,0,0,1900452,0,36,184,85,150,0,0,67,900,37,1150,42,65,0,0,0,0,0,0,0,0,36,90,85,75,90,550,0,0,0,0,0,0,0,0,2005421,0,0,0,21005,0,0,0,0,0,,0,/Game/Streaming/ArtAsset/UI/UIResource/UITexture/Common_Icon/Icon_Item_Equipment/icon_armor_UpperGuardofXenopsychic.icon_armor_UpperGuardofXenopsychic,,0,True,False,False,False,0,Protetor Superior Xenopsychic,Protetor Superior Xenopsychic
1900456,Item_Name_1900456,Item_Desc_1900456,False,1900456,True,True,True,[],4,2,5,1,2,20001,1,1,0,0,0,0,0,0,False,1,12500,30,0,0,1900456,0,33,225,38,148,79,150,96,64,10,87,106,75,0,0,0,0,0,0,0,0,35,134,38,85,159,70,0,0,0,0,1,8010943,0,0,2005421,0,0,0,21005,0,0,0,0,0,,0,/Game/Streaming/ArtAsset/UI/UIResource/UITexture/Common_Icon/Icon_Item_Weapon/icon_wpn_RF_MechanicCorrupter.icon_wpn_RF_MechanicCorrupter,,1900456,True,False,False,False,0,Rifle da Depravação Azul,Rifle da Depravação Azul
1900457,Item_Name_1900457,Item_Desc_1900457,False,1900457,True,True,True,[],4,2,5,2,15,20001,6,0,0,0,0,0,0,0,False,1,12500,30,0,0,1900457,0,36,154,40,110,0,0,37,700,99,45,83,30,0,0,0,0,0,0,0,0,36,75,40,52,42,26,0,0,0,0,0,0,0,0,2005421,0,0,0,21005,0,0,0,0,0,,0,/Game/Streaming/ArtAsset/UI/UIResource/UITexture/Common_Icon/Icon_Item_Equipment/icon_armor_LowerGuardofDeathShadow.icon_armor_LowerGuardofDeathShadow,,0,True,False,False,False,0,Protetor de Perna da Depravação Azul,Protetor de Perna da Depravação Azul
1900458,Item_Name_1900458,Item_Desc_1900458,False,1900458,True,True,True,[],4,2,5,3,19,20001,9,0,0,0,0,0,0,0,False,1,12500,30,0,0,1900458,0,36,146,42,98,0,0,95,40,85,45,83,30,0,0,0,0,0,0,0,0,36,70,42,54,95,20,0,0,0,0,0,0,0,0,2005421,0,0,0,21005,0,0,0,0,0,,0,/Game/Streaming/ArtAsset/UI/UIResource/UITexture/Common_Icon/Icon_Item_Equipment/icon_acc_BangleofBlueCorruption.icon_acc_BangleofBlueCorruption,,0,True,False,False,False,0,Bracelete da Depravação Azul,Bracelete da Depravação Azul
1900459,Item_Name_1900459,Item_Desc_1900459,False,1900459,True,True,True,[],4,2,5,2,13,20001,4,0,0,0,0,0,0,0,False,1,12500,30,0,0,1900459,0,36,154,37,3900,0,0,83,24,85,108,42,50,0,0,0,0,0,0,0,0,36,75,37,1750,85,42,0,0,0,0,0,0,0,0,2005421,0,0,0,21005,0,0,0,0,0,,0,/Game/Streaming/ArtAsset/UI/UIResource/UITexture/Common_Icon/Icon_Item_Equipment/icon_armor_LegGuardofBlueCorruption.icon_armor_LegGuardofBlueCorruption,,0,True,False,False,False,0,Protetor Inferior de Sombra Mortal,Protetor Inferior de Sombra Mortal
1900460,Item_Name_1900460,Item_Desc_1900460,False,1900460,True,True,True,[],4,2,5,3,17,20001,7,0,0,0,0,0,0,0,False,1,12500,30,0,0,1900460,0,35,146,41,98,0,0,106,40,159,85,66,450,0,0,0,0,0,0,0,0,35,70,41,54,38,20,0,0,0,0,0,0,0,0,2005421,0,0,0,21005,0,0,0,0,0,,0,/Game/Streaming/ArtAsset/UI/UIResource/UITexture/Common_Icon/Icon_Item_Equipment/icon_acc_EarcuffofDeathShadow.icon_acc_EarcuffofDeathShadow,,0,True,False,False,False,0,Brincos de Sombra Mortal,Brincos de Sombra Mortal
1900461,Item_Name_1900461,Item_Desc_1900461,False,1900461,True,True,True,[],4,2,5,3,18,20001,8,0,0,0,0,0,0,0,False,1,12500,30,0,0,1900461,0,38,146,98,98,0,0,33,40,106,50,89,800,0,0,0,0,0,0,0,0,38,70,98,54,102,40,0,0,0,0,0,0,0,0,2005421,0,0,0,21005,0,0,0,0,0,,0,/Game/Streaming/ArtAsset/UI/UIResource/UITexture/Common_Icon/Icon_Item_Equipment/icon_acc_NecklaceofDeathShadow.icon_acc_NecklaceofDeathShadow,,0,True,False,False,False,0,Colar de Sombra Mortal,Colar de Sombra Mortal
1900468,Item_Name_1900468,Item_Desc_1900468,False,1900468,True,True,True,[],4,2,5,1,2,20001,1,1,0,0,0,0,0,0,False,1,12500,30,0,0,1900468,0,33,225,38,148,79,150,96,64,7,78,89,1150,0,0,0,0,0,0,0,0,35,134,38,85,159,70,0,0,0,0,1,8010947,0,0,2005421,0,0,0,21005,0,0,0,0,0,,0,/Game/Streaming/ArtAsset/UI/UIResource/UITexture/Common_Icon/Icon_Item_Weapon/icon_wpn_RF_Rhamnusia.icon_wpn_RF_Rhamnusia,,1900468,True,False,False,False,0,Rifle do Vingador,Rifle do Vingador
1900469,Item_Name_1900469,Item_Desc_1900469,False,1900469,True,True,True,[],4,2,5,2,13,20001,4,0,0,0,0,0,0,0,False,1,12500,30,0,0,1900469,0,36,154,37,3900,0,0,42,50,99,90,145,900,0,0,0,0,0,0,0,0,36,75,37,1750,85,42,0,0,0,0,0,0,0,0,2005421,0,0,0,21005,0,0,0,0,0,,0,/Game/Streaming/ArtAsset/UI/UIResource/UITexture/Common_Icon/Icon_Item_Equipment/icon_armor_LowerGuardofVengeance.icon_armor_LowerGuardofVengeance,,0,True,False,False,False,0,Protetor Inferior do Vingador,Protetor Inferior do Vingador
1900470,Item_Name_1900470,Item_Desc_1900470,False,1900470,True,True,True,[],4,2,5,3,17,20001,7,0,0,0,0,0,0,0,False,1,12500,30,0,0,1900470,0,35,146,41,98,0,0,106,40,98,65,159,85,0,0,0,0,0,0,0,0,35,70,41,54,38,20,0,0,0,0,0,0,0,0,2005421,0,0,0,21005,0,0,0,0,0,,0,/Game/Streaming/ArtAsset/UI/UIResource/UITexture/Common_Icon/Icon_Item_Equipment/icon_acc_EarcuffofVengeance.icon_acc_EarcuffofVengeance,,0,True,False,False,False,0,Brincos do Vingador,Brincos do Vingador
1900471,Item_Name_1900471,Item_Desc_1900471,False,1900471,True,True,True,[],4,2,5,1,3,20001,1,2,0,0,0,0,0,0,False,1,12500,30,0,0,1900471,0,33,225,38,148,77,150,97,64,7,78,89,1150,0,0,0,0,0,0,0,0,35,134,38,85,159,70,0,0,0,0,1,8010949,0,0,2005421,0,0,0,21005,0,0,0,0,0,,0,/Game/Streaming/ArtAsset/UI/UIResource/UITexture/Common_Icon/Icon_Item_Weapon/icon_wpn_BL_BombManiac.icon_wpn_BL_BombManiac,,1900471,True,False,False,False,0,Lâmina H.E.A.T.,Lâmina H.E.A.T.
1900472,Item_Name_1900472,Item_Desc_1900472,False,1900472,True,True,True,[],4,2,5,2,14,20001,5,0,0,0,0,0,0,0,False,1,12500,30,0,0,1900472,0,36,154,38,110,0,0,98,70,89,800,81,750,0,0,0,0,0,0,0,0,36,75,38,52,82,250,0,0,0,0,0,0,0,0,2005421,0,0,0,21005,0,0,0,0,0,,0,/Game/Streaming/ArtAsset/UI/UIResource/UITexture/Common_Icon/Icon_Item_Equipment/icon_armor_ArmGuardofHeat.icon_armor_ArmGuardofHeat,,0,True,False,False,False,0,Protetor de Braço H.E.A.T.,Protetor de Braço H.E.A.T.
1900473,Item_Name_1900473,Item_Desc_1900473,False,1900473,True,True,True,[],4,2,5,3,20,20001,10,0,0,0,0,0,0,0,False,1,12500,30,0,0,1900473,0,40,146,99,98,0,0,95,40,36,68,67,650,0,0,0,0,0,0,0,0,40,70,99,54,105,40,0,0,0,0,0,0,0,0,2005421,0,0,0,21005,0,0,0,0,0,,0,/Game/Streaming/ArtAsset/UI/UIResource/UITexture/Common_Icon/Icon_Item_Equipment/icon_acc_RingofHeat.icon_acc_RingofHeat,,0,True,False,False,False,0,Anel H.E.A.T.,Anel H.E.A.T.
1900474,Item_Name_1900474,Item_Desc_1900474,False,1900474,True,True,True,[],4,2,5,1,6,20001,1,5,0,0,0,0,0,0,False,1,12500,30,0,0,1900474,0,33,225,38,148,75,150,141,1750,7,78,89,1150,0,0,0,0,0,0,0,0,35,134,38,85,159,70,0,0,0,0,1,8010951,0,0,2005421,0,0,0,21005,0,0,0,0,0,,0,/Game/Streaming/ArtAsset/UI/UIResource/UITexture/Common_Icon/Icon_Item_Weapon/icon_wpn_AX_WaspDancer.icon_wpn_AX_WaspDancer,,1900474,True,False,False,False,0,Machado Asa de Vespa,Machado Asa de Vespa
1900475,Item_Name_1900475,Item_Desc_1900475,False,1900475,True,True,True,[],4,2,5,2,12,20001,2,0,0,0,0,0,0,0,False,1,12500,30,0,0,1900475,0,36,154,40,110,0,0,66,800,37,1000,93,36,0,0,0,0,0,0,0,0,36,75,40,52,93,26,0,0,0,0,0,0,0,0,2005421,0,0,0,21005,0,0,0,0,0,,0,/Game/Streaming/ArtAsset/UI/UIResource/UITexture/Common_Icon/Icon_Item_Equipment/icon_armor_NeckGuardofWaspWing.icon_armor_NeckGuardofWaspWing,,0,True,False,False,False,0,Protetor Cervical Asa de Vespa,Protetor Cervical Asa de Vespa
1900476,Item_Name_1900476,Item_Desc_1900476,False,1900476,True,True,True,[],4,2,5,2,15,20001,6,0,0,0,0,0,0,0,False,1,12500,30,0,0,1900476,0,36,154,40,110,0,0,80,600,42,36,83,30,0,0,0,0,0,0,0,0,36,75,40,52,42,26,0,0,0,0,0,0,0,0,2005421,0,0,0,21005,0,0,0,0,0,,0,/Game/Streaming/ArtAsset/UI/UIResource/UITexture/Common_Icon/Icon_Item_Equipment/icon_armor_LegGuardofWaspGuard.icon_armor_LegGuardofWaspGuard,,0,True,False,False,False,0,Protetor de Perna Asa de Vespa,Protetor de Perna Asa de Vespa
1900477,Item_Name_1900477,Item_Desc_1900477,False,1900477,True,True,True,[],4,2,5,1,5,20001,1,4,0,0,0,0,0,0,False,1,12500,30,0,0,1900477,0,33,225,38,148,79,150,97,64,20,78,89,1150,0,0,0,0,0,0,0,0,35,134,38,85,159,70,0,0,0,0,1,8010953,0,0,2005421,0,0,0,21005,0,0,0,0,0,,0,/Game/Streaming/ArtAsset/UI/UIResource/UITexture/Common_Icon/Icon_Item_Weapon/icon_wpn_GL_GaugerAlpha.icon_wpn_GL_GaugerAlpha,,1900477,True,False,False,False,0,Carregador de Força Gazer Alpha,Carregador de Força Gazer Alpha
1900478,Item_Name_1900478,Item_Desc_1900478,False,1900478,True,True,True,[],4,2,5,2,11,20001,3,0,0,0,0,0,0,0,False,1,12500,30,0,0,1900478,0,36,184,85,150,0,0,67,900,83,35,105,140,0,0,0,0,0,0,0,0,36,90,85,75,90,550,0,0,0,0,0,0,0,0,2005421,0,0,0,21005,0,0,0,0,0,,0,/Game/Streaming/ArtAsset/UI/UIResource/UITexture/Common_Icon/Icon_Item_Equipment/icon_armor_UpperGuardofGaugerAlpha.icon_armor_UpperGuardofGaugerAlpha,,0,True,False,False,False,0,Protetor Superior Gazer Alpha,Protetor Superior Gazer Alpha
1900479,Item_Name_1900479,Item_Desc_1900479,False,1900479,True,True,True,[],4,2,5,3,19,20001,9,0,0,0,0,0,0,0,False,1,12500,30,0,0,1900479,0,36,146,42,98,0,0,95,40,37,800,105,60,0,0,0,0,0,0,0,0,36,70,42,54,95,20,0,0,0,0,0,0,0,0,2005421,0,0,0,21005,0,0,0,0,0,,0,/Game/Streaming/ArtAsset/UI/UIResource/UITexture/Common_Icon/Icon_Item_Equipment/icon_acc_BangleofGaugerAlpha.icon_acc_BangleofGaugerAlpha,,0,True,False,False,False,0,Bracelete Gazer Alpha,Bracelete Gazer Alpha
1900480,Item_Name_1900480,Item_Desc_1900480,False,1900480,True,True,True,[],4,2,5,1,7,20001,1,6,0,0,0,0,0,0,False,1,12500,30,0,0,1900480,0,33,225,38,148,75,150,164,1750,20,78,89,1150,0,0,0,0,0,0,0,0,35,134,38,85,159,70,0,0,0,0,1,8010955,0,0,2005421,0,0,0,21005,0,0,0,0,0,,0,/Game/Streaming/ArtAsset/UI/UIResource/UITexture/Common_Icon/Icon_Item_Weapon/icon_wpn_MG_OrbitalSentinel.icon_wpn_MG_OrbitalSentinel,,1900480,True,False,False,False,0,Arma de Força do Sentinela Orbital,Arma de Força do Sentinela Orbital
1900481,Item_Name_1900481,Item_Desc_1900481,False,1900481,True,True,True,[],4,2,5,1,8,20001,1,7,0,0,0,0,0,0,False,1,12500,30,0,0,1900481,0,33,225,38,148,75,150,72,1750,20,78,89,1150,0,0,0,0,0,0,0,0,35,134,38,85,159,70,0,0,0,0,1,8010955,0,0,2005421,0,0,0,21005,0,0,0,0,0,,0,/Game/Streaming/ArtAsset/UI/UIResource/UITexture/Common_Icon/Icon_Item_Weapon/icon_wpn_LS_OrbitalSentinel.icon_wpn_LS_OrbitalSentinel,,1900481,True,False,False,False,0,Fio Cortante do Sentinela Orbital,Fio Cortante do Sentinela Orbital
1900482,Item_Name_1900482,Item_Desc_1900482,False,1900482,True,True,True,[],4,2,5,1,4,20001,1,3,0,0,0,0,0,0,False,1,12500,30,0,0,1900482,0,33,225,38,148,77,150,70,1750,20,78,89,1150,0,0,0,0,0,0,0,0,35,134,38,85,159,70,0,0,0,0,1,8010955,0,0,2005421,0,0,0,21005,0,0,0,0,0,,0,/Game/Streaming/ArtAsset/UI/UIResource/UITexture/Common_Icon/Icon_Item_Weapon/icon_wpn_SW_OrbitalSentinel.icon_wpn_SW_OrbitalSentinel,,1900482,True,False,False,False,0,Espada e Escudo do Sentinela Orbital,Espada e Escudo do Sentinela Orbital
1900483,Item_Name_1900483,Item_Desc_1900483,False,1900483,True,True,True,[],4,2,5,1,2,20001,1,1,0,0,0,0,0,0,False,1,12500,30,0,0,1900483,0,33,225,38,148,79,150,96,64,10,87,65,600,0,0,0,0,0,0,0,0,35,134,38,85,159,70,0,0,0,0,1,8010957,0,0,2005421,0,0,0,21005,0,0,0,0,0,,0,/Game/Streaming/ArtAsset/UI/UIResource/UITexture/Common_Icon/Icon_Item_Weapon/icon_wpn_RF_KeeperOrigin.icon_wpn_RF_KeeperOrigin,,1900483,True,False,False,False,0,Rifle do Guardião do Abismo,Rifle do Guardião do Abismo
1900484,Item_Name_1900484,Item_Desc_1900484,False,1900484,True,True,True,[],4,2,5,1,3,20001,1,2,0,0,0,0,0,0,False,1,12500,30,0,0,1900484,0,33,225,38,148,77,150,97,64,10,87,65,600,0,0,0,0,0,0,0,0,35,134,38,85,159,70,0,0,0,0,1,8010957,0,0,2005421,0,0,0,21005,0,0,0,0,0,,0,/Game/Streaming/ArtAsset/UI/UIResource/UITexture/Common_Icon/Icon_Item_Weapon/icon_wpn_BL_KeeperOrigin.icon_wpn_BL_KeeperOrigin,,1900484,True,False,False,False,0,Lâmina do Guardião do Abismo,Lâmina do Guardião do Abismo
1900485,Item_Name_1900485,Item_Desc_1900485,False,1900485,True,True,True,[],4,2,5,1,4,20001,1,3,0,0,0,0,0,0,False,1,12500,30,0,0,1900485,0,33,225,38,148,77,150,70,1750,23,87,65,600,0,0,0,0,0,0,0,0,35,134,38,85,159,70,0,0,0,0,1,8010959,0,0,2005421,0,0,0,21005,0,0,0,0,0,,0,/Game/Streaming/ArtAsset/UI/UIResource/UITexture/Common_Icon/Icon_Item_Weapon/icon_wpn_SW_KeeperOrigin.icon_wpn_SW_KeeperOrigin,,1900485,True,False,False,False,0,Espada e Escudo do Guardião do Abismo,Espada e Escudo do Guardião do Abismo
1900486,Item_Name_1900486,Item_Desc_1900486,False,1900486,True,True,True,[],4,2,5,1,5,20001,1,4,0,0,0,0,0,0,False,1,12500,30,0,0,1900486,0,33,225,38,148,79,150,97,64,23,87,65,600,0,0,0,0,0,0,0,0,35,134,38,85,159,70,0,0,0,0,1,8010959,0,0,2005421,0,0,0,21005,0,0,0,0,0,,0,/Game/Streaming/ArtAsset/UI/UIResource/UITexture/Common_Icon/Icon_Item_Weapon/icon_wpn_GL_KeeperOrigin.icon_wpn_GL_KeeperOrigin,,1900486,True,False,False,False,0,Carregador de Força do Guardião do Abismo,Carregador de Força do Guardião do Abismo
1900487,Item_Name_1900487,Item_Desc_1900487,False,1900487,True,True,True,[],4,2,5,1,6,20001,1,5,0,0,0,0,0,0,False,1,12500,30,0,0,1900487,0,33,225,38,148,75,150,141,1750,10,87,65,600,0,0,0,0,0,0,0,0,35,134,38,85,159,70,0,0,0,0,1,8010957,0,0,2005421,0,0,0,21005,0,0,0,0,0,,0,/Game/Streaming/ArtAsset/UI/UIResource/UITexture/Common_Icon/Icon_Item_Weapon/icon_wpn_AX_KeeperOrigin.icon_wpn_AX_KeeperOrigin,,1900487,True,False,False,False,0,Machado do Guardião do Abismo,Machado do Guardião do Abismo
1900488,Item_Name_1900488,Item_Desc_1900488,False,1900488,True,True,True,[],4,2,5,1,7,20001,1,6,0,0,0,0,0,0,False,1,12500,30,0,0,1900488,0,33,225,38,148,75,150,164,1750,23,87,65,600,0,0,0,0,0,0,0,0,35,134,38,85,159,70,0,0,0,0,1,8010959,0,0,2005421,0,0,0,21005,0,0,0,0,0,,0,/Game/Streaming/ArtAsset/UI/UIResource/UITexture/Common_Icon/Icon_Item_Weapon/icon_wpn_MG_KeeperOrigin.icon_wpn_MG_KeeperOrigin,,1900488,True,False,False,False,0,Arma de Força do Guardião do Abismo,Arma de Força do Guardião do Abismo
1900489,Item_Name_1900489,Item_Desc_1900489,False,1900489,True,True,True,[],4,2,5,1,8,20001,1,7,0,0,0,0,0,0,False,1,12500,30,0,0,1900489,0,33,225,38,148,75,150,72,1750,23,87,65,600,0,0,0,0,0,0,0,0,35,134,38,85,159,70,0,0,0,0,1,8010959,0,0,2005421,0,0,0,21005,0,0,0,0,0,,0,/Game/Streaming/ArtAsset/UI/UIResource/UITexture/Common_Icon/Icon_Item_Weapon/icon_wpn_LS_KeeperOrigin.icon_wpn_LS_KeeperOrigin,,1900489,True,False,False,False,0,Fio Cortante do Guardião do Abismo,Fio Cortante do Guardião do Abismo
1900518,Item_Name_1900518,Item_Desc_1900518,False,1900518,True,True,True,[],4,2,5,1,3,20001,1,2,0,0,0,0,0,0,False,1,12500,30,0,0,1900518,0,33,225,38,148,77,150,97,64,10,87,106,75,0,0,0,0,0,0,0,0,35,134,38,85,159,70,0,0,0,0,1,8010961,0,0,2005421,0,0,0,21005,0,0,0,0,0,,0,/Game/Streaming/ArtAsset/UI/UIResource/UITexture/Common_Icon/Icon_Item_Weapon/icon_wpn_BL_Dasra.icon_wpn_BL_Dasra,,1900518,True,False,False,False,0,Lâmina da Corrupção Carmesim,Lâmina da Corrupção Carmesim
1900519,Item_Name_1900519,Item_Desc_1900519,False,1900519,True,True,True,[],4,2,5,2,14,20001,5,0,0,0,0,0,0,0,False,1,12500,30,0,0,1900519,0,36,154,38,110,0,0,41,54,106,50,81,750,0,0,0,0,0,0,0,0,36,75,38,52,82,250,0,0,0,0,0,0,0,0,2005421,0,0,0,21005,0,0,0,0,0,,0,/Game/Streaming/ArtAsset/UI/UIResource/UITexture/Common_Icon/Icon_Item_Equipment/icon_armor_ArmGuardofCrimsonErosion.icon_armor_ArmGuardofCrimsonErosion,,0,True,False,False,False,0,Protetor de Braço da Corrupção Carmesim,Protetor de Braço da Corrupção Carmesim
1900520,Item_Name_1900520,Item_Desc_1900520,False,1900520,True,True,True,[],4,2,5,3,18,20001,8,0,0,0,0,0,0,0,False,1,12500,30,0,0,1900520,0,38,146,98,98,0,0,33,40,41,50,66,650,0,0,0,0,0,0,0,0,38,70,98,54,102,40,0,0,0,0,0,0,0,0,2005421,0,0,0,21005,0,0,0,0,0,,0,/Game/Streaming/ArtAsset/UI/UIResource/UITexture/Common_Icon/Icon_Item_Equipment/icon_acc_NecklaceofCrimsonErosion.icon_acc_NecklaceofCrimsonErosion,,0,True,False,False,False,0,Colar da Corrupção Carmesim,Colar da Corrupção Carmesim
1900524,Item_Name_1900524,Item_Desc_1900524,False,1900524,True,True,True,[],4,2,3,1,8,20001,1,7,0,0,0,0,0,0,False,1,12500,30,0,0,1900524,0,33,180,38,124,75,125,101,30,106,50,20,30,0,0,0,0,0,0,0,0,35,97,38,65,159,35,0,0,0,0,1,8010911,0,0,2003421,0,0,0,21003,0,0,0,0,0,,0,/Game/Streaming/ArtAsset/UI/UIResource/UITexture/Common_Icon/Icon_Item_Weapon/icon_wpn_LS_Eternity_001.icon_wpn_LS_Eternity_001,,1900524,True,False,False,False,0,Lâmina Afiada do Guardião,Lâmina Afiada do Guardião
1900526,Item_Name_1900526,Item_Desc_1900526,False,1900526,True,True,True,[],4,2,3,1,9,20001,1,8,0,0,0,0,0,0,False,1,12500,30,0,0,1900526,0,33,180,38,124,79,125,100,30,106,50,7,30,0,0,0,0,0,0,0,0,35,97,38,65,159,35,0,0,0,0,1,8010909,0,0,2003421,0,0,0,21003,0,0,0,0,0,,0,/Game/Streaming/ArtAsset/UI/UIResource/UITexture/Common_Icon/Icon_Item_Weapon/icon_wpn_BG_Eternity_001.icon_wpn_BG_Eternity_001,,1900526,True,False,False,False,0,Pistola Blaster do Guardião,Pistola Blaster do Guardião
1900528,Item_Name_1900528,Item_Desc_1900528,False,1900528,True,True,True,[],4,2,4,1,9,20001,1,8,0,0,0,0,0,0,False,1,12500,30,0,0,1900528,0,33,200,38,133,79,135,98,27,106,65,10,50,0,0,0,0,0,0,0,0,35,104,38,72,159,50,0,0,0,0,1,8010937,0,0,2004421,0,0,0,21004,0,0,0,0,0,,0,/Game/Streaming/ArtAsset/UI/UIResource/UITexture/Common_Icon/Icon_Item_Weapon/icon_wpn_BG_FrenzyKeeper.icon_wpn_BG_FrenzyKeeper,,1900528,True,False,False,False,0,Arma de Explosão de Condenação Ardente,Arma Blaster de Condenação Ardente
1900530,Item_Name_1900530,Item_Desc_1900530,False,1900530,True,True,True,[],4,2,5,1,9,20001,1,8,0,0,0,0,0,0,False,1,12500,30,0,0,1900530,0,33,225,38,148,79,150,98,32,10,87,65,600,0,0,0,0,0,0,0,0,35,134,38,85,159,70,0,0,0,0,1,8010957,0,0,2005421,0,0,0,21005,0,0,0,0,0,,0,/Game/Streaming/ArtAsset/UI/UIResource/UITexture/Common_Icon/Icon_Item_Weapon/icon_wpn_BG_KeeperOrigin.icon_wpn_BG_KeeperOrigin,,1900530,True,False,False,False,0,Arma de Raios do Guardião do Abismo,Arma de Raios do Guardião do Abismo
1900532,Item_Name_1900532,Item_Desc_1900532,False,1900532,True,True,True,[],4,2,6,1,9,20001,1,8,0,0,0,0,0,0,False,1,12500,30,0,0,1900532,0,33,250,38,168,79,165,98,37,10,102,106,87,0,0,0,0,0,0,0,0,35,154,38,99,159,90,0,0,0,0,1,8010963,0,0,2006421,0,0,0,0,0,0,0,0,0,,0,/Game/Streaming/ArtAsset/UI/UIResource/UITexture/Common_Icon/Icon_Item_Weapon/icon_wpn_BG_Vestia6_001.icon_wpn_BG_Vestia6_001,,1900532,True,False,False,False,0,Arma de Fogo Xenoflame Blaster,Arma de Fogo Xenoflame Blaster
1900533,Item_Name_1900533,Item_Desc_1900533,False,1900533,True,True,True,[],4,2,6,2,12,20001,2,0,0,0,0,0,0,0,False,1,12500,30,0,0,1900533,0,36,174,40,125,0,0,66,900,37,1250,93,45,0,0,0,0,0,0,0,0,36,90,40,67,93,36,0,0,0,0,0,0,0,0,2006421,0,0,0,0,0,0,0,0,0,,0,/Game/Streaming/ArtAsset/UI/UIResource/UITexture/Common_Icon/Icon_Item_Equipment/icon_armor_NeckGuardofXenoFlame.icon_armor_NeckGuardofXenoFlame,,0,True,False,False,False,0,Protetor de Pescoço Xenoflame,Protetor de Pescoço Xenoflame
1900534,Item_Name_1900534,Item_Desc_1900534,False,1900534,True,True,True,[],4,2,6,3,20,20001,10,0,0,0,0,0,0,0,False,1,12500,30,0,0,1900534,0,40,166,99,113,0,0,90,900,95,45,36,70,0,0,0,0,0,0,0,0,40,90,99,65,105,50,0,0,0,0,0,0,0,0,2006421,0,0,0,0,0,0,0,0,0,,0,/Game/Streaming/ArtAsset/UI/UIResource/UITexture/Common_Icon/Icon_Item_Equipment/icon_acc_RingofXenoFlame.icon_acc_RingofXenoFlame,,0,True,False,False,False,0,Anel Xenoflame,Anel Xenoflame
1900538,Item_Name_1900538,Item_Desc_1900538,False,1900538,True,True,True,[],4,2,6,1,5,20001,1,4,0,0,0,0,0,0,False,1,12500,30,0,0,1900538,0,33,250,38,168,79,165,97,74,20,102,89,1300,0,0,0,0,0,0,0,0,35,154,38,99,159,90,0,0,0,0,1,8010965,0,0,2006421,0,0,0,0,0,0,0,0,0,,0,/Game/Streaming/ArtAsset/UI/UIResource/UITexture/Common_Icon/Icon_Item_Weapon/icon_wpn_GL_Sondador_001.icon_wpn_GL_Sondador_001,,1900538,True,False,False,False,0,Carregador de Força das Chamas Furiosas,Carregador de Força de Chamas Furiosas
1900539,Item_Name_1900539,Item_Desc_1900539,False,1900539,True,True,True,[],4,2,6,2,15,20001,6,0,0,0,0,0,0,0,False,1,12500,30,0,0,1900539,0,36,174,40,125,0,0,42,50,37,1000,80,600,0,0,0,0,0,0,0,0,36,90,40,65,42,30,0,0,0,0,0,0,0,0,2006421,0,0,0,0,0,0,0,0,0,,0,/Game/Streaming/ArtAsset/UI/UIResource/UITexture/Common_Icon/Icon_Item_Equipment/icon_armor_LegGuardofFierceFlame.icon_armor_LegGuardofFierceFlame,,0,True,False,False,False,0,Guarda de Pernas de Chamas Furiosas,Guarda de Pernas de Chamas Furiosas
1900540,Item_Name_1900540,Item_Desc_1900540,False,1900540,True,True,True,[],4,2,6,3,17,20001,7,0,0,0,0,0,0,0,False,1,12500,30,0,0,1900540,0,35,166,41,113,0,0,106,45,98,75,159,105,0,0,0,0,0,0,0,0,35,90,41,65,38,30,0,0,0,0,0,0,0,0,2006421,0,0,0,0,0,0,0,0,0,,0,/Game/Streaming/ArtAsset/UI/UIResource/UITexture/Common_Icon/Icon_Item_Equipment/icon_acc_EarcuffofFierceFlame.icon_acc_EarcuffofFierceFlame,,0,True,False,False,False,0,Brincos de Chamas Furiosas,Brincos de Chamas Furiosas
1900544,Item_Name_1900544,Item_Desc_1900544,False,1900544,True,True,True,[],4,2,6,1,2,20001,1,1,0,0,0,0,0,0,False,1,12500,30,0,0,1900544,0,33,250,38,168,79,165,96,74,7,102,89,1300,0,0,0,0,0,0,0,0,35,154,38,99,159,90,0,0,0,0,1,8010967,0,0,2006421,0,0,0,0,0,0,0,0,0,,0,/Game/Streaming/ArtAsset/UI/UIResource/UITexture/Common_Icon/Icon_Item_Weapon/icon_wpn_RF_Hydra_001.icon_wpn_RF_Hydra_001,,1900544,True,False,False,False,0,Rifle Torrente Gelado,Rifle Torrente Gelado
1900545,Item_Name_1900545,Item_Desc_1900545,False,1900545,True,True,True,[],4,2,6,2,11,20001,3,0,0,0,0,0,0,0,False,1,12500,30,0,0,1900545,0,36,204,85,165,0,0,95,65,83,50,105,180,0,0,0,0,0,0,0,0,36,105,85,90,90,650,0,0,0,0,0,0,0,0,2006421,0,0,0,0,0,0,0,0,0,,0,/Game/Streaming/ArtAsset/UI/UIResource/UITexture/Common_Icon/Icon_Item_Equipment/icon_armor_UpperGuardofColdTorrent.icon_armor_UpperGuardofColdTorrent,,0,True,False,False,False,0,Guarda de Peito de Torrente Gelada,Guarda do Peito de Torrente Gelada
1900546,Item_Name_1900546,Item_Desc_1900546,False,1900546,True,True,True,[],4,2,6,3,19,20001,9,0,0,0,0,0,0,0,False,1,12500,30,0,0,1900546,0,36,166,42,113,0,0,95,45,37,1000,105,75,0,0,0,0,0,0,0,0,36,90,42,65,95,30,0,0,0,0,0,0,0,0,2006421,0,0,0,0,0,0,0,0,0,,0,/Game/Streaming/ArtAsset/UI/UIResource/UITexture/Common_Icon/Icon_Item_Equipment/icon_acc_BangleofColdTorrent.icon_acc_BangleofColdTorrent,,0,True,False,False,False,0,Bracelete de Torrente Gelada,Bracelete de Torrente Gelada
