CollectionIndex,Number,StatType,StatValue,StatEnum,StatNamePTBR
1001,0,0,0,,
1004,1,85,2,STAT_NONBATTLE_HPRECOVERYRATE,Taxa de Recuperação de HP Fora de Combate
1005,1,38,2,STAT_HITPOW,Precisão
1007,0,0,0,,
1008,1,78,2,STAT_CUTTINGPOW,ATQ de Corte
1009,1,76,2,STAT_IMPULSIVEPOW,ATQ de Impacto
1015,1,144,10,STAT_PARRYPENETATERATE,Ignorar Red. de Dano do Bloqueio de Arma
1016,0,0,0,,
1017,0,0,0,,
1021,1,96,2,STAT_MAXFPRATE,Aumento de FP Máx.
1022,1,144,10,STAT_PARRYPENETATERATE,Ignorar Red. de Dano do Bloqueio de Arma
1023,1,144,10,STAT_PARRYPENETATERATE,Ignorar Red. de Dano do Bloqueio de Arma
1025,0,0,0,,
1028,1,99,1,STAT_WEAPONATKRES,Res ATQ de Arma
1029,1,99,1,STAT_WEAPONATKRES,Res ATQ de Arma
1031,0,0,0,,
1034,1,50,50,STAT_SKILLDMGINCRATE_SINGLE,Aum. de Dano Alvo Úni.
1035,1,52,50,STAT_SKILLDMGINCRATE_MULTI,Aum. de Dano em Área
1038,0,0,0,,
1040,1,83,1,STAT_ACTIONSPEEDRATE,Velocidade de Conjuração
1041,1,147,1,STAT_FPUSEDEC,Redução de Consumo de FP
1045,1,21,1,STAT_F_DEFPOW,DEF de Força
1046,1,108,1,STAT_F_SUBDMG,Res. Dano Força Fixo
1047,1,15,50,STAT_P_ACCEPTCRIDMGDECRATE,Red. de Dano Crít. FÍS
1048,0,0,0,,
1049,0,0,0,,
1050,0,0,0,,
1051,1,35,1,STAT_ATKPOW,ATQ
1052,2,85,2,STAT_NONBATTLE_HPRECOVERYRATE,Taxa de Recuperação de HP Fora de Combate
1053,2,38,1,STAT_HITPOW,Precisão
1054,0,0,0,,
1055,0,0,0,,
1056,0,0,0,,
1057,1,91,5,STAT_ITEMDROPRATEINCRATE,Aumento da Chance de Drop de Item
1058,2,38,1,STAT_HITPOW,Precisão
1059,2,40,1,STAT_DODGEPOW,Evasão
1060,0,0,0,,
1061,0,0,0,,
1062,0,0,0,,
1063,1,85,2,STAT_NONBATTLE_HPRECOVERYRATE,Taxa de Recuperação de HP Fora de Combate
1064,2,144,10,STAT_PARRYPENETATERATE,Ignorar Red. de Dano do Bloqueio de Arma
1065,2,148,1,STAT_POTIONRECOVERYMAXVALUE,Contagem de Inj. de HP
1066,0,0,0,,
1067,0,0,0,,
1068,0,0,0,,
1069,1,85,2,STAT_NONBATTLE_HPRECOVERYRATE,Taxa de Recuperação de HP Fora de Combate
1070,2,37,30,STAT_MAXHP,HP Máx.
1071,2,83,1,STAT_ACTIONSPEEDRATE,Velocidade de Conjuração
1072,0,0,0,,
1073,0,0,0,,
1074,0,0,0,,
1075,1,36,1,STAT_DEFPOW,DEF
1076,2,41,1,STAT_CRIHITPOW,Chance de Crítico
1077,2,37,30,STAT_MAXHP,HP Máx.
1078,0,0,0,,
1079,0,0,0,,
1080,0,0,0,,
1081,1,91,10,STAT_ITEMDROPRATEINCRATE,Aumento da Chance de Drop de Item
1082,2,147,2,STAT_FPUSEDEC,Redução de Consumo de FP
1083,2,37,60,STAT_MAXHP,HP Máx.
1084,0,0,0,,
1085,0,0,0,,
1086,0,0,0,,
1087,1,36,2,STAT_DEFPOW,DEF
1088,2,83,1,STAT_ACTIONSPEEDRATE,Velocidade de Conjuração
1089,2,147,2,STAT_FPUSEDEC,Redução de Consumo de FP
1090,0,0,0,,
1091,0,0,0,,
1092,0,0,0,,
1093,1,91,5,STAT_ITEMDROPRATEINCRATE,Aumento da Chance de Drop de Item
1094,2,37,30,STAT_MAXHP,HP Máx.
1095,2,144,10,STAT_PARRYPENETATERATE,Ignorar Red. de Dano do Bloqueio de Arma
1096,0,0,0,,
1097,0,0,0,,
1098,0,0,0,,
1099,1,40,2,STAT_DODGEPOW,Evasão
1100,2,148,2,STAT_POTIONRECOVERYMAXVALUE,Contagem de Inj. de HP
1101,2,41,2,STAT_CRIHITPOW,Chance de Crítico
1102,0,0,0,,
1103,0,0,0,,
1104,0,0,0,,
1105,1,147,2,STAT_FPUSEDEC,Redução de Consumo de FP
1106,2,85,4,STAT_NONBATTLE_HPRECOVERYRATE,Taxa de Recuperação de HP Fora de Combate
1107,2,35,2,STAT_ATKPOW,ATQ
1108,0,0,0,,
1109,0,0,0,,
1110,0,0,0,,
1111,1,37,60,STAT_MAXHP,HP Máx.
1112,2,40,2,STAT_DODGEPOW,Evasão
1113,2,41,2,STAT_CRIHITPOW,Chance de Crítico
1114,0,0,0,,
1115,0,0,0,,
1116,0,0,0,,
1117,1,36,2,STAT_DEFPOW,DEF
1118,2,85,4,STAT_NONBATTLE_HPRECOVERYRATE,Taxa de Recuperação de HP Fora de Combate
1119,2,147,2,STAT_FPUSEDEC,Redução de Consumo de FP
1120,0,0,0,,
1121,0,0,0,,
1122,0,0,0,,
1123,1,38,3,STAT_HITPOW,Precisão
1124,2,36,2,STAT_DEFPOW,DEF
1125,2,148,2,STAT_POTIONRECOVERYMAXVALUE,Contagem de Inj. de HP
1126,0,0,0,,
1127,0,0,0,,
1128,0,0,0,,
1129,1,144,10,STAT_PARRYPENETATERATE,Ignorar Red. de Dano do Bloqueio de Arma
1130,2,38,2,STAT_HITPOW,Precisão
1131,2,91,10,STAT_ITEMDROPRATEINCRATE,Aumento da Chance de Drop de Item
1132,0,0,0,,
1133,0,0,0,,
1134,0,0,0,,
1135,1,40,2,STAT_DODGEPOW,Evasão
1136,2,35,2,STAT_ATKPOW,ATQ
1137,2,148,2,STAT_POTIONRECOVERYMAXVALUE,Contagem de Inj. de HP
1138,0,0,0,,
1139,0,0,0,,
1140,0,0,0,,
1141,1,85,4,STAT_NONBATTLE_HPRECOVERYRATE,Taxa de Recuperação de HP Fora de Combate
1142,2,83,1,STAT_ACTIONSPEEDRATE,Velocidade de Conjuração
1143,2,38,2,STAT_HITPOW,Precisão
1144,0,0,0,,
1145,0,0,0,,
1146,0,0,0,,
1147,1,91,20,STAT_ITEMDROPRATEINCRATE,Aumento da Chance de Drop de Item
1148,2,36,2,STAT_DEFPOW,DEF
1149,2,35,2,STAT_ATKPOW,ATQ
1150,0,0,0,,
1151,0,0,0,,
1152,0,0,0,,
1153,1,37,60,STAT_MAXHP,HP Máx.
1154,2,41,2,STAT_CRIHITPOW,Chance de Crítico
1155,2,147,2,STAT_FPUSEDEC,Redução de Consumo de FP
1156,0,0,0,,
1157,0,0,0,,
1158,0,0,0,,
1159,1,83,1,STAT_ACTIONSPEEDRATE,Velocidade de Conjuração
1160,2,144,10,STAT_PARRYPENETATERATE,Ignorar Red. de Dano do Bloqueio de Arma
1161,2,37,30,STAT_MAXHP,HP Máx.
1162,0,0,0,,
1163,0,0,0,,
1164,0,0,0,,
1165,1,35,2,STAT_ATKPOW,ATQ
1166,2,148,2,STAT_POTIONRECOVERYMAXVALUE,Contagem de Inj. de HP
1167,2,41,2,STAT_CRIHITPOW,Chance de Crítico
1168,0,0,0,,
1169,0,0,0,,
1170,0,0,0,,
1171,1,144,10,STAT_PARRYPENETATERATE,Ignorar Red. de Dano do Bloqueio de Arma
1172,2,85,4,STAT_NONBATTLE_HPRECOVERYRATE,Taxa de Recuperação de HP Fora de Combate
1173,2,37,60,STAT_MAXHP,HP Máx.
1174,0,0,0,,
1175,0,0,0,,
1176,0,0,0,,
1177,1,144,10,STAT_PARRYPENETATERATE,Ignorar Red. de Dano do Bloqueio de Arma
1178,2,91,15,STAT_ITEMDROPRATEINCRATE,Aumento da Chance de Drop de Item
1179,2,148,2,STAT_POTIONRECOVERYMAXVALUE,Contagem de Inj. de HP
1180,0,0,0,,
1181,0,0,0,,
1182,0,0,0,,
1183,1,37,60,STAT_MAXHP,HP Máx.
1184,2,147,2,STAT_FPUSEDEC,Redução de Consumo de FP
1185,2,85,4,STAT_NONBATTLE_HPRECOVERYRATE,Taxa de Recuperação de HP Fora de Combate
1186,0,0,0,,
1187,0,0,0,,
1188,0,0,0,,
1189,1,37,60,STAT_MAXHP,HP Máx.
1190,2,41,2,STAT_CRIHITPOW,Chance de Crítico
1191,2,35,2,STAT_ATKPOW,ATQ
1192,0,0,0,,
1193,0,0,0,,
1194,0,0,0,,
1195,1,91,10,STAT_ITEMDROPRATEINCRATE,Aumento da Chance de Drop de Item
1196,2,40,2,STAT_DODGEPOW,Evasão
1197,2,36,2,STAT_DEFPOW,DEF
1198,0,0,0,,
1199,0,0,0,,
1200,0,0,0,,
1201,1,148,2,STAT_POTIONRECOVERYMAXVALUE,Contagem de Inj. de HP
1202,2,83,1,STAT_ACTIONSPEEDRATE,Velocidade de Conjuração
1203,2,144,10,STAT_PARRYPENETATERATE,Ignorar Red. de Dano do Bloqueio de Arma
1204,0,0,0,,
1205,0,0,0,,
1206,0,0,0,,
1207,1,37,90,STAT_MAXHP,HP Máx.
1208,2,38,3,STAT_HITPOW,Precisão
1209,2,147,3,STAT_FPUSEDEC,Redução de Consumo de FP
1210,0,0,0,,
1211,0,0,0,,
1212,0,0,0,,
1213,1,147,3,STAT_FPUSEDEC,Redução de Consumo de FP
1214,2,41,3,STAT_CRIHITPOW,Chance de Crítico
1215,2,36,3,STAT_DEFPOW,DEF
1216,0,0,0,,
1217,0,0,0,,
1218,0,0,0,,
1219,1,40,3,STAT_DODGEPOW,Evasão
1220,2,91,15,STAT_ITEMDROPRATEINCRATE,Aumento da Chance de Drop de Item
1221,2,35,3,STAT_ATKPOW,ATQ
1222,0,0,0,,
1223,0,0,0,,
1224,0,0,0,,
1225,1,148,3,STAT_POTIONRECOVERYMAXVALUE,Contagem de Inj. de HP
1226,2,144,10,STAT_PARRYPENETATERATE,Ignorar Red. de Dano do Bloqueio de Arma
1227,2,85,6,STAT_NONBATTLE_HPRECOVERYRATE,Taxa de Recuperação de HP Fora de Combate
1228,0,0,0,,
1229,0,0,0,,
1230,0,0,0,,
1231,1,40,3,STAT_DODGEPOW,Evasão
1232,2,83,1,STAT_ACTIONSPEEDRATE,Velocidade de Conjuração
1233,2,35,2,STAT_ATKPOW,ATQ
1234,0,0,0,,
1235,0,0,0,,
1236,0,0,0,,
1237,1,85,6,STAT_NONBATTLE_HPRECOVERYRATE,Taxa de Recuperação de HP Fora de Combate
1238,2,148,3,STAT_POTIONRECOVERYMAXVALUE,Contagem de Inj. de HP
1239,2,83,1,STAT_ACTIONSPEEDRATE,Velocidade de Conjuração
1240,0,0,0,,
1241,0,0,0,,
1242,0,0,0,,
1243,1,40,3,STAT_DODGEPOW,Evasão
1244,2,36,3,STAT_DEFPOW,DEF
1245,2,147,3,STAT_FPUSEDEC,Redução de Consumo de FP
1246,0,0,0,,
1247,0,0,0,,
1248,0,0,0,,
1249,1,38,3,STAT_HITPOW,Precisão
1250,2,93,3,STAT_GIVECRIDMGINCRATE,Dano Crít.
1251,2,144,10,STAT_PARRYPENETATERATE,Ignorar Red. de Dano do Bloqueio de Arma
1252,0,0,0,,
1253,0,0,0,,
1254,0,0,0,,
1255,1,35,1,STAT_ATKPOW,ATQ
1256,2,41,1,STAT_CRIHITPOW,Chance de Crítico
1257,2,91,5,STAT_ITEMDROPRATEINCRATE,Aumento da Chance de Drop de Item
1258,0,0,0,,
1259,0,0,0,,
1260,0,0,0,,
1261,1,83,1,STAT_ACTIONSPEEDRATE,Velocidade de Conjuração
1262,2,37,30,STAT_MAXHP,HP Máx.
1263,2,148,1,STAT_POTIONRECOVERYMAXVALUE,Contagem de Inj. de HP
1264,0,0,0,,
1265,0,0,0,,
1266,0,0,0,,
1267,1,147,2,STAT_FPUSEDEC,Redução de Consumo de FP
1268,2,38,2,STAT_HITPOW,Precisão
1269,2,41,2,STAT_CRIHITPOW,Chance de Crítico
1270,0,0,0,,
1271,0,0,0,,
1272,0,0,0,,
1273,1,83,1,STAT_ACTIONSPEEDRATE,Velocidade de Conjuração
1274,2,40,2,STAT_DODGEPOW,Evasão
1275,2,36,2,STAT_DEFPOW,DEF
1276,0,0,0,,
1277,0,0,0,,
1278,0,0,0,,
1279,1,36,1,STAT_DEFPOW,DEF
1280,2,91,5,STAT_ITEMDROPRATEINCRATE,Aumento da Chance de Drop de Item
1281,2,85,2,STAT_NONBATTLE_HPRECOVERYRATE,Taxa de Recuperação de HP Fora de Combate
1282,0,0,0,,
1283,0,0,0,,
1284,0,0,0,,
1285,1,37,30,STAT_MAXHP,HP Máx.
1286,2,144,10,STAT_PARRYPENETATERATE,Ignorar Red. de Dano do Bloqueio de Arma
1287,2,35,2,STAT_ATKPOW,ATQ
1288,0,0,0,,
1289,0,0,0,,
1290,0,0,0,,
1291,1,144,10,STAT_PARRYPENETATERATE,Ignorar Red. de Dano do Bloqueio de Arma
1292,2,38,2,STAT_HITPOW,Precisão
1293,2,40,2,STAT_DODGEPOW,Evasão
1294,0,0,0,,
1295,0,0,0,,
1296,0,0,0,,
1297,1,37,30,STAT_MAXHP,HP Máx.
1298,2,147,1,STAT_FPUSEDEC,Redução de Consumo de FP
1299,2,85,2,STAT_NONBATTLE_HPRECOVERYRATE,Taxa de Recuperação de HP Fora de Combate
1300,0,0,0,,
1301,0,0,0,,
1302,0,0,0,,
1303,1,36,1,STAT_DEFPOW,DEF
1304,2,148,2,STAT_POTIONRECOVERYMAXVALUE,Contagem de Inj. de HP
1305,2,41,2,STAT_CRIHITPOW,Chance de Crítico
1306,0,0,0,,
1307,0,0,0,,
1308,0,0,0,,
1309,1,83,1,STAT_ACTIONSPEEDRATE,Velocidade de Conjuração
1310,2,91,10,STAT_ITEMDROPRATEINCRATE,Aumento da Chance de Drop de Item
1311,2,35,2,STAT_ATKPOW,ATQ
1312,1,144,20,STAT_PARRYPENETATERATE,Ignorar Red. de Dano do Bloqueio de Arma
1313,0,0,0,,
1314,1,91,15,STAT_ITEMDROPRATEINCRATE,Aumento da Chance de Drop de Item
1315,1,38,3,STAT_HITPOW,Precisão
1316,2,41,3,STAT_CRIHITPOW,Chance de Crítico
1317,2,33,3,STAT_WEAPONATKPOW,ATQ da Arma
1318,1,144,20,STAT_PARRYPENETATERATE,Ignorar Red. de Dano do Bloqueio de Arma
1319,0,0,0,,
1320,1,91,15,STAT_ITEMDROPRATEINCRATE,Aumento da Chance de Drop de Item
1321,1,38,3,STAT_HITPOW,Precisão
1322,2,41,3,STAT_CRIHITPOW,Chance de Crítico
1323,2,33,3,STAT_WEAPONATKPOW,ATQ da Arma
1324,1,144,20,STAT_PARRYPENETATERATE,Ignorar Red. de Dano do Bloqueio de Arma
1325,0,0,0,,
1326,1,91,15,STAT_ITEMDROPRATEINCRATE,Aumento da Chance de Drop de Item
1327,1,38,3,STAT_HITPOW,Precisão
1328,2,41,3,STAT_CRIHITPOW,Chance de Crítico
1329,2,33,3,STAT_WEAPONATKPOW,ATQ da Arma
1330,1,105,4,STAT_F_ADDDMG,Dano Fixo de Força
1331,1,102,4,STAT_DOUBLE,Taxa Acer. ATQ Máx.
1332,1,42,4,STAT_CRIRESPOW,Res. a Crítico
1333,1,41,4,STAT_CRIHITPOW,Chance de Crítico
1334,2,40,4,STAT_DODGEPOW,Evasão
1335,2,106,4,STAT_ADDDMG,Dano Fixo
1336,1,105,4,STAT_F_ADDDMG,Dano Fixo de Força
1337,1,102,4,STAT_DOUBLE,Taxa Acer. ATQ Máx.
1338,1,42,4,STAT_CRIRESPOW,Res. a Crítico
1339,1,41,4,STAT_CRIHITPOW,Chance de Crítico
1340,2,40,4,STAT_DODGEPOW,Evasão
1341,2,106,4,STAT_ADDDMG,Dano Fixo
1342,1,105,4,STAT_F_ADDDMG,Dano Fixo de Força
1343,1,102,4,STAT_DOUBLE,Taxa Acer. ATQ Máx.
1344,1,42,4,STAT_CRIRESPOW,Res. a Crítico
1345,1,41,4,STAT_CRIHITPOW,Chance de Crítico
1346,2,40,4,STAT_DODGEPOW,Evasão
1347,2,106,4,STAT_ADDDMG,Dano Fixo
1348,0,0,0,,
1349,0,0,0,,
1350,0,0,0,,
1351,0,0,0,,
1352,0,0,0,,
1353,0,0,0,,
1354,0,0,0,,
1355,0,0,0,,
1356,0,0,0,,
1357,0,0,0,,
1358,0,0,0,,
1359,0,0,0,,
1360,0,0,0,,
1361,0,0,0,,
1362,0,0,0,,
1363,0,0,0,,
1364,0,0,0,,
1365,0,0,0,,
1366,0,0,0,,
1367,0,0,0,,
1368,0,0,0,,
1369,0,0,0,,
1370,0,0,0,,
1371,0,0,0,,
1372,0,0,0,,
1373,0,0,0,,
1374,0,0,0,,
1375,0,0,0,,
1376,0,0,0,,
1377,0,0,0,,
1378,0,0,0,,
1379,0,0,0,,
1380,0,0,0,,
1381,0,0,0,,
1382,0,0,0,,
1383,0,0,0,,
1384,0,0,0,,
1385,0,0,0,,
1386,0,0,0,,
1387,0,0,0,,
1388,0,0,0,,
1389,0,0,0,,
1390,0,0,0,,
1391,0,0,0,,
1392,0,0,0,,
1393,0,0,0,,
1394,0,0,0,,
1395,0,0,0,,
1396,0,0,0,,
1397,0,0,0,,
1398,0,0,0,,
1399,0,0,0,,
1400,0,0,0,,
1401,0,0,0,,
1402,0,0,0,,
1403,0,0,0,,
1404,0,0,0,,
1405,0,0,0,,
1406,0,0,0,,
1407,0,0,0,,
1408,0,0,0,,
1409,0,0,0,,
1410,0,0,0,,
1411,0,0,0,,
1412,0,0,0,,
1413,0,0,0,,
1414,0,0,0,,
1415,0,0,0,,
1416,0,0,0,,
1417,0,0,0,,
1418,0,0,0,,
1419,0,0,0,,
1420,0,0,0,,
1421,0,0,0,,
1422,0,0,0,,
1423,0,0,0,,
1424,0,0,0,,
1425,0,0,0,,
1426,0,0,0,,
1427,0,0,0,,
1428,0,0,0,,
1429,0,0,0,,
1430,0,0,0,,
1431,1,24,3,STAT_F_CRIDMG,Dano Crít. FOR
1432,1,11,3,STAT_P_CRIDMG,Dano Crít. FÍS
1433,1,39,2,STAT_CRIDMG,Dano Crítico
1434,0,0,0,,
1435,2,160,3,STAT_F_DEFPIERCE,Penetração de DEF de Força
1436,2,33,1,STAT_WEAPONATKPOW,ATQ da Arma
1437,2,39,4,STAT_CRIDMG,Dano Crítico
1438,2,102,3,STAT_DOUBLE,Taxa Acer. ATQ Máx.
1439,2,106,1,STAT_ADDDMG,Dano Fixo
1440,0,0,0,,
1441,0,0,0,,
1442,0,0,0,,
1443,1,74,1,STAT_PARRYDMGDECRATE,Red. de Dano do Bloqueio de Arma
1444,1,76,1,STAT_IMPULSIVEPOW,ATQ de Impacto
1445,1,78,1,STAT_CUTTINGPOW,ATQ de Corte
1446,0,0,0,,
1447,2,161,3,STAT_SKILLDMGINC_SINGLE,Dano Fixo de Alvo Único
1448,2,104,2,STAT_P_ADDDMG,Dano Físico Fixo
1449,2,103,2,STAT_DOUBLERES,Res ATQ Máx.
1450,2,7,1,STAT_P_ATKPOW,ATQ Físico
1451,2,20,1,STAT_F_ATKPOW,ATQ de Força
1452,0,0,0,,
1453,0,0,0,,
1454,0,0,0,,
1455,1,105,1,STAT_F_ADDDMG,Dano Fixo de Força
1456,1,37,50,STAT_MAXHP,HP Máx.
1457,1,99,1,STAT_WEAPONATKRES,Res ATQ de Arma
1458,0,0,0,,
1459,2,67,50,STAT_CONRESRATE,Resistência a Debuff
1460,2,42,1,STAT_CRIRESPOW,Res. a Crítico
1461,2,124,50,STAT_KNOCKBACKHITRATE,Taxa de Acerto de Repulsão
1462,2,126,50,STAT_PULLHITRATE,Taxa de Acerto de Puxão
1463,2,96,3,STAT_MAXFPRATE,Aumento de FP Máx.
1464,1,150,2,STAT_STIFFTIMEDECRATE,Redução da Duração de Cambaleio
1465,1,85,1,STAT_NONBATTLE_HPRECOVERYRATE,Taxa de Recuperação de HP Fora de Combate
1466,1,149,2,STAT_STIFFRESRATE,Resistência a Cambaleio
1467,0,0,0,,
1468,2,147,2,STAT_FPUSEDEC,Redução de Consumo de FP
1469,2,159,2,STAT_P_DEFPIERCE,Penetração de DEF Física
1470,2,97,1,STAT_FPRECOVERY,Regen. de FP
1471,2,21,1,STAT_F_DEFPOW,DEF de Força
1472,2,8,1,STAT_P_DEFPOW,DEF Física
1473,1,147,2,STAT_FPUSEDEC,Redução de Consumo de FP
1474,1,10,2,STAT_P_CRIHITPOW,Taxa Crít. FÍS
1475,1,152,2,STAT_PVE_SUBDMG,Resistência a Dano Fixo PvE
1476,0,0,0,,
1477,2,105,1,STAT_F_ADDDMG,Dano Fixo de Força
1478,2,76,2,STAT_IMPULSIVEPOW,ATQ de Impacto
1479,2,74,2,STAT_PARRYDMGDECRATE,Red. de Dano do Bloqueio de Arma
1480,2,78,2,STAT_CUTTINGPOW,ATQ de Corte
1481,2,38,1,STAT_HITPOW,Precisão
1482,0,0,0,,
1483,0,0,0,,
1484,0,0,0,,
1485,1,22,1,STAT_F_HITPOW,Precisão de Força
1486,1,9,1,STAT_P_HITPOW,Precisão Física
1487,1,40,1,STAT_DODGEPOW,Evasão
1488,0,0,0,,
1489,0,0,0,,
1490,2,28,50,STAT_F_ACCEPTCRIDMGDECRATE,Red. de Dano Crít. FOR
1491,2,15,50,STAT_P_ACCEPTCRIDMGDECRATE,Red. de Dano Crít. FÍS
1492,0,0,0,,
1493,0,0,0,,
1494,0,0,0,,
1495,1,23,2,STAT_F_CRIHITPOW,Taxa Crít. FOR
1496,1,151,2,STAT_PVE_ADDDMG,Dano Fixo PvE
1497,1,161,2,STAT_SKILLDMGINC_SINGLE,Dano Fixo de Alvo Único
1498,0,0,0,,
1499,0,0,0,,
1500,2,156,1,STAT_F_CRIRESPOW,Res. Crít. FOR
1501,2,155,1,STAT_P_CRIRESPOW,Res. Crít. FÍS
1502,0,0,0,,
1503,0,0,0,,
1504,0,0,0,,
1505,1,9,1,STAT_P_HITPOW,Precisão Física
1506,1,22,1,STAT_F_HITPOW,Precisão de Força
1507,1,155,1,STAT_P_CRIRESPOW,Res. Crít. FÍS
1508,0,0,0,,
1509,2,132,50,STAT_SLEEPRESRATE,Resistência a Sono
1510,2,15,50,STAT_P_ACCEPTCRIDMGDECRATE,Red. de Dano Crít. FÍS
1511,2,28,50,STAT_F_ACCEPTCRIDMGDECRATE,Red. de Dano Crít. FOR
1512,0,0,0,,
1513,0,0,0,,
1514,0,0,0,,
1515,1,101,2,STAT_SKILL_DOUBLE,Taxa Acer. ATQ de Hab. MÁX
1516,1,100,2,STAT_NORMAL_DOUBLE,Taxa Acer. ATQ Nor. MÁX
1517,1,147,2,STAT_FPUSEDEC,Redução de Consumo de FP
1518,0,0,0,,
1519,2,41,1,STAT_CRIHITPOW,Chance de Crítico
1520,2,7,1,STAT_P_ATKPOW,ATQ Físico
1521,2,20,1,STAT_F_ATKPOW,ATQ de Força
1522,0,0,0,,
1523,0,0,0,,
1524,0,0,0,,
1525,1,11,2,STAT_P_CRIDMG,Dano Crít. FÍS
1526,1,24,2,STAT_F_CRIDMG,Dano Crít. FOR
1527,1,124,50,STAT_KNOCKBACKHITRATE,Taxa de Acerto de Repulsão
1528,0,0,0,,
1529,2,149,2,STAT_STIFFRESRATE,Resistência a Cambaleio
1530,2,22,2,STAT_F_HITPOW,Precisão de Força
1531,2,9,2,STAT_P_HITPOW,Precisão Física
1532,0,0,0,,
1533,0,0,0,,
1534,0,0,0,,
1535,1,76,2,STAT_IMPULSIVEPOW,ATQ de Impacto
1536,1,74,2,STAT_PARRYDMGDECRATE,Red. de Dano do Bloqueio de Arma
1537,1,78,2,STAT_CUTTINGPOW,ATQ de Corte
1538,0,0,0,,
1539,2,168,50,STAT_HEALINCRATE,Aumento de Rec. de Cura
1540,2,158,2,STAT_F_CRIRESPOWRATE,Aum. de Res Crít. FOR
1541,2,157,2,STAT_P_CRIRESPOWRATE,Aum. de Res Crít. FÍS
1542,0,0,0,,
1543,0,0,0,,
1544,0,0,0,,
1545,1,21,1,STAT_F_DEFPOW,DEF de Força
1546,1,8,1,STAT_P_DEFPOW,DEF Física
1547,1,99,1,STAT_WEAPONATKRES,Res ATQ de Arma
1548,0,0,0,,
1549,2,157,3,STAT_P_CRIRESPOWRATE,Aum. de Res Crít. FÍS
1550,2,20,1,STAT_F_ATKPOW,ATQ de Força
1551,2,7,1,STAT_P_ATKPOW,ATQ Físico
1552,0,0,0,,
1553,0,0,0,,
1554,0,0,0,,
1555,1,78,2,STAT_CUTTINGPOW,ATQ de Corte
1556,1,76,2,STAT_IMPULSIVEPOW,ATQ de Impacto
1557,1,74,2,STAT_PARRYDMGDECRATE,Red. de Dano do Bloqueio de Arma
1558,0,0,0,,
1559,2,162,2,STAT_SKILLDMGINC_MULTI,Dano Fixo em Área
1560,2,23,2,STAT_F_CRIHITPOW,Taxa Crít. FOR
1561,2,10,2,STAT_P_CRIHITPOW,Taxa Crít. FÍS
1562,0,0,0,,
1563,0,0,0,,
1564,0,0,0,,
1565,1,8,1,STAT_P_DEFPOW,DEF Física
1566,1,21,1,STAT_F_DEFPOW,DEF de Força
1567,1,38,1,STAT_HITPOW,Precisão
1568,0,0,0,,
1569,2,159,2,STAT_P_DEFPIERCE,Penetração de DEF Física
1570,2,104,2,STAT_P_ADDDMG,Dano Físico Fixo
1571,2,103,2,STAT_DOUBLERES,Res ATQ Máx.
1572,0,0,0,,
1573,0,0,0,,
1574,0,0,0,,
1575,1,20,1,STAT_F_ATKPOW,ATQ de Força
1576,1,7,1,STAT_P_ATKPOW,ATQ Físico
1577,1,162,2,STAT_SKILLDMGINC_MULTI,Dano Fixo em Área
1578,0,0,0,,
1579,2,36,1,STAT_DEFPOW,DEF
1580,2,100,2,STAT_NORMAL_DOUBLE,Taxa Acer. ATQ Nor. MÁX
1581,2,101,2,STAT_SKILL_DOUBLE,Taxa Acer. ATQ de Hab. MÁX
1582,0,0,0,,
1583,0,0,0,,
1584,0,0,0,,
1585,1,100,2,STAT_NORMAL_DOUBLE,Taxa Acer. ATQ Nor. MÁX
1586,1,101,2,STAT_SKILL_DOUBLE,Taxa Acer. ATQ de Hab. MÁX
1587,1,66,50,STAT_CONHITRATE,Taxa de Acerto de Debuff
1588,0,0,0,,
1589,2,35,1,STAT_ATKPOW,ATQ
1590,2,149,4,STAT_STIFFRESRATE,Resistência a Cambaleio
1591,2,148,4,STAT_POTIONRECOVERYMAXVALUE,Contagem de Inj. de HP
1592,0,0,0,,
1593,0,0,0,,
1594,0,0,0,,
1595,1,159,2,STAT_P_DEFPIERCE,Penetração de DEF Física
1596,1,152,1,STAT_PVE_SUBDMG,Resistência a Dano Fixo PvE
1597,1,151,1,STAT_PVE_ADDDMG,Dano Fixo PvE
1598,0,0,0,,
1599,2,93,2,STAT_GIVECRIDMGINCRATE,Dano Crít.
1600,2,28,50,STAT_F_ACCEPTCRIDMGDECRATE,Red. de Dano Crít. FOR
1601,2,15,50,STAT_P_ACCEPTCRIDMGDECRATE,Red. de Dano Crít. FÍS
1602,0,0,0,,
1603,0,0,0,,
1604,0,0,0,,
1605,0,0,0,,
1606,0,0,0,,
1607,0,0,0,,
1608,2,100,3,STAT_NORMAL_DOUBLE,Taxa Acer. ATQ Nor. MÁX
1609,2,23,2,STAT_F_CRIHITPOW,Taxa Crít. FOR
1610,2,9,2,STAT_P_HITPOW,Precisão Física
1611,2,22,2,STAT_F_HITPOW,Precisão de Força
1612,0,0,0,,
1613,0,0,0,,
1614,0,0,0,,
1615,0,0,0,,
1616,0,0,0,,
1617,0,0,0,,
1618,2,149,3,STAT_STIFFRESRATE,Resistência a Cambaleio
1619,2,101,3,STAT_SKILL_DOUBLE,Taxa Acer. ATQ de Hab. MÁX
1620,2,37,210,STAT_MAXHP,HP Máx.
1621,2,7,2,STAT_P_ATKPOW,ATQ Físico
1622,0,0,0,,
1623,0,0,0,,
1624,0,0,0,,
1625,0,0,0,,
1626,0,0,0,,
1627,0,0,0,,
1628,2,20,2,STAT_F_ATKPOW,ATQ de Força
1629,2,74,2,STAT_PARRYDMGDECRATE,Red. de Dano do Bloqueio de Arma
1630,2,76,2,STAT_IMPULSIVEPOW,ATQ de Impacto
1631,2,78,2,STAT_CUTTINGPOW,ATQ de Corte
1632,0,0,0,,
1633,0,0,0,,
1634,0,0,0,,
1635,0,0,0,,
1636,0,0,0,,
1637,0,0,0,,
1638,2,120,50,STAT_PROVOCATIONHITRATE,Taxa de Acerto de Provocação
1639,2,155,2,STAT_P_CRIRESPOW,Res. Crít. FÍS
1640,2,10,3,STAT_P_CRIHITPOW,Taxa Crít. FÍS
1641,2,38,2,STAT_HITPOW,Precisão
1642,0,0,0,,
1643,0,0,0,,
1644,0,0,0,,
1645,0,0,0,,
1646,0,0,0,,
1647,2,11,4,STAT_P_CRIDMG,Dano Crít. FÍS
1648,2,151,3,STAT_PVE_ADDDMG,Dano Fixo PvE
1649,2,100,5,STAT_NORMAL_DOUBLE,Taxa Acer. ATQ Nor. MÁX
1650,2,7,2,STAT_P_ATKPOW,ATQ Físico
1651,2,93,2,STAT_GIVECRIDMGINCRATE,Dano Crít.
1652,0,0,0,,
1653,0,0,0,,
1654,0,0,0,,
1655,0,0,0,,
1656,0,0,0,,
1657,0,0,0,,
1658,2,149,6,STAT_STIFFRESRATE,Resistência a Cambaleio
1659,2,102,8,STAT_DOUBLE,Taxa Acer. ATQ Máx.
1660,2,38,2,STAT_HITPOW,Precisão
1661,2,40,3,STAT_DODGEPOW,Evasão
1662,0,0,0,,
1663,0,0,0,,
1664,0,0,0,,
1665,0,0,0,,
1666,0,0,0,,
1667,0,0,0,,
1668,2,104,3,STAT_P_ADDDMG,Dano Físico Fixo
1669,2,156,2,STAT_F_CRIRESPOW,Res. Crít. FOR
1670,2,23,3,STAT_F_CRIHITPOW,Taxa Crít. FOR
1671,2,103,3,STAT_DOUBLERES,Res ATQ Máx.
1672,0,0,0,,
1673,0,0,0,,
1674,0,0,0,,
1675,0,0,0,,
1676,0,0,0,,
1677,2,24,4,STAT_F_CRIDMG,Dano Crít. FOR
1678,2,152,3,STAT_PVE_SUBDMG,Resistência a Dano Fixo PvE
1679,2,101,5,STAT_SKILL_DOUBLE,Taxa Acer. ATQ de Hab. MÁX
1680,2,20,2,STAT_F_ATKPOW,ATQ de Força
1681,2,39,6,STAT_CRIDMG,Dano Crítico
1682,0,0,0,,
1683,0,0,0,,
1684,0,0,0,,
1685,0,0,0,,
1686,0,0,0,,
1687,0,0,0,,
1688,2,103,3,STAT_DOUBLERES,Res ATQ Máx.
1689,2,21,2,STAT_F_DEFPOW,DEF de Força
1690,2,37,120,STAT_MAXHP,HP Máx.
1691,2,22,3,STAT_F_HITPOW,Precisão de Força
1692,0,0,0,,
1693,0,0,0,,
1694,0,0,0,,
1695,0,0,0,,
1696,0,0,0,,
1697,0,0,0,,
1698,2,104,3,STAT_P_ADDDMG,Dano Físico Fixo
1699,2,8,2,STAT_P_DEFPOW,DEF Física
1700,2,9,3,STAT_P_HITPOW,Precisão Física
1701,2,150,3,STAT_STIFFTIMEDECRATE,Redução da Duração de Cambaleio
1702,0,0,0,,
1703,0,0,0,,
1704,0,0,0,,
1705,0,0,0,,
1706,1,100,2,STAT_NORMAL_DOUBLE,Taxa Acer. ATQ Nor. MÁX
1707,0,0,0,,
1708,2,9,2,STAT_P_HITPOW,Precisão Física
1709,2,8,2,STAT_P_DEFPOW,DEF Física
1710,2,7,2,STAT_P_ATKPOW,ATQ Físico
1711,0,0,0,,
1712,0,0,0,,
1713,0,0,0,,
1714,0,0,0,,
1715,0,0,0,,
1716,0,0,0,,
1717,1,38,1,STAT_HITPOW,Precisão
1718,0,0,0,,
1719,2,98,2,STAT_HANGARREUSEDECRATE,Redução de Recarga do Hangar
1720,2,105,3,STAT_F_ADDDMG,Dano Fixo de Força
1721,2,95,2,STAT_MAXFP,FP Máx.
1722,0,0,0,,
1723,0,0,0,,
1724,0,0,0,,
1725,0,0,0,,
1726,1,101,2,STAT_SKILL_DOUBLE,Taxa Acer. ATQ de Hab. MÁX
1727,1,22,2,STAT_F_HITPOW,Precisão de Força
1728,0,0,0,,
1729,2,21,2,STAT_F_DEFPOW,DEF de Força
1730,2,20,2,STAT_F_ATKPOW,ATQ de Força
1731,2,39,4,STAT_CRIDMG,Dano Crítico
1732,0,0,0,,
1733,0,0,0,,
1734,0,0,0,,
1735,0,0,0,,
1736,1,40,1,STAT_DODGEPOW,Evasão
1737,0,0,0,,
1738,2,37,80,STAT_MAXHP,HP Máx.
1739,2,42,2,STAT_CRIRESPOW,Res. a Crítico
1740,2,95,2,STAT_MAXFP,FP Máx.
1741,2,38,2,STAT_HITPOW,Precisão
1742,0,0,0,,
1743,0,0,0,,
1744,0,0,0,,
1745,0,0,0,,
1746,0,0,0,,
1747,1,76,2,STAT_IMPULSIVEPOW,ATQ de Impacto
1748,0,0,0,,
1749,2,99,2,STAT_WEAPONATKRES,Res ATQ de Arma
1750,2,78,2,STAT_CUTTINGPOW,ATQ de Corte
1751,2,74,2,STAT_PARRYDMGDECRATE,Red. de Dano do Bloqueio de Arma
1752,0,0,0,,
1753,0,0,0,,
1754,0,0,0,,
1755,0,0,0,,
1756,1,159,2,STAT_P_DEFPIERCE,Penetração de DEF Física
1757,1,77,2,STAT_CUTTINGRES,DEF de Corte
1758,0,0,0,,
1759,2,40,2,STAT_DODGEPOW,Evasão
1760,2,38,2,STAT_HITPOW,Precisão
1761,2,95,2,STAT_MAXFP,FP Máx.
1762,0,0,0,,
1763,0,0,0,,
1764,0,0,0,,
1765,0,0,0,,
1766,1,85,2,STAT_NONBATTLE_HPRECOVERYRATE,Taxa de Recuperação de HP Fora de Combate
1767,0,0,0,,
1768,2,150,3,STAT_STIFFTIMEDECRATE,Redução da Duração de Cambaleio
1769,2,97,2,STAT_FPRECOVERY,Regen. de FP
1770,2,39,3,STAT_CRIDMG,Dano Crítico
1771,2,36,1,STAT_DEFPOW,DEF
1772,0,0,0,,
1773,0,0,0,,
1774,0,0,0,,
1775,0,0,0,,
1776,0,0,0,,
1777,1,152,2,STAT_PVE_SUBDMG,Resistência a Dano Fixo PvE
1778,0,0,0,,
1779,2,21,1,STAT_F_DEFPOW,DEF de Força
1780,2,23,2,STAT_F_CRIHITPOW,Taxa Crít. FOR
1781,2,155,2,STAT_P_CRIRESPOW,Res. Crít. FÍS
1782,0,0,0,,
1783,0,0,0,,
1784,0,0,0,,
1785,0,0,0,,
1786,1,105,3,STAT_F_ADDDMG,Dano Fixo de Força
1787,1,151,2,STAT_PVE_ADDDMG,Dano Fixo PvE
1788,0,0,0,,
1789,2,10,2,STAT_P_CRIHITPOW,Taxa Crít. FÍS
1790,2,8,1,STAT_P_DEFPOW,DEF Física
1791,2,156,2,STAT_F_CRIRESPOW,Res. Crít. FOR
1792,0,0,0,,
1793,0,0,0,,
1794,0,0,0,,
1795,0,0,0,,
1796,0,0,0,,
1797,0,0,0,,
1798,0,0,0,,
1799,0,0,0,,
1800,2,147,4,STAT_FPUSEDEC,Redução de Consumo de FP
1801,2,162,8,STAT_SKILLDMGINC_MULTI,Dano Fixo em Área
1802,0,0,0,,
1803,0,0,0,,
1804,0,0,0,,
1805,0,0,0,,
1806,0,0,0,,
1807,0,0,0,,
1808,2,105,6,STAT_F_ADDDMG,Dano Fixo de Força
1809,2,38,3,STAT_HITPOW,Precisão
1810,2,37,210,STAT_MAXHP,HP Máx.
1811,2,177,3,STAT_UG_HACKINGRESRATE,Resistência a Hackeamento
1812,0,0,0,,
1813,0,0,0,,
1814,0,0,0,,
1815,0,0,0,,
1816,0,0,0,,
1817,0,0,0,,
1818,0,0,0,,
1819,0,0,0,,
1820,2,8,2,STAT_P_DEFPOW,DEF Física
1821,2,7,2,STAT_P_ATKPOW,ATQ Físico
1822,0,0,0,,
1823,2,107,2,STAT_P_SUBDMG,Resistência a Dano Físico Fixo
1824,2,151,3,STAT_PVE_ADDDMG,Dano Fixo PvE
1825,2,9,3,STAT_P_HITPOW,Precisão Física
1826,2,10,3,STAT_P_CRIHITPOW,Taxa Crít. FÍS
1827,0,0,0,,
1828,0,0,0,,
1829,0,0,0,,
1830,0,0,0,,
1831,0,0,0,,
1832,0,0,0,,
1833,0,0,0,,
1834,0,0,0,,
1835,2,21,2,STAT_F_DEFPOW,DEF de Força
1836,2,20,2,STAT_F_ATKPOW,ATQ de Força
1837,0,0,0,,
1838,2,108,2,STAT_F_SUBDMG,Res. Dano Força Fixo
1839,2,152,3,STAT_PVE_SUBDMG,Resistência a Dano Fixo PvE
1840,2,22,3,STAT_F_HITPOW,Precisão de Força
1841,2,23,3,STAT_F_CRIHITPOW,Taxa Crít. FOR
1842,0,0,0,,
1843,0,0,0,,
1844,0,0,0,,
1845,0,0,0,,
1846,0,0,0,,
1847,0,0,0,,
1848,0,0,0,,
1849,0,0,0,,
1850,2,76,1,STAT_IMPULSIVEPOW,ATQ de Impacto
1851,2,78,1,STAT_CUTTINGPOW,ATQ de Corte
1852,0,0,0,,
1853,2,76,1,STAT_IMPULSIVEPOW,ATQ de Impacto
1854,2,150,8,STAT_STIFFTIMEDECRATE,Redução da Duração de Cambaleio
1855,2,39,8,STAT_CRIDMG,Dano Crítico
1856,2,85,3,STAT_NONBATTLE_HPRECOVERYRATE,Taxa de Recuperação de HP Fora de Combate
1857,0,0,0,,
1858,0,0,0,,
1859,0,0,0,,
1860,0,0,0,,
1861,0,0,0,,
1862,0,0,0,,
1863,0,0,0,,
1864,0,0,0,,
1865,2,159,4,STAT_P_DEFPIERCE,Penetração de DEF Física
1866,2,178,2,STAT_UG_RESTRICTIONHITRATE,Taxa de Acerto de Restrição
1867,0,0,0,,
1868,2,177,2,STAT_UG_HACKINGRESRATE,Resistência a Hackeamento
1869,2,8,2,STAT_P_DEFPOW,DEF Física
1870,2,152,3,STAT_PVE_SUBDMG,Resistência a Dano Fixo PvE
1871,2,97,3,STAT_FPRECOVERY,Regen. de FP
1872,0,0,0,,
1873,0,0,0,,
1874,0,0,0,,
1875,0,0,0,,
1876,0,0,0,,
1877,0,0,0,,
1878,0,0,0,,
1879,0,0,0,,
1880,2,162,4,STAT_SKILLDMGINC_MULTI,Dano Fixo em Área
1881,2,85,3,STAT_NONBATTLE_HPRECOVERYRATE,Taxa de Recuperação de HP Fora de Combate
1882,0,0,0,,
1883,2,37,80,STAT_MAXHP,HP Máx.
1884,2,21,2,STAT_F_DEFPOW,DEF de Força
1885,2,151,3,STAT_PVE_ADDDMG,Dano Fixo PvE
1886,2,96,3,STAT_MAXFPRATE,Aumento de FP Máx.
1887,0,0,0,,
1888,0,0,0,,
1889,0,0,0,,
1890,0,0,0,,
1891,0,0,0,,
1892,0,0,0,,
1893,0,0,0,,
1894,0,0,0,,
1895,2,102,2,STAT_DOUBLE,Taxa Acer. ATQ Máx.
1896,2,21,2,STAT_F_DEFPOW,DEF de Força
1897,0,0,0,,
1898,2,8,2,STAT_P_DEFPOW,DEF Física
1899,2,40,1,STAT_DODGEPOW,Evasão
1900,2,38,1,STAT_HITPOW,Precisão
1901,2,66,50,STAT_CONHITRATE,Taxa de Acerto de Debuff
1902,0,0,0,,
1903,0,0,0,,
1904,0,0,0,,
1905,0,0,0,,
1906,0,0,0,,
1907,0,0,0,,
1908,0,0,0,,
1909,0,0,0,,
1910,2,147,4,STAT_FPUSEDEC,Redução de Consumo de FP
1911,2,107,2,STAT_P_SUBDMG,Resistência a Dano Físico Fixo
1912,0,0,0,,
1913,2,108,2,STAT_F_SUBDMG,Res. Dano Força Fixo
1914,2,83,1,STAT_ACTIONSPEEDRATE,Velocidade de Conjuração
1915,2,95,1,STAT_MAXFP,FP Máx.
1916,2,85,4,STAT_NONBATTLE_HPRECOVERYRATE,Taxa de Recuperação de HP Fora de Combate
1917,0,0,0,,
1918,0,0,0,,
1919,0,0,0,,
1920,0,0,0,,
1921,0,0,0,,
1922,0,0,0,,
1923,2,147,4,STAT_FPUSEDEC,Redução de Consumo de FP
1924,2,148,4,STAT_POTIONRECOVERYMAXVALUE,Contagem de Inj. de HP
1925,2,76,1,STAT_IMPULSIVEPOW,ATQ de Impacto
1926,2,79,1,STAT_PIERCINGRES,DEF Penetr.
1927,0,0,0,,
1928,2,148,4,STAT_POTIONRECOVERYMAXVALUE,Contagem de Inj. de HP
1929,2,149,4,STAT_STIFFRESRATE,Resistência a Cambaleio
1930,2,24,6,STAT_F_CRIDMG,Dano Crít. FOR
1931,2,20,2,STAT_F_ATKPOW,ATQ de Força
1932,0,0,0,,
1933,0,0,0,,
1934,0,0,0,,
1935,0,0,0,,
1936,0,0,0,,
1937,0,0,0,,
1938,0,0,0,,
1939,0,0,0,,
1940,2,74,1,STAT_PARRYDMGDECRATE,Red. de Dano do Bloqueio de Arma
1941,2,77,1,STAT_CUTTINGRES,DEF de Corte
1942,0,0,0,,
1943,2,155,1,STAT_P_CRIRESPOW,Res. Crít. FÍS
1944,2,21,2,STAT_F_DEFPOW,DEF de Força
1945,2,11,6,STAT_P_CRIDMG,Dano Crít. FÍS
1946,2,7,2,STAT_P_ATKPOW,ATQ Físico
1947,0,0,0,,
1948,0,0,0,,
1949,0,0,0,,
1950,0,0,0,,
1951,0,0,0,,
1952,0,0,0,,
1953,0,0,0,,
1954,0,0,0,,
1955,2,78,1,STAT_CUTTINGPOW,ATQ de Corte
1956,2,75,1,STAT_IMPULSIVERES,DEF de Impacto
1957,0,0,0,,
1958,2,156,1,STAT_F_CRIRESPOW,Res. Crít. FOR
1959,2,8,2,STAT_P_DEFPOW,DEF Física
1960,2,99,2,STAT_WEAPONATKRES,Res ATQ de Arma
1961,2,10,2,STAT_P_CRIHITPOW,Taxa Crít. FÍS
1962,0,0,0,,
1963,0,0,0,,
1964,0,0,0,,
1965,0,0,0,,
1966,0,0,0,,
1967,0,0,0,,
1968,0,0,0,,
1969,0,0,0,,
1970,2,51,100,STAT_SKILLDMGDECRATE_SINGLE,Red. de Dano Alvo Úni.
1971,2,52,100,STAT_SKILLDMGINCRATE_MULTI,Aum. de Dano em Área
1972,0,0,0,,
1973,2,108,2,STAT_F_SUBDMG,Res. Dano Força Fixo
1974,2,7,2,STAT_P_ATKPOW,ATQ Físico
1975,2,105,4,STAT_F_ADDDMG,Dano Fixo de Força
1976,2,23,2,STAT_F_CRIHITPOW,Taxa Crít. FOR
1977,0,0,0,,
1978,0,0,0,,
1979,0,0,0,,
1980,0,0,0,,
1981,0,0,0,,
1982,0,0,0,,
1983,0,0,0,,
1984,0,0,0,,
1985,2,164,100,STAT_SKILLDMGDEC_SINGLE,Resistência a Dano Fixo de Hab. de Alvo Único
1986,2,122,100,STAT_BLINDHITRATE,Taxa de Acerto de Cegueira
1987,0,0,0,,
1988,2,107,2,STAT_P_SUBDMG,Resistência a Dano Físico Fixo
1989,2,20,2,STAT_F_ATKPOW,ATQ de Força
1990,2,102,4,STAT_DOUBLE,Taxa Acer. ATQ Máx.
1991,2,112,200,STAT_F_DODGEPOW,Evasão de Força
2000,0,0,0,,
2001,0,0,0,,
2002,1,102,2,STAT_DOUBLE,Taxa Acer. ATQ Máx.
2003,1,105,2,STAT_F_ADDDMG,Dano Fixo de Força
2004,0,0,0,,
2005,0,0,0,,
2006,0,0,0,,
2007,2,147,2,STAT_FPUSEDEC,Redução de Consumo de FP
2008,1,93,1,STAT_GIVECRIDMGINCRATE,Dano Crít.
2009,1,148,2,STAT_POTIONRECOVERYMAXVALUE,Contagem de Inj. de HP
2010,0,0,0,,
2011,0,0,0,,
2012,0,0,0,,
2013,0,0,0,,
2014,0,0,0,,
2015,2,42,2,STAT_CRIRESPOW,Res. a Crítico
2016,1,105,2,STAT_F_ADDDMG,Dano Fixo de Força
2017,1,35,2,STAT_ATKPOW,ATQ
2018,1,41,2,STAT_CRIHITPOW,Chance de Crítico
2019,0,0,0,,
2020,2,90,200,STAT_EXPDROPINCRATE,Ganho de EXP
2021,0,0,0,,
2022,2,33,2,STAT_WEAPONATKPOW,ATQ da Arma
2023,2,150,2,STAT_STIFFTIMEDECRATE,Redução da Duração de Cambaleio
2024,1,37,60,STAT_MAXHP,HP Máx.
2025,1,36,2,STAT_DEFPOW,DEF
2026,0,0,0,,
2027,1,39,2,STAT_CRIDMG,Dano Crítico
2028,0,0,0,,
2029,2,106,2,STAT_ADDDMG,Dano Fixo
2030,2,91,10,STAT_ITEMDROPRATEINCRATE,Aumento da Chance de Drop de Item
2031,2,38,2,STAT_HITPOW,Precisão
2032,1,38,2,STAT_HITPOW,Precisão
2033,1,37,60,STAT_MAXHP,HP Máx.
2034,1,83,1,STAT_ACTIONSPEEDRATE,Velocidade de Conjuração
2035,1,162,2,STAT_SKILLDMGINC_MULTI,Dano Fixo em Área
2036,0,0,0,,
2037,0,0,0,,
2038,2,35,3,STAT_ATKPOW,ATQ
2039,2,37,90,STAT_MAXHP,HP Máx.
2040,1,39,2,STAT_CRIDMG,Dano Crítico
2041,1,58,50,STAT_SKILLREUSEDECRATE_ALL,Red. de Tempo Rec. de Hab.
2042,0,0,0,,
2043,0,0,0,,
2044,2,148,3,STAT_POTIONRECOVERYMAXVALUE,Contagem de Inj. de HP
2045,2,39,2,STAT_CRIDMG,Dano Crítico
2046,2,33,3,STAT_WEAPONATKPOW,ATQ da Arma
2047,0,0,0,,
2048,0,0,0,,
2049,0,0,0,,
2050,0,0,0,,
2051,0,0,0,,
2052,2,99,2,STAT_WEAPONATKRES,Res ATQ de Arma
2053,2,104,2,STAT_P_ADDDMG,Dano Físico Fixo
2054,2,103,2,STAT_DOUBLERES,Res ATQ Máx.
2055,2,78,2,STAT_CUTTINGPOW,ATQ de Corte
2056,2,74,2,STAT_PARRYDMGDECRATE,Red. de Dano do Bloqueio de Arma
2057,2,76,2,STAT_IMPULSIVEPOW,ATQ de Impacto
2058,2,151,3,STAT_PVE_ADDDMG,Dano Fixo PvE
2059,2,152,3,STAT_PVE_SUBDMG,Resistência a Dano Fixo PvE
2060,0,0,0,,
2061,0,0,0,,
2062,0,0,0,,
2063,0,0,0,,
2064,0,0,0,,
2065,0,0,0,,
2066,0,0,0,,
2067,0,0,0,,
2068,2,151,2,STAT_PVE_ADDDMG,Dano Fixo PvE
2069,2,152,2,STAT_PVE_SUBDMG,Resistência a Dano Fixo PvE
2070,2,22,2,STAT_F_HITPOW,Precisão de Força
2071,2,9,2,STAT_P_HITPOW,Precisão Física
2072,0,0,0,,
2073,0,0,0,,
2074,0,0,0,,
2075,0,0,0,,
2076,0,0,0,,
2077,0,0,0,,
2078,0,0,0,,
2079,0,0,0,,
2080,2,98,2,STAT_HANGARREUSEDECRATE,Redução de Recarga do Hangar
2081,2,102,4,STAT_DOUBLE,Taxa Acer. ATQ Máx.
2082,2,126,100,STAT_PULLHITRATE,Taxa de Acerto de Puxão
2083,2,42,1,STAT_CRIRESPOW,Res. a Crítico
3001,0,0,0,,
3002,0,0,0,,
3003,0,0,0,,
3004,0,0,0,,
3005,0,0,0,,
3006,0,0,0,,
3007,0,0,0,,
3008,0,0,0,,
3009,2,51,100,STAT_SKILLDMGDECRATE_SINGLE,Red. de Dano Alvo Úni.
3010,0,148,3,STAT_POTIONRECOVERYMAXVALUE,Contagem de Inj. de HP
3011,0,0,0,,
3012,2,159,4,STAT_P_DEFPIERCE,Penetração de DEF Física
3013,2,50,100,STAT_SKILLDMGINCRATE_SINGLE,Aum. de Dano Alvo Úni.
3014,2,52,100,STAT_SKILLDMGINCRATE_MULTI,Aum. de Dano em Área
3015,2,42,2,STAT_CRIRESPOW,Res. a Crítico
3016,2,40,2,STAT_DODGEPOW,Evasão
3017,2,90,100,STAT_EXPDROPINCRATE,Ganho de EXP
3018,2,41,1,STAT_CRIHITPOW,Chance de Crítico
3019,2,83,2,STAT_ACTIONSPEEDRATE,Velocidade de Conjuração
3020,2,42,2,STAT_CRIRESPOW,Res. a Crítico
3021,0,0,0,,
3022,0,0,0,,
3023,0,0,0,,
3024,0,0,0,,
3025,0,0,0,,
3026,0,0,0,,
3027,0,0,0,,
3028,0,0,0,,
3029,0,0,0,,
3030,0,0,0,,
3031,0,0,0,,
3032,0,0,0,,
3033,0,0,0,,
3034,0,0,0,,
3035,0,0,0,,
3036,0,0,0,,
3037,0,0,0,,
3038,0,0,0,,
3039,0,0,0,,
3040,2,107,2,STAT_P_SUBDMG,Resistência a Dano Físico Fixo
3041,2,7,1,STAT_P_ATKPOW,ATQ Físico
3042,2,9,2,STAT_P_HITPOW,Precisão Física
3043,2,11,4,STAT_P_CRIDMG,Dano Crít. FÍS
3044,2,36,1,STAT_DEFPOW,DEF
3045,2,177,1,STAT_UG_HACKINGRESRATE,Resistência a Hackeamento
3046,0,0,0,,
3047,0,0,0,,
3048,0,0,0,,
3049,0,0,0,,
3050,0,0,0,,
3051,0,0,0,,
3052,0,0,0,,
3053,0,0,0,,
3054,2,99,4,STAT_WEAPONATKRES,Res ATQ de Arma
3055,2,42,3,STAT_CRIRESPOW,Res. a Crítico
3056,0,0,0,,
3057,2,40,2,STAT_DODGEPOW,Evasão
3058,2,83,3,STAT_ACTIONSPEEDRATE,Velocidade de Conjuração
3059,2,38,2,STAT_HITPOW,Precisão
3060,2,37,240,STAT_MAXHP,HP Máx.
3061,0,0,0,,
3062,0,0,0,,
3063,0,0,0,,
3064,0,0,0,,
3065,0,0,0,,
3066,0,0,0,,
3067,0,0,0,,
3068,0,0,0,,
3069,0,0,0,,
3070,2,108,2,STAT_F_SUBDMG,Res. Dano Força Fixo
3071,2,21,2,STAT_F_DEFPOW,DEF de Força
3072,2,22,2,STAT_F_HITPOW,Precisão de Força
3073,2,24,4,STAT_F_CRIDMG,Dano Crít. FOR
3074,2,36,1,STAT_DEFPOW,DEF
3075,2,23,1,STAT_F_CRIHITPOW,Taxa Crít. FOR
3076,2,152,2,STAT_PVE_SUBDMG,Resistência a Dano Fixo PvE
3077,2,177,1,STAT_UG_HACKINGRESRATE,Resistência a Hackeamento
3078,2,178,1,STAT_UG_RESTRICTIONHITRATE,Taxa de Acerto de Restrição
3079,2,40,2,STAT_DODGEPOW,Evasão
3080,2,20,2,STAT_F_ATKPOW,ATQ de Força
3081,0,0,0,,
3082,0,0,0,,
3083,0,0,0,,
3084,0,0,0,,
3085,0,0,0,,
3086,0,0,0,,
3087,0,0,0,,
3088,0,0,0,,
3089,0,0,0,,
3090,2,105,6,STAT_F_ADDDMG,Dano Fixo de Força
3091,2,102,6,STAT_DOUBLE,Taxa Acer. ATQ Máx.
3092,2,8,1,STAT_P_DEFPOW,DEF Física
3093,2,162,8,STAT_SKILLDMGINC_MULTI,Dano Fixo em Área
3094,2,159,8,STAT_P_DEFPIERCE,Penetração de DEF Física
3095,2,7,1,STAT_P_ATKPOW,ATQ Físico
3096,2,155,2,STAT_P_CRIRESPOW,Res. Crít. FÍS
3097,2,40,2,STAT_DODGEPOW,Evasão
3098,2,83,2,STAT_ACTIONSPEEDRATE,Velocidade de Conjuração
3099,2,38,2,STAT_HITPOW,Precisão
3100,2,37,150,STAT_MAXHP,HP Máx.
3101,0,0,0,,
3102,0,0,0,,
3103,0,0,0,,
3104,0,0,0,,
3105,0,0,0,,
3106,0,0,0,,
3107,0,0,0,,
3108,0,0,0,,
3109,0,0,0,,
3110,0,0,0,,
3111,0,0,0,,
3112,0,0,0,,
3113,0,0,0,,
3114,0,0,0,,
3115,2,67,100,STAT_CONRESRATE,Resistência a Debuff
3116,2,99,2,STAT_WEAPONATKRES,Res ATQ de Arma
3117,2,35,1,STAT_ATKPOW,ATQ
3118,2,66,100,STAT_CONHITRATE,Taxa de Acerto de Debuff
3119,2,98,2,STAT_HANGARREUSEDECRATE,Redução de Recarga do Hangar
3120,2,37,150,STAT_MAXHP,HP Máx.
3121,0,0,0,,
3122,0,0,0,,
3123,0,0,0,,
3124,0,0,0,,
3125,0,0,0,,
3126,0,0,0,,
3127,0,0,0,,
3128,2,40,1,STAT_DODGEPOW,Evasão
3129,2,102,4,STAT_DOUBLE,Taxa Acer. ATQ Máx.
3130,2,90,100,STAT_EXPDROPINCRATE,Ganho de EXP
3131,0,0,0,,
3132,0,0,0,,
3133,0,0,0,,
3134,0,0,0,,
3135,0,0,0,,
3136,0,0,0,,
3137,0,0,0,,
3138,0,0,0,,
3139,0,0,0,,
3140,0,0,0,,
3141,0,0,0,,
3142,2,74,3,STAT_PARRYDMGDECRATE,Red. de Dano do Bloqueio de Arma
3143,2,78,3,STAT_CUTTINGPOW,ATQ de Corte
3144,2,76,3,STAT_IMPULSIVEPOW,ATQ de Impacto
3145,2,126,200,STAT_PULLHITRATE,Taxa de Acerto de Puxão
3146,2,99,2,STAT_WEAPONATKRES,Res ATQ de Arma
3147,2,83,2,STAT_ACTIONSPEEDRATE,Velocidade de Conjuração
3148,2,37,210,STAT_MAXHP,HP Máx.
3149,2,115,200,STAT_SKILLDMGINCRATE_ALL,Aum. de Dano de Hab.
3150,2,38,2,STAT_HITPOW,Precisão
3151,0,0,0,,
3152,0,0,0,,
3153,0,0,0,,
3154,0,0,0,,
3155,0,0,0,,
3156,0,0,0,,
3157,0,0,0,,
3158,0,0,0,,
3159,0,0,0,,
3160,0,0,0,,
3161,0,0,0,,
3162,2,77,3,STAT_CUTTINGRES,DEF de Corte
3163,2,75,3,STAT_IMPULSIVERES,DEF de Impacto
3164,2,79,3,STAT_PIERCINGRES,DEF Penetr.
3165,2,37,180,STAT_MAXHP,HP Máx.
3166,2,83,3,STAT_ACTIONSPEEDRATE,Velocidade de Conjuração
3167,2,36,2,STAT_DEFPOW,DEF
3168,2,42,2,STAT_CRIRESPOW,Res. a Crítico
3169,2,35,2,STAT_ATKPOW,ATQ
3170,2,41,2,STAT_CRIHITPOW,Chance de Crítico
3171,0,0,0,,
3172,0,0,0,,
3173,0,0,0,,
3174,0,0,0,,
3175,0,0,0,,
3176,0,0,0,,
3177,0,0,0,,
3178,0,0,0,,
3179,2,37,150,STAT_MAXHP,HP Máx.
3180,2,102,10,STAT_DOUBLE,Taxa Acer. ATQ Máx.
3181,2,105,10,STAT_F_ADDDMG,Dano Fixo de Força
3182,2,67,200,STAT_CONRESRATE,Resistência a Debuff
3183,2,66,200,STAT_CONHITRATE,Taxa de Acerto de Debuff
3184,2,177,5,STAT_UG_HACKINGRESRATE,Resistência a Hackeamento
3185,2,178,5,STAT_UG_RESTRICTIONHITRATE,Taxa de Acerto de Restrição
3186,0,0,0,,
3187,0,0,0,,
3188,0,0,0,,
3189,0,0,0,,
3190,0,0,0,,
3191,0,0,0,,
3192,0,0,0,,
3193,0,0,0,,
3194,2,148,8,STAT_POTIONRECOVERYMAXVALUE,Contagem de Inj. de HP
3195,2,22,2,STAT_F_HITPOW,Precisão de Força
3196,2,162,8,STAT_SKILLDMGINC_MULTI,Dano Fixo em Área
3197,2,9,2,STAT_P_HITPOW,Precisão Física
3198,2,159,8,STAT_P_DEFPIERCE,Penetração de DEF Física
3199,2,83,1,STAT_ACTIONSPEEDRATE,Velocidade de Conjuração
3200,2,37,150,STAT_MAXHP,HP Máx.
3201,0,0,0,,
3202,0,0,0,,
3203,0,0,0,,
3204,0,0,0,,
3205,0,0,0,,
3206,0,0,0,,
3207,0,0,0,,
3208,0,0,0,,
3209,0,0,0,,
3210,0,0,0,,
3211,0,0,0,,
3212,0,0,0,,
3213,0,0,0,,
3214,0,0,0,,
3215,0,0,0,,
3216,0,0,0,,
3217,0,0,0,,
3218,2,78,3,STAT_CUTTINGPOW,ATQ de Corte
3219,0,0,0,,
3220,0,0,0,,
3221,2,39,8,STAT_CRIDMG,Dano Crítico
3222,2,74,3,STAT_PARRYDMGDECRATE,Red. de Dano do Bloqueio de Arma
3223,2,76,3,STAT_IMPULSIVEPOW,ATQ de Impacto
3224,2,126,200,STAT_PULLHITRATE,Taxa de Acerto de Puxão
3225,2,132,200,STAT_SLEEPRESRATE,Resistência a Sono
3226,2,99,3,STAT_WEAPONATKRES,Res ATQ de Arma
3227,2,98,3,STAT_HANGARREUSEDECRATE,Redução de Recarga do Hangar
3228,2,20,2,STAT_F_ATKPOW,ATQ de Força
3229,2,7,2,STAT_P_ATKPOW,ATQ Físico
3230,2,38,2,STAT_HITPOW,Precisão
3231,0,0,0,,
3232,0,0,0,,
3233,0,0,0,,
3234,0,0,0,,
3235,0,0,0,,
3236,0,0,0,,
3237,0,0,0,,
3238,0,0,0,,
3239,0,0,0,,
3240,0,0,0,,
3241,0,0,0,,
3242,0,0,0,,
3243,0,0,0,,
3244,0,0,0,,
3245,0,0,0,,
3246,0,0,0,,
3247,0,0,0,,
3248,2,76,4,STAT_IMPULSIVEPOW,ATQ de Impacto
3249,0,0,0,,
3250,2,78,4,STAT_CUTTINGPOW,ATQ de Corte
3251,2,115,200,STAT_SKILLDMGINCRATE_ALL,Aum. de Dano de Hab.
3252,0,0,0,,
3253,2,76,4,STAT_IMPULSIVEPOW,ATQ de Impacto
3254,2,169,200,STAT_HEALDEC,Diminuição da Rec. de Hab. de Cura
3255,2,42,3,STAT_CRIRESPOW,Res. a Crítico
3256,2,40,3,STAT_DODGEPOW,Evasão
3257,2,37,280,STAT_MAXHP,HP Máx.
3258,2,67,200,STAT_CONRESRATE,Resistência a Debuff
3259,2,8,4,STAT_P_DEFPOW,DEF Física
3260,2,21,4,STAT_F_DEFPOW,DEF de Força
3261,0,0,0,,
3262,0,0,0,,
3263,0,0,0,,
3264,0,0,0,,
3265,0,0,0,,
3266,0,0,0,,
3267,0,0,0,,
3268,0,0,0,,
3269,0,0,0,,
3270,0,0,0,,
3271,0,0,0,,
3272,0,0,0,,
3273,2,22,3,STAT_F_HITPOW,Precisão de Força
3274,2,155,3,STAT_P_CRIRESPOW,Res. Crít. FÍS
3275,2,85,8,STAT_NONBATTLE_HPRECOVERYRATE,Taxa de Recuperação de HP Fora de Combate
3276,2,36,2,STAT_DEFPOW,DEF
3277,2,9,3,STAT_P_HITPOW,Precisão Física
3278,2,156,3,STAT_F_CRIRESPOW,Res. Crít. FOR
3279,2,83,4,STAT_ACTIONSPEEDRATE,Velocidade de Conjuração
3280,2,40,3,STAT_DODGEPOW,Evasão
3281,0,0,0,,
3282,0,0,0,,
3283,0,0,0,,
3284,0,0,0,,
3285,0,0,0,,
3286,0,0,0,,
3287,0,0,0,,
3288,0,0,0,,
3289,0,0,0,,
3290,0,0,0,,
3291,0,0,0,,
3292,0,0,0,,
3293,0,0,0,,
3294,0,0,0,,
3295,0,0,0,,
3296,0,0,0,,
3297,2,7,4,STAT_P_ATKPOW,ATQ Físico
3298,2,21,4,STAT_F_DEFPOW,DEF de Força
3299,0,0,0,,
3300,0,0,0,,
3301,2,20,4,STAT_F_ATKPOW,ATQ de Força
3302,0,0,0,,
3303,2,7,4,STAT_P_ATKPOW,ATQ Físico
3304,2,40,3,STAT_DODGEPOW,Evasão
3305,2,85,4,STAT_NONBATTLE_HPRECOVERYRATE,Taxa de Recuperação de HP Fora de Combate
3306,2,83,5,STAT_ACTIONSPEEDRATE,Velocidade de Conjuração
3307,2,99,8,STAT_WEAPONATKRES,Res ATQ de Arma
3308,2,42,4,STAT_CRIRESPOW,Res. a Crítico
3309,2,67,50,STAT_CONRESRATE,Resistência a Debuff
3310,2,66,50,STAT_CONHITRATE,Taxa de Acerto de Debuff
3311,0,0,0,,
3312,0,0,0,,
3313,0,0,0,,
3314,0,0,0,,
3315,0,0,0,,
3316,0,0,0,,
3317,0,0,0,,
3318,0,0,0,,
3319,0,0,0,,
3320,0,0,0,,
3321,0,0,0,,
3322,0,0,0,,
3323,0,0,0,,
3324,0,0,0,,
3325,0,0,0,,
3326,0,0,0,,
3327,2,78,3,STAT_CUTTINGPOW,ATQ de Corte
3328,2,107,2,STAT_P_SUBDMG,Resistência a Dano Físico Fixo
3329,0,0,0,,
3330,0,0,0,,
3331,2,98,3,STAT_HANGARREUSEDECRATE,Redução de Recarga do Hangar
3332,0,0,0,,
3333,2,76,3,STAT_IMPULSIVEPOW,ATQ de Impacto
3334,2,9,2,STAT_P_HITPOW,Precisão Física
3335,2,74,3,STAT_PARRYDMGDECRATE,Red. de Dano do Bloqueio de Arma
3336,2,8,2,STAT_P_DEFPOW,DEF Física
3337,2,99,3,STAT_WEAPONATKRES,Res ATQ de Arma
3338,2,75,3,STAT_IMPULSIVERES,DEF de Impacto
3339,2,151,3,STAT_PVE_ADDDMG,Dano Fixo PvE
3340,2,10,3,STAT_P_CRIHITPOW,Taxa Crít. FÍS
3341,0,0,0,,
3342,0,0,0,,
3343,0,0,0,,
3344,0,0,0,,
3345,0,0,0,,
3346,0,0,0,,
3347,0,0,0,,
3348,0,0,0,,
3349,0,0,0,,
3350,0,0,0,,
3351,0,0,0,,
3352,0,0,0,,
3353,0,0,0,,
3354,0,0,0,,
3355,0,0,0,,
3356,0,0,0,,
3357,2,74,3,STAT_PARRYDMGDECRATE,Red. de Dano do Bloqueio de Arma
3358,2,108,2,STAT_F_SUBDMG,Res. Dano Força Fixo
3359,0,0,0,,
3360,0,0,0,,
3361,2,99,3,STAT_WEAPONATKRES,Res ATQ de Arma
3362,0,0,0,,
3363,2,78,3,STAT_CUTTINGPOW,ATQ de Corte
3364,2,22,2,STAT_F_HITPOW,Precisão de Força
3365,2,76,3,STAT_IMPULSIVEPOW,ATQ de Impacto
3366,2,21,2,STAT_F_DEFPOW,DEF de Força
3367,2,98,3,STAT_HANGARREUSEDECRATE,Redução de Recarga do Hangar
3368,2,77,3,STAT_CUTTINGRES,DEF de Corte
3369,2,152,3,STAT_PVE_SUBDMG,Resistência a Dano Fixo PvE
3370,2,23,3,STAT_F_CRIHITPOW,Taxa Crít. FOR
3371,0,0,0,,
3372,0,0,0,,
3373,0,0,0,,
3374,0,0,0,,
3375,0,0,0,,
3376,0,0,0,,
3377,0,0,0,,
3378,0,0,0,,
3379,0,0,0,,
3380,0,0,0,,
3381,0,0,0,,
3382,0,0,0,,
3383,0,0,0,,
3384,0,0,0,,
3385,0,0,0,,
3386,0,0,0,,
3387,0,0,0,,
3388,2,76,4,STAT_IMPULSIVEPOW,ATQ de Impacto
3389,0,0,0,,
3390,2,77,4,STAT_CUTTINGRES,DEF de Corte
3391,2,152,3,STAT_PVE_SUBDMG,Resistência a Dano Fixo PvE
3392,0,0,0,,
3393,2,74,4,STAT_PARRYDMGDECRATE,Red. de Dano do Bloqueio de Arma
3394,2,78,4,STAT_CUTTINGPOW,ATQ de Corte
3395,2,108,3,STAT_F_SUBDMG,Res. Dano Força Fixo
3396,2,21,3,STAT_F_DEFPOW,DEF de Força
3397,2,156,3,STAT_F_CRIRESPOW,Res. Crít. FOR
3398,2,23,3,STAT_F_CRIHITPOW,Taxa Crít. FOR
3399,2,20,3,STAT_F_ATKPOW,ATQ de Força
3400,2,83,3,STAT_ACTIONSPEEDRATE,Velocidade de Conjuração
3401,0,0,0,,
3402,0,0,0,,
3403,0,0,0,,
3404,0,0,0,,
3405,0,0,0,,
3406,0,0,0,,
3407,0,0,0,,
3408,0,0,0,,
3409,0,0,0,,
3410,0,0,0,,
3411,0,0,0,,
3412,0,0,0,,
3413,0,0,0,,
3414,0,0,0,,
3415,0,0,0,,
3416,0,0,0,,
3417,0,0,0,,
3418,2,78,4,STAT_CUTTINGPOW,ATQ de Corte
3419,0,0,0,,
3420,2,77,4,STAT_CUTTINGRES,DEF de Corte
3421,2,151,3,STAT_PVE_ADDDMG,Dano Fixo PvE
3422,0,0,0,,
3423,2,74,4,STAT_PARRYDMGDECRATE,Red. de Dano do Bloqueio de Arma
3424,2,76,4,STAT_IMPULSIVEPOW,ATQ de Impacto
3425,2,107,3,STAT_P_SUBDMG,Resistência a Dano Físico Fixo
3426,2,8,3,STAT_P_DEFPOW,DEF Física
3427,2,155,3,STAT_P_CRIRESPOW,Res. Crít. FÍS
3428,2,10,3,STAT_P_CRIHITPOW,Taxa Crít. FÍS
3429,2,7,3,STAT_P_ATKPOW,ATQ Físico
3430,2,83,3,STAT_ACTIONSPEEDRATE,Velocidade de Conjuração
3431,0,0,0,,
3432,0,0,0,,
3433,0,0,0,,
3434,0,0,0,,
3435,0,0,0,,
3436,0,0,0,,
3437,0,0,0,,
3438,0,0,0,,
3439,2,85,4,STAT_NONBATTLE_HPRECOVERYRATE,Taxa de Recuperação de HP Fora de Combate
3440,2,162,4,STAT_SKILLDMGINC_MULTI,Dano Fixo em Área
3441,0,0,0,,
3442,2,159,4,STAT_P_DEFPIERCE,Penetração de DEF Física
3443,2,40,1,STAT_DODGEPOW,Evasão
3444,2,106,2,STAT_ADDDMG,Dano Fixo
3445,2,95,2,STAT_MAXFP,FP Máx.
8000,0,0,0,,
8001,0,0,0,,
8002,0,0,0,,
8003,0,0,0,,
8004,0,0,0,,
8005,0,0,0,,
8006,0,0,0,,
8007,0,0,0,,
8008,0,0,0,,
8009,0,0,0,,
8010,0,0,0,,
8011,0,0,0,,
8012,0,0,0,,
8013,0,0,0,,
8014,0,0,0,,
8015,0,0,0,,
8016,0,0,0,,
8017,0,0,0,,
8018,0,0,0,,
8019,0,0,0,,
8020,0,0,0,,
8021,0,0,0,,
8022,0,0,0,,
8023,0,0,0,,
8024,0,0,0,,
8025,0,0,0,,
8026,0,0,0,,
8027,0,0,0,,
8028,0,0,0,,
8029,0,0,0,,
8030,0,0,0,,
8031,0,0,0,,
8032,0,0,0,,
8033,0,0,0,,
8034,0,0,0,,
8035,0,0,0,,
8036,0,0,0,,
8037,0,0,0,,
8038,0,0,0,,
8039,0,0,0,,
8040,0,0,0,,
8041,0,0,0,,
8042,0,0,0,,
8043,0,0,0,,
8044,0,0,0,,
8045,0,0,0,,
8046,0,0,0,,
8047,0,0,0,,
8048,0,0,0,,
8049,0,0,0,,
8050,0,0,0,,
8051,0,0,0,,
8052,0,0,0,,
8053,0,0,0,,
8054,0,0,0,,
8055,0,0,0,,
8056,0,0,0,,
8057,0,0,0,,
8058,0,0,0,,
8059,0,0,0,,
8060,0,0,0,,
8061,0,0,0,,
8062,0,0,0,,
8063,0,0,0,,
8064,0,0,0,,
8065,0,0,0,,
8066,0,0,0,,
8067,0,0,0,,
8068,0,0,0,,
8069,0,0,0,,
8070,0,0,0,,
8071,0,0,0,,
8072,0,0,0,,
8073,0,0,0,,
8074,0,0,0,,
8075,0,0,0,,
8076,0,0,0,,
8077,0,0,0,,
8078,0,0,0,,
8079,0,0,0,,
8080,0,0,0,,
8081,0,0,0,,
8082,0,0,0,,
8083,0,0,0,,
8084,0,0,0,,
8085,0,0,0,,
8086,0,0,0,,
8087,0,0,0,,
8088,0,0,0,,
8089,0,0,0,,
8090,0,0,0,,
8091,0,0,0,,
8092,0,0,0,,
8093,0,0,0,,
8094,0,0,0,,
8095,0,0,0,,
8096,0,0,0,,
8097,0,0,0,,
8098,0,0,0,,
8099,0,0,0,,
8100,0,0,0,,
8101,0,0,0,,
8102,0,0,0,,
8103,0,0,0,,
8104,0,0,0,,
8105,0,0,0,,
8106,0,0,0,,
8107,0,0,0,,
8108,2,85,2,STAT_NONBATTLE_HPRECOVERYRATE,Taxa de Recuperação de HP Fora de Combate
8109,2,107,1,STAT_P_SUBDMG,Resistência a Dano Físico Fixo
8110,2,100,4,STAT_NORMAL_DOUBLE,Taxa Acer. ATQ Nor. MÁX
8111,2,108,1,STAT_F_SUBDMG,Res. Dano Força Fixo
8112,2,152,1,STAT_PVE_SUBDMG,Resistência a Dano Fixo PvE
8113,2,7,1,STAT_P_ATKPOW,ATQ Físico
8114,2,40,1,STAT_DODGEPOW,Evasão
8115,0,0,0,,
8116,0,0,0,,
8117,0,0,0,,
8118,0,0,0,,
8119,0,0,0,,
8120,0,0,0,,
8121,0,0,0,,
8122,2,99,2,STAT_WEAPONATKRES,Res ATQ de Arma
8123,2,169,100,STAT_HEALDEC,Diminuição da Rec. de Hab. de Cura
8124,2,21,1,STAT_F_DEFPOW,DEF de Força
8125,2,101,4,STAT_SKILL_DOUBLE,Taxa Acer. ATQ de Hab. MÁX
8126,2,8,1,STAT_P_DEFPOW,DEF Física
8127,2,151,1,STAT_PVE_ADDDMG,Dano Fixo PvE
8128,2,20,1,STAT_F_ATKPOW,ATQ de Força
8129,2,38,1,STAT_HITPOW,Precisão
8130,0,0,0,,
8131,0,0,0,,
8132,0,0,0,,
8133,0,0,0,,
8134,0,0,0,,
8135,0,0,0,,
8136,0,0,0,,
8137,0,0,0,,
8138,2,126,100,STAT_PULLHITRATE,Taxa de Acerto de Puxão
8139,2,39,3,STAT_CRIDMG,Dano Crítico
8140,2,91,15,STAT_ITEMDROPRATEINCRATE,Aumento da Chance de Drop de Item
8141,2,10,1,STAT_P_CRIHITPOW,Taxa Crít. FÍS
8142,2,162,4,STAT_SKILLDMGINC_MULTI,Dano Fixo em Área
8143,2,102,3,STAT_DOUBLE,Taxa Acer. ATQ Máx.
8144,2,177,2,STAT_UG_HACKINGRESRATE,Resistência a Hackeamento
8145,0,0,0,,
8146,0,0,0,,
8147,0,0,0,,
8148,0,0,0,,
8149,0,0,0,,
8150,0,0,0,,
8151,0,0,0,,
8152,0,0,0,,
8153,2,85,2,STAT_NONBATTLE_HPRECOVERYRATE,Taxa de Recuperação de HP Fora de Combate
8154,2,132,100,STAT_SLEEPRESRATE,Resistência a Sono
8155,2,99,1,STAT_WEAPONATKRES,Res ATQ de Arma
8156,2,23,1,STAT_F_CRIHITPOW,Taxa Crít. FOR
8157,2,159,4,STAT_P_DEFPIERCE,Penetração de DEF Física
8158,2,105,3,STAT_F_ADDDMG,Dano Fixo de Força
8159,2,178,2,STAT_UG_RESTRICTIONHITRATE,Taxa de Acerto de Restrição
8160,0,0,0,,
8161,0,0,0,,
8162,0,0,0,,
8163,0,0,0,,
8164,0,0,0,,
8165,0,0,0,,
8166,0,0,0,,
8167,0,0,0,,
8168,2,162,4,STAT_SKILLDMGINC_MULTI,Dano Fixo em Área
8169,2,7,1,STAT_P_ATKPOW,ATQ Físico
8170,0,0,0,,
8171,2,20,1,STAT_F_ATKPOW,ATQ de Força
8172,2,83,1,STAT_ACTIONSPEEDRATE,Velocidade de Conjuração
8173,2,35,1,STAT_ATKPOW,ATQ
8174,2,37,80,STAT_MAXHP,HP Máx.
9008,0,0,0,,
9009,0,0,0,,
9010,0,0,0,,
9011,0,0,0,,
9012,0,0,0,,
9013,0,0,0,,
9014,0,0,0,,
9015,0,0,0,,
9016,0,0,0,,
9017,0,0,0,,
9018,0,0,0,,
9019,0,0,0,,
9020,0,0,0,,
9021,0,0,0,,
9022,0,0,0,,
9023,0,0,0,,
9024,0,0,0,,
9025,0,0,0,,
9026,0,0,0,,
9027,0,0,0,,
9028,0,0,0,,
9029,0,0,0,,
9030,0,0,0,,
9031,0,0,0,,
9032,0,0,0,,
9033,0,0,0,,
9034,0,0,0,,
9035,0,0,0,,
9036,0,0,0,,
9037,0,0,0,,
9038,0,0,0,,
9039,0,0,0,,
9040,0,0,0,,
9041,0,0,0,,
9042,1,36,1,STAT_DEFPOW,DEF
9043,0,0,0,,
9044,0,0,0,,
9045,0,0,0,,
9046,0,0,0,,
9047,1,78,2,STAT_CUTTINGPOW,ATQ de Corte
9048,1,76,2,STAT_IMPULSIVEPOW,ATQ de Impacto
9049,1,74,2,STAT_PARRYDMGDECRATE,Red. de Dano do Bloqueio de Arma
9050,1,78,2,STAT_CUTTINGPOW,ATQ de Corte
9051,1,76,2,STAT_IMPULSIVEPOW,ATQ de Impacto
9052,1,74,2,STAT_PARRYDMGDECRATE,Red. de Dano do Bloqueio de Arma
9053,0,0,0,,
9054,0,0,0,,
9055,0,0,0,,
9056,0,0,0,,
9057,0,0,0,,
9058,0,0,0,,
9059,0,0,0,,
9060,0,0,0,,
9061,0,0,0,,
9062,0,0,0,,
9063,0,0,0,,
9064,0,0,0,,
9065,0,0,0,,
9066,0,0,0,,
9067,0,0,0,,
9068,0,0,0,,
9069,0,0,0,,
9070,0,0,0,,
9071,0,0,0,,
9072,0,0,0,,
9073,0,0,0,,
9074,0,0,0,,
9075,0,0,0,,
9076,0,0,0,,
9077,0,0,0,,
9078,0,0,0,,
9079,0,0,0,,
9080,0,0,0,,
9081,0,0,0,,
9082,0,0,0,,
9083,0,0,0,,
9084,0,0,0,,
9085,0,0,0,,
9086,0,0,0,,
9087,0,0,0,,
9088,0,0,0,,
9089,0,0,0,,
9090,0,0,0,,
9091,0,0,0,,
9092,0,0,0,,
9093,0,0,0,,
9094,0,0,0,,
9095,0,0,0,,
9096,0,0,0,,
9097,0,0,0,,
9098,0,0,0,,
9099,0,0,0,,
9100,0,0,0,,
9101,0,0,0,,
9102,0,0,0,,
9103,0,0,0,,
9104,0,0,0,,
9105,0,0,0,,
9106,0,0,0,,
9107,0,0,0,,
9108,0,0,0,,
9109,0,0,0,,
9110,0,0,0,,
9111,0,0,0,,
9112,0,0,0,,
9113,0,0,0,,
9114,0,0,0,,
9115,0,0,0,,
9116,0,0,0,,
9117,0,0,0,,
9118,0,0,0,,
9119,0,0,0,,
9200,0,0,0,,
9201,0,0,0,,
9202,0,0,0,,
9203,0,0,0,,
9204,0,0,0,,
9205,0,0,0,,
9206,0,0,0,,
9207,0,0,0,,
9208,0,0,0,,
9209,0,0,0,,
9210,0,0,0,,
9211,0,0,0,,
9212,0,0,0,,
9213,0,0,0,,
9214,0,0,0,,
9215,0,0,0,,
9216,0,0,0,,
9217,0,0,0,,
9218,0,0,0,,
9219,0,0,0,,
9220,0,0,0,,
9221,0,0,0,,
9222,0,0,0,,
9223,0,0,0,,
9224,0,0,0,,
9225,0,0,0,,
9226,0,0,0,,
9227,0,0,0,,
9228,0,0,0,,
9229,0,0,0,,
9230,0,0,0,,
9231,0,0,0,,
9232,0,0,0,,
9233,0,0,0,,
9234,0,0,0,,
9235,0,0,0,,
9236,0,0,0,,
9237,0,0,0,,
9238,0,0,0,,
9239,0,159,4,STAT_P_DEFPIERCE,Penetração de DEF Física
9240,0,0,0,,
9241,0,0,0,,
9242,0,0,0,,
9243,0,0,0,,
9244,0,0,0,,
9245,0,0,0,,
9246,0,0,0,,
9247,0,0,0,,
9248,0,0,0,,
9249,0,0,0,,
9250,0,0,0,,
9251,0,0,0,,
9252,0,0,0,,
9253,0,0,0,,
9254,0,0,0,,
9255,0,0,0,,
9256,0,0,0,,
9257,0,0,0,,
9258,0,0,0,,
9259,0,0,0,,
9260,0,0,0,,
9261,0,0,0,,
9262,0,149,5,STAT_STIFFRESRATE,Resistência a Cambaleio
9263,0,162,4,STAT_SKILLDMGINC_MULTI,Dano Fixo em Área
9264,0,0,0,,
9265,0,0,0,,
9266,0,0,0,,
9267,0,0,0,,
9268,0,0,0,,
9269,0,0,0,,
9270,0,0,0,,
9271,0,0,0,,
9272,0,0,0,,
9273,0,0,0,,
9274,0,0,0,,
9275,0,0,0,,
9276,0,0,0,,
9277,0,0,0,,
9278,0,0,0,,
9279,0,0,0,,
9280,0,0,0,,
9281,0,0,0,,
9282,0,0,0,,
9283,0,0,0,,
9284,0,0,0,,
9285,0,0,0,,
9286,0,0,0,,
9287,0,0,0,,
9288,0,0,0,,
9289,0,0,0,,
9290,0,0,0,,
9291,0,0,0,,
9292,0,0,0,,
9293,0,0,0,,
9294,0,0,0,,
9295,0,0,0,,
9296,0,0,0,,
9297,0,0,0,,
9298,0,0,0,,
9299,0,0,0,,
9300,0,0,0,,
9301,0,0,0,,
9302,0,0,0,,
9303,0,0,0,,
9304,0,0,0,,
9305,0,0,0,,
9306,0,0,0,,
9307,0,0,0,,
9308,0,0,0,,
9309,0,0,0,,
9310,0,0,0,,
9311,0,0,0,,
9312,0,0,0,,
9313,0,0,0,,
9314,0,0,0,,
9315,0,0,0,,
9316,0,0,0,,
9317,0,0,0,,
9318,0,0,0,,
9319,0,0,0,,
9320,0,0,0,,
9321,0,0,0,,
9322,0,0,0,,
9323,0,0,0,,
9324,0,0,0,,
9325,0,0,0,,
9326,0,0,0,,
9327,0,0,0,,
9328,0,0,0,,
9329,0,0,0,,
9330,0,0,0,,
9331,0,0,0,,
9332,0,0,0,,
9333,0,0,0,,
9334,0,0,0,,
9335,0,0,0,,
9336,0,0,0,,
9337,0,0,0,,
9338,0,0,0,,
9339,0,0,0,,
9340,0,0,0,,
9341,0,0,0,,
9342,0,0,0,,
9343,0,0,0,,
9344,0,0,0,,
9345,0,0,0,,
9346,0,0,0,,
9347,0,0,0,,
9348,0,0,0,,
9349,0,0,0,,
9350,0,0,0,,
9351,0,0,0,,
9352,0,0,0,,
9353,0,0,0,,
9354,0,0,0,,
9355,0,0,0,,
9356,0,0,0,,
9357,0,0,0,,
9358,0,0,0,,
9359,0,0,0,,
9360,0,0,0,,
9361,0,0,0,,
9362,0,0,0,,
9363,0,0,0,,
9364,0,0,0,,
9365,0,0,0,,
9366,0,0,0,,
9367,0,0,0,,
9368,0,0,0,,
9369,0,0,0,,
9370,0,0,0,,
9371,0,0,0,,
9372,0,0,0,,
9373,0,0,0,,
9374,0,0,0,,
9375,0,0,0,,
9376,0,0,0,,
9377,0,0,0,,
9378,0,0,0,,
9379,0,0,0,,
9380,0,0,0,,
9381,0,0,0,,
9382,0,0,0,,
9383,0,0,0,,
9384,0,0,0,,
9385,0,0,0,,
9386,0,0,0,,
9387,0,0,0,,
9388,0,0,0,,
9389,0,0,0,,
9390,0,0,0,,
9391,0,0,0,,
9392,0,0,0,,
9393,0,0,0,,
9394,0,0,0,,
9395,0,0,0,,
9396,0,0,0,,
9397,0,0,0,,
9398,0,0,0,,
9399,0,0,0,,
9400,0,0,0,,
9401,0,0,0,,
9402,0,0,0,,
9403,0,0,0,,
9404,0,0,0,,
9405,0,0,0,,
9406,0,0,0,,
9407,0,0,0,,
9408,0,0,0,,
9409,0,0,0,,
9410,0,0,0,,
9411,0,0,0,,
9412,0,0,0,,
9413,0,0,0,,
9414,0,0,0,,
9415,0,0,0,,
9416,0,0,0,,
9417,0,0,0,,
9418,0,0,0,,
9419,0,0,0,,
9420,0,0,0,,
9421,0,0,0,,
9422,0,0,0,,
9423,0,0,0,,
9424,0,0,0,,
9425,0,0,0,,
9426,0,0,0,,
9427,0,0,0,,
9428,0,0,0,,
9429,0,0,0,,
9430,0,0,0,,
9431,0,0,0,,
9432,0,0,0,,
9433,0,0,0,,
9434,0,0,0,,
9435,0,0,0,,
9436,0,0,0,,
9437,0,0,0,,
9438,0,0,0,,
9439,0,0,0,,
9440,0,0,0,,
9441,0,0,0,,
9442,0,0,0,,
9443,0,0,0,,
9444,0,0,0,,
9445,0,0,0,,
9446,0,0,0,,
9447,0,0,0,,
9448,0,0,0,,
9449,0,0,0,,
9450,0,0,0,,
9451,0,0,0,,
9452,0,0,0,,
9453,0,0,0,,
9454,0,0,0,,
9455,0,0,0,,
9456,0,0,0,,
9457,0,0,0,,
9458,0,0,0,,
9459,0,0,0,,
9460,0,0,0,,
9461,0,0,0,,
9462,0,0,0,,
9463,0,0,0,,
9464,0,0,0,,
9465,0,0,0,,
9466,0,0,0,,
9467,0,0,0,,
9468,0,0,0,,
9469,0,0,0,,
9470,0,0,0,,
9471,0,0,0,,
9472,0,0,0,,
9473,0,0,0,,
9474,0,0,0,,
9475,0,0,0,,
9476,0,0,0,,
9477,0,0,0,,
9478,0,0,0,,
9479,0,0,0,,
9480,0,0,0,,
9481,0,0,0,,
9482,0,0,0,,
9483,0,0,0,,
9484,0,0,0,,
9485,0,0,0,,
9486,0,0,0,,
9487,0,0,0,,
9488,0,0,0,,
9489,0,0,0,,
9490,0,0,0,,
9491,0,0,0,,
9492,0,0,0,,
9493,0,0,0,,
9494,0,0,0,,
9495,0,0,0,,
9496,0,0,0,,
9497,0,0,0,,
9498,0,0,0,,
9499,0,0,0,,
9500,0,0,0,,
9501,0,0,0,,
9502,0,0,0,,
9503,0,0,0,,
9504,0,0,0,,
9505,0,0,0,,
9506,0,0,0,,
9507,0,0,0,,
9508,0,0,0,,
9509,0,0,0,,
9510,0,0,0,,
9511,0,0,0,,
9512,0,0,0,,
9513,0,0,0,,
9514,0,0,0,,
9515,0,0,0,,
9516,0,0,0,,
9517,0,0,0,,
9518,0,0,0,,
9519,0,0,0,,
9520,0,0,0,,
9521,0,0,0,,
9522,0,0,0,,
9523,0,0,0,,
9524,0,0,0,,
9525,0,0,0,,
9526,0,0,0,,
9527,0,0,0,,
9528,0,0,0,,
9529,0,0,0,,
9530,0,0,0,,
9531,0,0,0,,
9532,0,0,0,,
9533,0,0,0,,
9534,0,0,0,,
9535,0,0,0,,
9536,0,0,0,,
9537,0,0,0,,
9538,0,0,0,,
9539,0,0,0,,
9540,0,0,0,,
9541,0,0,0,,
9542,0,0,0,,
9543,0,0,0,,
9544,0,0,0,,
9545,0,0,0,,
9546,0,0,0,,
9547,0,0,0,,
9548,0,0,0,,
9549,0,0,0,,
9550,0,0,0,,
9551,0,0,0,,
9552,0,0,0,,
9553,0,0,0,,
9554,0,0,0,,
9555,0,0,0,,
9556,0,0,0,,
9557,0,0,0,,
9558,0,0,0,,
9559,0,0,0,,
9560,0,0,0,,
9561,0,0,0,,
9562,0,0,0,,
9563,0,0,0,,
9564,0,0,0,,
9565,0,0,0,,
9566,0,0,0,,
9567,0,0,0,,
9568,0,0,0,,
9569,0,0,0,,
9570,0,0,0,,
9571,0,0,0,,
9572,0,0,0,,
9573,0,0,0,,
9574,0,0,0,,
9575,0,0,0,,
9576,0,0,0,,
9577,0,0,0,,
9578,0,0,0,,
9579,0,0,0,,
9580,0,0,0,,
9581,0,0,0,,
9582,0,0,0,,
9583,0,0,0,,
9584,0,0,0,,
9585,0,0,0,,
9586,0,0,0,,
9587,0,0,0,,
9588,0,0,0,,
9589,0,0,0,,
9590,0,0,0,,
9591,0,0,0,,
9592,0,0,0,,
9593,0,0,0,,
9594,0,0,0,,
9595,0,0,0,,
9596,0,0,0,,
9597,0,0,0,,
9598,0,0,0,,
9599,0,0,0,,
9600,0,0,0,,
9601,0,0,0,,
9602,0,0,0,,
9603,0,0,0,,
9604,0,0,0,,
9605,0,0,0,,
9606,0,0,0,,
9607,0,0,0,,
9608,0,0,0,,
9609,0,0,0,,
9610,0,0,0,,
9611,0,0,0,,
9612,0,0,0,,
9613,0,0,0,,
9614,0,0,0,,
9615,0,0,0,,
9616,0,0,0,,
9617,0,0,0,,
9618,0,0,0,,
9619,0,0,0,,
9620,0,0,0,,
9621,0,0,0,,
9622,0,0,0,,
9623,0,0,0,,
9624,0,0,0,,
9625,0,0,0,,
9626,0,0,0,,
9627,0,0,0,,
9628,0,0,0,,
9629,0,0,0,,
9630,0,0,0,,
9631,0,0,0,,
9632,0,0,0,,
9633,0,0,0,,
9634,0,0,0,,
9635,0,0,0,,
9636,0,0,0,,
9637,0,0,0,,
9638,0,0,0,,
9639,0,0,0,,
9640,0,0,0,,
9641,0,0,0,,
9642,0,0,0,,
9643,0,0,0,,
9644,0,0,0,,
9645,0,0,0,,
9646,0,0,0,,
9647,0,0,0,,
9648,0,0,0,,
9649,0,0,0,,
9650,0,0,0,,
9651,0,0,0,,
9652,0,0,0,,
9653,0,0,0,,
9654,0,0,0,,
9655,0,0,0,,
9656,0,0,0,,
9657,0,0,0,,
9658,0,0,0,,
9659,0,0,0,,
9660,0,0,0,,
9661,0,0,0,,
9662,0,0,0,,
9663,0,0,0,,
9664,0,0,0,,
9665,0,0,0,,
9666,0,0,0,,
9667,0,0,0,,
9668,0,0,0,,
9669,0,0,0,,
9670,0,0,0,,
9671,0,0,0,,
9672,0,0,0,,
9673,0,0,0,,
9674,0,0,0,,
9675,0,0,0,,
9676,0,0,0,,
9677,0,0,0,,
9678,0,0,0,,
9679,0,0,0,,
9680,0,0,0,,
9681,0,0,0,,
9682,0,0,0,,
9683,0,0,0,,
9684,0,0,0,,
9685,0,0,0,,
9686,0,0,0,,
9687,0,0,0,,
9688,0,0,0,,
9689,0,0,0,,
9690,0,0,0,,
9691,0,0,0,,
9692,0,0,0,,
9693,0,0,0,,
9694,0,0,0,,
9695,0,0,0,,
9696,0,0,0,,
9697,0,0,0,,
9698,0,0,0,,
9699,0,0,0,,
9700,0,0,0,,
9901,0,0,0,,
9902,0,0,0,,
9903,1,36,2,STAT_DEFPOW,DEF
9904,0,0,0,,
9905,0,0,0,,
9906,0,0,0,,
9907,0,0,0,,
9908,2,11,2,STAT_P_CRIDMG,Dano Crít. FÍS
9909,2,15,50,STAT_P_ACCEPTCRIDMGDECRATE,Red. de Dano Crít. FÍS
9910,2,28,50,STAT_F_ACCEPTCRIDMGDECRATE,Red. de Dano Crít. FOR
9911,0,0,0,,
9912,0,0,0,,
9913,0,0,0,,
9914,2,105,3,STAT_F_ADDDMG,Dano Fixo de Força
9915,2,20,1,STAT_F_ATKPOW,ATQ de Força
9916,2,11,2,STAT_P_CRIDMG,Dano Crít. FÍS
9917,0,0,0,,
9918,0,0,0,,
9919,0,0,0,,
9920,2,24,2,STAT_F_CRIDMG,Dano Crít. FOR
9921,2,7,1,STAT_P_ATKPOW,ATQ Físico
9922,2,24,2,STAT_F_CRIDMG,Dano Crít. FOR
9923,0,0,0,,
9924,0,0,0,,
9925,0,0,0,,
9926,2,83,1,STAT_ACTIONSPEEDRATE,Velocidade de Conjuração
9927,2,25,50,STAT_F_GIVECRIDMGINCRATE,Aum. de Dano Crít. FOR
9928,2,12,50,STAT_P_GIVECRIDMGINCRATE,Aum. de Dano Crít. FÍS
9929,0,0,0,,
9930,0,0,0,,
9931,0,0,0,,
9932,0,0,0,,
9933,2,107,1,STAT_P_SUBDMG,Resistência a Dano Físico Fixo
9934,2,74,1,STAT_PARRYDMGDECRATE,Red. de Dano do Bloqueio de Arma
9935,0,0,0,,
9936,0,0,0,,
9937,0,0,0,,
9938,0,0,0,,
9939,2,108,1,STAT_F_SUBDMG,Res. Dano Força Fixo
9940,2,76,1,STAT_IMPULSIVEPOW,ATQ de Impacto
9941,0,0,0,,
9942,0,0,0,,
9943,0,0,0,,
9944,0,0,0,,
9945,2,100,4,STAT_NORMAL_DOUBLE,Taxa Acer. ATQ Nor. MÁX
9946,2,78,1,STAT_CUTTINGPOW,ATQ de Corte
9947,0,0,0,,
9948,0,0,0,,
9949,0,0,0,,
9950,0,0,0,,
9951,2,101,4,STAT_SKILL_DOUBLE,Taxa Acer. ATQ de Hab. MÁX
9952,2,83,2,STAT_ACTIONSPEEDRATE,Velocidade de Conjuração
9953,0,0,0,,
9954,0,0,0,,
9955,0,0,0,,
9956,0,0,0,,
9957,2,178,2,STAT_UG_RESTRICTIONHITRATE,Taxa de Acerto de Restrição
9958,2,177,2,STAT_UG_HACKINGRESRATE,Resistência a Hackeamento
9959,0,0,0,,
9960,0,0,0,,
9961,0,0,0,,
9962,0,0,0,,
9963,2,74,3,STAT_PARRYDMGDECRATE,Red. de Dano do Bloqueio de Arma
9964,2,75,3,STAT_IMPULSIVERES,DEF de Impacto
9965,0,0,0,,
9966,0,0,0,,
9967,0,0,0,,
9968,0,0,0,,
9969,2,78,3,STAT_CUTTINGPOW,ATQ de Corte
9970,2,79,3,STAT_PIERCINGRES,DEF Penetr.
9971,0,0,0,,
9972,0,0,0,,
9973,0,0,0,,
9974,0,0,0,,
9975,2,76,3,STAT_IMPULSIVEPOW,ATQ de Impacto
9976,2,77,3,STAT_CUTTINGRES,DEF de Corte
10000,0,0,0,,
10001,0,0,0,,
10002,0,0,0,,
10003,0,0,0,,
10004,0,0,0,,
10005,0,0,0,,
10006,0,0,0,,
10007,0,0,0,,
10008,0,0,0,,
10009,0,0,0,,
10010,0,0,0,,
10011,0,0,0,,
10012,0,0,0,,
10013,0,0,0,,
10014,0,0,0,,
10015,0,0,0,,
10100,0,0,0,,
10101,0,0,0,,
10102,0,0,0,,
10103,0,0,0,,
10104,0,0,0,,
10105,0,0,0,,
10106,0,0,0,,
10107,0,0,0,,
10108,0,0,0,,
10109,0,0,0,,
10110,0,0,0,,
10111,0,0,0,,
10112,0,0,0,,
10113,0,0,0,,
10114,0,0,0,,
10115,0,0,0,,
11500,0,0,0,,
11501,0,0,0,,
11502,0,0,0,,
11503,0,0,0,,
11504,0,0,0,,
11505,0,0,0,,
11506,0,0,0,,
11507,0,0,0,,
11508,0,0,0,,
11509,0,0,0,,
11510,0,0,0,,
11511,0,0,0,,
11512,0,0,0,,
11513,0,0,0,,
11514,0,0,0,,
11515,0,0,0,,
11600,0,0,0,,
11601,0,0,0,,
11602,0,0,0,,
11603,0,0,0,,
11604,0,0,0,,
11605,0,0,0,,
11606,0,0,0,,
11607,0,0,0,,
11608,0,0,0,,
11609,0,0,0,,
11610,0,0,0,,
11611,0,0,0,,
11612,0,0,0,,
11613,0,0,0,,
11614,0,0,0,,
11615,0,0,0,,
11700,0,0,0,,
11701,0,0,0,,
11702,0,0,0,,
11703,0,0,0,,
11704,0,0,0,,
11705,0,0,0,,
11706,0,0,0,,
11707,0,0,0,,
11708,0,0,0,,
11709,0,0,0,,
11710,0,0,0,,
11711,0,0,0,,
11712,0,0,0,,
11713,0,0,0,,
11714,0,0,0,,
11715,0,0,0,,
11716,0,0,0,,
11717,0,0,0,,
11718,0,0,0,,
11719,0,0,0,,
11720,0,0,0,,
11721,0,0,0,,
11722,0,0,0,,
11723,0,0,0,,
11724,0,0,0,,
11725,0,0,0,,
11726,0,0,0,,
11727,0,0,0,,
11728,0,0,0,,
11729,0,0,0,,
11730,0,0,0,,
11731,0,0,0,,
11732,0,0,0,,
11733,0,0,0,,
11734,0,0,0,,
11735,0,0,0,,
11736,0,0,0,,
11737,0,0,0,,
11738,0,0,0,,
11739,0,0,0,,
11740,0,0,0,,
11741,0,0,0,,
11750,0,0,0,,
11751,0,0,0,,
11752,0,0,0,,
11753,0,0,0,,
11754,0,0,0,,
11755,0,0,0,,
11756,0,0,0,,
11757,0,0,0,,
11758,0,0,0,,
11759,0,0,0,,
11760,0,0,0,,
11761,0,0,0,,
11762,0,0,0,,
11763,0,0,0,,
11764,0,0,0,,
11765,0,0,0,,
11766,0,0,0,,
11767,0,0,0,,
11768,0,0,0,,
11769,0,0,0,,
11770,0,0,0,,
11771,0,0,0,,
11772,0,0,0,,
11773,0,0,0,,
11774,0,0,0,,
11775,0,0,0,,
11776,0,0,0,,
11777,0,0,0,,
11778,0,0,0,,
11779,0,0,0,,
11780,0,0,0,,
11781,0,0,0,,
11782,0,0,0,,
11783,0,0,0,,
11784,0,0,0,,
11785,0,0,0,,
11786,0,0,0,,
11787,0,0,0,,
11788,0,0,0,,
11789,0,0,0,,
11790,0,0,0,,
11791,0,0,0,,
11792,0,0,0,,
11793,0,0,0,,
11794,0,0,0,,
11795,0,0,0,,
11796,0,0,0,,
11797,0,0,0,,
11798,0,0,0,,
11799,0,0,0,,
11800,0,0,0,,
11801,0,0,0,,
11802,0,0,0,,
11803,0,0,0,,
11804,0,0,0,,
11805,0,0,0,,
12000,1,93,2,STAT_GIVECRIDMGINCRATE,Dano Crít.
12001,1,85,4,STAT_NONBATTLE_HPRECOVERYRATE,Taxa de Recuperação de HP Fora de Combate
12002,1,83,1,STAT_ACTIONSPEEDRATE,Velocidade de Conjuração
12003,1,93,2,STAT_GIVECRIDMGINCRATE,Dano Crít.
12004,1,85,4,STAT_NONBATTLE_HPRECOVERYRATE,Taxa de Recuperação de HP Fora de Combate
12005,1,83,1,STAT_ACTIONSPEEDRATE,Velocidade de Conjuração
12006,1,111,100,STAT_P_DODGEPOW,Evasão Física
12007,1,144,40,STAT_PARRYPENETATERATE,Ignorar Red. de Dano do Bloqueio de Arma
12008,1,112,200,STAT_F_DODGEPOW,Evasão de Força
12009,1,42,4,STAT_CRIRESPOW,Res. a Crítico
12010,1,39,4,STAT_CRIDMG,Dano Crítico
12011,1,40,4,STAT_DODGEPOW,Evasão
12012,1,41,4,STAT_CRIHITPOW,Chance de Crítico
12013,1,90,200,STAT_EXPDROPINCRATE,Ganho de EXP
12014,1,95,4,STAT_MAXFP,FP Máx.
12015,1,111,200,STAT_P_DODGEPOW,Evasão Física
12016,1,66,200,STAT_CONHITRATE,Taxa de Acerto de Debuff
12017,1,67,200,STAT_CONRESRATE,Resistência a Debuff
12018,1,38,2,STAT_HITPOW,Precisão
12019,1,36,2,STAT_DEFPOW,DEF
12020,0,0,0,,
12021,0,0,0,,
12100,0,0,0,,
12101,0,0,0,,
12102,0,0,0,,
12103,0,0,0,,
12104,0,0,0,,
12105,0,0,0,,
12106,0,0,0,,
12107,0,0,0,,
12108,0,0,0,,
12109,0,0,0,,
12110,0,0,0,,
12111,0,0,0,,
12112,0,0,0,,
12113,0,0,0,,
12114,0,0,0,,
12115,0,0,0,,
12116,0,0,0,,
12117,0,0,0,,
12118,0,0,0,,
12119,0,0,0,,
13000,0,0,0,,
13001,0,0,0,,
13002,0,0,0,,
13003,0,0,0,,
13004,0,0,0,,
13005,2,37,150,STAT_MAXHP,HP Máx.
13006,2,40,1,STAT_DODGEPOW,Evasão
13100,0,0,0,,
13101,0,0,0,,
13102,1,99,3,STAT_WEAPONATKRES,Res ATQ de Arma
13103,1,98,5,STAT_HANGARREUSEDECRATE,Redução de Recarga do Hangar
13104,1,42,2,STAT_CRIRESPOW,Res. a Crítico
13105,1,41,2,STAT_CRIHITPOW,Chance de Crítico
13106,1,102,5,STAT_DOUBLE,Taxa Acer. ATQ Máx.
13107,2,83,3,STAT_ACTIONSPEEDRATE,Velocidade de Conjuração
13200,0,0,0,,
13201,0,0,0,,
13202,0,0,0,,
13203,0,0,0,,
100001,0,0,0,,
100002,0,0,0,,
100003,0,0,0,,
100004,0,0,0,,
100005,0,0,0,,
100006,0,0,0,,
100007,0,0,0,,
100008,0,0,0,,
100009,0,0,0,,
100010,0,0,0,,
100011,0,0,0,,
100012,0,0,0,,
100013,0,0,0,,
100014,0,0,0,,
100015,0,0,0,,
100016,0,0,0,,
100017,0,0,0,,
100018,1,164,50,STAT_SKILLDMGDEC_SINGLE,Resistência a Dano Fixo de Hab. de Alvo Único
100019,1,37,120,STAT_MAXHP,HP Máx.
100020,1,36,1,STAT_DEFPOW,DEF
100021,1,83,1,STAT_ACTIONSPEEDRATE,Velocidade de Conjuração
100022,0,0,0,,
100023,1,95,1,STAT_MAXFP,FP Máx.
100024,0,0,0,,
100025,0,0,0,,
100026,0,0,0,,
100027,0,0,0,,
100028,0,0,0,,
100029,0,0,0,,
100030,0,0,0,,
100031,0,0,0,,
100032,0,0,0,,
100033,0,0,0,,
100034,0,0,0,,
100035,1,36,1,STAT_DEFPOW,DEF
100036,0,0,0,,
100037,0,0,0,,
100038,0,0,0,,
100039,0,0,0,,
100040,0,0,0,,
100041,0,0,0,,
100042,0,0,0,,
100043,1,37,30,STAT_MAXHP,HP Máx.
100044,1,113,50,STAT_P_DODGEPOWRATE,Aumento de Evasão Física
100045,1,115,50,STAT_SKILLDMGINCRATE_ALL,Aum. de Dano de Hab.
100046,0,0,0,,
100047,0,0,0,,
100048,0,0,0,,
100049,1,91,5,STAT_ITEMDROPRATEINCRATE,Aumento da Chance de Drop de Item
100050,0,0,0,,
100051,0,0,0,,
100052,0,0,0,,
100053,0,0,0,,
100054,1,156,1,STAT_F_CRIRESPOW,Res. Crít. FOR
100055,1,155,1,STAT_P_CRIRESPOW,Res. Crít. FÍS
100056,0,0,0,,
100057,0,0,0,,
100058,1,20,1,STAT_F_ATKPOW,ATQ de Força
100059,0,0,0,,
100060,1,7,1,STAT_P_ATKPOW,ATQ Físico
100061,0,0,0,,
100062,0,0,0,,
100063,1,77,1,STAT_CUTTINGRES,DEF de Corte
100064,1,90,50,STAT_EXPDROPINCRATE,Ganho de EXP
100065,1,41,1,STAT_CRIHITPOW,Chance de Crítico
100066,1,40,1,STAT_DODGEPOW,Evasão
100067,1,21,1,STAT_F_DEFPOW,DEF de Força
100068,1,22,1,STAT_F_HITPOW,Precisão de Força
100069,1,35,1,STAT_ATKPOW,ATQ
100070,1,91,5,STAT_ITEMDROPRATEINCRATE,Aumento da Chance de Drop de Item
100071,2,9,1,STAT_P_HITPOW,Precisão Física
100072,2,22,1,STAT_F_HITPOW,Precisão de Força
100073,2,99,1,STAT_WEAPONATKRES,Res ATQ de Arma
100074,2,147,1,STAT_FPUSEDEC,Redução de Consumo de FP
100075,2,126,50,STAT_PULLHITRATE,Taxa de Acerto de Puxão
100076,2,74,1,STAT_PARRYDMGDECRATE,Red. de Dano do Bloqueio de Arma
100077,2,50,50,STAT_SKILLDMGINCRATE_SINGLE,Aum. de Dano Alvo Úni.
100078,2,83,1,STAT_ACTIONSPEEDRATE,Velocidade de Conjuração
100079,2,91,5,STAT_ITEMDROPRATEINCRATE,Aumento da Chance de Drop de Item
100080,2,105,1,STAT_F_ADDDMG,Dano Fixo de Força
100081,2,144,10,STAT_PARRYPENETATERATE,Ignorar Red. de Dano do Bloqueio de Arma
100082,2,150,1,STAT_STIFFTIMEDECRATE,Redução da Duração de Cambaleio
100083,2,37,30,STAT_MAXHP,HP Máx.
100084,2,112,50,STAT_F_DODGEPOW,Evasão de Força
100085,2,147,1,STAT_FPUSEDEC,Redução de Consumo de FP
100086,2,152,1,STAT_PVE_SUBDMG,Resistência a Dano Fixo PvE
100087,2,83,1,STAT_ACTIONSPEEDRATE,Velocidade de Conjuração
100088,2,112,50,STAT_F_DODGEPOW,Evasão de Força
100089,2,37,30,STAT_MAXHP,HP Máx.
100090,2,148,1,STAT_POTIONRECOVERYMAXVALUE,Contagem de Inj. de HP
100091,2,144,5,STAT_PARRYPENETATERATE,Ignorar Red. de Dano do Bloqueio de Arma
100092,2,24,1,STAT_F_CRIDMG,Dano Crít. FOR
100093,2,164,50,STAT_SKILLDMGDEC_SINGLE,Resistência a Dano Fixo de Hab. de Alvo Único
100094,2,152,1,STAT_PVE_SUBDMG,Resistência a Dano Fixo PvE
100095,2,83,1,STAT_ACTIONSPEEDRATE,Velocidade de Conjuração
100096,2,36,1,STAT_DEFPOW,DEF
100097,2,101,1,STAT_SKILL_DOUBLE,Taxa Acer. ATQ de Hab. MÁX
100098,2,147,1,STAT_FPUSEDEC,Redução de Consumo de FP
100099,2,169,50,STAT_HEALDEC,Diminuição da Rec. de Hab. de Cura
100100,2,91,5,STAT_ITEMDROPRATEINCRATE,Aumento da Chance de Drop de Item
100101,2,67,50,STAT_CONRESRATE,Resistência a Debuff
100102,2,85,2,STAT_NONBATTLE_HPRECOVERYRATE,Taxa de Recuperação de HP Fora de Combate
100103,2,53,50,STAT_SKILLDMGDECRATE_MULTI,Red. de Dano Alvo em Área
100104,2,131,50,STAT_PROVOCATIONRESRATE,Resistência a Provocação
100105,2,127,50,STAT_AIRBORNEHITRATE,Taxa de Acerto de Arremesso Aéreo
100106,2,51,50,STAT_SKILLDMGDECRATE_SINGLE,Red. de Dano Alvo Úni.
100107,2,37,30,STAT_MAXHP,HP Máx.
100108,2,11,1,STAT_P_CRIDMG,Dano Crít. FÍS
100109,2,24,1,STAT_F_CRIDMG,Dano Crít. FOR
100110,2,37,30,STAT_MAXHP,HP Máx.
100111,2,97,1,STAT_FPRECOVERY,Regen. de FP
100112,2,121,50,STAT_SLEEPHITRATE,Taxa de Acerto de Sono
100113,2,123,50,STAT_SILENCEHITRATE,Taxa de Acerto de Silêncio
100114,2,37,30,STAT_MAXHP,HP Máx.
100115,2,150,1,STAT_STIFFTIMEDECRATE,Redução da Duração de Cambaleio
100116,2,150,1,STAT_STIFFTIMEDECRATE,Redução da Duração de Cambaleio
100117,2,148,1,STAT_POTIONRECOVERYMAXVALUE,Contagem de Inj. de HP
100118,2,28,50,STAT_F_ACCEPTCRIDMGDECRATE,Red. de Dano Crít. FOR
100119,2,15,50,STAT_P_ACCEPTCRIDMGDECRATE,Red. de Dano Crít. FÍS
100120,2,159,1,STAT_P_DEFPIERCE,Penetração de DEF Física
100121,2,164,50,STAT_SKILLDMGDEC_SINGLE,Resistência a Dano Fixo de Hab. de Alvo Único
100122,2,104,1,STAT_P_ADDDMG,Dano Físico Fixo
100123,2,89,50,STAT_CREDITDROPINCRATE,Ganho Créditos
100124,2,112,50,STAT_F_DODGEPOW,Evasão de Força
100125,2,148,1,STAT_POTIONRECOVERYMAXVALUE,Contagem de Inj. de HP
100126,2,147,1,STAT_FPUSEDEC,Redução de Consumo de FP
100127,2,107,1,STAT_P_SUBDMG,Resistência a Dano Físico Fixo
100128,2,151,1,STAT_PVE_ADDDMG,Dano Fixo PvE
100129,2,100,1,STAT_NORMAL_DOUBLE,Taxa Acer. ATQ Nor. MÁX
100130,2,156,1,STAT_F_CRIRESPOW,Res. Crít. FOR
100131,2,104,1,STAT_P_ADDDMG,Dano Físico Fixo
100132,2,11,1,STAT_P_CRIDMG,Dano Crít. FÍS
100133,2,24,1,STAT_F_CRIDMG,Dano Crít. FOR
100134,2,150,1,STAT_STIFFTIMEDECRATE,Redução da Duração de Cambaleio
100135,2,149,1,STAT_STIFFRESRATE,Resistência a Cambaleio
100136,2,147,1,STAT_FPUSEDEC,Redução de Consumo de FP
100137,2,103,1,STAT_DOUBLERES,Res ATQ Máx.
100138,2,89,50,STAT_CREDITDROPINCRATE,Ganho Créditos
100139,2,108,1,STAT_F_SUBDMG,Res. Dano Força Fixo
100140,2,76,1,STAT_IMPULSIVEPOW,ATQ de Impacto
100141,0,0,0,,
100142,0,0,0,,
100143,0,0,0,,
100144,0,0,0,,
100145,0,0,0,,
100146,3,39,1,STAT_CRIDMG,Dano Crítico
100147,3,20,2,STAT_F_ATKPOW,ATQ de Força
100148,3,24,2,STAT_F_CRIDMG,Dano Crít. FOR
100149,3,7,2,STAT_P_ATKPOW,ATQ Físico
100150,3,147,2,STAT_FPUSEDEC,Redução de Consumo de FP
100151,3,40,1,STAT_DODGEPOW,Evasão
100152,3,9,2,STAT_P_HITPOW,Precisão Física
100153,3,22,2,STAT_F_HITPOW,Precisão de Força
100154,3,102,2,STAT_DOUBLE,Taxa Acer. ATQ Máx.
100155,3,148,2,STAT_POTIONRECOVERYMAXVALUE,Contagem de Inj. de HP
100156,2,10,2,STAT_P_CRIHITPOW,Taxa Crít. FÍS
100157,2,23,2,STAT_F_CRIHITPOW,Taxa Crít. FOR
100158,2,150,2,STAT_STIFFTIMEDECRATE,Redução da Duração de Cambaleio
100159,2,78,1,STAT_CUTTINGPOW,ATQ de Corte
100160,2,149,2,STAT_STIFFRESRATE,Resistência a Cambaleio
100161,2,79,1,STAT_PIERCINGRES,DEF Penetr.
100162,2,74,1,STAT_PARRYDMGDECRATE,Red. de Dano do Bloqueio de Arma
100163,2,77,1,STAT_CUTTINGRES,DEF de Corte
100164,2,76,1,STAT_IMPULSIVEPOW,ATQ de Impacto
100165,2,75,1,STAT_IMPULSIVERES,DEF de Impacto
100166,3,131,50,STAT_PROVOCATIONRESRATE,Resistência a Provocação
100167,3,100,2,STAT_NORMAL_DOUBLE,Taxa Acer. ATQ Nor. MÁX
100168,3,101,2,STAT_SKILL_DOUBLE,Taxa Acer. ATQ de Hab. MÁX
100169,3,103,2,STAT_DOUBLERES,Res ATQ Máx.
100170,3,104,2,STAT_P_ADDDMG,Dano Físico Fixo
100171,3,148,2,STAT_POTIONRECOVERYMAXVALUE,Contagem de Inj. de HP
100172,3,78,1,STAT_CUTTINGPOW,ATQ de Corte
100173,3,76,1,STAT_IMPULSIVEPOW,ATQ de Impacto
100174,3,74,1,STAT_PARRYDMGDECRATE,Red. de Dano do Bloqueio de Arma
100175,3,150,2,STAT_STIFFTIMEDECRATE,Redução da Duração de Cambaleio
100176,3,107,1,STAT_P_SUBDMG,Resistência a Dano Físico Fixo
100177,3,108,1,STAT_F_SUBDMG,Res. Dano Força Fixo
100178,3,9,1,STAT_P_HITPOW,Precisão Física
100179,3,22,1,STAT_F_HITPOW,Precisão de Força
100180,3,168,50,STAT_HEALINCRATE,Aumento de Rec. de Cura
100181,3,120,50,STAT_PROVOCATIONHITRATE,Taxa de Acerto de Provocação
100182,3,23,1,STAT_F_CRIHITPOW,Taxa Crít. FOR
100183,3,10,1,STAT_P_CRIHITPOW,Taxa Crít. FÍS
100184,3,113,50,STAT_P_DODGEPOWRATE,Aumento de Evasão Física
100185,3,115,50,STAT_SKILLDMGINCRATE_ALL,Aum. de Dano de Hab.
100186,3,144,5,STAT_PARRYPENETATERATE,Ignorar Red. de Dano do Bloqueio de Arma
100187,3,100,1,STAT_NORMAL_DOUBLE,Taxa Acer. ATQ Nor. MÁX
100188,3,101,1,STAT_SKILL_DOUBLE,Taxa Acer. ATQ de Hab. MÁX
100189,3,40,1,STAT_DODGEPOW,Evasão
100190,3,38,1,STAT_HITPOW,Precisão
100191,3,11,2,STAT_P_CRIDMG,Dano Crít. FÍS
100192,3,151,1,STAT_PVE_ADDDMG,Dano Fixo PvE
100193,3,96,2,STAT_MAXFPRATE,Aumento de FP Máx.
100194,3,85,2,STAT_NONBATTLE_HPRECOVERYRATE,Taxa de Recuperação de HP Fora de Combate
100195,3,24,2,STAT_F_CRIDMG,Dano Crít. FOR
100196,3,152,2,STAT_PVE_SUBDMG,Resistência a Dano Fixo PvE
100197,3,162,2,STAT_SKILLDMGINC_MULTI,Dano Fixo em Área
100198,3,163,10,STAT_SKILLDMGINC_ALL,Dano de Hab. Fixa
100199,3,39,6,STAT_CRIDMG,Dano Crítico
100200,3,159,2,STAT_P_DEFPIERCE,Penetração de DEF Física
100201,3,93,1,STAT_GIVECRIDMGINCRATE,Dano Crít.
100202,3,104,4,STAT_P_ADDDMG,Dano Físico Fixo
100203,3,20,2,STAT_F_ATKPOW,ATQ de Força
100204,3,85,4,STAT_NONBATTLE_HPRECOVERYRATE,Taxa de Recuperação de HP Fora de Combate
100205,3,103,4,STAT_DOUBLERES,Res ATQ Máx.
100206,3,7,2,STAT_P_ATKPOW,ATQ Físico
100207,3,77,2,STAT_CUTTINGRES,DEF de Corte
100208,3,169,100,STAT_HEALDEC,Diminuição da Rec. de Hab. de Cura
100209,3,75,2,STAT_IMPULSIVERES,DEF de Impacto
100210,3,79,2,STAT_PIERCINGRES,DEF Penetr.
200001,0,0,0,,
200002,0,0,0,,
200003,0,0,0,,
200004,0,0,0,,
200005,0,0,0,,
200006,0,0,0,,
200007,0,0,0,,
200008,0,0,0,,
200009,0,0,0,,
200010,0,0,0,,
200011,0,0,0,,
200012,0,0,0,,
200013,0,0,0,,
200014,0,0,0,,
200015,1,90,50,STAT_EXPDROPINCRATE,Ganho de EXP
200016,1,8,1,STAT_P_DEFPOW,DEF Física
200017,1,151,1,STAT_PVE_ADDDMG,Dano Fixo PvE
200018,1,21,1,STAT_F_DEFPOW,DEF de Força
200019,1,131,50,STAT_PROVOCATIONRESRATE,Resistência a Provocação
200020,1,78,1,STAT_CUTTINGPOW,ATQ de Corte
200021,1,76,2,STAT_IMPULSIVEPOW,ATQ de Impacto
200022,1,74,2,STAT_PARRYDMGDECRATE,Red. de Dano do Bloqueio de Arma
200023,1,23,2,STAT_F_CRIHITPOW,Taxa Crít. FOR
200024,1,108,1,STAT_F_SUBDMG,Res. Dano Força Fixo
200025,1,37,60,STAT_MAXHP,HP Máx.
200026,1,152,2,STAT_PVE_SUBDMG,Resistência a Dano Fixo PvE
200027,1,89,50,STAT_CREDITDROPINCRATE,Ganho Créditos
200028,0,0,0,,
200029,0,0,0,,
200030,0,0,0,,
200031,0,0,0,,
200032,0,0,0,,
200033,0,0,0,,
200034,0,0,0,,
200035,0,0,0,,
200036,1,147,1,STAT_FPUSEDEC,Redução de Consumo de FP
200037,1,149,1,STAT_STIFFRESRATE,Resistência a Cambaleio
200038,1,93,1,STAT_GIVECRIDMGINCRATE,Dano Crít.
200039,1,98,1,STAT_HANGARREUSEDECRATE,Redução de Recarga do Hangar
200040,1,104,1,STAT_P_ADDDMG,Dano Físico Fixo
200041,1,108,1,STAT_F_SUBDMG,Res. Dano Força Fixo
200042,1,100,1,STAT_NORMAL_DOUBLE,Taxa Acer. ATQ Nor. MÁX
200043,1,107,1,STAT_P_SUBDMG,Resistência a Dano Físico Fixo
200044,1,20,1,STAT_F_ATKPOW,ATQ de Força
200045,1,53,50,STAT_SKILLDMGDECRATE_MULTI,Red. de Dano Alvo em Área
200046,1,108,1,STAT_F_SUBDMG,Res. Dano Força Fixo
200047,1,151,1,STAT_PVE_ADDDMG,Dano Fixo PvE
200048,1,8,1,STAT_P_DEFPOW,DEF Física
200049,1,107,1,STAT_P_SUBDMG,Resistência a Dano Físico Fixo
200050,1,24,2,STAT_F_CRIDMG,Dano Crít. FOR
200051,1,107,2,STAT_P_SUBDMG,Resistência a Dano Físico Fixo
200052,1,100,2,STAT_NORMAL_DOUBLE,Taxa Acer. ATQ Nor. MÁX
200053,1,150,2,STAT_STIFFTIMEDECRATE,Redução da Duração de Cambaleio
200054,1,105,2,STAT_F_ADDDMG,Dano Fixo de Força
200055,1,101,2,STAT_SKILL_DOUBLE,Taxa Acer. ATQ de Hab. MÁX
200056,1,148,2,STAT_POTIONRECOVERYMAXVALUE,Contagem de Inj. de HP
200057,2,20,1,STAT_F_ATKPOW,ATQ de Força
200058,2,11,1,STAT_P_CRIDMG,Dano Crít. FÍS
200059,2,21,1,STAT_F_DEFPOW,DEF de Força
200060,2,42,1,STAT_CRIRESPOW,Res. a Crítico
200061,2,41,1,STAT_CRIHITPOW,Chance de Crítico
200062,2,20,1,STAT_F_ATKPOW,ATQ de Força
200063,2,124,50,STAT_KNOCKBACKHITRATE,Taxa de Acerto de Repulsão
200064,2,147,1,STAT_FPUSEDEC,Redução de Consumo de FP
200065,2,120,50,STAT_PROVOCATIONHITRATE,Taxa de Acerto de Provocação
200066,2,150,1,STAT_STIFFTIMEDECRATE,Redução da Duração de Cambaleio
200067,2,115,50,STAT_SKILLDMGINCRATE_ALL,Aum. de Dano de Hab.
200068,2,121,50,STAT_SLEEPHITRATE,Taxa de Acerto de Sono
200069,2,102,2,STAT_DOUBLE,Taxa Acer. ATQ Máx.
200070,2,126,50,STAT_PULLHITRATE,Taxa de Acerto de Puxão
200071,2,111,50,STAT_P_DODGEPOW,Evasão Física
200072,2,23,1,STAT_F_CRIHITPOW,Taxa Crít. FOR
200073,2,11,1,STAT_P_CRIDMG,Dano Crít. FÍS
200074,2,24,1,STAT_F_CRIDMG,Dano Crít. FOR
200075,2,37,40,STAT_MAXHP,HP Máx.
200076,2,12,50,STAT_P_GIVECRIDMGINCRATE,Aum. de Dano Crít. FÍS
200077,2,148,2,STAT_POTIONRECOVERYMAXVALUE,Contagem de Inj. de HP
200078,2,148,2,STAT_POTIONRECOVERYMAXVALUE,Contagem de Inj. de HP
200079,2,104,1,STAT_P_ADDDMG,Dano Físico Fixo
200080,2,100,1,STAT_NORMAL_DOUBLE,Taxa Acer. ATQ Nor. MÁX
200081,2,103,1,STAT_DOUBLERES,Res ATQ Máx.
200082,2,134,50,STAT_SILENCERESRATE,Resistência a Silêncio
200083,2,91,5,STAT_ITEMDROPRATEINCRATE,Aumento da Chance de Drop de Item
200084,2,103,1,STAT_DOUBLERES,Res ATQ Máx.
200085,2,105,1,STAT_F_ADDDMG,Dano Fixo de Força
200086,2,144,20,STAT_PARRYPENETATERATE,Ignorar Red. de Dano do Bloqueio de Arma
200087,2,83,1,STAT_ACTIONSPEEDRATE,Velocidade de Conjuração
200088,2,99,1,STAT_WEAPONATKRES,Res ATQ de Arma
200089,2,113,50,STAT_P_DODGEPOWRATE,Aumento de Evasão Física
200090,2,151,1,STAT_PVE_ADDDMG,Dano Fixo PvE
200091,2,105,1,STAT_F_ADDDMG,Dano Fixo de Força
200092,2,116,50,STAT_SKILLDMGDECRATE_ALL,Red. de Dano de Hab.
200093,2,101,1,STAT_SKILL_DOUBLE,Taxa Acer. ATQ de Hab. MÁX
200094,2,104,1,STAT_P_ADDDMG,Dano Físico Fixo
200095,2,95,1,STAT_MAXFP,FP Máx.
200096,2,15,50,STAT_P_ACCEPTCRIDMGDECRATE,Red. de Dano Crít. FÍS
200097,2,36,1,STAT_DEFPOW,DEF
200098,2,104,1,STAT_P_ADDDMG,Dano Físico Fixo
200099,2,37,40,STAT_MAXHP,HP Máx.
200100,2,35,2,STAT_ATKPOW,ATQ
200101,0,0,0,,
200102,0,0,0,,
200103,0,0,0,,
200104,0,0,0,,
200105,0,0,0,,
200106,3,37,40,STAT_MAXHP,HP Máx.
200107,3,85,2,STAT_NONBATTLE_HPRECOVERYRATE,Taxa de Recuperação de HP Fora de Combate
200108,3,83,1,STAT_ACTIONSPEEDRATE,Velocidade de Conjuração
200109,3,144,5,STAT_PARRYPENETATERATE,Ignorar Red. de Dano do Bloqueio de Arma
200110,3,37,40,STAT_MAXHP,HP Máx.
200111,3,7,2,STAT_P_ATKPOW,ATQ Físico
200112,3,11,2,STAT_P_CRIDMG,Dano Crít. FÍS
200113,3,20,2,STAT_F_ATKPOW,ATQ de Força
200114,3,24,2,STAT_F_CRIDMG,Dano Crít. FOR
200115,3,39,2,STAT_CRIDMG,Dano Crítico
200116,2,74,2,STAT_PARRYDMGDECRATE,Red. de Dano do Bloqueio de Arma
200117,2,150,2,STAT_STIFFTIMEDECRATE,Redução da Duração de Cambaleio
200118,2,85,2,STAT_NONBATTLE_HPRECOVERYRATE,Taxa de Recuperação de HP Fora de Combate
200119,2,91,20,STAT_ITEMDROPRATEINCRATE,Aumento da Chance de Drop de Item
200120,2,105,2,STAT_F_ADDDMG,Dano Fixo de Força
200121,2,40,2,STAT_DODGEPOW,Evasão
200122,2,159,2,STAT_P_DEFPIERCE,Penetração de DEF Física
200123,2,42,2,STAT_CRIRESPOW,Res. a Crítico
200124,2,162,2,STAT_SKILLDMGINC_MULTI,Dano Fixo em Área
200125,2,102,2,STAT_DOUBLE,Taxa Acer. ATQ Máx.
200126,3,148,3,STAT_POTIONRECOVERYMAXVALUE,Contagem de Inj. de HP
200127,3,150,3,STAT_STIFFTIMEDECRATE,Redução da Duração de Cambaleio
200128,3,85,3,STAT_NONBATTLE_HPRECOVERYRATE,Taxa de Recuperação de HP Fora de Combate
200129,3,148,3,STAT_POTIONRECOVERYMAXVALUE,Contagem de Inj. de HP
200130,3,150,3,STAT_STIFFTIMEDECRATE,Redução da Duração de Cambaleio
200131,3,37,50,STAT_MAXHP,HP Máx.
200132,3,78,1,STAT_CUTTINGPOW,ATQ de Corte
200133,3,76,1,STAT_IMPULSIVEPOW,ATQ de Impacto
200134,3,74,1,STAT_PARRYDMGDECRATE,Red. de Dano do Bloqueio de Arma
200135,3,96,1,STAT_MAXFPRATE,Aumento de FP Máx.
200136,3,8,2,STAT_P_DEFPOW,DEF Física
200137,3,37,60,STAT_MAXHP,HP Máx.
200138,3,21,2,STAT_F_DEFPOW,DEF de Força
200139,3,104,4,STAT_P_ADDDMG,Dano Físico Fixo
200140,3,103,4,STAT_DOUBLERES,Res ATQ Máx.
200141,3,39,6,STAT_CRIDMG,Dano Crítico
200142,3,107,2,STAT_P_SUBDMG,Resistência a Dano Físico Fixo
200143,3,10,2,STAT_P_CRIHITPOW,Taxa Crít. FÍS
200144,3,108,2,STAT_F_SUBDMG,Res. Dano Força Fixo
200145,3,23,2,STAT_F_CRIHITPOW,Taxa Crít. FOR
200146,3,20,2,STAT_F_ATKPOW,ATQ de Força
200147,3,99,2,STAT_WEAPONATKRES,Res ATQ de Arma
200148,3,7,2,STAT_P_ATKPOW,ATQ Físico
200149,3,162,4,STAT_SKILLDMGINC_MULTI,Dano Fixo em Área
200150,3,38,1,STAT_HITPOW,Precisão
200151,2,39,4,STAT_CRIDMG,Dano Crítico
200152,2,78,2,STAT_CUTTINGPOW,ATQ de Corte
200153,2,42,1,STAT_CRIRESPOW,Res. a Crítico
200154,2,132,200,STAT_SLEEPRESRATE,Resistência a Sono
200155,2,121,200,STAT_SLEEPHITRATE,Taxa de Acerto de Sono
200156,3,159,2,STAT_P_DEFPIERCE,Penetração de DEF Física
200157,3,76,2,STAT_IMPULSIVEPOW,ATQ de Impacto
200158,3,91,15,STAT_ITEMDROPRATEINCRATE,Aumento da Chance de Drop de Item
200159,3,105,3,STAT_F_ADDDMG,Dano Fixo de Força
200160,3,9,2,STAT_P_HITPOW,Precisão Física
200161,3,74,2,STAT_PARRYDMGDECRATE,Red. de Dano do Bloqueio de Arma
200162,3,115,200,STAT_SKILLDMGINCRATE_ALL,Aum. de Dano de Hab.
200163,3,8,2,STAT_P_DEFPOW,DEF Física
200164,3,102,3,STAT_DOUBLE,Taxa Acer. ATQ Máx.
200165,3,108,2,STAT_F_SUBDMG,Res. Dano Força Fixo
200166,3,11,6,STAT_P_CRIDMG,Dano Crít. FÍS
200167,3,113,200,STAT_P_DODGEPOWRATE,Aumento de Evasão Física
200168,3,107,2,STAT_P_SUBDMG,Resistência a Dano Físico Fixo
200169,3,7,2,STAT_P_ATKPOW,ATQ Físico
200170,3,126,200,STAT_PULLHITRATE,Taxa de Acerto de Puxão
200171,3,157,6,STAT_P_CRIRESPOWRATE,Aum. de Res Crít. FÍS
200172,3,21,2,STAT_F_DEFPOW,DEF de Força
200173,3,20,2,STAT_F_ATKPOW,ATQ de Força
200174,3,120,200,STAT_PROVOCATIONHITRATE,Taxa de Acerto de Provocação
200175,3,24,6,STAT_F_CRIDMG,Dano Crít. FOR
200176,3,162,2,STAT_SKILLDMGINC_MULTI,Dano Fixo em Área
200177,3,10,2,STAT_P_CRIHITPOW,Taxa Crít. FÍS
200178,3,131,200,STAT_PROVOCATIONRESRATE,Resistência a Provocação
200179,3,22,2,STAT_F_HITPOW,Precisão de Força
200180,3,23,2,STAT_F_CRIHITPOW,Taxa Crít. FOR
250000,0,0,0,,
250001,0,0,0,,
250002,0,0,0,,
250003,0,0,0,,
250004,0,0,0,,
250005,0,0,0,,
250006,0,0,0,,
250007,0,0,0,,
250008,0,0,0,,
250009,0,0,0,,
250010,0,0,0,,
250011,0,0,0,,
250012,0,0,0,,
250013,0,0,0,,
250014,0,0,0,,
250015,0,0,0,,
250016,0,0,0,,
250017,0,0,0,,
250018,0,0,0,,
250019,0,0,0,,
250020,0,0,0,,
250021,0,0,0,,
250022,0,0,0,,
250023,0,0,0,,
250024,0,0,0,,
250025,0,0,0,,
250026,0,0,0,,
250027,0,0,0,,
250028,0,0,0,,
250029,0,0,0,,
250030,0,0,0,,
250031,0,0,0,,
250032,0,0,0,,
250033,0,0,0,,
250034,0,0,0,,
250035,0,0,0,,
250036,0,0,0,,
250037,0,0,0,,
250038,0,0,0,,
250039,0,0,0,,
250040,0,0,0,,
250041,1,89,50,STAT_CREDITDROPINCRATE,Ganho Créditos
250042,1,8,3,STAT_P_DEFPOW,DEF Física
250043,1,151,3,STAT_PVE_ADDDMG,Dano Fixo PvE
250044,1,21,3,STAT_F_DEFPOW,DEF de Força
250045,1,131,50,STAT_PROVOCATIONRESRATE,Resistência a Provocação
250046,1,78,4,STAT_CUTTINGPOW,ATQ de Corte
250047,1,76,4,STAT_IMPULSIVEPOW,ATQ de Impacto
250048,1,74,4,STAT_PARRYDMGDECRATE,Red. de Dano do Bloqueio de Arma
250049,1,23,4,STAT_F_CRIHITPOW,Taxa Crít. FOR
250050,1,108,4,STAT_F_SUBDMG,Res. Dano Força Fixo
250051,1,37,60,STAT_MAXHP,HP Máx.
250052,1,152,4,STAT_PVE_SUBDMG,Resistência a Dano Fixo PvE
250053,1,90,50,STAT_EXPDROPINCRATE,Ganho de EXP
250054,0,0,0,,
250055,0,0,0,,
250056,0,0,0,,
250057,0,0,0,,
250058,0,0,0,,
250059,0,0,0,,
250060,0,0,0,,
250061,0,0,0,,
250062,0,0,0,,
250063,0,0,0,,
250064,0,0,0,,
250065,0,0,0,,
250066,0,0,0,,
250067,0,0,0,,
250068,0,0,0,,
250069,0,0,0,,
250070,0,0,0,,
250071,0,0,0,,
250072,0,0,0,,
250073,0,0,0,,
250074,0,0,0,,
250075,0,0,0,,
250076,0,0,0,,
250077,0,0,0,,
250078,0,0,0,,
250079,0,0,0,,
250080,0,0,0,,
250081,0,0,0,,
250082,0,0,0,,
250083,0,0,0,,
250084,0,0,0,,
250085,0,0,0,,
250086,0,0,0,,
250087,0,0,0,,
250088,0,0,0,,
250089,0,0,0,,
250090,0,0,0,,
250091,0,0,0,,
250092,0,0,0,,
250093,0,0,0,,
250094,0,0,0,,
250095,0,0,0,,
250096,0,0,0,,
250097,0,0,0,,
250098,0,0,0,,
250099,0,0,0,,
250100,0,0,0,,
250101,0,0,0,,
250102,0,0,0,,
250103,0,0,0,,
250104,0,0,0,,
250105,0,0,0,,
250106,0,0,0,,
250107,0,0,0,,
250108,2,104,2,STAT_P_ADDDMG,Dano Físico Fixo
250109,2,102,2,STAT_DOUBLE,Taxa Acer. ATQ Máx.
250110,2,105,2,STAT_F_ADDDMG,Dano Fixo de Força
250111,2,124,50,STAT_KNOCKBACKHITRATE,Taxa de Acerto de Repulsão
250112,2,37,120,STAT_MAXHP,HP Máx.
250113,2,9,2,STAT_P_HITPOW,Precisão Física
250114,2,25,50,STAT_F_GIVECRIDMGINCRATE,Aum. de Dano Crít. FOR
250115,2,58,50,STAT_SKILLREUSEDECRATE_ALL,Red. de Tempo Rec. de Hab.
250116,2,40,2,STAT_DODGEPOW,Evasão
250117,2,35,1,STAT_ATKPOW,ATQ
250118,2,155,2,STAT_P_CRIRESPOW,Res. Crít. FÍS
250119,2,156,2,STAT_F_CRIRESPOW,Res. Crít. FOR
250120,2,151,2,STAT_PVE_ADDDMG,Dano Fixo PvE
250121,2,23,2,STAT_F_CRIHITPOW,Taxa Crít. FOR
250122,2,105,2,STAT_F_ADDDMG,Dano Fixo de Força
250123,2,10,2,STAT_P_CRIHITPOW,Taxa Crít. FÍS
250124,2,100,2,STAT_NORMAL_DOUBLE,Taxa Acer. ATQ Nor. MÁX
250125,2,39,2,STAT_CRIDMG,Dano Crítico
250126,2,101,2,STAT_SKILL_DOUBLE,Taxa Acer. ATQ de Hab. MÁX
250127,2,91,20,STAT_ITEMDROPRATEINCRATE,Aumento da Chance de Drop de Item
250128,2,37,120,STAT_MAXHP,HP Máx.
250129,2,152,2,STAT_PVE_SUBDMG,Resistência a Dano Fixo PvE
250130,2,124,50,STAT_KNOCKBACKHITRATE,Taxa de Acerto de Repulsão
250131,2,169,50,STAT_HEALDEC,Diminuição da Rec. de Hab. de Cura
250132,2,10,2,STAT_P_CRIHITPOW,Taxa Crít. FÍS
250133,2,22,2,STAT_F_HITPOW,Precisão de Força
250134,2,20,2,STAT_F_ATKPOW,ATQ de Força
250135,2,11,2,STAT_P_CRIDMG,Dano Crít. FÍS
250136,2,150,2,STAT_STIFFTIMEDECRATE,Redução da Duração de Cambaleio
250137,2,147,2,STAT_FPUSEDEC,Redução de Consumo de FP
250138,2,149,2,STAT_STIFFRESRATE,Resistência a Cambaleio
250139,2,147,2,STAT_FPUSEDEC,Redução de Consumo de FP
250140,2,112,50,STAT_F_DODGEPOW,Evasão de Força
250141,2,112,50,STAT_F_DODGEPOW,Evasão de Força
250142,2,41,3,STAT_CRIHITPOW,Chance de Crítico
250143,2,99,3,STAT_WEAPONATKRES,Res ATQ de Arma
250144,2,24,3,STAT_F_CRIDMG,Dano Crít. FOR
250145,2,86,100,STAT_HPPOTIONREC,Rec. Inj. HP
250146,2,134,100,STAT_SILENCERESRATE,Resistência a Silêncio
250147,2,132,100,STAT_SLEEPRESRATE,Resistência a Sono
250148,2,90,100,STAT_EXPDROPINCRATE,Ganho de EXP
250149,2,102,6,STAT_DOUBLE,Taxa Acer. ATQ Máx.
250150,2,8,2,STAT_P_DEFPOW,DEF Física
250151,2,24,4,STAT_F_CRIDMG,Dano Crít. FOR
250152,2,37,180,STAT_MAXHP,HP Máx.
250153,2,144,40,STAT_PARRYPENETATERATE,Ignorar Red. de Dano do Bloqueio de Arma
250154,2,86,50,STAT_HPPOTIONREC,Rec. Inj. HP
250155,2,126,50,STAT_PULLHITRATE,Taxa de Acerto de Puxão
250156,2,25,50,STAT_F_GIVECRIDMGINCRATE,Aum. de Dano Crít. FOR
250157,2,123,50,STAT_SILENCEHITRATE,Taxa de Acerto de Silêncio
250158,2,149,2,STAT_STIFFRESRATE,Resistência a Cambaleio
250159,2,148,2,STAT_POTIONRECOVERYMAXVALUE,Contagem de Inj. de HP
250160,2,22,2,STAT_F_HITPOW,Precisão de Força
250161,2,120,50,STAT_PROVOCATIONHITRATE,Taxa de Acerto de Provocação
250162,2,85,4,STAT_NONBATTLE_HPRECOVERYRATE,Taxa de Recuperação de HP Fora de Combate
250163,2,51,50,STAT_SKILLDMGDECRATE_SINGLE,Red. de Dano Alvo Úni.
250164,2,100,2,STAT_NORMAL_DOUBLE,Taxa Acer. ATQ Nor. MÁX
250165,2,123,50,STAT_SILENCEHITRATE,Taxa de Acerto de Silêncio
250166,2,124,50,STAT_KNOCKBACKHITRATE,Taxa de Acerto de Repulsão
250167,2,52,50,STAT_SKILLDMGINCRATE_MULTI,Aum. de Dano em Área
250168,2,124,50,STAT_KNOCKBACKHITRATE,Taxa de Acerto de Repulsão
250169,2,21,2,STAT_F_DEFPOW,DEF de Força
250170,2,86,50,STAT_HPPOTIONREC,Rec. Inj. HP
250171,2,20,2,STAT_F_ATKPOW,ATQ de Força
250172,2,107,2,STAT_P_SUBDMG,Resistência a Dano Físico Fixo
250173,2,40,2,STAT_DODGEPOW,Evasão
250174,2,23,2,STAT_F_CRIHITPOW,Taxa Crít. FOR
250175,2,152,2,STAT_PVE_SUBDMG,Resistência a Dano Fixo PvE
250176,2,97,2,STAT_FPRECOVERY,Regen. de FP
250177,2,11,4,STAT_P_CRIDMG,Dano Crít. FÍS
250178,2,132,50,STAT_SLEEPRESRATE,Resistência a Sono
250179,2,144,10,STAT_PARRYPENETATERATE,Ignorar Red. de Dano do Bloqueio de Arma
250180,2,54,50,STAT_SKILLREUSEDECRATE_SINGLE,Red. de TR ALVO ÚNI.
250181,2,36,2,STAT_DEFPOW,DEF
250182,2,8,2,STAT_P_DEFPOW,DEF Física
250183,2,147,2,STAT_FPUSEDEC,Redução de Consumo de FP
250184,2,148,4,STAT_POTIONRECOVERYMAXVALUE,Contagem de Inj. de HP
250185,2,51,50,STAT_SKILLDMGDECRATE_SINGLE,Red. de Dano Alvo Úni.
250186,2,85,4,STAT_NONBATTLE_HPRECOVERYRATE,Taxa de Recuperação de HP Fora de Combate
250187,2,36,2,STAT_DEFPOW,DEF
250188,2,113,100,STAT_P_DODGEPOWRATE,Aumento de Evasão Física
250189,2,115,100,STAT_SKILLDMGINCRATE_ALL,Aum. de Dano de Hab.
250190,2,78,3,STAT_CUTTINGPOW,ATQ de Corte
250191,2,76,3,STAT_IMPULSIVEPOW,ATQ de Impacto
250192,2,74,3,STAT_PARRYDMGDECRATE,Red. de Dano do Bloqueio de Arma
250193,2,120,100,STAT_PROVOCATIONHITRATE,Taxa de Acerto de Provocação
250194,2,148,6,STAT_POTIONRECOVERYMAXVALUE,Contagem de Inj. de HP
250195,2,133,100,STAT_BLINDRESRATE,Resistência a Cegueira
250196,2,99,4,STAT_WEAPONATKRES,Res ATQ de Arma
250197,2,132,100,STAT_SLEEPRESRATE,Resistência a Sono
250198,2,106,4,STAT_ADDDMG,Dano Fixo
250199,2,85,8,STAT_NONBATTLE_HPRECOVERYRATE,Taxa de Recuperação de HP Fora de Combate
250200,0,0,0,,
250201,0,0,0,,
250202,0,0,0,,
250203,0,0,0,,
250204,0,0,0,,
250205,0,0,0,,
250206,0,0,0,,
250207,0,0,0,,
250208,0,0,0,,
250209,0,0,0,,
250210,3,37,60,STAT_MAXHP,HP Máx.
250211,3,78,1,STAT_CUTTINGPOW,ATQ de Corte
250212,3,76,1,STAT_IMPULSIVEPOW,ATQ de Impacto
250213,3,76,1,STAT_IMPULSIVEPOW,ATQ de Impacto
250214,3,78,1,STAT_CUTTINGPOW,ATQ de Corte
250215,3,74,1,STAT_PARRYDMGDECRATE,Red. de Dano do Bloqueio de Arma
250216,3,74,1,STAT_PARRYDMGDECRATE,Red. de Dano do Bloqueio de Arma
250217,3,155,1,STAT_P_CRIRESPOW,Res. Crít. FÍS
250218,3,21,1,STAT_F_DEFPOW,DEF de Força
250219,3,156,1,STAT_F_CRIRESPOW,Res. Crít. FOR
250220,3,8,1,STAT_P_DEFPOW,DEF Física
250221,3,11,2,STAT_P_CRIDMG,Dano Crít. FÍS
250222,3,20,1,STAT_F_ATKPOW,ATQ de Força
250223,3,24,2,STAT_F_CRIDMG,Dano Crít. FOR
250224,3,7,1,STAT_P_ATKPOW,ATQ Físico
250225,3,93,2,STAT_GIVECRIDMGINCRATE,Dano Crít.
250226,3,107,1,STAT_P_SUBDMG,Resistência a Dano Físico Fixo
250227,3,103,2,STAT_DOUBLERES,Res ATQ Máx.
250228,3,108,1,STAT_F_SUBDMG,Res. Dano Força Fixo
250229,3,22,1,STAT_F_HITPOW,Precisão de Força
250230,3,9,1,STAT_P_HITPOW,Precisão Física
250231,2,104,2,STAT_P_ADDDMG,Dano Físico Fixo
250232,2,91,30,STAT_ITEMDROPRATEINCRATE,Aumento da Chance de Drop de Item
250233,2,150,3,STAT_STIFFTIMEDECRATE,Redução da Duração de Cambaleio
250234,2,144,5,STAT_PARRYPENETATERATE,Ignorar Red. de Dano do Bloqueio de Arma
250235,2,38,1,STAT_HITPOW,Precisão
250236,2,103,2,STAT_DOUBLERES,Res ATQ Máx.
250237,2,149,3,STAT_STIFFRESRATE,Resistência a Cambaleio
250238,2,144,5,STAT_PARRYPENETATERATE,Ignorar Red. de Dano do Bloqueio de Arma
250239,2,37,90,STAT_MAXHP,HP Máx.
250240,2,120,100,STAT_PROVOCATIONHITRATE,Taxa de Acerto de Provocação
250241,2,121,100,STAT_SLEEPHITRATE,Taxa de Acerto de Sono
250242,2,115,100,STAT_SKILLDMGINCRATE_ALL,Aum. de Dano de Hab.
250243,2,113,100,STAT_P_DODGEPOWRATE,Aumento de Evasão Física
250244,2,123,100,STAT_SILENCEHITRATE,Taxa de Acerto de Silêncio
250245,2,168,100,STAT_HEALINCRATE,Aumento de Rec. de Cura
250246,2,100,3,STAT_NORMAL_DOUBLE,Taxa Acer. ATQ Nor. MÁX
250247,2,149,3,STAT_STIFFRESRATE,Resistência a Cambaleio
250248,2,101,3,STAT_SKILL_DOUBLE,Taxa Acer. ATQ de Hab. MÁX
250249,2,147,3,STAT_FPUSEDEC,Redução de Consumo de FP
250250,3,159,4,STAT_P_DEFPIERCE,Penetração de DEF Física
250251,3,147,3,STAT_FPUSEDEC,Redução de Consumo de FP
250252,3,169,50,STAT_HEALDEC,Diminuição da Rec. de Hab. de Cura
250253,3,85,3,STAT_NONBATTLE_HPRECOVERYRATE,Taxa de Recuperação de HP Fora de Combate
250254,3,149,3,STAT_STIFFRESRATE,Resistência a Cambaleio
250255,3,151,2,STAT_PVE_ADDDMG,Dano Fixo PvE
250256,3,124,50,STAT_KNOCKBACKHITRATE,Taxa de Acerto de Repulsão
250257,3,115,50,STAT_SKILLDMGINCRATE_ALL,Aum. de Dano de Hab.
250258,3,144,10,STAT_PARRYPENETATERATE,Ignorar Red. de Dano do Bloqueio de Arma
250259,3,152,2,STAT_PVE_SUBDMG,Resistência a Dano Fixo PvE
250260,3,177,1,STAT_UG_HACKINGRESRATE,Resistência a Hackeamento
250261,3,78,2,STAT_CUTTINGPOW,ATQ de Corte
250262,3,76,2,STAT_IMPULSIVEPOW,ATQ de Impacto
250263,3,74,2,STAT_PARRYDMGDECRATE,Red. de Dano do Bloqueio de Arma
250264,3,178,1,STAT_UG_RESTRICTIONHITRATE,Taxa de Acerto de Restrição
250265,3,37,50,STAT_MAXHP,HP Máx.
250266,3,162,4,STAT_SKILLDMGINC_MULTI,Dano Fixo em Área
250267,3,148,4,STAT_POTIONRECOVERYMAXVALUE,Contagem de Inj. de HP
250268,3,159,4,STAT_P_DEFPIERCE,Penetração de DEF Física
250269,3,150,4,STAT_STIFFTIMEDECRATE,Redução da Duração de Cambaleio
250270,3,83,1,STAT_ACTIONSPEEDRATE,Velocidade de Conjuração
250271,3,96,2,STAT_MAXFPRATE,Aumento de FP Máx.
250272,3,20,1,STAT_F_ATKPOW,ATQ de Força
250273,3,155,1,STAT_P_CRIRESPOW,Res. Crít. FÍS
250274,3,39,6,STAT_CRIDMG,Dano Crítico
250275,3,97,2,STAT_FPRECOVERY,Regen. de FP
250276,3,37,70,STAT_MAXHP,HP Máx.
250277,3,85,3,STAT_NONBATTLE_HPRECOVERYRATE,Taxa de Recuperação de HP Fora de Combate
250278,3,156,1,STAT_F_CRIRESPOW,Res. Crít. FOR
250279,3,7,1,STAT_P_ATKPOW,ATQ Físico
250280,3,113,50,STAT_P_DODGEPOWRATE,Aumento de Evasão Física
250281,3,151,2,STAT_PVE_ADDDMG,Dano Fixo PvE
250282,3,37,90,STAT_MAXHP,HP Máx.
250283,3,22,2,STAT_F_HITPOW,Precisão de Força
250284,3,152,2,STAT_PVE_SUBDMG,Resistência a Dano Fixo PvE
250285,3,9,2,STAT_P_HITPOW,Precisão Física
250286,3,168,50,STAT_HEALINCRATE,Aumento de Rec. de Cura
250287,3,21,2,STAT_F_DEFPOW,DEF de Força
250288,3,8,2,STAT_P_DEFPOW,DEF Física
250289,3,37,90,STAT_MAXHP,HP Máx.
250290,3,85,4,STAT_NONBATTLE_HPRECOVERYRATE,Taxa de Recuperação de HP Fora de Combate
250291,3,91,30,STAT_ITEMDROPRATEINCRATE,Aumento da Chance de Drop de Item
250292,3,78,3,STAT_CUTTINGPOW,ATQ de Corte
250293,3,76,3,STAT_IMPULSIVEPOW,ATQ de Impacto
250294,3,74,3,STAT_PARRYDMGDECRATE,Red. de Dano do Bloqueio de Arma
250295,3,107,3,STAT_P_SUBDMG,Resistência a Dano Físico Fixo
250296,3,37,120,STAT_MAXHP,HP Máx.
250297,3,108,3,STAT_F_SUBDMG,Res. Dano Força Fixo
250298,3,93,2,STAT_GIVECRIDMGINCRATE,Dano Crít.
250299,3,96,3,STAT_MAXFPRATE,Aumento de FP Máx.
250300,3,101,2,STAT_SKILL_DOUBLE,Taxa Acer. ATQ de Hab. MÁX
250301,3,151,1,STAT_PVE_ADDDMG,Dano Fixo PvE
250302,3,91,10,STAT_ITEMDROPRATEINCRATE,Aumento da Chance de Drop de Item
250303,3,9,1,STAT_P_HITPOW,Precisão Física
250304,3,107,1,STAT_P_SUBDMG,Resistência a Dano Físico Fixo
250305,3,150,4,STAT_STIFFTIMEDECRATE,Redução da Duração de Cambaleio
250306,3,8,1,STAT_P_DEFPOW,DEF Física
250307,3,21,1,STAT_F_DEFPOW,DEF de Força
250308,3,97,3,STAT_FPRECOVERY,Regen. de FP
250309,3,149,4,STAT_STIFFRESRATE,Resistência a Cambaleio
250310,3,78,2,STAT_CUTTINGPOW,ATQ de Corte
250311,3,74,2,STAT_PARRYDMGDECRATE,Red. de Dano do Bloqueio de Arma
250312,3,7,2,STAT_P_ATKPOW,ATQ Físico
250313,3,76,2,STAT_IMPULSIVEPOW,ATQ de Impacto
250314,3,20,2,STAT_F_ATKPOW,ATQ de Força
250315,3,100,2,STAT_NORMAL_DOUBLE,Taxa Acer. ATQ Nor. MÁX
250316,3,162,2,STAT_SKILLDMGINC_MULTI,Dano Fixo em Área
250317,3,151,2,STAT_PVE_ADDDMG,Dano Fixo PvE
250318,3,126,200,STAT_PULLHITRATE,Taxa de Acerto de Puxão
250319,3,96,4,STAT_MAXFPRATE,Aumento de FP Máx.
250320,3,163,30,STAT_SKILLDMGINC_ALL,Dano de Hab. Fixa
250321,3,22,1,STAT_F_HITPOW,Precisão de Força
250322,3,152,2,STAT_PVE_SUBDMG,Resistência a Dano Fixo PvE
250323,3,42,1,STAT_CRIRESPOW,Res. a Crítico
250324,3,41,1,STAT_CRIHITPOW,Chance de Crítico
300001,0,0,0,,
300002,0,0,0,,
300003,0,0,0,,
300004,0,0,0,,
300005,0,0,0,,
300006,0,0,0,,
300007,1,74,2,STAT_PARRYDMGDECRATE,Red. de Dano do Bloqueio de Arma
300008,1,33,3,STAT_WEAPONATKPOW,ATQ da Arma
300009,1,96,3,STAT_MAXFPRATE,Aumento de FP Máx.
300010,1,106,3,STAT_ADDDMG,Dano Fixo
300011,0,0,0,,
300012,0,0,0,,
300013,1,78,2,STAT_CUTTINGPOW,ATQ de Corte
300014,1,83,3,STAT_ACTIONSPEEDRATE,Velocidade de Conjuração
300015,1,41,3,STAT_CRIHITPOW,Chance de Crítico
300016,1,39,6,STAT_CRIDMG,Dano Crítico
300017,0,0,0,,
300018,0,0,0,,
300019,1,78,2,STAT_CUTTINGPOW,ATQ de Corte
300020,1,85,3,STAT_NONBATTLE_HPRECOVERYRATE,Taxa de Recuperação de HP Fora de Combate
300021,1,162,6,STAT_SKILLDMGINC_MULTI,Dano Fixo em Área
300022,1,42,3,STAT_CRIRESPOW,Res. a Crítico
300023,0,0,0,,
300024,0,0,0,,
300025,1,76,2,STAT_IMPULSIVEPOW,ATQ de Impacto
300026,1,159,6,STAT_P_DEFPIERCE,Penetração de DEF Física
300027,1,40,3,STAT_DODGEPOW,Evasão
300028,1,36,3,STAT_DEFPOW,DEF
300029,0,0,0,,
300030,0,0,0,,
300031,1,76,2,STAT_IMPULSIVEPOW,ATQ de Impacto
300032,1,99,3,STAT_WEAPONATKRES,Res ATQ de Arma
300033,1,42,3,STAT_CRIRESPOW,Res. a Crítico
300034,1,95,3,STAT_MAXFP,FP Máx.
300035,0,0,0,,
300036,0,0,0,,
300037,1,74,2,STAT_PARRYDMGDECRATE,Red. de Dano do Bloqueio de Arma
300038,1,164,100,STAT_SKILLDMGDEC_SINGLE,Resistência a Dano Fixo de Hab. de Alvo Único
300039,1,93,2,STAT_GIVECRIDMGINCRATE,Dano Crít.
300040,1,95,3,STAT_MAXFP,FP Máx.
300041,0,0,0,,
300042,0,0,0,,
300043,0,0,0,,
300044,0,0,0,,
300045,0,0,0,,
300046,0,0,0,,
300047,0,0,0,,
300048,0,0,0,,
300049,0,0,0,,
300050,0,0,0,,
300051,0,0,0,,
300052,0,0,0,,
300053,0,0,0,,
300054,0,0,0,,
300055,0,0,0,,
300056,0,0,0,,
300057,0,0,0,,
300058,0,0,0,,
300059,0,0,0,,
300060,0,0,0,,
300061,0,0,0,,
300062,0,0,0,,
300063,0,0,0,,
300064,0,0,0,,
300065,0,0,0,,
300066,0,0,0,,
300067,0,0,0,,
300068,0,0,0,,
300069,0,0,0,,
300070,0,0,0,,
300071,0,0,0,,
300072,0,0,0,,
300073,0,0,0,,
300074,0,0,0,,
300075,0,0,0,,
300076,0,0,0,,
300077,0,0,0,,
300078,0,0,0,,
300079,0,0,0,,
300080,0,0,0,,
300081,0,0,0,,
300082,0,0,0,,
300083,3,37,90,STAT_MAXHP,HP Máx.
300084,3,103,2,STAT_DOUBLERES,Res ATQ Máx.
300085,3,104,2,STAT_P_ADDDMG,Dano Físico Fixo
300086,3,91,30,STAT_ITEMDROPRATEINCRATE,Aumento da Chance de Drop de Item
300087,3,99,2,STAT_WEAPONATKRES,Res ATQ de Arma
300088,3,9,2,STAT_P_HITPOW,Precisão Física
300089,3,100,2,STAT_NORMAL_DOUBLE,Taxa Acer. ATQ Nor. MÁX
300090,3,20,2,STAT_F_ATKPOW,ATQ de Força
300091,3,101,2,STAT_SKILL_DOUBLE,Taxa Acer. ATQ de Hab. MÁX
300092,3,7,2,STAT_P_ATKPOW,ATQ Físico
300093,3,22,2,STAT_F_HITPOW,Precisão de Força
300094,3,10,2,STAT_P_CRIHITPOW,Taxa Crít. FÍS
300095,3,23,2,STAT_F_CRIHITPOW,Taxa Crít. FOR
300096,3,104,2,STAT_P_ADDDMG,Dano Físico Fixo
300097,3,149,3,STAT_STIFFRESRATE,Resistência a Cambaleio
300098,2,85,2,STAT_NONBATTLE_HPRECOVERYRATE,Taxa de Recuperação de HP Fora de Combate
300099,2,147,3,STAT_FPUSEDEC,Redução de Consumo de FP
300100,2,162,2,STAT_SKILLDMGINC_MULTI,Dano Fixo em Área
300101,2,8,2,STAT_P_DEFPOW,DEF Física
300102,2,21,2,STAT_F_DEFPOW,DEF de Força
300103,2,105,2,STAT_F_ADDDMG,Dano Fixo de Força
300104,2,66,100,STAT_CONHITRATE,Taxa de Acerto de Debuff
300105,2,102,2,STAT_DOUBLE,Taxa Acer. ATQ Máx.
300106,2,37,120,STAT_MAXHP,HP Máx.
300107,2,67,100,STAT_CONRESRATE,Resistência a Debuff
300108,3,147,2,STAT_FPUSEDEC,Redução de Consumo de FP
300109,3,23,1,STAT_F_CRIHITPOW,Taxa Crít. FOR
300110,3,148,2,STAT_POTIONRECOVERYMAXVALUE,Contagem de Inj. de HP
300111,3,10,1,STAT_P_CRIHITPOW,Taxa Crít. FÍS
300112,3,37,180,STAT_MAXHP,HP Máx.
300113,3,85,3,STAT_NONBATTLE_HPRECOVERYRATE,Taxa de Recuperação de HP Fora de Combate
300114,3,78,2,STAT_CUTTINGPOW,ATQ de Corte
300115,3,76,2,STAT_IMPULSIVEPOW,ATQ de Impacto
300116,3,74,2,STAT_PARRYDMGDECRATE,Red. de Dano do Bloqueio de Arma
300117,3,37,210,STAT_MAXHP,HP Máx.
300118,3,159,4,STAT_P_DEFPIERCE,Penetração de DEF Física
300119,3,107,2,STAT_P_SUBDMG,Resistência a Dano Físico Fixo
300120,3,108,2,STAT_F_SUBDMG,Res. Dano Força Fixo
300121,3,162,4,STAT_SKILLDMGINC_MULTI,Dano Fixo em Área
300122,3,85,4,STAT_NONBATTLE_HPRECOVERYRATE,Taxa de Recuperação de HP Fora de Combate
300123,3,177,2,STAT_UG_HACKINGRESRATE,Resistência a Hackeamento
300124,3,151,2,STAT_PVE_ADDDMG,Dano Fixo PvE
300125,3,37,270,STAT_MAXHP,HP Máx.
300126,3,178,2,STAT_UG_RESTRICTIONHITRATE,Taxa de Acerto de Restrição
300127,3,152,2,STAT_PVE_SUBDMG,Resistência a Dano Fixo PvE
300128,3,23,3,STAT_F_CRIHITPOW,Taxa Crít. FOR
300129,3,98,3,STAT_HANGARREUSEDECRATE,Redução de Recarga do Hangar
300130,3,10,3,STAT_P_CRIHITPOW,Taxa Crít. FÍS
300131,3,99,3,STAT_WEAPONATKRES,Res ATQ de Arma
300132,3,37,300,STAT_MAXHP,HP Máx.
300133,3,148,4,STAT_POTIONRECOVERYMAXVALUE,Contagem de Inj. de HP
300134,3,147,4,STAT_FPUSEDEC,Redução de Consumo de FP
300135,3,121,200,STAT_SLEEPHITRATE,Taxa de Acerto de Sono
300136,3,126,200,STAT_PULLHITRATE,Taxa de Acerto de Puxão
300137,3,124,200,STAT_KNOCKBACKHITRATE,Taxa de Acerto de Repulsão
300138,3,115,200,STAT_SKILLDMGINCRATE_ALL,Aum. de Dano de Hab.
300139,3,132,200,STAT_SLEEPRESRATE,Resistência a Sono
300140,3,113,200,STAT_P_DODGEPOWRATE,Aumento de Evasão Física
300141,3,83,2,STAT_ACTIONSPEEDRATE,Velocidade de Conjuração
300142,3,115,200,STAT_SKILLDMGINCRATE_ALL,Aum. de Dano de Hab.
300143,3,102,4,STAT_DOUBLE,Taxa Acer. ATQ Máx.
300144,3,98,2,STAT_HANGARREUSEDECRATE,Redução de Recarga do Hangar
300145,3,105,4,STAT_F_ADDDMG,Dano Fixo de Força
300146,3,99,2,STAT_WEAPONATKRES,Res ATQ de Arma
300147,3,40,2,STAT_DODGEPOW,Evasão
320001,0,0,0,,
320002,0,0,0,,
320003,0,0,0,,
320004,0,0,0,,
320005,0,0,0,,
320006,0,0,0,,
320007,0,0,0,,
320008,0,0,0,,
320009,0,0,0,,
320010,0,0,0,,
320011,0,0,0,,
320012,0,0,0,,
320013,0,0,0,,
320014,0,0,0,,
320015,0,0,0,,
320016,0,0,0,,
320017,0,0,0,,
320018,0,0,0,,
320019,0,0,0,,
320020,0,0,0,,
320021,0,0,0,,
320022,0,0,0,,
320023,0,0,0,,
320024,0,0,0,,
320025,0,0,0,,
320026,0,0,0,,
320027,0,0,0,,
320028,0,0,0,,
320029,0,0,0,,
320030,0,0,0,,
320031,0,0,0,,
320032,0,0,0,,
320033,0,0,0,,
320034,0,0,0,,
320035,0,0,0,,
320036,0,0,0,,
320037,0,0,0,,
320038,0,0,0,,
320039,0,0,0,,
320040,0,0,0,,
320041,0,0,0,,
320042,0,0,0,,
320043,0,0,0,,
320044,0,0,0,,
320045,1,148,2,STAT_POTIONRECOVERYMAXVALUE,Contagem de Inj. de HP
320046,0,0,0,,
320047,0,0,0,,
320048,0,0,0,,
320049,0,0,0,,
320050,0,0,0,,
320051,2,42,2,STAT_CRIRESPOW,Res. a Crítico
320052,2,105,2,STAT_F_ADDDMG,Dano Fixo de Força
320053,1,35,2,STAT_ATKPOW,ATQ
320054,2,41,2,STAT_CRIHITPOW,Chance de Crítico
320055,0,0,0,,
320056,1,90,200,STAT_EXPDROPINCRATE,Ganho de EXP
320057,0,0,0,,
320058,2,33,2,STAT_WEAPONATKPOW,ATQ da Arma
320059,1,150,2,STAT_STIFFTIMEDECRATE,Redução da Duração de Cambaleio
320060,2,37,60,STAT_MAXHP,HP Máx.
320061,2,36,2,STAT_DEFPOW,DEF
320062,3,22,2,STAT_F_HITPOW,Precisão de Força
320063,3,144,10,STAT_PARRYPENETATERATE,Ignorar Red. de Dano do Bloqueio de Arma
320064,3,151,2,STAT_PVE_ADDDMG,Dano Fixo PvE
320065,3,9,2,STAT_P_HITPOW,Precisão Física
320066,3,152,2,STAT_PVE_SUBDMG,Resistência a Dano Fixo PvE
320067,3,108,1,STAT_F_SUBDMG,Res. Dano Força Fixo
320068,3,79,2,STAT_PIERCINGRES,DEF Penetr.
320069,3,75,2,STAT_IMPULSIVERES,DEF de Impacto
320070,3,77,2,STAT_CUTTINGRES,DEF de Corte
320071,3,107,1,STAT_P_SUBDMG,Resistência a Dano Físico Fixo
320072,3,131,100,STAT_PROVOCATIONRESRATE,Resistência a Provocação
320073,3,93,1,STAT_GIVECRIDMGINCRATE,Dano Crít.
320074,3,156,2,STAT_F_CRIRESPOW,Res. Crít. FOR
320075,3,105,2,STAT_F_ADDDMG,Dano Fixo de Força
320076,3,155,2,STAT_P_CRIRESPOW,Res. Crít. FÍS
320077,2,161,3,STAT_SKILLDMGINC_SINGLE,Dano Fixo de Alvo Único
320078,2,37,180,STAT_MAXHP,HP Máx.
320079,2,134,100,STAT_SILENCERESRATE,Resistência a Silêncio
320080,2,160,3,STAT_F_DEFPIERCE,Penetração de DEF de Força
320081,2,123,100,STAT_SILENCEHITRATE,Taxa de Acerto de Silêncio
320082,2,20,2,STAT_F_ATKPOW,ATQ de Força
320083,2,9,2,STAT_P_HITPOW,Precisão Física
320084,2,102,4,STAT_DOUBLE,Taxa Acer. ATQ Máx.
320085,2,22,2,STAT_F_HITPOW,Precisão de Força
320086,2,7,2,STAT_P_ATKPOW,ATQ Físico
320087,3,22,1,STAT_F_HITPOW,Precisão de Força
320088,3,149,2,STAT_STIFFRESRATE,Resistência a Cambaleio
320089,3,9,1,STAT_P_HITPOW,Precisão Física
320090,3,149,2,STAT_STIFFRESRATE,Resistência a Cambaleio
320091,3,150,2,STAT_STIFFTIMEDECRATE,Redução da Duração de Cambaleio
320092,3,99,2,STAT_WEAPONATKRES,Res ATQ de Arma
320093,3,83,1,STAT_ACTIONSPEEDRATE,Velocidade de Conjuração
320094,3,147,2,STAT_FPUSEDEC,Redução de Consumo de FP
320095,3,37,210,STAT_MAXHP,HP Máx.
320096,3,148,2,STAT_POTIONRECOVERYMAXVALUE,Contagem de Inj. de HP
320097,3,151,2,STAT_PVE_ADDDMG,Dano Fixo PvE
320098,3,101,4,STAT_SKILL_DOUBLE,Taxa Acer. ATQ de Hab. MÁX
320099,3,100,4,STAT_NORMAL_DOUBLE,Taxa Acer. ATQ Nor. MÁX
320100,3,37,240,STAT_MAXHP,HP Máx.
320101,3,152,2,STAT_PVE_SUBDMG,Resistência a Dano Fixo PvE
320102,3,162,4,STAT_SKILLDMGINC_MULTI,Dano Fixo em Área
320103,3,38,2,STAT_HITPOW,Precisão
320104,3,37,270,STAT_MAXHP,HP Máx.
320105,3,105,4,STAT_F_ADDDMG,Dano Fixo de Força
320106,3,40,2,STAT_DODGEPOW,Evasão
320107,3,102,6,STAT_DOUBLE,Taxa Acer. ATQ Máx.
320108,3,83,3,STAT_ACTIONSPEEDRATE,Velocidade de Conjuração
320109,3,38,3,STAT_HITPOW,Precisão
320110,3,37,300,STAT_MAXHP,HP Máx.
320111,3,105,6,STAT_F_ADDDMG,Dano Fixo de Força
320112,3,162,6,STAT_SKILLDMGINC_MULTI,Dano Fixo em Área
320113,3,83,2,STAT_ACTIONSPEEDRATE,Velocidade de Conjuração
320114,3,91,50,STAT_ITEMDROPRATEINCRATE,Aumento da Chance de Drop de Item
320115,3,159,6,STAT_P_DEFPIERCE,Penetração de DEF Física
320116,3,74,1,STAT_PARRYDMGDECRATE,Red. de Dano do Bloqueio de Arma
320117,3,79,1,STAT_PIERCINGRES,DEF Penetr.
320118,3,78,1,STAT_CUTTINGPOW,ATQ de Corte
320119,3,75,1,STAT_IMPULSIVERES,DEF de Impacto
320120,3,76,1,STAT_IMPULSIVEPOW,ATQ de Impacto
320121,3,77,1,STAT_CUTTINGRES,DEF de Corte
320122,3,40,3,STAT_DODGEPOW,Evasão
320123,3,164,50,STAT_SKILLDMGDEC_SINGLE,Resistência a Dano Fixo de Hab. de Alvo Único
320124,3,102,4,STAT_DOUBLE,Taxa Acer. ATQ Máx.
320125,3,67,100,STAT_CONRESRATE,Resistência a Debuff
320126,3,105,4,STAT_F_ADDDMG,Dano Fixo de Força
320127,3,66,100,STAT_CONHITRATE,Taxa de Acerto de Debuff
320128,3,38,2,STAT_HITPOW,Precisão
320129,3,39,12,STAT_CRIDMG,Dano Crítico
340001,0,0,0,,
340002,1,39,2,STAT_CRIDMG,Dano Crítico
340003,0,0,0,,
340004,2,106,2,STAT_ADDDMG,Dano Fixo
340005,1,91,10,STAT_ITEMDROPRATEINCRATE,Aumento da Chance de Drop de Item
340006,1,38,2,STAT_HITPOW,Precisão
340007,2,38,2,STAT_HITPOW,Precisão
340008,2,37,60,STAT_MAXHP,HP Máx.
340009,1,83,1,STAT_ACTIONSPEEDRATE,Velocidade de Conjuração
340010,1,162,2,STAT_SKILLDMGINC_MULTI,Dano Fixo em Área
340011,0,0,0,,
340012,0,0,0,,
340013,0,0,0,,
340014,1,91,10,STAT_ITEMDROPRATEINCRATE,Aumento da Chance de Drop de Item
340015,0,0,0,,
340016,0,0,0,,
340017,0,0,0,,
340018,0,0,0,,
340019,0,0,0,,
340020,2,36,2,STAT_DEFPOW,DEF
340021,0,0,0,,
340022,0,0,0,,
340023,0,0,0,,
340024,0,0,0,,
340025,0,0,0,,
340026,1,91,5,STAT_ITEMDROPRATEINCRATE,Aumento da Chance de Drop de Item
340027,0,0,0,,
340028,0,0,0,,
340029,0,0,0,,
340030,0,0,0,,
340031,0,0,0,,
340032,1,40,2,STAT_DODGEPOW,Evasão
340033,0,0,0,,
340034,0,0,0,,
340035,0,0,0,,
340036,0,0,0,,
340037,0,0,0,,
340038,0,0,0,,
340039,0,0,0,,
340040,0,0,0,,
340041,0,0,0,,
340042,0,0,0,,
340043,0,0,0,,
340044,0,0,0,,
340045,0,0,0,,
340046,0,0,0,,
340047,0,0,0,,
340048,0,0,0,,
340049,0,0,0,,
340050,0,0,0,,
340051,0,0,0,,
340052,0,0,0,,
340053,0,0,0,,
340054,0,0,0,,
340055,0,0,0,,
340056,0,0,0,,
340057,0,0,0,,
340058,0,0,0,,
340059,0,0,0,,
340060,0,0,0,,
340061,0,0,0,,
340062,0,0,0,,
340063,0,0,0,,
340064,0,0,0,,
340065,0,0,0,,
340066,0,0,0,,
340067,0,0,0,,
340068,0,0,0,,
340069,0,0,0,,
340070,0,0,0,,
340071,0,0,0,,
340072,3,99,1,STAT_WEAPONATKRES,Res ATQ de Arma
340073,0,0,0,,
340074,0,0,0,,
340075,0,0,0,,
340076,0,0,0,,
340077,0,0,0,,
340078,0,0,0,,
340079,0,0,0,,
340080,0,0,0,,
340081,3,79,1,STAT_PIERCINGRES,DEF Penetr.
340082,3,39,8,STAT_CRIDMG,Dano Crítico
340083,3,78,1,STAT_CUTTINGPOW,ATQ de Corte
340084,3,75,1,STAT_IMPULSIVERES,DEF de Impacto
340085,3,74,1,STAT_PARRYDMGDECRATE,Red. de Dano do Bloqueio de Arma
340086,3,76,1,STAT_IMPULSIVEPOW,ATQ de Impacto
340087,3,77,1,STAT_CUTTINGRES,DEF de Corte
340088,2,93,1,STAT_GIVECRIDMGINCRATE,Dano Crít.
340089,2,151,2,STAT_PVE_ADDDMG,Dano Fixo PvE
340090,2,152,2,STAT_PVE_SUBDMG,Resistência a Dano Fixo PvE
340091,3,40,1,STAT_DODGEPOW,Evasão
340092,3,37,80,STAT_MAXHP,HP Máx.
340093,3,164,50,STAT_SKILLDMGDEC_SINGLE,Resistência a Dano Fixo de Hab. de Alvo Único
340094,3,115,100,STAT_SKILLDMGINCRATE_ALL,Aum. de Dano de Hab.
340095,2,108,2,STAT_F_SUBDMG,Res. Dano Força Fixo
340096,2,101,4,STAT_SKILL_DOUBLE,Taxa Acer. ATQ de Hab. MÁX
340097,2,107,2,STAT_P_SUBDMG,Resistência a Dano Físico Fixo
340098,2,100,4,STAT_NORMAL_DOUBLE,Taxa Acer. ATQ Nor. MÁX
340099,2,103,4,STAT_DOUBLERES,Res ATQ Máx.
340100,2,104,4,STAT_P_ADDDMG,Dano Físico Fixo
340101,3,102,4,STAT_DOUBLE,Taxa Acer. ATQ Máx.
340102,3,39,6,STAT_CRIDMG,Dano Crítico
340103,3,105,4,STAT_F_ADDDMG,Dano Fixo de Força
340104,3,20,2,STAT_F_ATKPOW,ATQ de Força
340105,3,7,2,STAT_P_ATKPOW,ATQ Físico
340106,0,0,0,,
340107,0,0,0,,
340108,0,0,0,,
340109,0,0,0,,
340110,2,101,2,STAT_SKILL_DOUBLE,Taxa Acer. ATQ de Hab. MÁX
340111,2,79,2,STAT_PIERCINGRES,DEF Penetr.
340112,2,102,4,STAT_DOUBLE,Taxa Acer. ATQ Máx.
340113,2,22,3,STAT_F_HITPOW,Precisão de Força
340114,2,98,2,STAT_HANGARREUSEDECRATE,Redução de Recarga do Hangar
340115,2,152,2,STAT_PVE_SUBDMG,Resistência a Dano Fixo PvE
340116,2,151,2,STAT_PVE_ADDDMG,Dano Fixo PvE
340117,2,77,2,STAT_CUTTINGRES,DEF de Corte
340118,2,7,2,STAT_P_ATKPOW,ATQ Físico
340119,2,20,2,STAT_F_ATKPOW,ATQ de Força
340120,2,21,4,STAT_F_DEFPOW,DEF de Força
340121,2,8,4,STAT_P_DEFPOW,DEF Física
340122,3,99,4,STAT_WEAPONATKRES,Res ATQ de Arma
340123,3,39,6,STAT_CRIDMG,Dano Crítico
340124,3,9,3,STAT_P_HITPOW,Precisão Física
340125,3,162,2,STAT_SKILLDMGINC_MULTI,Dano Fixo em Área
340126,3,10,2,STAT_P_CRIHITPOW,Taxa Crít. FÍS
340127,3,83,2,STAT_ACTIONSPEEDRATE,Velocidade de Conjuração
340128,3,108,3,STAT_F_SUBDMG,Res. Dano Força Fixo
340129,3,99,3,STAT_WEAPONATKRES,Res ATQ de Arma
340130,3,107,3,STAT_P_SUBDMG,Resistência a Dano Físico Fixo
340131,3,23,2,STAT_F_CRIHITPOW,Taxa Crít. FOR
340132,3,162,3,STAT_SKILLDMGINC_MULTI,Dano Fixo em Área
340133,3,159,3,STAT_P_DEFPIERCE,Penetração de DEF Física
340134,3,36,1,STAT_DEFPOW,DEF
340135,3,99,3,STAT_WEAPONATKRES,Res ATQ de Arma
340136,3,102,4,STAT_DOUBLE,Taxa Acer. ATQ Máx.
340137,3,163,40,STAT_SKILLDMGINC_ALL,Dano de Hab. Fixa
340138,3,105,4,STAT_F_ADDDMG,Dano Fixo de Força
340139,3,42,3,STAT_CRIRESPOW,Res. a Crítico
340140,3,99,4,STAT_WEAPONATKRES,Res ATQ de Arma
340141,3,75,2,STAT_IMPULSIVERES,DEF de Impacto
340142,3,85,3,STAT_NONBATTLE_HPRECOVERYRATE,Taxa de Recuperação de HP Fora de Combate
340143,3,37,100,STAT_MAXHP,HP Máx.
340144,3,9,3,STAT_P_HITPOW,Precisão Física
340145,3,22,3,STAT_F_HITPOW,Precisão de Força
350001,0,0,0,,
350002,0,0,0,,
350003,0,0,0,,
350004,0,0,0,,
350005,0,0,0,,
350006,0,0,0,,
350007,0,0,0,,
350008,0,0,0,,
350009,2,9,1,STAT_P_HITPOW,Precisão Física
350010,2,79,2,STAT_PIERCINGRES,DEF Penetr.
350011,2,108,1,STAT_F_SUBDMG,Res. Dano Força Fixo
350012,2,78,2,STAT_CUTTINGPOW,ATQ de Corte
350013,0,0,0,,
350014,0,0,0,,
350015,2,76,2,STAT_IMPULSIVEPOW,ATQ de Impacto
350016,2,74,2,STAT_PARRYDMGDECRATE,Red. de Dano do Bloqueio de Arma
350017,0,0,0,,
350018,0,0,0,,
350019,0,0,0,,
350020,2,76,2,STAT_IMPULSIVEPOW,ATQ de Impacto
350021,2,77,2,STAT_CUTTINGRES,DEF de Corte
350022,2,22,1,STAT_F_HITPOW,Precisão de Força
350023,2,9,1,STAT_P_HITPOW,Precisão Física
350024,2,151,1,STAT_PVE_ADDDMG,Dano Fixo PvE
350025,3,152,1,STAT_PVE_SUBDMG,Resistência a Dano Fixo PvE
350026,3,37,120,STAT_MAXHP,HP Máx.
350027,3,20,1,STAT_F_ATKPOW,ATQ de Força
350028,3,8,1,STAT_P_DEFPOW,DEF Física
350029,3,21,1,STAT_F_DEFPOW,DEF de Força
350030,3,7,1,STAT_P_ATKPOW,ATQ Físico
360001,0,0,0,,
360002,0,0,0,,
360003,0,0,0,,
360004,0,0,0,,
360005,1,115,50,STAT_SKILLDMGINCRATE_ALL,Aum. de Dano de Hab.
360006,0,0,0,,
360007,0,0,0,,
360008,0,0,0,,
360009,1,91,5,STAT_ITEMDROPRATEINCRATE,Aumento da Chance de Drop de Item
360010,0,0,0,,
360011,0,0,0,,
360012,0,0,0,,
360013,0,0,0,,
360014,1,156,1,STAT_F_CRIRESPOW,Res. Crít. FOR
360015,2,155,1,STAT_P_CRIRESPOW,Res. Crít. FÍS
360016,0,0,0,,
360017,0,0,0,,
360018,1,20,1,STAT_F_ATKPOW,ATQ de Força
360019,0,0,0,,
360020,2,7,1,STAT_P_ATKPOW,ATQ Físico
360021,0,0,0,,
360022,0,0,0,,
360023,2,77,1,STAT_CUTTINGRES,DEF de Corte
360024,2,90,50,STAT_EXPDROPINCRATE,Ganho de EXP
360025,1,41,1,STAT_CRIHITPOW,Chance de Crítico
360026,1,40,1,STAT_DODGEPOW,Evasão
360027,2,21,1,STAT_F_DEFPOW,DEF de Força
360028,2,22,1,STAT_F_HITPOW,Precisão de Força
360029,1,35,1,STAT_ATKPOW,ATQ
360030,1,91,5,STAT_ITEMDROPRATEINCRATE,Aumento da Chance de Drop de Item
360031,2,37,60,STAT_MAXHP,HP Máx.
360032,2,36,2,STAT_DEFPOW,DEF
360033,0,0,0,,
360034,1,39,2,STAT_CRIDMG,Dano Crítico
360035,0,0,0,,
360036,2,106,2,STAT_ADDDMG,Dano Fixo
360037,1,91,10,STAT_ITEMDROPRATEINCRATE,Aumento da Chance de Drop de Item
360038,1,38,2,STAT_HITPOW,Precisão
360039,2,38,2,STAT_HITPOW,Precisão
360040,2,37,60,STAT_MAXHP,HP Máx.
360041,1,83,1,STAT_ACTIONSPEEDRATE,Velocidade de Conjuração
360042,1,162,2,STAT_SKILLDMGINC_MULTI,Dano Fixo em Área
360043,0,0,0,,
360044,0,0,0,,
360045,1,35,3,STAT_ATKPOW,ATQ
360046,1,37,90,STAT_MAXHP,HP Máx.
360047,2,39,2,STAT_CRIDMG,Dano Crítico
360048,2,58,50,STAT_SKILLREUSEDECRATE_ALL,Red. de Tempo Rec. de Hab.
360049,2,38,1,STAT_HITPOW,Precisão
360050,2,99,2,STAT_WEAPONATKRES,Res ATQ de Arma
360051,2,42,1,STAT_CRIRESPOW,Res. a Crítico
360052,2,89,50,STAT_CREDITDROPINCRATE,Ganho Créditos
360053,2,95,1,STAT_MAXFP,FP Máx.
360054,2,83,1,STAT_ACTIONSPEEDRATE,Velocidade de Conjuração
360055,2,105,2,STAT_F_ADDDMG,Dano Fixo de Força
360056,2,42,1,STAT_CRIRESPOW,Res. a Crítico
360057,2,95,1,STAT_MAXFP,FP Máx.
360058,2,98,3,STAT_HANGARREUSEDECRATE,Redução de Recarga do Hangar
360059,2,40,2,STAT_DODGEPOW,Evasão
360060,2,102,2,STAT_DOUBLE,Taxa Acer. ATQ Máx.
360061,2,41,2,STAT_CRIHITPOW,Chance de Crítico
360062,2,89,100,STAT_CREDITDROPINCRATE,Ganho Créditos
360063,2,38,2,STAT_HITPOW,Precisão
360064,0,0,0,,
360065,0,0,0,,
360066,0,0,0,,
360067,0,0,0,,
360068,0,0,0,,
360069,2,91,30,STAT_ITEMDROPRATEINCRATE,Aumento da Chance de Drop de Item
360070,2,85,2,STAT_NONBATTLE_HPRECOVERYRATE,Taxa de Recuperação de HP Fora de Combate
360071,2,93,1,STAT_GIVECRIDMGINCRATE,Dano Crít.
360072,2,96,2,STAT_MAXFPRATE,Aumento de FP Máx.
360073,2,97,2,STAT_FPRECOVERY,Regen. de FP
360074,3,151,2,STAT_PVE_ADDDMG,Dano Fixo PvE
360075,3,148,2,STAT_POTIONRECOVERYMAXVALUE,Contagem de Inj. de HP
360076,3,147,2,STAT_FPUSEDEC,Redução de Consumo de FP
360077,3,152,2,STAT_PVE_SUBDMG,Resistência a Dano Fixo PvE
360078,3,149,2,STAT_STIFFRESRATE,Resistência a Cambaleio
360079,3,8,1,STAT_P_DEFPOW,DEF Física
360080,3,108,2,STAT_F_SUBDMG,Res. Dano Força Fixo
360081,3,107,2,STAT_P_SUBDMG,Resistência a Dano Físico Fixo
360082,3,23,2,STAT_F_CRIHITPOW,Taxa Crít. FOR
360083,3,21,1,STAT_F_DEFPOW,DEF de Força
360084,3,10,2,STAT_P_CRIHITPOW,Taxa Crít. FÍS
360085,3,104,2,STAT_P_ADDDMG,Dano Físico Fixo
360086,3,100,2,STAT_NORMAL_DOUBLE,Taxa Acer. ATQ Nor. MÁX
360087,3,103,2,STAT_DOUBLERES,Res ATQ Máx.
360088,3,108,1,STAT_F_SUBDMG,Res. Dano Força Fixo
360089,3,149,2,STAT_STIFFRESRATE,Resistência a Cambaleio
360090,3,93,2,STAT_GIVECRIDMGINCRATE,Dano Crít.
360091,3,107,1,STAT_P_SUBDMG,Resistência a Dano Físico Fixo
360092,3,101,2,STAT_SKILL_DOUBLE,Taxa Acer. ATQ de Hab. MÁX
360093,3,150,2,STAT_STIFFTIMEDECRATE,Redução da Duração de Cambaleio
360094,2,103,2,STAT_DOUBLERES,Res ATQ Máx.
360095,2,124,200,STAT_KNOCKBACKHITRATE,Taxa de Acerto de Repulsão
360096,2,120,200,STAT_PROVOCATIONHITRATE,Taxa de Acerto de Provocação
360097,2,169,200,STAT_HEALDEC,Diminuição da Rec. de Hab. de Cura
360098,2,104,2,STAT_P_ADDDMG,Dano Físico Fixo
360099,2,168,200,STAT_HEALINCRATE,Aumento de Rec. de Cura
360100,2,121,200,STAT_SLEEPHITRATE,Taxa de Acerto de Sono
360101,2,8,2,STAT_P_DEFPOW,DEF Física
360102,2,101,4,STAT_SKILL_DOUBLE,Taxa Acer. ATQ de Hab. MÁX
360103,2,21,2,STAT_F_DEFPOW,DEF de Força
360104,2,100,4,STAT_NORMAL_DOUBLE,Taxa Acer. ATQ Nor. MÁX
360105,2,66,100,STAT_CONHITRATE,Taxa de Acerto de Debuff
360106,2,157,3,STAT_P_CRIRESPOWRATE,Aum. de Res Crít. FÍS
360107,2,67,100,STAT_CONRESRATE,Resistência a Debuff
360108,2,158,4,STAT_F_CRIRESPOWRATE,Aum. de Res Crít. FOR
360109,2,8,4,STAT_P_DEFPOW,DEF Física
360110,2,151,4,STAT_PVE_ADDDMG,Dano Fixo PvE
360111,2,21,4,STAT_F_DEFPOW,DEF de Força
360112,2,152,4,STAT_PVE_SUBDMG,Resistência a Dano Fixo PvE
360113,2,83,3,STAT_ACTIONSPEEDRATE,Velocidade de Conjuração
360114,0,0,0,,
360115,0,0,0,,
360116,0,0,0,,
360117,0,0,0,,
360118,0,0,0,,
360119,2,76,2,STAT_IMPULSIVEPOW,ATQ de Impacto
360120,2,78,2,STAT_CUTTINGPOW,ATQ de Corte
360121,2,104,2,STAT_P_ADDDMG,Dano Físico Fixo
360122,2,74,2,STAT_PARRYDMGDECRATE,Red. de Dano do Bloqueio de Arma
360123,2,103,2,STAT_DOUBLERES,Res ATQ Máx.
360124,3,107,2,STAT_P_SUBDMG,Resistência a Dano Físico Fixo
360125,3,10,2,STAT_P_CRIHITPOW,Taxa Crít. FÍS
360126,3,23,2,STAT_F_CRIHITPOW,Taxa Crít. FOR
360127,3,85,4,STAT_NONBATTLE_HPRECOVERYRATE,Taxa de Recuperação de HP Fora de Combate
360128,3,108,2,STAT_F_SUBDMG,Res. Dano Força Fixo
360129,3,159,4,STAT_P_DEFPIERCE,Penetração de DEF Física
360130,3,37,270,STAT_MAXHP,HP Máx.
360131,3,151,2,STAT_PVE_ADDDMG,Dano Fixo PvE
360132,3,21,2,STAT_F_DEFPOW,DEF de Força
360133,3,7,2,STAT_P_ATKPOW,ATQ Físico
360134,3,162,4,STAT_SKILLDMGINC_MULTI,Dano Fixo em Área
360135,3,8,2,STAT_P_DEFPOW,DEF Física
360136,3,152,2,STAT_PVE_SUBDMG,Resistência a Dano Fixo PvE
360137,3,20,2,STAT_F_ATKPOW,ATQ de Força
360138,3,37,270,STAT_MAXHP,HP Máx.
360139,0,0,0,,
360140,0,0,0,,
360141,0,0,0,,
360142,0,0,0,,
360143,0,0,0,,
360144,2,9,2,STAT_P_HITPOW,Precisão Física
360145,2,121,100,STAT_SLEEPHITRATE,Taxa de Acerto de Sono
360146,2,37,210,STAT_MAXHP,HP Máx.
360147,2,22,2,STAT_F_HITPOW,Precisão de Força
360148,2,132,100,STAT_SLEEPRESRATE,Resistência a Sono
360149,3,78,3,STAT_CUTTINGPOW,ATQ de Corte
360150,3,76,3,STAT_IMPULSIVEPOW,ATQ de Impacto
360151,3,74,3,STAT_PARRYDMGDECRATE,Red. de Dano do Bloqueio de Arma
360152,3,20,2,STAT_F_ATKPOW,ATQ de Força
360153,3,7,2,STAT_P_ATKPOW,ATQ Físico
360154,3,79,3,STAT_PIERCINGRES,DEF Penetr.
360155,3,77,3,STAT_CUTTINGRES,DEF de Corte
360156,3,75,3,STAT_IMPULSIVERES,DEF de Impacto
360157,3,37,270,STAT_MAXHP,HP Máx.
360158,3,85,6,STAT_NONBATTLE_HPRECOVERYRATE,Taxa de Recuperação de HP Fora de Combate
360159,3,149,6,STAT_STIFFRESRATE,Resistência a Cambaleio
360160,3,148,6,STAT_POTIONRECOVERYMAXVALUE,Contagem de Inj. de HP
360161,3,83,3,STAT_ACTIONSPEEDRATE,Velocidade de Conjuração
360162,3,147,6,STAT_FPUSEDEC,Redução de Consumo de FP
360163,3,150,6,STAT_STIFFTIMEDECRATE,Redução da Duração de Cambaleio
360164,0,0,0,,
360165,2,9,1,STAT_P_HITPOW,Precisão Física
360166,2,22,1,STAT_F_HITPOW,Precisão de Força
360167,3,99,1,STAT_WEAPONATKRES,Res ATQ de Arma
360168,3,42,2,STAT_CRIRESPOW,Res. a Crítico
360169,3,85,2,STAT_NONBATTLE_HPRECOVERYRATE,Taxa de Recuperação de HP Fora de Combate
360170,3,40,2,STAT_DODGEPOW,Evasão
360171,3,151,3,STAT_PVE_ADDDMG,Dano Fixo PvE
360172,3,105,6,STAT_F_ADDDMG,Dano Fixo de Força
360173,3,152,3,STAT_PVE_SUBDMG,Resistência a Dano Fixo PvE
360174,3,37,120,STAT_MAXHP,HP Máx.
360175,3,40,2,STAT_DODGEPOW,Evasão
360176,3,83,4,STAT_ACTIONSPEEDRATE,Velocidade de Conjuração
360177,3,39,8,STAT_CRIDMG,Dano Crítico
360178,3,67,200,STAT_CONRESRATE,Resistência a Debuff
360179,3,66,200,STAT_CONHITRATE,Taxa de Acerto de Debuff
360180,3,90,100,STAT_EXPDROPINCRATE,Ganho de EXP
360181,3,89,100,STAT_CREDITDROPINCRATE,Ganho Créditos
360182,3,40,3,STAT_DODGEPOW,Evasão
360183,3,90,100,STAT_EXPDROPINCRATE,Ganho de EXP
360184,3,111,200,STAT_P_DODGEPOW,Evasão Física
360185,3,112,200,STAT_F_DODGEPOW,Evasão de Força
360186,0,0,0,,
360187,0,0,0,,
360188,0,0,0,,
360189,0,0,0,,
360190,3,42,2,STAT_CRIRESPOW,Res. a Crítico
360191,3,39,6,STAT_CRIDMG,Dano Crítico
360192,3,162,6,STAT_SKILLDMGINC_MULTI,Dano Fixo em Área
360193,3,66,100,STAT_CONHITRATE,Taxa de Acerto de Debuff
360194,3,36,2,STAT_DEFPOW,DEF
360195,3,38,2,STAT_HITPOW,Precisão
360196,3,42,3,STAT_CRIRESPOW,Res. a Crítico
360197,3,67,100,STAT_CONRESRATE,Resistência a Debuff
360198,3,37,240,STAT_MAXHP,HP Máx.
360199,3,95,2,STAT_MAXFP,FP Máx.
360200,3,40,2,STAT_DODGEPOW,Evasão
370000,0,0,0,,
370001,0,0,0,,
370002,0,0,0,,
370003,0,0,0,,
370004,0,0,0,,
370005,0,0,0,,
370006,3,40,1,STAT_DODGEPOW,Evasão
370007,0,0,0,,
370008,0,0,0,,
370009,0,0,0,,
370010,0,0,0,,
370011,2,78,1,STAT_CUTTINGPOW,ATQ de Corte
370012,2,76,1,STAT_IMPULSIVEPOW,ATQ de Impacto
370013,3,74,1,STAT_PARRYDMGDECRATE,Red. de Dano do Bloqueio de Arma
370014,0,0,0,,
370015,0,0,0,,
370016,0,0,0,,
370017,1,121,100,STAT_SLEEPHITRATE,Taxa de Acerto de Sono
370018,1,120,100,STAT_PROVOCATIONHITRATE,Taxa de Acerto de Provocação
370019,2,123,100,STAT_SILENCEHITRATE,Taxa de Acerto de Silêncio
370020,2,168,100,STAT_HEALINCRATE,Aumento de Rec. de Cura
370021,3,113,100,STAT_P_DODGEPOWRATE,Aumento de Evasão Física
370022,3,115,100,STAT_SKILLDMGINCRATE_ALL,Aum. de Dano de Hab.
370023,3,36,2,STAT_DEFPOW,DEF
370024,0,0,0,,
370025,0,0,0,,
370026,0,0,0,,
370027,0,0,0,,
370028,0,0,0,,
370029,2,93,1,STAT_GIVECRIDMGINCRATE,Dano Crít.
370030,2,85,2,STAT_NONBATTLE_HPRECOVERYRATE,Taxa de Recuperação de HP Fora de Combate
370031,2,10,2,STAT_P_CRIHITPOW,Taxa Crít. FÍS
370032,2,23,2,STAT_F_CRIHITPOW,Taxa Crít. FOR
370033,2,9,2,STAT_P_HITPOW,Precisão Física
370034,2,22,2,STAT_F_HITPOW,Precisão de Força
370035,2,21,2,STAT_F_DEFPOW,DEF de Força
370036,2,8,2,STAT_P_DEFPOW,DEF Física
370037,2,99,2,STAT_WEAPONATKRES,Res ATQ de Arma
370038,2,98,2,STAT_HANGARREUSEDECRATE,Redução de Recarga do Hangar
370039,0,0,0,,
370040,3,40,1,STAT_DODGEPOW,Evasão
370041,3,157,2,STAT_P_CRIRESPOWRATE,Aum. de Res Crít. FÍS
370042,3,158,2,STAT_F_CRIRESPOWRATE,Aum. de Res Crít. FOR
370043,3,149,3,STAT_STIFFRESRATE,Resistência a Cambaleio
370044,3,147,3,STAT_FPUSEDEC,Redução de Consumo de FP
370045,3,41,2,STAT_CRIHITPOW,Chance de Crítico
370046,3,42,2,STAT_CRIRESPOW,Res. a Crítico
370047,3,105,3,STAT_F_ADDDMG,Dano Fixo de Força
370048,3,102,3,STAT_DOUBLE,Taxa Acer. ATQ Máx.
370049,2,35,2,STAT_ATKPOW,ATQ
370050,0,0,0,,
370051,0,0,0,,
370052,2,39,1,STAT_CRIDMG,Dano Crítico
370053,2,105,2,STAT_F_ADDDMG,Dano Fixo de Força
370054,3,37,30,STAT_MAXHP,HP Máx.
370055,3,85,3,STAT_NONBATTLE_HPRECOVERYRATE,Taxa de Recuperação de HP Fora de Combate
370056,3,93,1,STAT_GIVECRIDMGINCRATE,Dano Crít.
370057,0,0,0,,
370058,0,0,0,,
370059,2,22,1,STAT_F_HITPOW,Precisão de Força
370060,2,9,1,STAT_P_HITPOW,Precisão Física
370061,3,150,2,STAT_STIFFTIMEDECRATE,Redução da Duração de Cambaleio
370062,3,162,2,STAT_SKILLDMGINC_MULTI,Dano Fixo em Área
370063,3,37,70,STAT_MAXHP,HP Máx.
370064,0,0,0,,
370065,0,0,0,,
370066,0,0,0,,
370067,0,0,0,,
370068,0,0,0,,
370069,2,8,1,STAT_P_DEFPOW,DEF Física
370070,2,21,1,STAT_F_DEFPOW,DEF de Força
370071,3,42,2,STAT_CRIRESPOW,Res. a Crítico
370072,3,83,2,STAT_ACTIONSPEEDRATE,Velocidade de Conjuração
370073,3,37,270,STAT_MAXHP,HP Máx.
370074,0,0,0,,
370075,0,0,0,,
370076,0,0,0,,
370077,0,0,0,,
370078,0,0,0,,
370079,0,0,0,,
370080,2,147,6,STAT_FPUSEDEC,Redução de Consumo de FP
370081,2,156,2,STAT_F_CRIRESPOW,Res. Crít. FOR
370082,2,93,2,STAT_GIVECRIDMGINCRATE,Dano Crít.
370083,2,149,6,STAT_STIFFRESRATE,Resistência a Cambaleio
370084,2,155,2,STAT_P_CRIRESPOW,Res. Crít. FÍS
370085,2,37,270,STAT_MAXHP,HP Máx.
370086,2,23,3,STAT_F_CRIHITPOW,Taxa Crít. FOR
370087,2,8,3,STAT_P_DEFPOW,DEF Física
370088,2,21,3,STAT_F_DEFPOW,DEF de Força
370089,2,10,3,STAT_P_CRIHITPOW,Taxa Crít. FÍS
370090,3,37,120,STAT_MAXHP,HP Máx.
370091,3,102,4,STAT_DOUBLE,Taxa Acer. ATQ Máx.
370092,3,105,4,STAT_F_ADDDMG,Dano Fixo de Força
370093,3,20,2,STAT_F_ATKPOW,ATQ de Força
370094,3,7,2,STAT_P_ATKPOW,ATQ Físico
370095,3,107,3,STAT_P_SUBDMG,Resistência a Dano Físico Fixo
370096,3,108,3,STAT_F_SUBDMG,Res. Dano Força Fixo
370097,3,39,9,STAT_CRIDMG,Dano Crítico
370098,3,37,240,STAT_MAXHP,HP Máx.
370099,3,95,3,STAT_MAXFP,FP Máx.
370100,0,0,0,,
370101,0,0,0,,
370102,0,0,0,,
370103,2,131,100,STAT_PROVOCATIONRESRATE,Resistência a Provocação
370104,3,148,4,STAT_POTIONRECOVERYMAXVALUE,Contagem de Inj. de HP
370105,3,93,1,STAT_GIVECRIDMGINCRATE,Dano Crít.
370106,3,85,2,STAT_NONBATTLE_HPRECOVERYRATE,Taxa de Recuperação de HP Fora de Combate
370107,0,0,0,,
370108,0,0,0,,
370109,2,159,3,STAT_P_DEFPIERCE,Penetração de DEF Física
370110,2,169,100,STAT_HEALDEC,Diminuição da Rec. de Hab. de Cura
370111,3,124,100,STAT_KNOCKBACKHITRATE,Taxa de Acerto de Repulsão
370112,3,8,2,STAT_P_DEFPOW,DEF Física
370113,3,21,2,STAT_F_DEFPOW,DEF de Força
370114,0,0,0,,
370115,0,0,0,,
370116,0,0,0,,
370117,0,0,0,,
370118,2,162,4,STAT_SKILLDMGINC_MULTI,Dano Fixo em Área
370119,2,159,4,STAT_P_DEFPIERCE,Penetração de DEF Física
370120,3,39,4,STAT_CRIDMG,Dano Crítico
370121,3,115,200,STAT_SKILLDMGINCRATE_ALL,Aum. de Dano de Hab.
370122,3,131,200,STAT_PROVOCATIONRESRATE,Resistência a Provocação
370123,2,40,2,STAT_DODGEPOW,Evasão
370124,0,0,0,,
370125,0,0,0,,
370126,0,0,0,,
370127,0,0,0,,
370128,2,9,2,STAT_P_HITPOW,Precisão Física
370129,2,22,2,STAT_F_HITPOW,Precisão de Força
370130,2,8,2,STAT_P_DEFPOW,DEF Física
370131,2,21,2,STAT_F_DEFPOW,DEF de Força
370132,2,133,200,STAT_BLINDRESRATE,Resistência a Cegueira
370133,2,37,80,STAT_MAXHP,HP Máx.
370134,2,83,2,STAT_ACTIONSPEEDRATE,Velocidade de Conjuração
370135,0,0,0,,
370136,3,102,4,STAT_DOUBLE,Taxa Acer. ATQ Máx.
370137,3,177,3,STAT_UG_HACKINGRESRATE,Resistência a Hackeamento
370138,3,107,3,STAT_P_SUBDMG,Resistência a Dano Físico Fixo
370139,3,105,4,STAT_F_ADDDMG,Dano Fixo de Força
370140,3,108,3,STAT_F_SUBDMG,Res. Dano Força Fixo
370141,3,99,2,STAT_WEAPONATKRES,Res ATQ de Arma
370142,3,98,2,STAT_HANGARREUSEDECRATE,Redução de Recarga do Hangar
370143,3,41,2,STAT_CRIHITPOW,Chance de Crítico
370144,3,42,2,STAT_CRIRESPOW,Res. a Crítico
370145,0,0,0,,
370146,0,0,0,,
370147,0,0,0,,
370148,3,39,10,STAT_CRIDMG,Dano Crítico
370149,3,83,2,STAT_ACTIONSPEEDRATE,Velocidade de Conjuração
370150,2,159,2,STAT_P_DEFPIERCE,Penetração de DEF Física
370151,2,105,2,STAT_F_ADDDMG,Dano Fixo de Força
370152,3,98,2,STAT_HANGARREUSEDECRATE,Redução de Recarga do Hangar
370153,2,102,2,STAT_DOUBLE,Taxa Acer. ATQ Máx.
370154,2,99,2,STAT_WEAPONATKRES,Res ATQ de Arma
380001,0,0,0,,
380002,0,0,0,,
380003,2,148,3,STAT_POTIONRECOVERYMAXVALUE,Contagem de Inj. de HP
380004,2,39,2,STAT_CRIDMG,Dano Crítico
380005,1,33,3,STAT_WEAPONATKPOW,ATQ da Arma
380006,0,0,0,,
380007,0,0,0,,
380008,2,91,5,STAT_ITEMDROPRATEINCRATE,Aumento da Chance de Drop de Item
380009,0,0,0,,
380010,0,0,0,,
380011,0,0,0,,
380012,2,21,1,STAT_F_DEFPOW,DEF de Força
380013,0,0,0,,
380014,0,0,0,,
380015,0,0,0,,
380016,0,0,0,,
380017,0,0,0,,
380018,1,35,1,STAT_ATKPOW,ATQ
380019,0,0,0,,
380020,0,0,0,,
380021,0,0,0,,
380022,0,0,0,,
380023,0,0,0,,
380024,2,164,500,STAT_SKILLDMGDEC_SINGLE,Resistência a Dano Fixo de Hab. de Alvo Único
380025,0,0,0,,
380026,0,0,0,,
380027,0,0,0,,
380028,0,0,0,,
380029,0,0,0,,
380030,1,85,2,STAT_NONBATTLE_HPRECOVERYRATE,Taxa de Recuperação de HP Fora de Combate
380031,0,0,0,,
380032,0,0,0,,
380033,0,0,0,,
380034,0,0,0,,
380035,0,0,0,,
380036,2,38,3,STAT_HITPOW,Precisão
380037,1,41,3,STAT_CRIHITPOW,Chance de Crítico
380038,1,33,3,STAT_WEAPONATKPOW,ATQ da Arma
380039,2,144,20,STAT_PARRYPENETATERATE,Ignorar Red. de Dano do Bloqueio de Arma
380040,0,0,0,,
380041,1,91,15,STAT_ITEMDROPRATEINCRATE,Aumento da Chance de Drop de Item
380042,1,38,3,STAT_HITPOW,Precisão
380043,2,41,3,STAT_CRIHITPOW,Chance de Crítico
380044,2,33,3,STAT_WEAPONATKPOW,ATQ da Arma
380045,2,144,20,STAT_PARRYPENETATERATE,Ignorar Red. de Dano do Bloqueio de Arma
380046,0,0,0,,
380047,1,91,15,STAT_ITEMDROPRATEINCRATE,Aumento da Chance de Drop de Item
380048,2,38,3,STAT_HITPOW,Precisão
380049,2,41,3,STAT_CRIHITPOW,Chance de Crítico
380050,1,33,3,STAT_WEAPONATKPOW,ATQ da Arma
380051,0,0,0,,
380052,0,0,0,,
380053,0,0,0,,
380054,0,0,0,,
380055,0,0,0,,
380056,0,0,0,,
380057,0,0,0,,
380058,0,0,0,,
380059,0,0,0,,
380060,0,0,0,,
390000,2,102,4,STAT_DOUBLE,Taxa Acer. ATQ Máx.
390001,2,105,4,STAT_F_ADDDMG,Dano Fixo de Força
390002,2,37,160,STAT_MAXHP,HP Máx.
390003,2,38,2,STAT_HITPOW,Precisão
390004,2,40,2,STAT_DODGEPOW,Evasão
390005,2,67,100,STAT_CONRESRATE,Resistência a Debuff
390006,2,66,100,STAT_CONHITRATE,Taxa de Acerto de Debuff
390007,2,42,3,STAT_CRIRESPOW,Res. a Crítico
390008,2,182,5,STAT_PVP_DEFPIERCE,Penetração de DEF PvP
390009,2,41,3,STAT_CRIHITPOW,Chance de Crítico
390010,0,0,0,,
390011,2,76,3,STAT_IMPULSIVEPOW,ATQ de Impacto
390012,2,74,3,STAT_PARRYDMGDECRATE,Red. de Dano do Bloqueio de Arma
390013,2,75,3,STAT_IMPULSIVERES,DEF de Impacto
390014,2,99,3,STAT_WEAPONATKRES,Res ATQ de Arma
390015,2,78,3,STAT_CUTTINGPOW,ATQ de Corte
390016,2,40,2,STAT_DODGEPOW,Evasão
390017,0,0,0,,
390018,3,40,3,STAT_DODGEPOW,Evasão
390019,2,103,12,STAT_DOUBLERES,Res ATQ Máx.
390020,2,104,12,STAT_P_ADDDMG,Dano Físico Fixo
390021,2,8,3,STAT_P_DEFPOW,DEF Física
390022,2,21,3,STAT_F_DEFPOW,DEF de Força
390023,2,79,3,STAT_PIERCINGRES,DEF Penetr.
390024,2,77,3,STAT_CUTTINGRES,DEF de Corte
390025,0,0,0,,
390026,3,162,12,STAT_SKILLDMGINC_MULTI,Dano Fixo em Área
390027,2,40,3,STAT_DODGEPOW,Evasão
390028,2,159,12,STAT_P_DEFPIERCE,Penetração de DEF Física
390029,2,37,230,STAT_MAXHP,HP Máx.
390030,2,42,3,STAT_CRIRESPOW,Res. a Crítico
390031,0,0,0,,
390032,0,0,0,,
390033,2,66,200,STAT_CONHITRATE,Taxa de Acerto de Debuff
390034,2,42,4,STAT_CRIRESPOW,Res. a Crítico
390035,3,37,270,STAT_MAXHP,HP Máx.
390036,2,40,4,STAT_DODGEPOW,Evasão
390037,2,83,4,STAT_ACTIONSPEEDRATE,Velocidade de Conjuração
390038,2,38,3,STAT_HITPOW,Precisão
390039,2,67,400,STAT_CONRESRATE,Resistência a Debuff
390040,0,0,0,,
390041,0,0,0,,
390042,0,0,0,,
390043,2,99,3,STAT_WEAPONATKRES,Res ATQ de Arma
390044,2,162,6,STAT_SKILLDMGINC_MULTI,Dano Fixo em Área
390045,0,0,0,,
390046,2,37,100,STAT_MAXHP,HP Máx.
390047,0,0,0,,
390048,2,177,3,STAT_UG_HACKINGRESRATE,Resistência a Hackeamento
390049,0,0,0,,
390050,3,40,2,STAT_DODGEPOW,Evasão
390051,2,77,4,STAT_CUTTINGRES,DEF de Corte
390052,2,75,4,STAT_IMPULSIVERES,DEF de Impacto
390053,3,85,4,STAT_NONBATTLE_HPRECOVERYRATE,Taxa de Recuperação de HP Fora de Combate
390054,2,105,8,STAT_F_ADDDMG,Dano Fixo de Força
390055,2,79,4,STAT_PIERCINGRES,DEF Penetr.
390056,2,39,8,STAT_CRIDMG,Dano Crítico
390057,3,107,3,STAT_P_SUBDMG,Resistência a Dano Físico Fixo
390058,2,108,3,STAT_F_SUBDMG,Res. Dano Força Fixo
390059,2,9,3,STAT_P_HITPOW,Precisão Física
390060,2,22,3,STAT_F_HITPOW,Precisão de Força
390061,3,83,2,STAT_ACTIONSPEEDRATE,Velocidade de Conjuração
390062,2,99,3,STAT_WEAPONATKRES,Res ATQ de Arma
390063,2,74,4,STAT_PARRYDMGDECRATE,Red. de Dano do Bloqueio de Arma
390064,2,76,4,STAT_IMPULSIVEPOW,ATQ de Impacto
390065,3,85,4,STAT_NONBATTLE_HPRECOVERYRATE,Taxa de Recuperação de HP Fora de Combate
390066,2,78,4,STAT_CUTTINGPOW,ATQ de Corte
390067,2,100,4,STAT_NORMAL_DOUBLE,Taxa Acer. ATQ Nor. MÁX
390068,2,101,4,STAT_SKILL_DOUBLE,Taxa Acer. ATQ de Hab. MÁX
390069,3,21,2,STAT_F_DEFPOW,DEF de Força
390070,2,8,2,STAT_P_DEFPOW,DEF Física
390071,2,96,6,STAT_MAXFPRATE,Aumento de FP Máx.
390072,2,93,2,STAT_GIVECRIDMGINCRATE,Dano Crít.
390073,3,152,3,STAT_PVE_SUBDMG,Resistência a Dano Fixo PvE
390074,2,151,3,STAT_PVE_ADDDMG,Dano Fixo PvE
390075,2,75,4,STAT_IMPULSIVERES,DEF de Impacto
390076,2,77,4,STAT_CUTTINGRES,DEF de Corte
390077,3,79,4,STAT_PIERCINGRES,DEF Penetr.
390078,2,169,200,STAT_HEALDEC,Diminuição da Rec. de Hab. de Cura
390079,2,20,2,STAT_F_ATKPOW,ATQ de Força
390080,2,7,2,STAT_P_ATKPOW,ATQ Físico
390081,3,121,300,STAT_SLEEPHITRATE,Taxa de Acerto de Sono
390082,2,159,4,STAT_P_DEFPIERCE,Penetração de DEF Física
390083,2,23,3,STAT_F_CRIHITPOW,Taxa Crít. FOR
390084,2,10,3,STAT_P_CRIHITPOW,Taxa Crít. FÍS
390085,3,162,4,STAT_SKILLDMGINC_MULTI,Dano Fixo em Área
390086,2,115,200,STAT_SKILLDMGINCRATE_ALL,Aum. de Dano de Hab.
390087,2,178,3,STAT_UG_RESTRICTIONHITRATE,Taxa de Acerto de Restrição
390088,2,126,300,STAT_PULLHITRATE,Taxa de Acerto de Puxão
390089,3,150,30,STAT_STIFFTIMEDECRATE,Redução da Duração de Cambaleio
390090,2,42,3,STAT_CRIRESPOW,Res. a Crítico
390091,2,7,3,STAT_P_ATKPOW,ATQ Físico
390092,2,20,3,STAT_F_ATKPOW,ATQ de Força
390093,3,21,3,STAT_F_DEFPOW,DEF de Força
390094,2,8,3,STAT_P_DEFPOW,DEF Física
390095,2,11,8,STAT_P_CRIDMG,Dano Crít. FÍS
390096,2,74,6,STAT_PARRYDMGDECRATE,Red. de Dano do Bloqueio de Arma
390097,3,78,6,STAT_CUTTINGPOW,ATQ de Corte
390098,2,76,6,STAT_IMPULSIVEPOW,ATQ de Impacto
390099,2,24,8,STAT_F_CRIDMG,Dano Crít. FOR
390100,2,97,3,STAT_FPRECOVERY,Regen. de FP
390101,3,103,8,STAT_DOUBLERES,Res ATQ Máx.
390102,2,104,8,STAT_P_ADDDMG,Dano Físico Fixo
390103,2,83,3,STAT_ACTIONSPEEDRATE,Velocidade de Conjuração
390104,2,39,8,STAT_CRIDMG,Dano Crítico
390105,3,131,300,STAT_PROVOCATIONRESRATE,Resistência a Provocação
390106,2,132,300,STAT_SLEEPRESRATE,Resistência a Sono
390107,0,0,0,,
390108,2,97,3,STAT_FPRECOVERY,Regen. de FP
390109,2,99,4,STAT_WEAPONATKRES,Res ATQ de Arma
390110,0,0,0,,
390111,0,0,0,,
390112,0,0,0,,
390113,0,0,0,,
390114,0,0,0,,
390115,0,0,0,,
390116,2,85,4,STAT_NONBATTLE_HPRECOVERYRATE,Taxa de Recuperação de HP Fora de Combate
390117,2,93,2,STAT_GIVECRIDMGINCRATE,Dano Crít.
390118,2,42,2,STAT_CRIRESPOW,Res. a Crítico
390119,2,35,2,STAT_ATKPOW,ATQ
390120,2,112,100,STAT_F_DODGEPOW,Evasão de Força
500170,0,0,0,,
500171,0,0,0,,
500172,0,0,0,,
500173,0,0,0,,
500178,0,0,0,,
500180,0,0,0,,
500181,2,86,200,STAT_HPPOTIONREC,Rec. Inj. HP
500182,2,41,2,STAT_CRIHITPOW,Chance de Crítico
500183,2,36,2,STAT_DEFPOW,DEF
500184,2,35,2,STAT_ATKPOW,ATQ
500185,2,87,200,STAT_HPPOTIONRECRATE,Aum. Rec. Inj.
500186,2,105,2,STAT_F_ADDDMG,Dano Fixo de Força
500187,2,106,2,STAT_ADDDMG,Dano Fixo
500188,2,111,50,STAT_P_DODGEPOW,Evasão Física
500189,2,64,100,STAT_DMGDECRATE,Red. de Dano
500190,0,0,0,,
500191,0,0,0,,
500192,0,0,0,,
500193,0,0,0,,
500196,0,0,0,,
500197,0,0,0,,
500198,0,0,0,,
500199,0,0,0,,
500200,0,0,0,,
500201,0,0,0,,
500202,0,0,0,,
500203,0,0,0,,
500204,0,0,0,,
500205,0,0,0,,
500206,1,82,300,STAT_ATTACKSPEEDRATE,Velocidade de Ataque
500207,1,36,5,STAT_DEFPOW,DEF
500208,2,38,2,STAT_HITPOW,Precisão
500209,2,182,3,STAT_PVP_DEFPIERCE,Penetração de DEF PvP
500210,2,58,50,STAT_SKILLREUSEDECRATE_ALL,Red. de Tempo Rec. de Hab.
500211,1,98,5,STAT_HANGARREUSEDECRATE,Redução de Recarga do Hangar
500212,2,8,3,STAT_P_DEFPOW,DEF Física
500213,2,21,3,STAT_F_DEFPOW,DEF de Força
500214,2,102,4,STAT_DOUBLE,Taxa Acer. ATQ Máx.
500215,0,0,0,,
500216,0,0,0,,
500217,1,36,3,STAT_DEFPOW,DEF
500218,1,41,3,STAT_CRIHITPOW,Chance de Crítico
500219,0,0,0,,
500220,1,35,2,STAT_ATKPOW,ATQ
500221,0,0,0,,
500222,1,86,300,STAT_HPPOTIONREC,Rec. Inj. HP
500223,0,0,0,,
500224,0,0,0,,
500225,0,0,0,,
500226,0,0,0,,
500227,0,0,0,,
500228,0,0,0,,
500229,0,0,0,,
500230,1,147,10,STAT_FPUSEDEC,Redução de Consumo de FP
500231,1,61,100,STAT_PVEDMGINCRATE,Aum. de Dano PVE
500232,1,64,100,STAT_DMGDECRATE,Red. de Dano
500233,0,0,0,,
500234,1,8,3,STAT_P_DEFPOW,DEF Física
500235,0,0,0,,
500236,0,0,0,,
500237,3,36,3,STAT_DEFPOW,DEF
500238,1,98,2,STAT_HANGARREUSEDECRATE,Redução de Recarga do Hangar
500239,1,102,2,STAT_DOUBLE,Taxa Acer. ATQ Máx.
500240,1,82,100,STAT_ATTACKSPEEDRATE,Velocidade de Ataque
500241,0,0,0,,
500242,0,0,0,,
500243,0,0,0,,
500244,0,0,0,,
500245,0,0,0,,
500246,0,0,0,,
500247,0,0,0,,
500248,0,0,0,,
500249,0,0,0,,
500250,0,0,0,,
500251,0,0,0,,
500252,0,0,0,,
500253,0,0,0,,
500254,0,0,0,,
500255,0,0,0,,
500256,0,0,0,,
500257,0,0,0,,
500258,0,0,0,,
500259,0,0,0,,
500260,0,0,0,,
500261,0,0,0,,
500262,0,0,0,,
500263,0,0,0,,
500264,0,0,0,,
500265,0,0,0,,
500266,0,0,0,,
500267,0,0,0,,
500268,0,0,0,,
500269,0,0,0,,
500270,0,0,0,,
500271,0,0,0,,
500272,0,0,0,,
500273,1,33,3,STAT_WEAPONATKPOW,ATQ da Arma
