NPCIndex,NPCNamePTBR,NPCLevel,RewardIndex,SubGroupIndex,EXPBaseMin,ObservedTarget,DifferenceFromObserved
305901,Guarda de Fronteira Beltran,10,1000000,1000020010,10,16303,-16293
305902,Combatente Mecânico Beltran,10,1000001,1000020010,10,16303,-16293
305903,Beltran Fora da Lei Incendiário,10,1000002,1000020010,10,16303,-16293
305904,Lutador de Facas Fora da Lei Beltran,11,1000003,1000020011,11,16303,-16292
305914,Lutador de Facas Fora da Lei Beltran,11,1000004,1000020011,11,16303,-16292
305905,Beltran Bork Laser,11,1000005,1000020011,11,16303,-16292
305906,Sentinela Soma Beltran,11,1000006,1000020011,11,16303,-16292
305907,Beltran Soma Tropas de Choque,12,1000007,1000020012,12,16303,-16291
305908,Drone de Patrulha Beltran,12,1000008,1000020012,12,16303,-16291
305909,Sentinela Beltran,12,1000009,1000020012,12,16303,-16291
305910,Super Soldado Beltran,13,1000010,1000020013,14,16303,-16289
305912,Beltran Passer Alpha,13,1000011,1000020013,14,16303,-16289
305913,Mercenário Beltran Crawler,13,1000012,1000020013,14,16303,-16289
305911,Cavalaria Pesada Beltran,13,1000013,1000020013,14,16303,-16289
308801,Lowed Cirurgião Lydian,14,1000014,1000020014,16,16303,-16287
308802,Lowed Médico Lydian,14,1000015,1000020014,16,16303,-16287
308803,Lowed Pathfinder,15,1000016,1000020015,18,16303,-16285
308804,Lowed Sentinela,15,1000017,1000020015,18,16303,-16285
308805,Lowed Super Soldado,16,1000018,1000020016,20,16303,-16283
308806,Lowed Mula Armada,16,1000019,1000020016,20,16303,-16283
305801,Flem Lowed,17,1000020,1000020017,23,16303,-16280
305802,Ash Lowed,17,1000021,1000020017,23,16303,-16280
305803,Symbi Lowed,18,1000022,1000020018,26,16303,-16277
305804,Lowed Rastreador Ferinky,18,1000023,1000020018,26,16303,-16277
305805,Lowed Ferinky Sniper,19,1000024,1000020019,29,16303,-16274
305806,Lowed Ferinky Lutador,19,1000025,1000020019,29,16303,-16274
306201,Rastreador de Clops da Fronteira,20,1000026,1000020020,33,16303,-16270
306202,Destruidor de Clops da Fronteira,20,1000027,1000020020,33,16303,-16270
306203,Frontal Clops Sniper,20,1000028,1000020020,33,16303,-16270
306204,Lutador de Facas Fora da Lei da Fronteira,21,1000029,1000020021,37,16303,-16266
306205,Incendiário Fora-da-Lei da Fronteira,21,1000030,1000020021,37,16303,-16266
306206,Choqueiro Fora-da-lei da Fronteira,21,1000031,1000020021,37,16303,-16266
308105,Rosetta Saqueador Predo,23,1000032,1000020023,45,16303,-16258
308106,Rosetta Atirador Predo,23,1000033,1000020023,45,16303,-16258
308107,Saqueador Equesian Rosetta,23,1000034,1000020023,45,16303,-16258
308108,Rosetta Atirador Equesian,24,1000035,1000020024,50,16303,-16253
308109,Rosetta Guerreiro Crawler,24,1000036,1000020024,50,16303,-16253
308110,Sentinela Rosetta Crawler,24,1000037,1000020024,50,16303,-16253
308103,Criador de Rosetta Mahr,22,1000038,1000020022,41,16303,-16262
308104,Anfitrião Rosetta Mahr,23,1000039,1000020023,45,16303,-16258
308101,Rosetta Silex,22,1000040,1000020022,41,16303,-16262
308102,Rosetta Catus,22,1000041,1000020022,41,16303,-16262
308214,Veris Meevlan,25,1000042,1000020025,55,16303,-16248
308208,Lutador de Facas Fora da Lei Veris,25,1000043,1000020025,55,16303,-16248
308211,Veris Atirador Fora da Lei,25,1000044,1000020025,55,16303,-16248
308212,Veris Fora da Lei Bruiser,25,1000045,1000020025,55,16303,-16248
308215,Veris Grumble,26,1000046,1000020026,60,16303,-16243
308216,Veris Grumble Oul,26,1000047,1000020026,60,16303,-16243
308217,Percevejo Veris,26,1000048,1000020026,60,16303,-16243
308201,Veris Gafftail,26,1000049,1000020026,60,16303,-16243
308304,Flem das Colinas,27,1000050,1000020027,65,16303,-16238
308301,Estilhaçador das Colinas,27,1000051,1000020027,65,16303,-16238
308302,Kaigar das Colinas,27,1000052,1000020027,65,16303,-16238
308303,Temizl das Colinas,27,1000053,1000020027,65,16303,-16238
308310,Mahr das Colinas,27,1000054,1000020027,65,16303,-16238
308307,Lunker das Colinas,27,1000055,1000020027,65,16303,-16238
308305,Gladiador Predo das Colinas,28,1000056,1000020028,71,16303,-16232
308306,Infantaria Predo das Colinas,28,1000057,1000020028,71,16303,-16232
308311,Saqueador Predo das Colinas,28,1000058,1000020028,71,16303,-16232
308312,Atirador Predo das Colinas,28,1000059,1000020028,71,16303,-16232
308308,Guerreiro Crawler das Colinas,28,1000060,1000020028,71,16303,-16232
308309,Sentinela Foothills Crawler,28,1000061,1000020028,71,16303,-16232
307601,Lutador de Faca Fora da Lei Anakade,29,1000062,1000020029,77,16303,-16226
307602,Anakade Atirador Fora da Lei,29,1000063,1000020029,77,16303,-16226
307603,Anakade Fora da Lei Bruiser,29,1000064,1000020029,77,16303,-16226
307604,Bork Laser Anakade,29,1000065,1000020029,77,16303,-16226
307605,Bork de Assalto Anakade,29,1000066,1000020029,77,16303,-16226
307609,Anakade Ferinky Lutador,30,1000067,1000020030,83,16303,-16220
307610,Rastreador Ferinky de Anakade,30,1000068,1000020030,83,16303,-16220
307607,Combatente Mecânico Anakade,30,1000069,1000020030,83,16303,-16220
307608,Sentinela Anakade,30,1000070,1000020030,83,16303,-16220
307611,Cavalaria Pesada Anakade,30,1000071,1000020030,83,16303,-16220
308501,Drone Peep Somora,31,1000072,1000020031,89,16303,-16214
308504,Drone Farejador Somora,31,1000073,1000020031,89,16303,-16214
308505,Espadachim Mecânico Somora,31,1000074,1000020031,89,16303,-16214
308502,Somora Passer Alpha,31,1000075,1000020031,89,16303,-16214
308503,Somora Passer Gamma,31,1000076,1000020031,89,16303,-16214
308506,Lunker Somora,31,1000077,1000020031,89,16303,-16214
308507,Chuti Somora,31,1000078,1000020031,89,16303,-16214
308508,Scud Pesado Somora,31,1000079,1000020031,89,16303,-16214
308509,Ravenous Somora,31,1000080,1000020031,89,16303,-16214
305601,Mayazar Meevlan,32,1000081,1000020032,96,16303,-16207
305607,Mayazar Symbi,32,1000082,1000020032,96,16303,-16207
305605,Mayazar Anabola,32,1000083,1000020032,96,16303,-16207
305606,Atirador da Gangue Mayazar,32,1000084,1000020032,96,16303,-16207
305608,Mayazar Kaigar,32,1000085,1000020032,96,16303,-16207
305602,Brutamontes da Gangue Mayazar,32,1000086,1000020032,96,16303,-16207
305610,Lutador com Faca da Gangue Mayazar,32,1000087,1000020032,96,16303,-16207
305611,Gaff de Mayazar,32,1000088,1000020032,96,16303,-16207
305612,Abraço de Mayazar,32,1000089,1000020032,96,16303,-16207
305603,Assassino Soma Mayazar,32,1000090,1000020032,96,16303,-16207
305609,Mayazar Soma Shocktrooper,32,1000091,1000020032,96,16303,-16207
305604,Mayazar Soma Shockmancer,32,1000092,1000020032,96,16303,-16207
305701,Catador de Sucata do Campo de Treinamento,33,1000093,1000020033,103,16303,-16200
305702,Junker do Campo de Treinamento,33,1000094,1000020033,103,16303,-16200
305703,G-Box do Campo de Treinamento,33,1000095,1000020033,103,16303,-16200
305704,Guerreiro Manequim do Campo de Treinamento,33,1000096,1000020033,103,16303,-16200
305705,Atirador Manequim do Campo de Treinamento,33,1000097,1000020033,103,16303,-16200
305706,Mula Armada do Campo de Treinamento,34,1000098,1000020034,110,16303,-16193
305707,Campo de Treinamento Bork Laser,34,1000099,1000020034,110,16303,-16193
305708,Campo de Treinamento Bork de Assalto,34,1000100,1000020034,110,16303,-16193
305709,Campo de Treinamento Combate Bork,34,1000101,1000020034,110,16303,-16193
305710,Drone Farejador do Campo de Treinamento,34,1000102,1000020034,110,16303,-16193
308409,Catus Vulcan,35,1000103,1000020035,117,16303,-16186
308410,Vulcan Gafftail,35,1000104,1000020035,117,16303,-16186
308408,Vulcan Arghol,35,1000105,1000020035,117,16303,-16186
308407,Vulcan Flem,35,1000106,1000020035,117,16303,-16186
308405,Sentinela Crawler Vulcan,35,1000107,1000020035,117,16303,-16186
308406,Guerreiro Crawler Vulcan,36,1000108,1000020036,125,16303,-16178
308401,Rastreador Vulcan Ferinky,36,1000109,1000020036,125,16303,-16178
308402,Sentinela Vulcan Ferinky,36,1000110,1000020036,125,16303,-16178
308403,Invasor Vulcan Ferinky,36,1000111,1000020036,125,16303,-16178
308404,Portuário Lydian Vulcan,36,1000112,1000020036,125,16303,-16178
308411,Vulcan Clod,36,1000113,1000020036,125,16303,-16178
305401,Lagarto Skadi,37,1000114,1000020037,133,16303,-16170
305402,Skadi Fezal,37,1000115,1000020037,133,16303,-16170
305403,Skadi Fera de Guerra,37,1000116,1000020037,133,16303,-16170
305405,Sentinela Skadi Helas,37,1000117,1000020037,133,16303,-16170
305406,Skadi Helas Combatente Mecânico,37,1000118,1000020037,133,16303,-16170
305407,Cavalaria Pesada Skadi Helas,37,1000119,1000020037,133,16303,-16170
305404,Estilhaçador Skadi,38,1000120,1000020038,141,16303,-16162
340201,Sentinela Android,5,1000120,1000020038,141,16303,-16162
340202,Defensor Android,5,1000120,1000020038,141,16303,-16162
340203,Fuzileiro Android,5,1000120,1000020038,141,16303,-16162
340204,Choque de Android,5,1000120,1000020038,141,16303,-16162
340205,Sniper Android,5,1000120,1000020038,141,16303,-16162
340206,Escolta Android,5,1000120,1000020038,141,16303,-16162
340207,Comandante Android,60,1000120,1000020038,141,16303,-16162
305408,Skadi Vafer,38,1000121,1000020038,141,16303,-16162
305409,Skadi Lunker,38,1000122,1000020038,141,16303,-16162
305410,Deserto de Skadi Klon,38,1000123,1000020038,141,16303,-16162
305411,Fera Selvagem Skadi,38,1000124,1000020038,141,16303,-16162
305412,Skadi Dagan,38,1000125,1000020038,141,16303,-16162
306001,Dorian Percevejo Fedorento,39,1000126,1000020039,149,16303,-16154
306002,Lagarto Dorian,39,1000127,1000020039,149,16303,-16154
306003,Dorian Estilhaçador,39,1000128,1000020039,149,16303,-16154
306004,Dorian Guerreiro Nether,39,1000129,1000020039,149,16303,-16154
306005,Dorian Aniquilador Nether,39,1000130,1000020039,149,16303,-16154
306006,Dorian Sentinela Nether,39,1000131,1000020039,149,16303,-16154
306007,Infectado Mutante,39,1000132,1000020039,149,16303,-16154
306011,Soldado Accretia Infectado,39,1000133,1000020039,149,16303,-16154
306008,Lagarto Dorian Infectado,39,1000134,1000020039,149,16303,-16154
306099,,39,1000134,1000020039,149,16303,-16154
306009,Estilhaçador Dorian Infectado,39,1000135,1000020039,149,16303,-16154
306010,Soldado Bellato Infectado,39,1000136,1000020039,149,16303,-16154
306101,Assassino do Submundo Dorian,40,1000137,1000020040,159,16303,-16144
306102,Destruidor de Submundo Dorian,40,1000138,1000020040,159,16303,-16144
306103,Dorian Atirador de Elite Nether,40,1000139,1000020040,159,16303,-16144
306105,Canibal Dorian Infectado,40,1000140,1000020040,159,16303,-16144
306106,Larva Dorian Infectada,40,1000141,1000020040,159,16303,-16144
306107,Sacerdote Cora Infectado,40,1000142,1000020040,159,16303,-16144
306108,Canibal Dorian,40,1000143,1000020040,159,16303,-16144
306109,Larva Dorian,40,1000144,1000020040,159,16303,-16144
306110,Nezad Dorian,40,1000145,1000020040,159,16303,-16144
307505,Clod Cauldron,41,1000146,1000020041,179,16303,-16124
306199,,40,1000147,1000020041,179,16303,-16124
307506,Nyoka Cauldron,41,1000147,1000020041,179,16303,-16124
307508,Silex Cauldron,41,1000148,1000020041,179,16303,-16124
307510,Nezad Cauldron,41,1000149,1000020041,179,16303,-16124
307597,Estilhaçador Selvagem,42,1000150,1000020042,209,16303,-16094
307501,Rastreador de Caldeirão,42,1000151,1000020042,209,16303,-16094
307502,Incendiário do Caldeirão,42,1000152,1000020042,209,16303,-16094
307509,Demolis Cauldron,41,1000153,1000020041,179,16303,-16124
307595,Arghol Selvagem,42,1000154,1000020042,209,16303,-16094
307598,Bork de Assalto Desenfreado,42,1000155,1000020042,209,16303,-16094
307503,Atirador de Caldeirão,42,1000156,1000020042,209,16303,-16094
307504,Brutamontes do Caldeirão,42,1000157,1000020042,209,16303,-16094
307507,Ravenous Cauldron,42,1000158,1000020042,209,16303,-16094
307596,Brutal Selvagem,42,1000159,1000020042,209,16303,-16094
307599,Junker Desenfreado,42,1000160,1000020042,209,16303,-16094
307301,Sniper Ghent Ferinky,43,1000161,1000020043,249,16303,-16054
307302,Ghent Ferinky Lutador,43,1000162,1000020043,249,16303,-16054
307305,,43,1000162,1000020043,249,16303,-16054
307303,Atirador Equesian de Ghent,43,1000163,1000020043,249,16303,-16054
307306,,43,1000163,1000020043,249,16303,-16054
307304,Saqueador Equesian de Ghent,43,1000164,1000020043,249,16303,-16054
307307,Portuário Lydian Ghent,43,1000165,1000020043,249,16303,-16054
307308,Cirurgião Lydian de Ghent,44,1000166,1000020044,299,16303,-16004
307309,Ghent Saura Tropas de Choque,44,1000167,1000020044,299,16303,-16004
307310,Sniper Ghent Saura,44,1000168,1000020044,299,16303,-16004
307311,Guerreiro Nether de Ghent,44,1000169,1000020044,299,16303,-16004
307312,Sentinela Nether de Ghent,44,1000170,1000020044,299,16303,-16004
307313,Aniquilador Nether de Ghent,44,1000171,1000020044,299,16303,-16004
307397,Pathfinder Enfurecido,44,1000172,1000020044,299,16303,-16004
307398,Junker Desenfreado,44,1000173,1000020044,299,16303,-16004
307399,Bork de Assalto Desenfreado,44,1000174,1000020044,299,16303,-16004
307406,Lagarto Galio Infectado,45,1000175,1000020045,359,16303,-15944
307409,Estilhaçador Galio Infectado,45,1000176,1000020045,359,16303,-15944
307405,Galio Nezad Infectado,45,1000177,1000020045,359,16303,-15944
307411,Larva de Galio Infectada,45,1000178,1000020045,359,16303,-15944
307407,Sacerdote Infectado,46,1000179,1000020046,429,16303,-15874
307408,Talpa Infectado,46,1000180,1000020046,429,16303,-15874
307410,Galio Canibal Infectado,46,1000181,1000020046,429,16303,-15874
307414,Estilhaçador Selvagem,46,1000182,1000020046,429,16303,-15874
307420,Soldado Accretia Infectado,46,1000183,1000020046,429,16303,-15874
307421,Canibal Selvagem,46,1000184,1000020046,429,16303,-15874
307422,Fantasma Blindado Enfurecido,46,1000185,1000020046,429,16303,-15874
307401,Galio Guerreiro Nether,45,1000186,1000020045,359,16303,-15944
307403,Galio Sentinela Nether,46,1000187,1000020046,429,16303,-15874
307404,Galio Aniquilador Nether,46,1000188,1000020046,429,16303,-15874
306401,Spire Brutal,47,1000189,1000020047,509,16303,-15794
306402,Spire Infernal Draco,47,1000190,1000020047,509,16303,-15794
306403,Spire Symbi,47,1000191,1000020047,509,16303,-15794
306407,Nipper Vafer Spire,47,1000192,1000020047,509,16303,-15794
306412,Spire Rex Vafer,47,1000193,1000020047,509,16303,-15794
306406,Cinzas da Spire,47,1000194,1000020047,509,16303,-15794
306410,Spire Mortal Vafer,47,1000195,1000020047,509,16303,-15794
306409,Spire Ladino Vafer,47,1000196,1000020047,509,16303,-15794
306408,Spire Saqueador Predo,47,1000197,1000020047,509,16303,-15794
306411,Spire Atirador Predo,47,1000198,1000020047,509,16303,-15794
306405,Fera Selvagem da Spire,47,1000199,1000020047,509,16303,-15794
306404,Spire Anabola,47,1000200,1000020047,509,16303,-15794
306497,Bork de Assalto Desenfreado,47,1000201,1000020047,509,16303,-15794
306498,Brutal Selvagem,47,1000202,1000020047,509,16303,-15794
306499,Simbiote Selvagem,47,1000203,1000020047,509,16303,-15794
306617,Controle Abiectio Bork,48,1000204,1000020048,599,16303,-15704
306618,Abiectio Bork de Assalto,48,1000205,1000020048,599,16303,-15704
306619,Bot de Vigilância Abiectio,48,1000206,1000020048,599,16303,-15704
306620,Abiectio Bork Laser,48,1000207,1000020048,599,16303,-15704
306621,Abiectio Anabola,48,1000208,1000020048,599,16303,-15704
306622,Demolição Abiectio,48,1000209,1000020048,599,16303,-15704
306623,Abiectio Mahr,48,1000210,1000020048,599,16303,-15704
306624,Abiectio Glatt,48,1000211,1000020048,599,16303,-15704
306625,Exílio Infectado,48,1000212,1000020048,599,16303,-15704
306626,Arqueiro Abiectio,48,1000213,1000020048,599,16303,-15704
306627,Arquivista Abiectio,48,1000214,1000020048,599,16303,-15704
306697,Pathfinder Desenfreado,48,1000215,1000020048,599,16303,-15704
306698,Canibal Selvagem,48,1000216,1000020048,599,16303,-15704
306699,Arghol Selvagem,48,1000217,1000020048,599,16303,-15704
308704,Nezad Khran,49,1000218,1000020049,689,16303,-15614
308709,Anabola Khran,49,1000219,1000020049,689,16303,-15614
308701,Percevejo Khran,49,1000220,1000020049,689,16303,-15614
308707,Larva Óptica Khran,49,1000221,1000020049,689,16303,-15614
308708,Lapis Khran,49,1000222,1000020049,689,16303,-15614
308715,Ravenous Khran,49,1000223,1000020049,689,16303,-15614
308716,Arghol Selvagem,49,1000224,1000020049,689,16303,-15614
308717,Fantasma Enfurecido,49,1000225,1000020049,689,16303,-15614
308718,Simbiote Selvagem,49,1000226,1000020049,689,16303,-15614
308712,Khran Mentalista Palid,49,1000227,1000020049,689,16303,-15614
308713,Khran Feiticeiro Palid,50,1000228,1000020050,779,16303,-15524
308714,Khran Guardião Palid,50,1000229,1000020050,779,16303,-15524
308703,Rastreador Khran Ferinky,50,1000230,1000020050,779,16303,-15524
308705,Khran Saqueador Predo,50,1000231,1000020050,779,16303,-15524
308706,Khran Atirador Predo,50,1000232,1000020050,779,16303,-15524
308710,Khran Saqueador Equesian,50,1000233,1000020050,779,16303,-15524
308711,Khran Atirador Equesian,50,1000234,1000020050,779,16303,-15524
308702,Khran Ferinky Lutador,50,1000235,1000020050,779,16303,-15524
306908,Arremessador Snatcher do Pântano,51,1000236,1000020051,869,16303,-15434
306909,Lanceiro Snatcher do Pântano,51,1000237,1000020051,869,16303,-15434
8001,Rastreador de Caldeirão,80,1000238,1000020051,869,16303,-15434
8002,Junker Desenfreado,80,1000238,1000020051,869,16303,-15434
306912,Machadista Snatcher do Pântano,51,1000238,1000020051,869,16303,-15434
306901,Demolis do Pântano,51,1000239,1000020051,869,16303,-15434
306913,Fantasma Enfurecido,51,1000240,1000020051,869,16303,-15434
306918,Arghol Selvagem,51,1000241,1000020051,869,16303,-15434
306902,Demolis Infernal do Pântano,51,1000242,1000020051,869,16303,-15434
306916,Fantasma Blindado Enfurecido,51,1000243,1000020051,869,16303,-15434
306917,Brutal Selvagem,51,1000244,1000020051,869,16303,-15434
306910,Arquivista do Pântano,52,1000245,1000020052,969,16303,-15334
306911,Missionário do Pântano,52,1000246,1000020052,969,16303,-15334
306903,Ladino Vafer do Pântano,52,1000247,1000020052,969,16303,-15334
306904,Pântano Mortal Vafer,52,1000248,1000020052,969,16303,-15334
306905,Anabola do Pântano,51,1000249,1000020051,869,16303,-15434
306906,Ertelem do Pântano,52,1000250,1000020052,969,16303,-15334
306907,Dagan do Pântano,52,1000251,1000020052,969,16303,-15334
306701,Mortum Mahr,53,1000252,1000020053,1069,16303,-15234
306702,Criador Mortum Mahr,53,1000253,1000020053,1069,16303,-15234
306703,Besouro Fedido Mortum,53,1000254,1000020053,1069,16303,-15234
306796,Simbionte Selvagem,54,1000255,1000020054,1169,16303,-15134
306704,Cinzas de Mortum,53,1000256,1000020053,1069,16303,-15234
306705,Mortum Meevlan,53,1000257,1000020053,1069,16303,-15234
306706,Mortum Grumble,53,1000258,1000020053,1069,16303,-15234
306797,Estilhaçador Selvagem,54,1000259,1000020054,1169,16303,-15134
306707,Mortum Saqueador Predo,54,1000260,1000020054,1169,16303,-15134
306708,Atirador Predo Mortum,54,1000261,1000020054,1169,16303,-15134
306709,Mortum Gafftail,54,1000262,1000020054,1169,16303,-15134
306798,Arghol Selvagem,54,1000263,1000020054,1169,16303,-15134
306710,Rastreador Mortum Ferinky,54,1000264,1000020054,1169,16303,-15134
306711,Sniper Mortum Ferinky,54,1000265,1000020054,1169,16303,-15134
306712,Mortum Ferinky Lutador,54,1000266,1000020054,1169,16303,-15134
306799,Bork de Assalto Desenfreado,54,1000267,1000020054,1169,16303,-15134
306806,Ash Ígneo Onyx,55,1000268,1000020055,1269,16303,-15034
306805,Ash Onyx,55,1000269,1000020055,1269,16303,-15034
306801,Lagarto Onyx,55,1000270,1000020055,1269,16303,-15034
306803,Glatt Onyx,55,1000271,1000020055,1269,16303,-15034
306814,Estilhaçador Selvagem,55,1000272,1000020055,1269,16303,-15034
306815,Canibal Selvagem,55,1000273,1000020055,1269,16303,-15034
306816,Fantasma Enfurecido,55,1000274,1000020055,1269,16303,-15034
306804,Canibal Rex Onyx,55,1000275,1000020055,1269,16303,-15034
306807,Larva Infernal Onyx,55,1000276,1000020055,1269,16303,-15034
306802,Ancião Lagarto Onyx,55,1000277,1000020055,1269,16303,-15034
306808,Onyx Zealot,55,1000278,1000020055,1269,16303,-15034
306809,Arquivista Ônix,55,1000279,1000020055,1269,16303,-15034
306811,Iniciador de Fogo Ônix,55,1000280,1000020055,1269,16303,-15034
306812,Purificador de Ônix,55,1000281,1000020055,1269,16303,-15034
307701,Larva Infernal de Ferren,56,1000282,1000020056,1369,16303,-14934
307702,Larva Óptica Ferren,56,1000283,1000020056,1369,16303,-14934
307703,Larva Ferren Infectada,56,1000284,1000020056,1369,16303,-14934
307704,Estilhaçador Ferren Infectado,56,1000285,1000020056,1369,16303,-14934
307705,Sacerdote do Grande Templo Infectado,56,1000286,1000020056,1369,16303,-14934
307706,Talpa Infectado Ascético,56,1000287,1000020056,1369,16303,-14934
307707,Seguidor Infectado,56,1000288,1000020056,1369,16303,-14934
307708,Seguidor Mutante Infectado,56,1000289,1000020056,1369,16303,-14934
307709,Guarda Infectado,56,1000290,1000020056,1369,16303,-14934
307710,Lagarto Ferren Infectado,56,1000291,1000020056,1369,16303,-14934
307797,Canibal Selvagem,56,1000292,1000020056,1369,16303,-14934
307798,Estilhaçador Selvagem,56,1000293,1000020056,1369,16303,-14934
307799,Simbiôntico Selvagem,56,1000294,1000020056,1369,16303,-14934
306501,Hill Arghol,57,1000295,1000020057,1469,16303,-14834
306502,Hill Ertelem,57,1000296,1000020057,1469,16303,-14834
306503,Executor Errante,57,1000297,1000020057,1469,16303,-14834
306504,Colina Lapis,57,1000298,1000020057,1469,16303,-14834
306505,Lápis Hill Rigor,57,1000299,1000020057,1469,16303,-14834
306506,Devorador de Colinas,57,1000300,1000020057,1469,16303,-14834
306507,Sacerdote de Batalha Errante,57,1000301,1000020057,1469,16303,-14834
306508,Larva de Colina,57,1000302,1000020057,1469,16303,-14834
306509,Percevejo Fedorento Hill,57,1000303,1000020057,1469,16303,-14834
306510,Hill Kaigar,57,1000304,1000020057,1469,16303,-14834
306511,Hill Fezal,57,1000305,1000020057,1469,16303,-14834
306512,Hill Limpo,57,1000306,1000020057,1469,16303,-14834
306513,Lanceiro Errante,57,1000307,1000020057,1469,16303,-14834
306514,Carcereiro Errante,57,1000308,1000020057,1469,16303,-14834
306597,Estilhaçador Selvagem,57,1000309,1000020057,1469,16303,-14834
306598,Fantasma Enfurecido,57,1000310,1000020057,1469,16303,-14834
306599,Arghol Selvagem,57,1000311,1000020057,1469,16303,-14834
307001,Peregrino Flem,58,1000312,1000020058,1569,16303,-14734
307097,Arghol Selvagem,58,1000313,1000020058,1569,16303,-14734
307002,Peregrino Kaigar,58,1000314,1000020058,1569,16303,-14734
307003,Lagarto Peregrino,58,1000315,1000020058,1569,16303,-14734
307004,Peregrino Draco,58,1000316,1000020058,1569,16303,-14734
307005,Peregrino Ertelem,58,1000317,1000020058,1569,16303,-14734
307096,Simbiôntico Selvagem,58,1000318,1000020058,1569,16303,-14734
307098,Fantasma Enfurecido,58,1000319,1000020058,1569,16303,-14734
307006,Juiz Peregrino,58,1000320,1000020058,1569,16303,-14734
307007,Arqueiro Peregrino,58,1000321,1000020058,1569,16303,-14734
307008,Carcereiro Peregrino,58,1000322,1000020058,1569,16303,-14734
307009,Arquivista Peregrino,58,1000323,1000020058,1569,16303,-14734
307010,Acolito Peregrino,58,1000324,1000020058,1569,16303,-14734
307099,Fantasma Blindado Enfurecido,58,1000325,1000020058,1569,16303,-14734
307201,Brutal Caído,59,1000326,1000020059,1669,16303,-14634
307202,Mahr Caído,59,1000327,1000020059,1669,16303,-14634
307203,Draco Infernal Caído,59,1000328,1000020059,1669,16303,-14634
307204,Arquivista Caído,59,1000329,1000020059,1669,16303,-14634
307205,Carcereiro Caído,59,1000330,1000020059,1669,16303,-14634
307206,Zelote Caído,59,1000331,1000020059,1669,16303,-14634
307207,Executor Caído,59,1000332,1000020059,1669,16303,-14634
307208,Demolis Caído,60,1000333,1000020060,1769,16303,-14534
307209,Inquisidor Caído,60,1000334,1000020060,1769,16303,-14534
307210,Criador de Mahr Caído,60,1000335,1000020060,1769,16303,-14534
307211,Meevlan Caído,60,1000336,1000020060,1769,16303,-14534
307297,Arghol Selvagem,60,1000337,1000020060,1769,16303,-14534
307298,Estilhaçador Selvagem,60,1000338,1000020060,1769,16303,-14534
307299,Fantasma Enfurecido,60,1000339,1000020060,1769,16303,-14534
307101,Kaigar Numerus,61,1000340,1000020061,1969,16303,-14334
307102,Guerreiro Crawler Numerus,61,1000341,1000020061,1969,16303,-14334
307103,Caçador de Numerus Crawler,61,1000342,1000020061,1969,16303,-14334
307104,Catus Numerus,61,1000343,1000020061,1969,16303,-14334
307105,Lapis Numerus,61,1000344,1000020061,1969,16303,-14334
307106,Lapis Rigor Numerus,61,1000345,1000020061,1969,16303,-14334
307107,Numerus Bandido Equesiano,62,1000346,1000020062,2169,16303,-14134
307108,Numerus Atirador Equesian,62,1000347,1000020062,2169,16303,-14134
307109,Arqueiro Numerus,62,1000348,1000020062,2169,16303,-14134
307110,Numerus Lanceiro,62,1000349,1000020062,2169,16303,-14134
307111,Acolyte de Numerus,62,1000350,1000020062,2169,16303,-14134
307112,Numerus Zelote,62,1000351,1000020062,2169,16303,-14134
307197,Simbiôntico Selvagem,62,1000352,1000020062,2169,16303,-14134
307198,Junker Enfurecido,62,1000353,1000020062,2169,16303,-14134
307199,Fantasma Enfurecido,62,1000354,1000020062,2169,16303,-14134
305304,Combatente Vagabundo Rambler,63,1000355,1000020063,2469,16303,-13834
305306,Retalhador Vagabundo Rambler,63,1000356,1000020063,2469,16303,-13834
305305,Atirador Vagabundo Rambler,63,1000357,1000020063,2469,16303,-13834
305307,Berserker Vagabundo Rambler,63,1000358,1000020063,2469,16303,-13834
305301,Espadachim Mech Rambler,63,1000359,1000020063,2469,16303,-13834
305303,Drone Peep Rambler,63,1000360,1000020063,2469,16303,-13834
305509,,66,1000360,1000020063,2469,16303,-13834
305302,Artilheiro Mecânico Rambler,63,1000361,1000020063,2469,16303,-13834
305308,Grumble Rambler,63,1000362,1000020063,2469,16303,-13834
305309,Grumble Gancho Rambler,63,1000363,1000020063,2469,16303,-13834
305310,Glatt Rambler,63,1000364,1000020063,2469,16303,-13834
305311,Lapis Rambler,63,1000365,1000020063,2469,16303,-13834
305502,,66,1000365,1000020063,2469,16303,-13834
305312,Lunker Rambler,63,1000366,1000020063,2469,16303,-13834
305510,,66,1000366,1000020063,2469,16303,-13834
305397,Junker Desenfreado,63,1000367,1000020063,2469,16303,-13834
305398,Bork de Assalto Desenfreado,63,1000368,1000020063,2469,16303,-13834
305399,Estilhaçador Selvagem,63,1000369,1000020063,2469,16303,-13834
312508,Catus Blackstone,64,1000370,1000020064,2869,16303,-13434
305512,,53,1000371,1000020064,2869,16303,-13434
312509,Estilhaçador Blackstone,64,1000371,1000020064,2869,16303,-13434
305513,,53,1000372,1000020064,2869,16303,-13434
312510,Grumble de Blackstone,64,1000372,1000020064,2869,16303,-13434
312503,Guerreiro Blackstone,64,1000373,1000020064,2869,16303,-13434
312504,Atirador Blackstone,64,1000374,1000020064,2869,16303,-13434
312506,Drone Farejador Blackstone,64,1000375,1000020064,2869,16303,-13434
312507,Passer Alpha de Blackstone,64,1000376,1000020064,2869,16303,-13434
312512,Rastreador Blackstone Saura,64,1000377,1000020064,2869,16303,-13434
312501,Blackstone Saura Shocktrooper,64,1000378,1000020064,2869,16303,-13434
312502,Franco-atirador Saura de Blackstone,64,1000379,1000020064,2869,16303,-13434
312607,Yusigula Seth,68,1000379,1000020064,2869,16303,-13434
312513,Guerreiro Saura de Blackstone,64,1000380,1000020064,2869,16303,-13434
312597,Estilhaçador Selvagem,64,1000381,1000020064,2869,16303,-13434
312598,Pathfinder Desenfreado,64,1000382,1000020064,2869,16303,-13434
312599,Bork de Assalto Desenfreado,64,1000383,1000020064,2869,16303,-13434
306301,Devorador Faminto,65,1000384,1000020065,3369,16303,-12934
306302,Klon do Deserto Faminto,65,1000385,1000020065,3369,16303,-12934
306303,Gafftail Faminto,65,1000386,1000020065,3369,16303,-12934
306304,Lanceiro Snatcher do Deserto,65,1000387,1000020065,3369,16303,-12934
306305,Machadista Snatcher do Deserto,65,1000388,1000020065,3369,16303,-12934
306306,Arremessador Snatcher do Deserto,65,1000389,1000020065,3369,16303,-12934
306307,Cavaleiro Snatcher do Deserto,65,1000390,1000020065,3369,16303,-12934
306308,Médico Enfurecido,65,1000391,1000020065,3369,16303,-12934
306309,Docker Enfurecido,65,1000392,1000020065,3369,16303,-12934
306310,Cirurgião Desenfreado,65,1000393,1000020065,3369,16303,-12934
306311,G-Box Enfurecido,65,1000394,1000020065,3369,16303,-12934
306397,Arghol Selvagem,65,1000395,1000020065,3369,16303,-12934
306398,Estilhaçador Selvagem,65,1000396,1000020065,3369,16303,-12934
306399,Bork de Assalto Desenfreado,65,1000397,1000020065,3369,16303,-12934
305507,Chuti Seth,66,1000398,1000020066,3969,16303,-12334
305504,Fezal Seth,66,1000399,1000020066,3969,16303,-12334
305508,Caçador Seth Crawler,66,1000400,1000020066,3969,16303,-12334
305505,Flem Seth,66,1000401,1000020066,3969,16303,-12334
305506,Lunker Seth,66,1000402,1000020066,3969,16303,-12334
305501,Seth Espadachim Mecânico,66,1000403,1000020066,3969,16303,-12334
305503,Drone Peep Seth,66,1000404,1000020066,3969,16303,-12334
305511,Seth Saqueador Predo,66,1000405,1000020066,3969,16303,-12334
305515,Seth Predo Gladiador,66,1000406,1000020066,3969,16303,-12334
305514,Sentinela Seth Predo,66,1000407,1000020066,3969,16303,-12334
305592,Bork de Assalto Desenfreado,66,1000408,1000020066,3969,16303,-12334
305598,Junker Desenfreado,66,1000409,1000020066,3969,16303,-12334
310501,Android Overmind,70,1000409,1000020066,3969,16303,-12334
305599,Arghol Selvagem,66,1000410,1000020066,3969,16303,-12334
310502,Android Overmind,70,1000410,1000020066,3969,16303,-12334
312601,Nyoka Seth,67,1000411,1000020067,4569,16303,-11734
312606,Ravenous Seth,67,1000412,1000020067,4569,16303,-11734
312605,Ferro-Velho de Seth Lutador com Faca,67,1000413,1000020067,4569,16303,-11734
312604,Atirador do Ferro-Velho de Seth,67,1000414,1000020067,4569,16303,-11734
312603,Rastreador do Ferro-Velho de Seth,67,1000415,1000020067,4569,16303,-11734
312602,Incendiário do Ferro-Velho de Seth,67,1000416,1000020067,4569,16303,-11734
312608,Seth Combatente Vagabundo,68,1000417,1000020067,4569,16303,-11734
312609,Seth Atirador Vagabundo,68,1000418,1000020068,5169,16303,-11134
312610,Seth Retalhador Vagabundo,68,1000419,1000020068,5169,16303,-11134
312611,Seth Berserker Vagabundo,68,1000420,1000020068,5169,16303,-11134
312697,Estilhaçador Selvagem,68,1000421,1000020068,5169,16303,-11134
312698,Junker Desenfreado,68,1000422,1000020068,5169,16303,-11134
312699,Bork de Assalto Enfurecido,68,1000423,1000020068,5169,16303,-11134
308606,Romulus Silex,69,1000424,1000020069,5869,16303,-10434
308601,Cavaleiro Pesado Romulus Soma,69,1000425,1000020069,5869,16303,-10434
308602,Assassino Romulus Soma,69,1000426,1000020069,5869,16303,-10434
308603,Romulus Soma Shockmancer,69,1000427,1000020069,5869,16303,-10434
308610,Destruidor Romulus Clops,69,1000428,1000020069,5869,16303,-10434
308611,Romulus Clops Sniper,69,1000429,1000020069,5869,16303,-10434
308612,Catador Romulus,69,1000430,1000020069,5869,16303,-10434
308613,Romulus Junker,69,1000431,1000020069,5869,16303,-10434
308604,Espadachim Mecha Romulus,69,1000432,1000020069,5869,16303,-10434
308608,Grumble Gancho Romulus,69,1000433,1000020069,5869,16303,-10434
308605,Romulus Drone Peep,69,1000434,1000020069,5869,16303,-10434
308607,Gafftail Romulus,69,1000435,1000020069,5869,16303,-10434
308697,Junker Desenfreado,69,1000436,1000020069,5869,16303,-10434
308609,,69,1000437,1000020069,5869,16303,-10434
308698,Estilhaçador Selvagem,69,1000437,1000020069,5869,16303,-10434
308699,Pathfinder Desenfreado,69,1000438,1000020069,5869,16303,-10434
307901,Requiétĭo Nyoka,70,1000439,1000020070,6569,16303,-9734
307902,Requiétĭo Silex,70,1000440,1000020070,6569,16303,-9734
307903,Requiétĭo Atirador Predo,70,1000441,1000020070,6569,16303,-9734
307904,Requiétĭo Cavaleiro Snatcher,70,1000442,1000020070,6569,16303,-9734
307905,Requiétĭo Lanceiro Snatcher,70,1000443,1000020070,6569,16303,-9734
307906,Requiétĭo Fezal,70,1000444,1000020070,6569,16303,-9734
307907,Requiétĭo Klon do Deserto,70,1000445,1000020070,6569,16303,-9734
307908,Requiétĭo Arremessador Snatcher,70,1000446,1000020070,6569,16303,-9734
307909,Requiétĭo Machadista Snatcher,70,1000447,1000020070,6569,16303,-9734
307910,Requiétĭo Saqueador Predo,70,1000448,1000020070,6569,16303,-9734
307997,Arghol Selvagem,70,1000449,1000020070,6569,16303,-9734
307998,Junker Desenfreado,70,1000450,1000020070,6569,16303,-9734
307999,Estilhaçador Selvagem,70,1000451,1000020070,6569,16303,-9734
307801,Combatente Vagabundo do Deserto,71,1000452,1000020071,7269,16303,-9034
307802,Atirador Vagabundo do Deserto,71,1000453,1000020071,7269,16303,-9034
307803,Retalhador Vagabundo do Deserto,71,1000454,1000020071,7269,16303,-9034
307804,Berserker Vagabundo do Deserto,71,1000455,1000020071,7269,16303,-9034
307805,Espadachim Mech do Deserto,71,1000456,1000020071,7269,16303,-9034
307806,Artilheiro de Mecha do Deserto,71,1000457,1000020071,7269,16303,-9034
307807,Drone Peep do Deserto,72,1000458,1000020072,8069,16303,-8234
307808,Deserto Nyoka,72,1000459,1000020072,8069,16303,-8234
307809,Torrão do Deserto,72,1000460,1000020072,8069,16303,-8234
307810,Deserto Yusigula,72,1000461,1000020072,8069,16303,-8234
307811,Verme da Areia do Deserto,72,1000462,1000020072,8069,16303,-8234
307812,Devorador do Deserto,72,1000463,1000020072,8069,16303,-8234
307813,Deserto Silex,72,1000464,1000020072,8069,16303,-8234
307897,Bork de Assalto Desenfreado,72,1000465,1000020072,8069,16303,-8234
307898,Junker Desenfreado,72,1000466,1000020072,8069,16303,-8234
307899,Arghol Selvagem,72,1000467,1000020072,8069,16303,-8234
312801,Ruínas Grumble,73,1000468,1000020073,8869,16303,-7434
312802,Ruínas Silex,73,1000469,1000020073,8869,16303,-7434
312803,Devorador de Ruínas,73,1000470,1000020073,8869,16303,-7434
312804,Combatente Vagabundo das Ruínas,73,1000471,1000020073,8869,16303,-7434
312805,Ruínas Atirador Vagabundo,73,1000472,1000020073,8869,16303,-7434
312806,Retalhador Vagabundo das Ruínas,73,1000473,1000020073,8869,16303,-7434
312807,Mula Armada das Ruínas,74,1000474,1000020074,9669,16303,-6634
312808,Berserker Vagabundo das Ruínas,74,1000475,1000020074,9669,16303,-6634
312809,Explorador de Ruínas,74,1000476,1000020074,9669,16303,-6634
312810,Ruínas Deserto Klon,74,1000477,1000020074,9669,16303,-6634
312811,Scud Pesado das Ruínas,74,1000478,1000020074,9669,16303,-6634
312812,Ruínas Clod,74,1000479,1000020074,9669,16303,-6634
312897,Bork de Assalto Desenfreado,74,1000480,1000020074,9669,16303,-6634
312898,Junker Desenfreado,74,1000481,1000020074,9669,16303,-6634
312899,Arghol Selvagem,74,1000482,1000020074,9669,16303,-6634
305201,Ramon Devorador,75,1000483,1000020075,10869,16303,-5434
305202,Ramon Clod,75,1000484,1000020075,10869,16303,-5434
305203,Ramon Dagan,75,1000485,1000020075,10869,16303,-5434
305204,Caçador Ramon Ferinky,75,1000486,1000020075,10869,16303,-5434
305205,Ramon Ferinky Atirador de Elite,75,1000487,1000020075,10869,16303,-5434
305206,Ramon Ferinky Brigão,75,1000488,1000020075,10869,16303,-5434
305207,Rastreador Ramon Clops,75,1000489,1000020075,10869,16303,-5434
305208,Ramon Clops Sniper,75,1000490,1000020075,10869,16303,-5434
305209,Destruidor Ramon Clops,75,1000491,1000020075,10869,16303,-5434
305210,Ramon Soma Guerreiro Pesado,75,1000492,1000020075,10869,16303,-5434
305211,Assassino Ramon Soma,75,1000493,1000020075,10869,16303,-5434
305212,Ramon Soma Shockmancer,75,1000494,1000020075,10869,16303,-5434
305213,Arghol Selvagem,75,1000495,1000020075,10869,16303,-5434
305214,Pathfinder Desenfreado,75,1000496,1000020075,10869,16303,-5434
305215,Junker Desenfreado,75,1000497,1000020075,10869,16303,-5434
312901,Passador de Patrulha Ramon,76,1000498,1000020076,12169,16303,-4134
312902,Drone de Patrulha Ramon,76,1000499,1000020076,12169,16303,-4134
312903,,76,1000499,1000020076,12169,16303,-4134
312904,Espadachim de Patrulha Ramon,76,1000500,1000020076,12169,16303,-4134
312905,Artilheiro de Patrulha Ramon,76,1000501,1000020076,12169,16303,-4134
312906,Ramon Gladiador,76,1000502,1000020076,12169,16303,-4134
312907,,76,1000503,1000020076,12169,16303,-4134
312908,Ramon Sniper,76,1000503,1000020076,12169,16303,-4134
312910,Drone Farejador Ramon,77,1000504,1000020077,13469,16303,-2834
312909,,77,1000505,1000020077,13469,16303,-2834
312912,Ramon Guerreiro Mech,77,1000505,1000020077,13469,16303,-2834
312913,Ramon Artilheiro Mecânico,77,1000506,1000020077,13469,16303,-2834
312911,,77,1000507,1000020077,13469,16303,-2834
312914,Ramon Bork Laser,77,1000507,1000020077,13469,16303,-2834
312997,Junker Enfurecido,77,1000508,1000020077,13469,16303,-2834
312998,Pathfinder Desenfreado,77,1000509,1000020077,13469,16303,-2834
312999,Bork de Assalto Desenfreado,77,1000510,1000020077,13469,16303,-2834
312915,Ramon Drone Peep,77,1000511,1000020078,14769,16303,-1534
313001,Rastreador Bale Ferinky,78,1000511,1000020078,14769,16303,-1534
313002,Sniper Bale Ferinky,78,1000512,1000020078,14769,16303,-1534
313004,Arremessador Snatcher Bale,78,1000513,1000020078,14769,16303,-1534
313005,Lanceiro Snatcher Bale,78,1000514,1000020078,14769,16303,-1534
313007,Bale Bork de Assalto,78,1000515,1000020078,14769,16303,-1534
313003,Catador de Sucata Bale,78,1000516,1000020078,14769,16303,-1534
313009,Bale Reitor,78,1000517,1000020078,14769,16303,-1534
313008,Venda Cirurgião Lydian,78,1000518,1000020078,14769,16303,-1534
313010,Mula Armada Bale,78,1000519,1000020078,14769,16303,-1534
313011,Bale Pathfinder,78,1000520,1000020078,14769,16303,-1534
313012,Atirador Bale Clops,78,1000521,1000020078,14769,16303,-1534
313013,Rastreador Bale Clops,78,1000522,1000020078,14769,16303,-1534
313014,Guerreiro Pesado Bale Soma,78,1000523,1000020078,14769,16303,-1534
313015,Assassino Bale Soma,78,1000524,1000020078,14769,16303,-1534
313016,Bale Soma Shockmancer,78,1000525,1000020078,14769,16303,-1534
313097,Junker Desenfreado,78,1000526,1000020078,14769,16303,-1534
313098,Bork de Assalto Desenfreado,78,1000527,1000020078,14769,16303,-1534
313099,Pathfinder Desenfreado,78,1000528,1000020078,14769,16303,-1534
305101,Guerreiro Saura Kphala,78,1000529,1000020078,14769,16303,-1534
305102,Sentinela Kphala Saura,78,1000530,1000020078,14769,16303,-1534
305103,Guerreiro Mecânico Kphala,78,1000531,1000020078,14769,16303,-1534
305104,Artilheiro Mecânico Kphala,78,1000532,1000020078,14769,16303,-1534
305105,Guerreiro Kphala Elimar,78,1000533,1000020078,14769,16303,-1534
305106,Sentinela Kphala Elimar,78,1000534,1000020078,14769,16303,-1534
305107,Kphala Grumble,79,1000535,1000020079,16069,16303,-234
305108,Kphala Vanguarda,79,1000536,1000020079,16069,16303,-234
305109,Kphala Striker,79,1000537,1000020079,16069,16303,-234
305110,Kphala Arghol,79,1000538,1000020079,16069,16303,-234
305197,Junker Desenfreado,79,1000539,1000020079,16069,16303,-234
305198,Bork de Assalto Desenfreado,79,1000540,1000020079,16069,16303,-234
305199,Brutal Selvagem,79,1000541,1000020079,16069,16303,-234
313601,Lagarto Inewt,78,1000542,1000020078,14769,16303,-1534
313696,Savage Symbi,78,1000543,1000020078,14769,16303,-1534
313602,Inewt Simbi,78,1000544,1000020078,14769,16303,-1534
313605,Cavalaria Pesada Inewt,78,1000545,1000020078,14769,16303,-1534
313606,Inewt Limpeza,78,1000546,1000020078,14769,16303,-1534
313607,Inewt Kaigar,78,1000547,1000020078,14769,16303,-1534
313603,Super Soldado Inewt,79,1000548,1000020079,16069,16303,-234
313697,Estilhaçador Selvagem,79,1000549,1000020079,16069,16303,-234
313604,Combatente Mecânico Inewt,79,1000550,1000020079,16069,16303,-234
313608,Inewt Guerreiro Soma,79,1000551,1000020079,16069,16303,-234
313610,Inewt Ranger Soma,79,1000552,1000020079,16069,16303,-234
313609,Inewt Mago Soma,79,1000553,1000020079,16069,16303,-234
313611,Invasor Capturador de Inewt,80,1000554,1000020080,17469,16303,1166
313698,Junker Desenfreado,80,1000555,1000020080,17469,16303,1166
313612,Inewt Vafer Soldado Pesado,80,1000556,1000020080,17469,16303,1166
313613,Inewt Vafer Soldado de Cerco,80,1000557,1000020080,17469,16303,1166
313614,Sniper Inewt Snatcher,81,1000558,1000020081,18919,16303,2616
313699,Pathfinder Desenfreado,81,1000559,1000020081,18919,16303,2616
314001,,74,1000559,1000020081,18919,16303,2616
314002,,74,1000559,1000020081,18919,16303,2616
314003,,74,1000559,1000020081,18919,16303,2616
314004,,74,1000559,1000020081,18919,16303,2616
314005,,74,1000559,1000020081,18919,16303,2616
314006,,74,1000559,1000020081,18919,16303,2616
314007,,74,1000559,1000020081,18919,16303,2616
314008,,74,1000559,1000020081,18919,16303,2616
314010,,74,1000559,1000020081,18919,16303,2616
314011,,74,1000559,1000020081,18919,16303,2616
314012,,74,1000559,1000020081,18919,16303,2616
314013,,74,1000559,1000020081,18919,16303,2616
314014,,74,1000559,1000020081,18919,16303,2616
314015,,74,1000559,1000020081,18919,16303,2616
314016,,74,1000559,1000020081,18919,16303,2616
313615,Inewt Brutamontes,81,1000560,1000020081,18919,16303,2616
313616,Inewt Atirador,81,1000561,1000020081,18919,16303,2616
313201,Sentinela Vergen,80,1000562,1000020080,17469,16303,1166
313202,Super Soldado Vergen,80,1000563,1000020080,17469,16303,1166
313203,Cavalaria Pesada de Vergen,80,1000564,1000020080,17469,16303,1166
313204,Vergen Chuti,80,1000565,1000020080,17469,16303,1166
313297,Pathfinder Desenfreado,80,1000566,1000020080,17469,16303,1166
313205,Sniper Vergen Ferinky,81,1000567,1000020081,18919,16303,2616
313206,Rastreador Vergen Ferinky,81,1000568,1000020081,18919,16303,2616
313207,Vergen Ferinky Lutador,81,1000569,1000020081,18919,16303,2616
313298,Estilhaçador Selvagem,81,1000570,1000020081,18919,16303,2616
313208,Vergen Flem,82,1000571,1000020082,20419,16303,4116
313209,Guardião Palid Vergen,82,1000572,1000020082,20419,16303,4116
313210,Mentalista Palid Vergen,82,1000573,1000020082,20419,16303,4116
313211,Feiticeiro Palid Vergen,82,1000574,1000020082,20419,16303,4116
313299,Fantasma Blindado Enfurecido,82,1000575,1000020082,20419,16303,4116
313301,Pumus Silex,83,1000576,1000020083,21969,16303,5666
313302,Fera Selvagem Pumus,83,1000577,1000020083,21969,16303,5666
313303,Capanga Forte da Gangue Pumus,83,1000578,1000020083,21969,16303,5666
313304,Pumus Ranger Soma,83,1000579,1000020083,21969,16303,5666
313306,Atirador da Gangue Pumus,83,1000580,1000020083,21969,16303,5666
313314,Estilhaçador Selvagem,83,1000581,1000020083,21969,16303,5666
313305,Pumus Mago Soma,84,1000582,1000020084,23569,16303,7266
313307,Pumus Cirurgião Lydian,84,1000583,1000020084,23569,16303,7266
313308,Pumus Médico Lydian,84,1000584,1000020084,23569,16303,7266
313309,Pumus Portuário Lydian,84,1000585,1000020084,23569,16303,7266
313315,Bork de Assalto Enfurecido,84,1000586,1000020084,23569,16303,7266
313317,Pumus Guerreiro Soma,84,1000587,1000020084,23569,16303,7266
313310,Brutamontes da Gangue Pumus,85,1000588,1000020085,25219,16303,8916
313311,Pumus Vafer Soldado de Cerco,85,1000589,1000020085,25219,16303,8916
313312,Pumus Adiar,85,1000590,1000020085,25219,16303,8916
313313,Estilhaçador Pumus,85,1000591,1000020085,25219,16303,8916
313316,Fantasma Enfurecido,85,1000592,1000020085,25219,16303,8916
313401,Rastreador Karma Clops,86,1000593,1000020086,26919,16303,10616
313402,Atirador Karma Clops,86,1000594,1000020086,26919,16303,10616
313403,Destruidor Karma Clops,86,1000595,1000020086,26919,16303,10616
313404,Karma Bork Laser,86,1000596,1000020086,26919,16303,10616
313497,Pathfinder Desenfreado,86,1000597,1000020086,26919,16303,10616
313405,Recon de Karma,87,1000598,1000020087,28669,16303,12366
313406,Vanguarda Karma,87,1000599,1000020087,28669,16303,12366
313407,Striker de Karma,87,1000600,1000020087,28669,16303,12366
313408,Guerreiro Calliana Karma,87,1000601,1000020087,28669,16303,12366
313498,Junker Desenfreado,87,1000602,1000020087,28669,16303,12366
313409,Atirador Calliana Karma,88,1000603,1000020088,30469,16303,14166
313410,Sentinela Nether Karma,88,1000604,1000020088,30469,16303,14166
313411,Guerreiro Nether Karma,88,1000605,1000020088,30469,16303,14166
313412,Aniquilador Nether Karma,88,1000606,1000020088,30469,16303,14166
313499,Fantasma Blindado Enfurecido,88,1000607,1000020088,30469,16303,14166
313501,Ativar Bork de Combate,89,1000608,1000020089,32319,16303,16016
313502,Habilitar Cirurgião Lydian,89,1000609,1000020089,32319,16303,16016
313503,Portuário Lydian Nable,89,1000610,1000020089,32319,16303,16016
313504,Ativar Médico Lydian,89,1000611,1000020089,32319,16303,16016
313597,Fantasma Enfurecido,89,1000612,1000020089,32319,16303,16016
313505,Mula Armada Nable,90,1000613,1000020090,34219,16303,17916
313506,Navegador Nable,90,1000614,1000020090,34219,16303,17916
313507,Guerreiro Crawler Nable,90,1000615,1000020090,34219,16303,17916
313508,Sentinela Nable Crawler,90,1000616,1000020090,34219,16303,17916
313598,Fantasma Blindado Enfurecido,90,1000617,1000020090,34219,16303,17916
313509,Nable Bork de Assalto,91,1000618,1000020091,36169,16303,19866
313510,Guerreiro Mecânico Nable,91,1000619,1000020091,36169,16303,19866
313511,Catador Nable,91,1000620,1000020091,36169,16303,19866
313599,Junker Desenfreado,91,1000621,1000020091,36169,16303,19866
313512,Nable Passer Alpha,91,1000622,1000020091,36169,16303,19866
3112301,Drone de Braços Chrome,92,1000623,1000020092,40169,16303,23866
3112302,Sentinela de Braços Chrome,92,1000624,1000020092,40169,16303,23866
3112303,Chrome Arms Shocktrooper,92,1000625,1000020092,40169,16303,23866
3112304,Auxiliar de Armas Chrome Trooper,92,1000626,1000020092,40169,16303,23866
3112305,Sniffer de Diamante,93,1000627,1000020093,43669,16303,27366
3112306,Diamante Vanguarda,93,1000628,1000020093,43669,16303,27366
3112307,Assaltante de Diamante,93,1000629,1000020093,43669,16303,27366
3112308,Passer Alpha de Diamante,93,1000630,1000020093,43669,16303,27366
3112309,Sentinela Presa Branca,94,1000631,1000020094,45919,16303,29616
3112310,Cavalaria Pesada White Fang,94,1000632,1000020094,45919,16303,29616
3112311,Combatente Mech Presa Branca,94,1000633,1000020094,45919,16303,29616
3112312,Super Soldado Presa Branca,94,1000634,1000020094,45919,16303,29616
3112391,Bork de Assalto Desenfreado,92,1000635,1000020092,40169,16303,23866
3112392,Junker Desenfreado,93,1000636,1000020093,43669,16303,27366
3112393,Pathfinder Desenfreado,94,1000637,1000020094,45919,16303,29616
3113301,Assassino Soma Perdido,95,1000638,1000020095,48269,16303,31966
3113302,Guerreiro Pesado Soma Perdido,95,1000639,1000020095,48269,16303,31966
3113303,Shockmancer Soma Perdido,95,1000640,1000020095,48269,16303,31966
3113304,Cirurgião Perdido,95,1000641,1000020095,48269,16303,31966
3113305,Docker Perdido,96,1000642,1000020096,50719,16303,34416
3113306,Médico Perdido,96,1000643,1000020096,50719,16303,34416
3113307,Skarz Skorm Perdido,96,1000644,1000020096,50719,16303,34416
3113308,Presa de Skorm Perdida,96,1000645,1000020096,50719,16303,34416
3113309,Skorm Novs Perdido,97,1000646,1000020097,53269,16303,36966
3113310,Guerreiro Nether Perdido,97,1000647,1000020097,53269,16303,36966
3113311,Aniquilador Nether Perdido,97,1000648,1000020097,53269,16303,36966
3113312,Sentinela Nether Perdido,97,1000649,1000020097,53269,16303,36966
3113397,Pathfinder Desenfreado,95,1000650,1000020095,48269,16303,31966
3113398,Fantasma Blindado Enfurecido,96,1000651,1000020096,50719,16303,34416
3113399,Junker Desenfreado,97,1000652,1000020097,53269,16303,36966
3115301,Estilhaçador de Ruvia,98,1000653,1000020098,55919,16303,39616
3115302,Lagarto Ruvia,98,1000654,1000020098,55919,16303,39616
3115303,Ruvia Anabola,98,1000655,1000020098,55919,16303,39616
3115304,Larva Ruvia Infectada,98,1000656,1000020098,55919,16303,39616
3115305,Estilhaçador Ruvia Infectado,99,1000657,1000020099,58669,16303,42366
3115306,Fera Selvagem Ruvia,99,1000658,1000020099,58669,16303,42366
3115307,Lagarto Ruvia Infectado,99,1000659,1000020099,58669,16303,42366
3115308,Talpa Ruvia Infectada,99,1000660,1000020099,58669,16303,42366
3115309,Soldado Ruvia Infectado,100,1000661,1000020100,61519,16303,45216
3115310,Sniper Ruvia Ferinky,100,1000662,1000020100,61519,16303,45216
3115311,Ruvia Ferinky Lutador,100,1000663,1000020100,61519,16303,45216
3115312,Ruvia Cão Carmesim,100,1000664,1000020100,61519,16303,45216
3115391,Estilhaçador Selvagem,98,1000665,1000020098,55919,16303,39616
3115392,Canibal Selvagem,99,1000666,1000020099,58669,16303,42366
3115393,Brutal Selvagem,100,1000667,1000020100,61519,16303,45216
3116301,Anteros Infectado Alpha,101,1000668,1000020101,64469,16303,48166
3116302,Anteros Infectado Beta,101,1000669,1000020101,64469,16303,48166
3116303,Estilhaçador Anteros,101,1000670,1000020101,64469,16303,48166
3116304,Anteros Shocktrooper,101,1000671,1000020101,64469,16303,48166
3116305,Assassino Anteros,102,1000672,1000020102,67519,16303,51216
3116306,Anteros Limpar,102,1000673,1000020102,67519,16303,51216
3116307,Fera Selvagem Anteros,102,1000674,1000020102,67519,16303,51216
3116308,Fantasma Anteros Sting,102,1000675,1000020102,67519,16303,51216
3116309,Fantasma Blindado Anteros,103,1000676,1000020103,70669,16303,54366
3116310,Canhão Fantasma Anteros,103,1000677,1000020103,70669,16303,54366
3116311,Sniper Anteros,103,1000678,1000020103,70669,16303,54366
3116312,Tático Anteros,103,1000679,1000020103,70669,16303,54366
3116313,Canibal Infectado Selvagem,101,1000680,1000020101,64469,16303,48166
3116314,Estilhaçador Selvagem,102,1000681,1000020102,67519,16303,51216
3116315,Fantasma Enfurecido,103,1000682,1000020103,70669,16303,54366
3110301,Ropus Ertelem,103,1000683,1000020105,77269,16303,60966
3110302,Ropus Flem,103,1000684,1000020105,77269,16303,60966
3110303,Ropus Chuti,103,1000685,1000020105,77269,16303,60966
3110304,Ropus Symbi,103,1000686,1000020105,77269,16303,60966
3110305,Invasor Ropus Snatcher,104,1000687,1000020106,80719,16303,64416
3110306,Atirador Ropus Snatcher,104,1000688,1000020106,80719,16303,64416
3110307,Ropus Vafer Soldado Pesado,104,1000689,1000020106,80719,16303,64416
3110308,Ropus Vafer Soldado de Cerco,104,1000690,1000020106,80719,16303,64416
3110309,Ropus Crook,105,1000691,1000020107,84269,16303,67966
3110310,Ropus Anabola,105,1000692,1000020107,84269,16303,67966
3110311,Ropus Fezal,105,1000693,1000020107,84269,16303,67966
3110312,Ropus Infernal Draco,105,1000694,1000020107,84269,16303,67966
3110313,Ropus Lapis,106,1000695,1000020108,87919,16303,71616
3110314,Ropus Kaigar,106,1000696,1000020108,87919,16303,71616
3110315,Ropus Catus,106,1000697,1000020108,87919,16303,71616
3110316,Ropus Fera de Guerra,106,1000698,1000020108,87919,16303,71616
3110396,Brutal Selvagem,103,1000699,1000020105,77269,16303,60966
3110397,Simbiôntico Selvagem,104,1000700,1000020106,80719,16303,64416
3110398,Estilhaçador Selvagem,105,1000701,1000020107,84269,16303,67966
3110399,Canibal Selvagem,106,1000702,1000020108,87919,16303,71616
3122301,Credo Guerreiro Crawler,104,1000703,61000020104,80869,16303,64566
3122302,Credo Batedor Crawler,104,1000704,61000020104,80869,16303,64566
3122303,Credo Fera Selvagem,104,1000705,61000020104,80869,16303,64566
3122304,Credo Estilhaçador,104,1000706,61000020104,80869,16303,64566
3122305,Credo Buscador Clops,105,1000707,61000020105,84169,16303,67866
3122306,Credo Enganador Clops,105,1000708,61000020105,84169,16303,67866
3122307,Credo Brutamontes Clops,105,1000709,61000020105,84169,16303,67866
3122308,Credo Ladino Vafer,105,1000710,61000020105,84169,16303,67866
3122309,Credo Mortal Vafer,106,1000711,61000020106,90169,16303,73866
3122310,Credo Rex Vafer,106,1000712,61000020106,90169,16303,73866
3122311,Credo Vafer Assassino,106,1000713,61000020106,90169,16303,73866
3122312,Credo Glatt,106,1000714,61000020106,90169,16303,73866
3122397,Estilhaçador Selvagem,104,1000715,61000020104,80869,16303,64566
3122398,Pathfinder Desenfreado,105,1000716,61000020105,84169,16303,67866
3122399,Criminoso Selvagem,106,1000717,61000020106,90169,16303,73866
3123301,Cirurgião Glossa,107,1000718,61000020107,96419,16303,80116
3123302,Glossa Médica,107,1000719,61000020107,96419,16303,80116
3123303,Combatente Vagabundo,107,1000720,61000020107,96419,16303,80116
3123304,Atirador Vagabundo,107,1000721,61000020107,96419,16303,80116
3123305,Gaff de Cristal Glossa,108,1000722,61000020108,102919,16303,86616
3123306,Glossa Scavenger,108,1000723,61000020108,102919,16303,86616
3123307,Glossa Recon,108,1000724,61000020108,102919,16303,86616
3123308,Berserker Vagabundo,108,1000725,61000020108,102919,16303,86616
3123309,Glossa Vanguarda,109,1000726,61000020109,109669,16303,93366
3123310,Glossa Walker,109,1000727,61000020109,109669,16303,93366
3123311,Catus de Cristal Glossa,109,1000728,61000020109,109669,16303,93366
3123312,Glossa Cristal Temizl,109,1000729,61000020109,109669,16303,93366
3123391,Bork de Assalto Desenfreado,107,1000730,61000020107,96419,16303,80116
3123392,Junker Desenfreado,108,1000731,61000020108,102919,16303,86616
3123393,Pathfinder Desenfreado,109,1000732,61000020109,109669,16303,93366
3125301,Limen Silex,110,1000733,61000020110,116669,16303,100366
3125302,Limen Fezal,110,1000734,61000020110,116669,16303,100366
3125303,Devorador de Limen,110,1000735,61000020110,116669,16303,100366
3125304,Purificador Thermit Limen,110,1000736,61000020110,116669,16303,100366
3125305,Cavaleiro Limen Thermit,111,1000737,61000020111,123919,16303,107616
3125306,Limen Hyburn Baria,111,1000738,61000020111,123919,16303,107616
3125307,Cristal Limen Temizl,111,1000739,61000020111,123919,16303,107616
3125308,Catus de Cristal Limen,111,1000740,61000020111,123919,16303,107616
3125309,Cristal Limen Gafftail,112,1000741,61000020112,131419,16303,115116
3125310,Equus Limen Hyburn,112,1000742,61000020112,131419,16303,115116
3125311,Limen Hyburn Nepa,112,1000743,61000020112,131419,16303,115116
3125312,Limen Juiz Thermit,112,1000744,61000020112,131419,16303,115116
3125397,Estilhaçador Selvagem,110,1000745,61000020110,116669,16303,100366
3125398,Canibal Selvagem,111,1000746,61000020111,123919,16303,107616
3125399,Pathfinder Desenfreado,112,1000747,61000020112,131419,16303,115116
3126301,Sacer Mortal Vafer,113,1000748,61000020113,139169,16303,122866
3126302,Sacer Rex Vafer,113,1000749,61000020113,139169,16303,122866
3126303,Lanceiro Snatcher Sacer,113,1000750,61000020113,139169,16303,122866
3126304,Sacer Arremessador Snatcher,113,1000751,61000020114,147169,16303,130866
3126305,Sacer Guerreiro Crawler,114,1000752,61000020114,147169,16303,130866
3126306,Sacer Batedor Crawler,114,1000753,61000020114,147169,16303,130866
3126307,Sacer Mentalista Palid,114,1000754,61000020114,147169,16303,130866
3126308,Feiticeiro Palid Sacer,114,1000755,61000020114,147169,16303,130866
3126309,Catus de Cristal Sacer,115,1000756,61000020115,155419,16303,139116
3126310,Gaff de Cristal Sacer,115,1000757,61000020115,155419,16303,139116
3126311,Lápis de Cristal Sacer,115,1000758,61000020115,155419,16303,139116
3126312,Chifre de Grumble de Cristal Sagrado,115,1000759,61000020115,155419,16303,139116
3126313,Fantasma Enfurecido,113,1000760,61000020113,139169,16303,122866
3126314,Simbiôntico Selvagem,114,1000761,61000020114,147169,16303,130866
3126315,Estilhaçador Selvagem,115,1000762,61000020115,155419,16303,139116
3120301,Cordis Nyoka,115,1000763,61000020117,172669,16303,156366
3120302,Cordis Meevlan,115,1000764,61000020117,172669,16303,156366
3120303,Cordis Gafftail,115,1000765,61000020117,172669,16303,156366
3120304,Cordis Mortal Vafer,116,1000766,61000020118,181669,16303,165366
3120305,Cordis Rex Vafer,116,1000767,61000020118,181669,16303,165366
3120306,Lançador Furtivo Cordis,116,1000768,61000020118,181669,16303,165366
3120307,Cordis Portuário Lydian,117,1000769,61000020119,190919,16303,174616
3120308,Cordis Passer Alpha,117,1000770,61000020119,190919,16303,174616
3120309,Controle Cordis Bork,117,1000771,61000020119,190919,16303,174616
3120310,Cordis Grumble Oul,118,1000772,61000020120,200419,16303,184116
3120311,Cordis Lapis,118,1000773,61000020120,200419,16303,184116
3120312,Cordis Kadal,118,1000774,61000020120,200419,16303,184116
3120396,Arghol Selvagem,115,1000775,61000020117,172669,16303,156366
3120397,Criminoso Selvagem,116,1000776,61000020118,181669,16303,165366
3120398,Pinça Mecha Desenfreada,117,1000777,61000020119,190919,16303,174616
3120399,Fantasma Blindado Enfurecido,118,1000778,61000020120,200419,16303,184116
343101,Sentinela Android,35,1200000,27000020001,351,16303,-15952
343102,Defensor Android,35,1200001,27000020001,351,16303,-15952
343103,Fuzileiro Android,35,1200002,27000020001,351,16303,-15952
343104,Choque de Android,35,1200003,27000020001,351,16303,-15952
343105,Sniper Android,35,1200004,27000020001,351,16303,-15952
343106,Escolta Android,35,1200005,27000020001,351,16303,-15952
343107,Comandante Android,35,1200006,27000020001,351,16303,-15952
343201,Sentinela Android,40,1200007,27000020002,477,16303,-15826
343202,Defensor Android,40,1200008,27000020002,477,16303,-15826
343203,Fuzileiro Android,40,1200009,27000020002,477,16303,-15826
343204,Choque de Android,40,1200010,27000020002,477,16303,-15826
343205,Sniper Android,40,1200011,27000020002,477,16303,-15826
343206,Escolta Android,40,1200012,27000020002,477,16303,-15826
343207,Comandante Android,40,1200013,27000020002,477,16303,-15826
343301,Sentinela Android,45,1200014,27000020003,1077,16303,-15226
343302,Defensor Android,45,1200015,27000020003,1077,16303,-15226
343303,Fuzileiro Android,45,1200016,27000020003,1077,16303,-15226
343304,Choque de Android,45,1200017,27000020003,1077,16303,-15226
343305,Sniper Android,45,1200018,27000020003,1077,16303,-15226
343306,Escolta Android,45,1200019,27000020003,1077,16303,-15226
343307,Comandante Android,45,1200020,27000020003,1077,16303,-15226
343401,Sentinela Android,50,1200021,27000020004,2337,16303,-13966
343402,Defensor Android,50,1200022,27000020004,2337,16303,-13966
343403,Fuzileiro Android,50,1200023,27000020004,2337,16303,-13966
343404,Choque de Android,50,1200024,27000020004,2337,16303,-13966
343405,Sniper Android,50,1200025,27000020004,2337,16303,-13966
343406,Escolta Android,50,1200026,27000020004,2337,16303,-13966
343407,Comandante Android,50,1200027,27000020004,2337,16303,-13966
343501,Sentinela Android,55,1200028,27000020005,3807,16303,-12496
343502,Defensor Android,55,1200029,27000020005,3807,16303,-12496
343503,Fuzileiro Android,55,1200030,27000020005,3807,16303,-12496
343504,Choque de Android,55,1200031,27000020005,3807,16303,-12496
343505,Sniper Android,55,1200032,27000020005,3807,16303,-12496
343506,Escolta Android,55,1200033,27000020005,3807,16303,-12496
343507,Comandante Android,55,1200034,27000020005,3807,16303,-12496
343601,Sentinela Android,60,1200035,27000020006,5307,16303,-10996
343602,Defensor Android,60,1200036,27000020006,5307,16303,-10996
343603,Fuzileiro Android,60,1200037,27000020006,5307,16303,-10996
343604,Choque de Android,60,1200038,27000020006,5307,16303,-10996
343605,Sniper Android,60,1200039,27000020006,5307,16303,-10996
343606,Escolta Android,60,1200040,27000020006,5307,16303,-10996
343607,Comandante Android,60,1200041,27000020006,5307,16303,-10996
343701,Sentinela Android,65,1200042,27000020007,10107,16303,-6196
343702,Defensor Android,65,1200043,27000020007,10107,16303,-6196
343703,Fuzileiro Android,65,1200044,27000020007,10107,16303,-6196
343704,Choque de Android,65,1200045,27000020007,10107,16303,-6196
343705,Sniper Android,65,1200046,27000020007,10107,16303,-6196
343706,Escolta Android,65,1200047,27000020007,10107,16303,-6196
343707,Comandante Android,65,1200048,27000020007,10107,16303,-6196
343801,Sentinela Android,70,1200049,27000020008,19707,16303,3404
343802,Defensor Android,70,1200050,27000020008,19707,16303,3404
343803,Fuzileiro Android,70,1200051,27000020008,19707,16303,3404
343804,Choque de Android,70,1200052,27000020008,19707,16303,3404
343805,Sniper Android,70,1200053,27000020008,19707,16303,3404
343806,Escolta Android,70,1200054,27000020008,19707,16303,3404
343807,Comandante Android,70,1200055,27000020008,19707,16303,3404
343901,Sentinela Android,75,1200056,27000020009,32607,16303,16304
343902,Defensor Android,75,1200057,27000020009,32607,16303,16304
343903,Fuzileiro Android,75,1200058,27000020009,32607,16303,16304
343904,Choque de Android,75,1200059,27000020009,32607,16303,16304
343905,Sniper Android,75,1200060,27000020009,32607,16303,16304
343906,Escolta Android,75,1200061,27000020009,32607,16303,16304
343907,Comandante Android,75,1200062,27000020009,32607,16303,16304
344001,Sentinela Android,80,1200063,27000020010,52407,16303,36104
344002,Defensor Android,80,1200064,27000020010,52407,16303,36104
344003,Fuzileiro Android,80,1200065,27000020010,52407,16303,36104
344004,Choque de Android,80,1200066,27000020010,52407,16303,36104
344005,Sniper Android,80,1200067,27000020010,52407,16303,36104
344006,Escolta Android,80,1200068,27000020010,52407,16303,36104
344007,Comandante Android,80,1200069,27000020010,52407,16303,36104
3421101,Sentinela Android,85,1200070,27000020011,75657,16303,59354
3421102,Defensor Android,85,1200071,27000020011,75657,16303,59354
3421103,Fuzileiro Android,85,1200072,27000020011,75657,16303,59354
3421104,Choque de Android,85,1200073,27000020011,75657,16303,59354
3421105,Sniper Android,85,1200074,27000020011,75657,16303,59354
3421106,Escolta Android,85,1200075,27000020011,75657,16303,59354
3421107,Comandante Android,85,1200076,27000020011,75657,16303,59354
3421201,Sentinela Android,90,1200077,27000020012,102657,16303,86354
3421202,Defensor Android,90,1200078,27000020012,102657,16303,86354
3421203,Fuzileiro Android,90,1200079,27000020012,102657,16303,86354
3421204,Choque de Android,90,1200080,27000020012,102657,16303,86354
3421205,Sniper Android,90,1200081,27000020012,102657,16303,86354
3421206,Escolta Android,90,1200082,27000020012,102657,16303,86354
3421207,Comandante Android,90,1200083,27000020012,102657,16303,86354
3421301,Sentinela Android,95,1200084,27000020013,133407,16303,117104
3421302,Defensor Android,95,1200085,27000020013,133407,16303,117104
3421303,Fuzileiro Android,95,1200086,27000020013,133407,16303,117104
3421304,Choque de Android,95,1200087,27000020013,133407,16303,117104
3421305,Sniper Android,95,1200088,27000020013,133407,16303,117104
3421306,Escolta Android,95,1200089,27000020013,133407,16303,117104
3421307,Comandante Android,95,1200090,27000020013,133407,16303,117104
3421401,Sentinela Android,100,1200091,27000020014,184557,16303,168254
3421402,Defensor Android,100,1200092,27000020014,184557,16303,168254
3421403,Fuzileiro Android,100,1200093,27000020014,184557,16303,168254
3421404,Choque de Android,100,1200094,27000020014,184557,16303,168254
3421405,Sniper Android,100,1200095,27000020014,184557,16303,168254
3421406,Escolta Android,100,1200096,27000020014,184557,16303,168254
3421407,Comandante Android,100,1200097,27000020014,184557,16303,168254
340301,Guerreiro Mecânico,45,1200500,1000020049,689,16303,-15614
340302,Artilheiro Mecânico,45,1200501,1000020049,689,16303,-15614
340303,Espadachim Mecânico,45,1200502,1000020049,689,16303,-15614
340304,Mech Ranger,45,1200503,1000020049,689,16303,-15614
340305,Sentinela Big Magnum,45,1200504,1000020049,689,16303,-15614
340306,Grande Guerreiro Magnum,45,1200505,1000020049,689,16303,-15614
340307,Drone Peep,45,1200506,1000020049,689,16303,-15614
340308,Drone Farejador,45,1200507,1000020049,689,16303,-15614
340309,Bork Laser,45,1200508,1000020049,689,16303,-15614
340310,Bork de Assalto,45,1200509,1000020049,689,16303,-15614
340311,Controle Bork,45,1200510,1000020049,689,16303,-15614
340312,Fantasma Enfurecido,45,1200511,1000020049,689,16303,-15614
340331,Guerreiro Mecânico,50,1200512,1000020054,1169,16303,-15134
340332,Artilheiro Mecânico,50,1200513,1000020054,1169,16303,-15134
340333,Espadachim Mecânico,50,1200514,1000020054,1169,16303,-15134
340334,Mech Ranger,50,1200515,1000020054,1169,16303,-15134
340335,Grande Sentinela Magnum,50,1200516,1000020054,1169,16303,-15134
340336,Grande Guerreiro Magnum,50,1200517,1000020054,1169,16303,-15134
340337,Drone Peep,50,1200518,1000020054,1169,16303,-15134
340338,Drone Farejador,50,1200519,1000020054,1169,16303,-15134
340339,Bork Laser,50,1200520,1000020054,1169,16303,-15134
340340,Bork de Assalto,50,1200521,1000020054,1169,16303,-15134
340341,Controle Bork,50,1200522,1000020054,1169,16303,-15134
340342,Fantasma Enfurecido,50,1200523,1000020054,1169,16303,-15134
340361,Guerreiro Mech,55,1200524,1000020059,1669,16303,-14634
340362,Atirador de Mecha,55,1200525,1000020059,1669,16303,-14634
340363,Espadachim Mecânico,55,1200526,1000020059,1669,16303,-14634
340364,Mech Ranger,55,1200527,1000020059,1669,16303,-14634
340365,Sentinela Big Magnum,55,1200528,1000020059,1669,16303,-14634
340366,Grande Guerreiro Magnum,55,1200529,1000020059,1669,16303,-14634
340367,Drone Peep,55,1200530,1000020059,1669,16303,-14634
340368,Drone Farejador,55,1200531,1000020059,1669,16303,-14634
340369,Bork Laser,55,1200532,1000020059,1669,16303,-14634
340370,Bork de Assalto,55,1200533,1000020059,1669,16303,-14634
340371,Controle Bork,55,1200534,1000020059,1669,16303,-14634
340372,Fantasma Enfurecido,55,1200535,1000020059,1669,16303,-14634
340401,Guerreiro Mecânico,60,1200536,1000020064,2869,16303,-13434
340402,Artilheiro Mecânico,60,1200537,1000020064,2869,16303,-13434
340403,Espadachim Mecânico,60,1200538,1000020064,2869,16303,-13434
340404,Mech Ranger,60,1200539,1000020064,2869,16303,-13434
340405,Grande Sentinela Magnum,60,1200540,1000020064,2869,16303,-13434
340406,Grande Guerreiro Magnum,60,1200541,1000020064,2869,16303,-13434
340407,Comandante da Espada,60,1200542,1000020064,2869,16303,-13434
340408,Comandante Artilheiro,60,1200543,1000020064,2869,16303,-13434
340409,Passer Alpha,60,1200544,1000020064,2869,16303,-13434
340410,Mula Armada,60,1200545,1000020064,2869,16303,-13434
340411,Passador Delta,60,1200546,1000020064,2869,16303,-13434
340412,Fantasma Enfurecido,60,1200547,1000020064,2869,16303,-13434
340431,Guerreiro Mecânico,64,1200548,1000020068,5169,16303,-11134
340432,Atirador Mecânico,64,1200549,1000020068,5169,16303,-11134
340433,Espadachim Mecânico,64,1200550,1000020068,5169,16303,-11134
340434,Mech Ranger,64,1200551,1000020068,5169,16303,-11134
340435,Sentinela Big Magnum,64,1200552,1000020068,5169,16303,-11134
340436,Grande Guerreiro Magnum,64,1200553,1000020068,5169,16303,-11134
340437,Comandante da Espada,64,1200554,1000020068,5169,16303,-11134
340438,Comandante Artilheiro,64,1200555,1000020068,5169,16303,-11134
340439,Passer Alpha,64,1200556,1000020068,5169,16303,-11134
340440,Mula Armada,64,1200557,1000020068,5169,16303,-11134
340441,Passador Delta,64,1200558,1000020068,5169,16303,-11134
340442,Fantasma Enfurecido,64,1200559,1000020068,5169,16303,-11134
340461,Guerreiro Mecânico,68,1200560,1000020072,8069,16303,-8234
340462,Atirador de Mechas,68,1200561,1000020072,8069,16303,-8234
340463,Espadachim Mecânico,68,1200562,1000020072,8069,16303,-8234
340464,Mech Ranger,68,1200563,1000020072,8069,16303,-8234
340465,Grande Sentinela Magnum,68,1200564,1000020072,8069,16303,-8234
340466,Grande Guerreiro Magnum,68,1200565,1000020072,8069,16303,-8234
340467,Comandante de Espada,68,1200566,1000020072,8069,16303,-8234
340468,Comandante Artilheiro,68,1200567,1000020072,8069,16303,-8234
340469,Passer Alpha,68,1200568,1000020072,8069,16303,-8234
340470,Mula Armada,68,1200569,1000020072,8069,16303,-8234
340471,Passador Delta,68,1200570,1000020072,8069,16303,-8234
340472,Fantasma Enfurecido,68,1200571,1000020072,8069,16303,-8234
340501,Guerreiro Mecânico,72,1200572,1000020076,12169,16303,-4134
340502,Artilheiro Mecânico,72,1200573,1000020076,12169,16303,-4134
340503,Espadachim Mecânico,72,1200574,1000020076,12169,16303,-4134
340504,Mech Ranger,72,1200575,1000020076,12169,16303,-4134
340505,Grande Sentinela Magnum,72,1200576,1000020076,12169,16303,-4134
340506,Grande Guerreiro Magnum,72,1200577,1000020076,12169,16303,-4134
340507,Guerreiro Crawler,72,1200578,1000020076,12169,16303,-4134
340508,Sentinela Crawler,72,1200579,1000020076,12169,16303,-4134
340509,Recon,72,1200580,1000020076,12169,16303,-4134
340510,Striker,72,1200581,1000020076,12169,16303,-4134
340511,Vanguarda,72,1200582,1000020076,12169,16303,-4134
340513,Fantasma Enfurecido,72,1200583,1000020076,12169,16303,-4134
340531,Guerreiro Mech,75,1200584,1000020079,16069,16303,-234
340532,Atirador Mecânico,75,1200585,1000020079,16069,16303,-234
340533,Espadachim Mecânico,75,1200586,1000020079,16069,16303,-234
340534,Ranger Mecânico,75,1200587,1000020079,16069,16303,-234
340535,Grande Sentinela Magnum,75,1200588,1000020079,16069,16303,-234
340536,Grande Guerreiro Magnum,75,1200589,1000020079,16069,16303,-234
340537,Guerreiro Crawler,75,1200590,1000020079,16069,16303,-234
340538,Sentinela Crawler,75,1200591,1000020079,16069,16303,-234
340539,Recon,75,1200592,1000020079,16069,16303,-234
340540,Striker,75,1200593,1000020079,16069,16303,-234
340541,Vanguarda,75,1200594,1000020079,16069,16303,-234
340543,Fantasma Enfurecido,75,1200595,1000020079,16069,16303,-234
340561,Guerreiro Mech,78,1200596,1000020082,20419,16303,4116
340562,Artilheiro Mecânico,78,1200597,1000020082,20419,16303,4116
340563,Espadachim Mecânico,78,1200598,1000020082,20419,16303,4116
340564,Mech Ranger,78,1200599,1000020082,20419,16303,4116
340565,Sentinela Big Magnum,78,1200600,1000020082,20419,16303,4116
340566,Grande Guerreiro Magnum,78,1200601,1000020082,20419,16303,4116
340567,Guerreiro Crawler,78,1200602,1000020082,20419,16303,4116
340568,Sentinela Crawler,78,1200603,1000020082,20419,16303,4116
340569,Recon,78,1200604,1000020082,20419,16303,4116
340570,Striker,78,1200605,1000020082,20419,16303,4116
340571,Vanguarda,78,1200606,1000020082,20419,16303,4116
340572,Fantasma Enfurecido,78,1200607,1000020082,20419,16303,4116
340601,Guerreiro Mech,82,1200608,1000020086,26919,16303,10616
340602,Atirador de Mecha,82,1200609,1000020086,26919,16303,10616
340603,Espadachim Mecânico,82,1200610,1000020086,26919,16303,10616
340604,Mech Ranger,82,1200611,1000020086,26919,16303,10616
340605,Sentinela Big Magnum,82,1200612,1000020086,26919,16303,10616
340606,Grande Guerreiro Magnum,82,1200613,1000020086,26919,16303,10616
340607,Médico Lydian,82,1200614,1000020086,26919,16303,10616
340608,Portuário Lydian,82,1200615,1000020086,26919,16303,10616
340609,Ranger Soma,82,1200616,1000020086,26919,16303,10616
340610,Guerreiro Soma,82,1200617,1000020086,26919,16303,10616
340611,Mago Soma,82,1200618,1000020086,26919,16303,10616
340612,Fantasma Enfurecido,82,1200619,1000020086,26919,16303,10616
340631,Guerreiro Mecânico,86,1200620,1000020090,34219,16303,17916
340632,Atirador Mecânico,86,1200621,1000020090,34219,16303,17916
340633,Espadachim Mecânico,86,1200622,1000020090,34219,16303,17916
340634,Mech Ranger,86,1200623,1000020090,34219,16303,17916
340635,Grande Sentinela Magnum,86,1200624,1000020090,34219,16303,17916
340636,Grande Guerreiro Magnum,86,1200625,1000020090,34219,16303,17916
340637,Médico Lydian,86,1200626,1000020090,34219,16303,17916
340638,Portuário Lydian,86,1200627,1000020090,34219,16303,17916
340639,Ranger Soma,86,1200628,1000020090,34219,16303,17916
340640,Guerreiro Soma,86,1200629,1000020090,34219,16303,17916
340641,Mago Soma,86,1200630,1000020090,34219,16303,17916
340642,Fantasma Enfurecido,86,1200631,1000020090,34219,16303,17916
340661,Guerreiro Mecânico,90,1200632,61000020094,42319,16303,26016
340662,Artilheiro Mecânico,90,1200633,61000020094,42319,16303,26016
340663,Espadachim Mecânico,90,1200634,61000020094,42319,16303,26016
340664,Mech Ranger,90,1200635,61000020094,42319,16303,26016
340665,Grande Sentinela Magnum,90,1200636,61000020094,42319,16303,26016
340666,Grande Guerreiro Magnum,90,1200637,61000020094,42319,16303,26016
340667,Médico Lydian,90,1200638,61000020094,42319,16303,26016
340668,Portuário Lydian,90,1200639,61000020094,42319,16303,26016
340669,Ranger Soma,90,1200640,61000020094,42319,16303,26016
340670,Guerreiro Soma,90,1200641,61000020094,42319,16303,26016
340671,Mago Soma,90,1200642,61000020094,42319,16303,26016
340672,Fantasma Enfurecido,90,1200643,61000020094,42319,16303,26016
340701,Guerreiro Mecânico,95,1200644,1000020099,58669,16303,42366
340702,Artilheiro Mecânico,95,1200645,1000020099,58669,16303,42366
340703,Espadachim Mecânico,95,1200646,1000020099,58669,16303,42366
340704,Mech Ranger,95,1200647,1000020099,58669,16303,42366
340705,Controle Bork,95,1200648,1000020099,58669,16303,42366
340706,Bork de Assalto,95,1200649,1000020099,58669,16303,42366
340707,Médico Lydian,95,1200650,1000020099,58669,16303,42366
340708,Portuário Lydian,95,1200651,1000020099,58669,16303,42366
340709,Ranger Soma,95,1200652,1000020099,58669,16303,42366
340710,Guerreiro Soma,95,1200653,1000020099,58669,16303,42366
340711,Sniffer,95,1200654,1000020099,58669,16303,42366
340712,Fantasma Enfurecido,95,1200655,1000020099,58669,16303,42366
340731,Guerreiro Mecânico,100,1200656,61000020104,80869,16303,64566
340732,Atirador de Mecha,100,1200657,61000020104,80869,16303,64566
340733,Espadachim Mecânico,100,1200658,61000020104,80869,16303,64566
340734,Mech Ranger,100,1200659,61000020104,80869,16303,64566
340735,Controle Bork,100,1200660,61000020104,80869,16303,64566
340736,Bork de Assalto,100,1200661,61000020104,80869,16303,64566
340737,Médico Lydian,100,1200662,61000020104,80869,16303,64566
340738,Portuário Lydian,100,1200663,61000020104,80869,16303,64566
340739,Sniffer,100,1200664,61000020104,80869,16303,64566
340740,Guerreiro Soma,100,1200665,61000020104,80869,16303,64566
340741,Mago Soma,100,1200666,61000020104,80869,16303,64566
340742,Fantasma Enfurecido,100,1200667,61000020104,80869,16303,64566
340761,Guerreiro Mecânico,105,1200668,61000020109,109669,16303,93366
340762,Atirador de Mecha,105,1200669,61000020109,109669,16303,93366
340763,Espadachim Mecânico,105,1200670,61000020109,109669,16303,93366
340764,Mech Ranger,105,1200671,61000020109,109669,16303,93366
340765,Passer Alpha,105,1200672,61000020109,109669,16303,93366
340766,Junker,105,1200673,61000020109,109669,16303,93366
340767,Médico Lydian,105,1200674,61000020109,109669,16303,93366
340768,Portuário Lydian,105,1200675,61000020109,109669,16303,93366
340769,Recon,105,1200676,61000020109,109669,16303,93366
340770,Vanguarda,105,1200677,61000020109,109669,16303,93366
340771,Striker,105,1200678,61000020109,109669,16303,93366
340772,Fantasma Enfurecido,105,1200679,61000020109,109669,16303,93366
361001,Minar Silex,60,1201000,1000020064,2869,16303,-13434
361002,Gafftail de Mina,60,1201001,1000020064,2869,16303,-13434
361003,Minar Scud Pesado,60,1201002,1000020064,2869,16303,-13434
361004,Minar Grumble Oul,60,1201003,1000020064,2869,16303,-13434
361013,Fantasma do Pesadelo,60,1201004,1000020064,2869,16303,-13434
361005,Minar Grumble,70,1201005,1000020074,9669,16303,-6634
361006,Minha Arghol,70,1201006,1000020074,9669,16303,-6634
361007,Mina Clod,70,1201007,1000020074,9669,16303,-6634
361008,Guardião da Pedra Sagrada,70,1201008,1000020074,9669,16303,-6634
361009,Buscador da Pedra Sagrada,70,1201009,1000020074,9669,16303,-6634
361010,Purificador da Pedra Sagrada,70,1201010,1000020074,9669,16303,-6634
361012,Fantasma Blindado de Pesadelo,70,1201011,1000020074,9669,16303,-6634
363001,Minar Silex,82,1201012,1000020086,26919,16303,10616
363002,Gafftail de Mina,82,1201013,1000020086,26919,16303,10616
363003,Minar Scud Pesado,82,1201014,1000020086,26919,16303,10616
363004,Minar Grumble Oul,82,1201015,1000020086,26919,16303,10616
363005,Fantasma do Pesadelo,82,1201016,1000020086,26919,16303,10616
363016,Purificador da Pedra Sagrada,90,1201017,61000020094,42319,16303,26016
363011,Minar Grumble,90,1201018,61000020094,42319,16303,26016
363012,Minas Arghol,90,1201019,61000020094,42319,16303,26016
363013,Mina Clod,90,1201020,61000020094,42319,16303,26016
363014,Guardião da Pedra Sagrada,90,1201021,61000020094,42319,16303,26016
363015,Buscador da Pedra Sagrada,90,1201022,61000020094,42319,16303,26016
363017,Fantasma Blindado de Pesadelo,90,1201023,61000020094,42319,16303,26016
3460301,Minar Silex,95,1201024,1000020099,58669,16303,42366
3460302,Gafftail de Mina,95,1201025,1000020099,58669,16303,42366
3460303,Minar Scud Pesado,95,1201026,1000020099,58669,16303,42366
3460304,Minar Grumble Oul,95,1201027,1000020099,58669,16303,42366
3460305,Fantasma do Pesadelo,95,1201028,1000020099,58669,16303,42366
3460306,Minar Grumble,105,1201029,61000020109,109669,16303,93366
3460307,Minas Arghol,105,1201030,61000020109,109669,16303,93366
3460308,Mina Clod,105,1201031,61000020109,109669,16303,93366
3460309,Guardião da Pedra Sagrada,105,1201032,61000020109,109669,16303,93366
3460310,Buscador da Pedra Sagrada,105,1201033,61000020109,109669,16303,93366
3460311,Purificador da Pedra Sagrada,105,1201034,61000020109,109669,16303,93366
3460312,Fantasma Blindado de Pesadelo,105,1201035,61000020109,109669,16303,93366
361101,Estação de Classificação Silex,50,1201100,1000020054,1169,16303,-15134
361102,Estação de Classificação Gafftail,50,1201101,1000020054,1169,16303,-15134
361103,Estação de Triagem Scud Pesado,50,1201102,1000020054,1169,16303,-15134
361104,Estação de Classificação Grumble,50,1201103,1000020054,1169,16303,-15134
361105,Estação de Classificação Grumble Oul,50,1201104,1000020054,1169,16303,-15134
361106,Estação de Classificação Arghol,50,1201105,1000020054,1169,16303,-15134
361107,Estação de Classificação Clod,50,1201106,1000020054,1169,16303,-15134
361108,Estação de Classificação Guardião da Pedra Sagrada,50,1201107,1000020054,1169,16303,-15134
361109,Fantasma do Pesadelo,50,1201108,1000020054,1169,16303,-15134
361110,Estação de Classificação Buscador da Pedra Sagrada,50,1201109,1000020054,1169,16303,-15134
361111,Estação de Classificação Purificador da Pedra Sagrada,50,1201110,1000020054,1169,16303,-15134
361131,Refinaria Silex,54,1201111,1000020058,1569,16303,-14734
361132,Refinaria Gafftail,54,1201112,1000020058,1569,16303,-14734
361133,Refinaria Scud Pesado,54,1201113,1000020058,1569,16303,-14734
361134,Refinaria Grumble,54,1201114,1000020058,1569,16303,-14734
361135,Refinaria Grumble Oul,54,1201115,1000020058,1569,16303,-14734
361136,Refinaria Arghol,54,1201116,1000020058,1569,16303,-14734
361137,Torrão de Refinaria,54,1201117,1000020058,1569,16303,-14734
361138,Refinaria Guardião da Pedra Sagrada,54,1201118,1000020058,1569,16303,-14734
361139,Fantasma do Pesadelo,54,1201119,1000020058,1569,16303,-14734
361140,Refinaria Buscador da Pedra Sagrada,54,1201120,1000020058,1569,16303,-14734
361141,Refinaria Purificador da Pedra Sagrada,54,1201121,1000020058,1569,16303,-14734
361161,Silex de Fundição,58,1201122,1000020062,2169,16303,-14134
361162,Gafftail de Fundição,58,1201123,1000020062,2169,16303,-14134
361163,Scud Pesado de Fundição,58,1201124,1000020062,2169,16303,-14134
361164,Fundidor Grumble,58,1201125,1000020062,2169,16303,-14134
361165,Fundidor Grumble Oul,58,1201126,1000020062,2169,16303,-14134
361166,Fundidor Arghol,58,1201127,1000020062,2169,16303,-14134
361167,Torrão de Fundição,58,1201128,1000020062,2169,16303,-14134
361168,Fundidor Guardião da Pedra Sagrada,58,1201129,1000020062,2169,16303,-14134
361169,Fantasma do Pesadelo,58,1201130,1000020062,2169,16303,-14134
361170,Fundidor Buscador da Pedra Sagrada,58,1201131,1000020062,2169,16303,-14134
361171,Fundidor Purificador da Pedra Sagrada,58,1201132,1000020062,2169,16303,-14134
361201,Estação de Classificação Silex,62,1201133,1000020066,3969,16303,-12334
361202,Estação de Classificação Gafftail,62,1201134,1000020066,3969,16303,-12334
361203,Estação de Triagem Scud Pesado,62,1201135,1000020066,3969,16303,-12334
361204,Estação de Classificação Grumble,62,1201136,1000020066,3969,16303,-12334
361205,Estação de Classificação Grumble Oul,62,1201137,1000020066,3969,16303,-12334
361206,Estação de Classificação Arghol,62,1201138,1000020066,3969,16303,-12334
361207,Estação de Classificação Clod,62,1201139,1000020066,3969,16303,-12334
361208,Estação de Classificação Buscador da Pedra Sagrada,62,1201140,1000020066,3969,16303,-12334
361209,Fantasma do Pesadelo,62,1201141,1000020066,3969,16303,-12334
361210,Estação de Classificação Guardião da Pedra Sagrada,62,1201142,1000020066,3969,16303,-12334
361211,Estação de Classificação Purificador da Pedra Sagrada,62,1201143,1000020066,3969,16303,-12334
361231,Refinaria Silex,66,1201144,1000020070,6569,16303,-9734
361232,Refinaria Gafftail,66,1201145,1000020070,6569,16303,-9734
361233,Refinaria Scud Pesado,66,1201146,1000020070,6569,16303,-9734
361234,Refinaria Grumble,66,1201147,1000020070,6569,16303,-9734
361235,Refinaria Grumble Oul,66,1201148,1000020070,6569,16303,-9734
361236,Refinaria Arghol,66,1201149,1000020070,6569,16303,-9734
361237,Torrão de Refinaria,66,1201150,1000020070,6569,16303,-9734
361238,Refinaria Buscador da Pedra Sagrada,66,1201151,1000020070,6569,16303,-9734
361239,Fantasma do Pesadelo,66,1201152,1000020070,6569,16303,-9734
361240,Refinaria Guardião da Pedra Sagrada,66,1201153,1000020070,6569,16303,-9734
361241,Refinaria Purificador da Pedra Sagrada,66,1201154,1000020070,6569,16303,-9734
361261,Silex de Fundição,70,1201155,1000020074,9669,16303,-6634
361262,Gafftail de Fundição,70,1201156,1000020074,9669,16303,-6634
361263,Scud Pesado de Fundição,70,1201157,1000020074,9669,16303,-6634
361264,Fundição Grumble,70,1201158,1000020074,9669,16303,-6634
361265,Fundidor Grumble Oul,70,1201159,1000020074,9669,16303,-6634
361266,Fundidor Arghol,70,1201160,1000020074,9669,16303,-6634
361267,Smelter Clod,70,1201161,1000020074,9669,16303,-6634
361268,Fundidor Buscador da Pedra Sagrada,70,1201162,1000020074,9669,16303,-6634
361269,Fantasma do Pesadelo,70,1201163,1000020074,9669,16303,-6634
361270,Fundidor Guardião da Pedra Sagrada,70,1201164,1000020074,9669,16303,-6634
361271,Fundidor Purificador da Pedra Sagrada,70,1201165,1000020074,9669,16303,-6634
361301,Estação de Classificação Silex,74,1201166,1000020078,14769,16303,-1534
361302,Estação de Classificação Gafftail,74,1201167,1000020078,14769,16303,-1534
361303,Estação de Triagem Scud Pesado,74,1201168,1000020078,14769,16303,-1534
361304,Estação de Classificação Grumble,74,1201169,1000020078,14769,16303,-1534
361305,Estação de Classificação Grumble Oul,74,1201170,1000020078,14769,16303,-1534
361306,Estação de Classificação Arghol,74,1201171,1000020078,14769,16303,-1534
361307,Estação de Classificação Clod,74,1201172,1000020078,14769,16303,-1534
361308,Estação de Classificação Purificador da Pedra Sagrada,74,1201173,1000020078,14769,16303,-1534
361310,Fantasma do Pesadelo,74,1201174,1000020078,14769,16303,-1534
361311,Estação de Classificação Guardião da Pedra Sagrada,74,1201175,1000020078,14769,16303,-1534
361312,Estação de Classificação Buscador da Pedra Sagrada,74,1201176,1000020078,14769,16303,-1534
361331,Refinaria Silex,77,1201177,1000020081,18919,16303,2616
361332,Gafftail da Refinaria,77,1201178,1000020081,18919,16303,2616
361333,Scud Pesado da Refinaria,77,1201179,1000020081,18919,16303,2616
361334,Refinaria Grumble,77,1201180,1000020081,18919,16303,2616
361335,Refinaria Grumble Oul,77,1201181,1000020081,18919,16303,2616
361336,Refinaria Arghol,77,1201182,1000020081,18919,16303,2616
361337,Torrão de Refinaria,77,1201183,1000020081,18919,16303,2616
361338,Refinaria Purificador da Pedra Sagrada,77,1201184,1000020081,18919,16303,2616
361340,Fantasma do Pesadelo,77,1201185,1000020081,18919,16303,2616
361341,Refinaria Guardião da Pedra Sagrada,77,1201186,1000020081,18919,16303,2616
361342,Refinaria Buscador da Pedra Sagrada,77,1201187,1000020081,18919,16303,2616
361361,Silex de Fundição,80,1201188,1000020084,23569,16303,7266
361362,Gafftail de Fundição,80,1201189,1000020084,23569,16303,7266
361363,Scud Pesado de Fundição,80,1201190,1000020084,23569,16303,7266
361364,Fundidor Grumble,80,1201191,1000020084,23569,16303,7266
361365,Fundidor Grumble Oul,80,1201192,1000020084,23569,16303,7266
361366,Fundidor Arghol,80,1201193,1000020084,23569,16303,7266
361367,Torrão de Fundição,80,1201194,1000020084,23569,16303,7266
361368,Fundidor Purificador da Pedra Sagrada,80,1201195,1000020084,23569,16303,7266
361370,Fantasma do Pesadelo,80,1201196,1000020084,23569,16303,7266
361371,Fundidor Guardião da Pedra Sagrada,80,1201197,1000020084,23569,16303,7266
361372,Fundidor Buscador da Pedra Sagrada,80,1201198,1000020084,23569,16303,7266
362001,Estação de Classificação Silex,84,1201199,1000020088,30469,16303,14166
362002,Estação de Classificação Gafftail,84,1201200,1000020088,30469,16303,14166
362003,Estação de Classificação Scud Pesado,84,1201201,1000020088,30469,16303,14166
362004,Estação de Classificação Grumble,84,1201202,1000020088,30469,16303,14166
362005,Estação de Classificação Grumble Oul,84,1201203,1000020088,30469,16303,14166
362006,Estação de Classificação Arghol,84,1201204,1000020088,30469,16303,14166
362007,Estação de Classificação Clod,84,1201205,1000020088,30469,16303,14166
362008,Estação de Classificação Purificador da Pedra Sagrada,84,1201206,1000020088,30469,16303,14166
362009,Estação de Classificação Guardião da Pedra Sagrada,84,1201207,1000020088,30469,16303,14166
362010,Estação de Classificação Buscador da Pedra Sagrada,84,1201208,1000020088,30469,16303,14166
362019,Fantasma do Pesadelo,84,1201209,1000020088,30469,16303,14166
362031,Refinaria Silex,88,1201210,61000020092,38169,16303,21866
362032,Refinaria Gafftail,88,1201211,61000020092,38169,16303,21866
362033,Refinaria Scud Pesado,88,1201212,61000020092,38169,16303,21866
362034,Refinaria Grumble,88,1201213,61000020092,38169,16303,21866
362035,Refinaria Grumble Oul,88,1201214,61000020092,38169,16303,21866
362036,Refinaria Arghol,88,1201215,61000020092,38169,16303,21866
362037,Torrão de Refinaria,88,1201216,61000020092,38169,16303,21866
362038,Refinaria Purificador da Pedra Sagrada,88,1201217,61000020092,38169,16303,21866
362039,Refinaria Guardião da Pedra Sagrada,88,1201218,61000020092,38169,16303,21866
362040,Refinaria Buscador da Pedra Sagrada,88,1201219,61000020092,38169,16303,21866
362049,Fantasma do Pesadelo,88,1201220,61000020092,38169,16303,21866
362061,Silex de Fundição,92,1201221,61000020096,46669,16303,30366
362062,Gafftail de Fundição,92,1201222,61000020096,46669,16303,30366
362063,Scud Pesado de Fundição,92,1201223,61000020096,46669,16303,30366
362064,Fundidor Grumble,92,1201224,61000020096,46669,16303,30366
362065,Fundidor Grumble Oul,92,1201225,61000020096,46669,16303,30366
362066,Fundidor Arghol,92,1201226,61000020096,46669,16303,30366
362067,Smelter Clod,92,1201227,61000020096,46669,16303,30366
362068,Fundidor Purificador da Pedra Sagrada,92,1201228,61000020096,46669,16303,30366
362069,Fundidor Guardião da Pedra Sagrada,92,1201229,61000020096,46669,16303,30366
362070,Fundidor Buscador da Pedra Sagrada,92,1201230,61000020096,46669,16303,30366
362079,Fantasma do Pesadelo,92,1201231,61000020096,46669,16303,30366
3462501,Estação de Classificação Silex,96,1201232,1000020100,61519,16303,45216
3462502,Estação de Classificação Gafftail,96,1201233,1000020100,61519,16303,45216
3462503,Estação de Classificação Scud Pesado,96,1201234,1000020100,61519,16303,45216
3462504,Estação de Classificação Grumble,96,1201235,1000020100,61519,16303,45216
3462505,Estação de Classificação Grumble Oul,96,1201236,1000020100,61519,16303,45216
3462506,Estação de Classificação Arghol,96,1201237,1000020100,61519,16303,45216
3462507,Estação de Classificação Clod,96,1201238,1000020100,61519,16303,45216
3462508,Estação de Classificação Purificador da Pedra Sagrada,96,1201239,1000020100,61519,16303,45216
3462509,Estação de Classificação Guardião da Pedra Sagrada,96,1201240,1000020100,61519,16303,45216
3462510,Estação de Classificação Buscador da Pedra Sagrada,96,1201241,1000020100,61519,16303,45216
3462511,Fantasma do Pesadelo,96,1201242,1000020100,61519,16303,45216
3462521,Refinaria Silex,101,1201243,61000020105,84169,16303,67866
3462522,Gafftail da Refinaria,101,1201244,61000020105,84169,16303,67866
3462523,Refinaria Scud Pesado,101,1201245,61000020105,84169,16303,67866
3462524,Refinaria Grumble,101,1201246,61000020105,84169,16303,67866
3462525,Refinaria Grumble Oul,101,1201247,61000020105,84169,16303,67866
3462526,Refinaria Arghol,101,1201248,61000020105,84169,16303,67866
3462527,Torrão de Refinaria,101,1201249,61000020105,84169,16303,67866
3462528,Refinaria Purificador da Pedra Sagrada,101,1201250,61000020105,84169,16303,67866
3462529,Refinaria Guardião da Pedra Sagrada,101,1201251,61000020105,84169,16303,67866
3462530,Refinaria Buscador da Pedra Sagrada,101,1201252,61000020105,84169,16303,67866
3462531,Fantasma do Pesadelo,101,1201253,61000020105,84169,16303,67866
3462541,Silex de Fundição,106,1201254,61000020110,116669,16303,100366
3462542,Gafftail de Fundição,106,1201255,61000020110,116669,16303,100366
3462543,Scud Pesado de Fundição,106,1201256,61000020110,116669,16303,100366
3462544,Fundidor Grumble,106,1201257,61000020110,116669,16303,100366
3462545,Fundidor Grumble Oul,106,1201258,61000020110,116669,16303,100366
3462546,Fundidor Arghol,106,1201259,61000020110,116669,16303,100366
3462547,Smelter Clod,106,1201260,61000020110,116669,16303,100366
3462548,Fundidor Purificador da Pedra Sagrada,106,1201261,61000020110,116669,16303,100366
3462549,Fundidor Guardião da Pedra Sagrada,106,1201262,61000020110,116669,16303,100366
3462550,Fundidor Buscador da Pedra Sagrada,106,1201263,61000020110,116669,16303,100366
3462551,Fantasma do Pesadelo,106,1201264,61000020110,116669,16303,100366
350201,Estilhaçador Titan,45,1202000,1000020047,509,16303,-15794
350202,Simbionte Titã,45,1202001,1000020047,509,16303,-15794
350203,Devorador de Titãs,45,1202002,1000020047,509,16303,-15794
350204,Larva Óptica Titan,45,1202003,1000020047,509,16303,-15794
350205,Draco Infernal Titânico,45,1202004,1000020047,509,16303,-15794
350206,Brutal Selvagem,45,1202005,1000020047,509,16303,-15794
350301,Saqueador Equesian Titã,50,1202006,1000020052,969,16303,-15334
350302,Atirador Equesian Titã,50,1202007,1000020052,969,16303,-15334
350303,Catador de Titã,50,1202008,1000020052,969,16303,-15334
350304,Junker Desenfreado,50,1202009,1000020052,969,16303,-15334
350305,Saqueador Predo Titã,50,1202010,1000020052,969,16303,-15334
350306,Atirador Predo Titã,50,1202011,1000020052,969,16303,-15334
350307,Fantasma Enfurecido,50,1202012,1000020052,969,16303,-15334
350308,Bork de Assalto Desenfreado,50,1202013,1000020052,969,16303,-15334
350309,Pathfinder Desenfreado,50,1202014,1000020052,969,16303,-15334
350401,Kilika Arghol,55,1202015,1000020057,1469,16303,-14834
350402,Kilika Gafftail,55,1202016,1000020057,1469,16303,-14834
350404,Saqueador Predo Kilika,55,1202017,1000020057,1469,16303,-14834
350405,Atirador Predo Kilika,55,1202018,1000020057,1469,16303,-14834
350406,Bork de Assalto Desenfreado,55,1202019,1000020057,1469,16303,-14834
350407,Pathfinder Desenfreado,55,1202020,1000020057,1469,16303,-14834
350501,Talos Saqueador Equesian,50,1202021,1000020052,969,16303,-15334
350502,Atirador Equesian Talos,50,1202022,1000020052,969,16303,-15334
350503,Catador de Talos,50,1202023,1000020052,969,16303,-15334
350504,Junker Enfurecido,50,1202024,1000020052,969,16303,-15334
350505,Talos Saqueador Predo,50,1202025,1000020052,969,16303,-15334
350506,Talos Atirador Predo,50,1202026,1000020052,969,16303,-15334
900501,Phantom de Accretia,45,1202026,1000020052,969,16303,-15334
900502,Punisher Accretia,45,1202026,1000020052,969,16303,-15334
900503,Enforcer de Accretia,45,1202026,1000020052,969,16303,-15334
900504,Psypher Accretia,45,1202026,1000020052,969,16303,-15334
900505,Dreadnought Accretia,45,1202026,1000020052,969,16303,-15334
900506,Technician Accretia,45,1202026,1000020052,969,16303,-15334
900507,Atirador Predo,45,1202026,1000020052,969,16303,-15334
900508,Atirador Predo,45,1202026,1000020052,969,16303,-15334
900509,Atirador Predo,45,1202026,1000020052,969,16303,-15334
900510,Atirador Predo,45,1202026,1000020052,969,16303,-15334
900511,Atirador Predo,45,1202026,1000020052,969,16303,-15334
900512,Atirador Predo,45,1202026,1000020052,969,16303,-15334
900513,Atirador Predo,45,1202026,1000020052,969,16303,-15334
900514,Atirador Predo,45,1202026,1000020052,969,16303,-15334
900515,Atirador Predo,45,1202026,1000020052,969,16303,-15334
900516,Atirador Predo,45,1202026,1000020052,969,16303,-15334
900517,Atirador Predo,45,1202026,1000020052,969,16303,-15334
900518,Atirador Predo,45,1202026,1000020052,969,16303,-15334
350507,Fantasma Enfurecido,50,1202027,1000020052,969,16303,-15334
350508,Bork de Assalto Desenfreado,50,1202028,1000020052,969,16303,-15334
350509,Pathfinder Desenfreado,50,1202029,1000020052,969,16303,-15334
350601,Estilhaçador Talos,45,1202030,1000020047,509,16303,-15794
350602,Talos Símio,45,1202031,1000020047,509,16303,-15794
350603,Devorador Talos,45,1202032,1000020047,509,16303,-15794
350604,Larva Óptica de Talos,45,1202033,1000020047,509,16303,-15794
350605,Talos Draco Infernal,45,1202034,1000020047,509,16303,-15794
350606,Brutal Selvagem,45,1202035,1000020047,509,16303,-15794
350801,Estilhaçador Argo,45,1202036,1000020047,509,16303,-15794
350802,Argo Simbi,45,1202037,1000020047,509,16303,-15794
350803,Devorador Argo,45,1202038,1000020047,509,16303,-15794
350804,Larva Óptica Argo,45,1202039,1000020047,509,16303,-15794
350805,Draco Infernal Argo,45,1202040,1000020047,509,16303,-15794
350806,Brutal Selvagem,45,1202041,1000020047,509,16303,-15794
350901,Saqueador Equesian Argo,50,1202042,1000020052,969,16303,-15334
350902,Atirador Equesian Argo,50,1202043,1000020052,969,16303,-15334
350903,Argo Catador,50,1202044,1000020052,969,16303,-15334
350904,Junker Desenfreado,50,1202045,1000020052,969,16303,-15334
350905,Argo Saqueador Predo,50,1202046,1000020052,969,16303,-15334
350906,Argo Atirador Predo,50,1202047,1000020052,969,16303,-15334
350907,Fantasma Enfurecido,50,1202048,1000020052,969,16303,-15334
350908,Bork de Assalto Desenfreado,50,1202049,1000020052,969,16303,-15334
350909,Pathfinder Desenfreado,50,1202050,1000020052,969,16303,-15334
351001,Minos Arghol,55,1202051,1000020057,1469,16303,-14834
351002,Minos Gafftail,55,1202052,1000020057,1469,16303,-14834
351004,Minos Saqueador Predo,55,1202053,1000020057,1469,16303,-14834
351005,Minos Atirador Predo,55,1202054,1000020057,1469,16303,-14834
351006,Bork de Assalto Desenfreado,55,1202055,1000020057,1469,16303,-14834
351007,Pathfinder Desenfreado,55,1202056,1000020057,1469,16303,-14834
351101,Saqueador Equesian de Ottos,50,1202057,1000020052,969,16303,-15334
351102,Atirador Equesian de Ottos,50,1202058,1000020052,969,16303,-15334
351103,Ottos Catador,50,1202059,1000020052,969,16303,-15334
351104,Junker Desenfreado,50,1202060,1000020052,969,16303,-15334
351105,Saqueador Predo Ottos,50,1202061,1000020052,969,16303,-15334
351106,Atirador Predo de Ottos,50,1202062,1000020052,969,16303,-15334
351107,Fantasma Enfurecido,50,1202063,1000020052,969,16303,-15334
351108,Bork de Assalto Desenfreado,50,1202064,1000020052,969,16303,-15334
351109,Pathfinder Desenfreado,50,1202065,1000020052,969,16303,-15334
351201,Estilhaçador de Ottos,45,1202066,1000020047,509,16303,-15794
351202,Ottos Symbi,45,1202067,1000020047,509,16303,-15794
351203,Devourer de Ottos,45,1202068,1000020047,509,16303,-15794
351204,Larva Óptica de Ottos,45,1202069,1000020047,509,16303,-15794
351205,Draco Infernal de Otto,45,1202070,1000020047,509,16303,-15794
351206,Brutal Selvagem,45,1202071,1000020047,509,16303,-15794
351401,Estilhaçador Gerryon,45,1202072,1000020047,509,16303,-15794
351402,Gerryon Symbi,45,1202073,1000020047,509,16303,-15794
351403,Devorador Gerryon,45,1202074,1000020047,509,16303,-15794
351404,Larva Óptica Gerryon,45,1202075,1000020047,509,16303,-15794
351405,Draco Infernal de Gerryon,45,1202076,1000020047,509,16303,-15794
351406,Brutal Selvagem,45,1202077,1000020047,509,16303,-15794
351501,Saqueador Equesian Gerryon,50,1202078,1000020052,969,16303,-15334
351502,Atirador Equesian Gerryon,50,1202079,1000020052,969,16303,-15334
351503,Gerryon Catador,50,1202080,1000020052,969,16303,-15334
351504,Junker Desenfreado,50,1202081,1000020052,969,16303,-15334
351505,Saqueador Predo Gerryon,50,1202082,1000020052,969,16303,-15334
351506,Gerryon Atirador Predo,50,1202083,1000020052,969,16303,-15334
351507,Fantasma Enfurecido,50,1202084,1000020052,969,16303,-15334
351508,Bork de Assalto Desenfreado,50,1202085,1000020052,969,16303,-15334
351509,Pathfinder Desenfreado,50,1202086,1000020052,969,16303,-15334
351601,Lerneh Arghol,55,1202087,1000020057,1469,16303,-14834
351602,Lerneh Gafftail,55,1202088,1000020057,1469,16303,-14834
351604,Lerneh Saqueador Predo,55,1202089,1000020057,1469,16303,-14834
351605,Lerneh Atirador Predo,55,1202090,1000020057,1469,16303,-14834
351606,Bork de Assalto Desenfreado,55,1202091,1000020057,1469,16303,-14834
351607,Pathfinder Desenfreado,55,1202092,1000020057,1469,16303,-14834
351701,Ouros Saqueador Equesian,50,1202093,1000020052,969,16303,-15334
351702,Ouros Atirador Equesian,50,1202094,1000020052,969,16303,-15334
351703,Scavenger de Ouros,50,1202095,1000020052,969,16303,-15334
351704,Junker Desenfreado,50,1202096,1000020052,969,16303,-15334
351705,Ouros Saqueador Predo,50,1202097,1000020052,969,16303,-15334
351706,Ouros Atirador Predo,50,1202098,1000020052,969,16303,-15334
351707,Fantasma Enfurecido,50,1202099,1000020052,969,16303,-15334
351708,Bork de Assalto Desenfreado,50,1202100,1000020052,969,16303,-15334
351709,Pathfinder Desenfreado,50,1202101,1000020052,969,16303,-15334
351801,Ouros Estilhaçador,45,1202102,1000020047,509,16303,-15794
351802,Ouros Symbi,45,1202103,1000020047,509,16303,-15794
351803,Devorador de Ouros,45,1202104,1000020047,509,16303,-15794
351804,Larva Óptica de Ouros,45,1202105,1000020047,509,16303,-15794
351805,Draco Infernal de Ouros,45,1202106,1000020047,509,16303,-15794
351806,Brutal Selvagem,45,1202107,1000020047,509,16303,-15794
355101,Rastreador A00 Clops,60,1202108,1000020062,2169,16303,-14134
355102,A00 Explorador,60,1202109,1000020062,2169,16303,-14134
355103,Mula Armada A00,60,1202110,1000020062,2169,16303,-14134
355104,Bork de Assalto Desenfreado,60,1202111,1000020062,2169,16303,-14134
355201,C00 Clops Sniper,60,1202112,1000020062,2169,16303,-14134
355202,C00 Explorador,60,1202113,1000020062,2169,16303,-14134
355203,Mula Armada C00,60,1202114,1000020062,2169,16303,-14134
355204,Bork de Assalto Enfurecido,60,1202115,1000020062,2169,16303,-14134
355301,Destruidor B00 Clops,60,1202116,1000020062,2169,16303,-14134
355302,B00 Explorador,60,1202117,1000020062,2169,16303,-14134
355303,Mula Armada B00,60,1202118,1000020062,2169,16303,-14134
355304,Bork de Assalto Desenfreado,60,1202119,1000020062,2169,16303,-14134
355401,Destruidores Soma Guerreiro Pesado,70,1202120,1000020072,8069,16303,-8234
355402,Rastreador de Destroyers Clops,70,1202121,1000020072,8069,16303,-8234
355403,Destruidores Clops Sniper,70,1202122,1000020072,8069,16303,-8234
355404,Junker Desenfreado,70,1202123,1000020072,8069,16303,-8234
355501,Rastreador A01 Clops,60,1202124,1000020062,2169,16303,-14134
355502,A01 Explorador,60,1202125,1000020062,2169,16303,-14134
355503,Mula Armada A01,60,1202126,1000020062,2169,16303,-14134
355504,Bork de Assalto Desenfreado,60,1202127,1000020062,2169,16303,-14134
355601,Rastreador C01 Clops,65,1202128,1000020067,4569,16303,-11734
355602,C01 Sniper Clops,65,1202129,1000020067,4569,16303,-11734
355603,Destruidor C01 Clops,65,1202130,1000020067,4569,16303,-11734
355604,Mula Armada C01,65,1202131,1000020067,4569,16303,-11734
355605,C01 Explorador,65,1202132,1000020067,4569,16303,-11734
355606,Bork de Assalto Desenfreado,65,1202133,1000020067,4569,16303,-11734
355607,Junker Desenfreado,65,1202134,1000020067,4569,16303,-11734
355608,Fantasma Enfurecido,65,1202135,1000020067,4569,16303,-11734
355701,C11 Soma Guerreiro Pesado,70,1202136,1000020072,8069,16303,-8234
355702,Sentinela Soma C11,70,1202137,1000020072,8069,16303,-8234
355703,C11 Soma Shockmancer,70,1202138,1000020072,8069,16303,-8234
355704,Rastreador C11 Clops,70,1202139,1000020072,8069,16303,-8234
355705,C11 Clops Sniper,70,1202140,1000020072,8069,16303,-8234
355706,Destruidor C11 Clops,70,1202141,1000020072,8069,16303,-8234
355707,Junker Enfurecido,70,1202142,1000020072,8069,16303,-8234
355708,Pathfinder Desenfreado,70,1202143,1000020072,8069,16303,-8234
355801,Rastreador B01 Clops,65,1202144,1000020067,4569,16303,-11734
355802,Destruidor Clops B01,65,1202145,1000020067,4569,16303,-11734
355803,B01 Cirurgião Lydian,65,1202146,1000020067,4569,16303,-11734
355804,Bork de Assalto Desenfreado,65,1202147,1000020067,4569,16303,-11734
355901,Sniper Clops A02,60,1202148,1000020062,2169,16303,-14134
355902,A02 Explorador,60,1202149,1000020062,2169,16303,-14134
355903,Mula Armada A02,60,1202150,1000020062,2169,16303,-14134
355904,Bork de Assalto Desenfreado,60,1202151,1000020062,2169,16303,-14134
356001,Guerreiro Pesado Soma dos Incendiários,70,1202152,1000020072,8069,16303,-8234
356002,Sentinela Soma de Incendiários,70,1202153,1000020072,8069,16303,-8234
356003,Destruidor Clops Incendiários,70,1202154,1000020072,8069,16303,-8234
356004,Junker Desenfreado,70,1202155,1000020072,8069,16303,-8234
356101,A03 Clops Sniper,60,1202156,1000020062,2169,16303,-14134
356102,A03 Explorador,60,1202157,1000020062,2169,16303,-14134
356103,Mula Armada A03,60,1202158,1000020062,2169,16303,-14134
356104,Bork de Assalto Desenfreado,60,1202159,1000020062,2169,16303,-14134
356201,Rastreador C02 Clops,65,1202160,1000020067,4569,16303,-11734
356202,C02 Clops Sniper,65,1202161,1000020067,4569,16303,-11734
356203,Destruidor C02 Clops,65,1202162,1000020067,4569,16303,-11734
356204,Mula Armada C02,65,1202163,1000020067,4569,16303,-11734
356205,C02 Explorador,65,1202164,1000020067,4569,16303,-11734
356206,Bork de Assalto Enfurecido,65,1202165,1000020067,4569,16303,-11734
356207,Junker Enfurecido,65,1202166,1000020067,4569,16303,-11734
356208,Fantasma Enfurecido,65,1202167,1000020067,4569,16303,-11734
356301,C12 Soma Guerreiro Pesado,70,1202168,1000020072,8069,16303,-8234
356302,Sentinela Soma C12,70,1202169,1000020072,8069,16303,-8234
356303,C12 Soma Shockmancer,70,1202170,1000020072,8069,16303,-8234
356304,Rastreador C12 Clops,70,1202171,1000020072,8069,16303,-8234
356305,C12 Clops Sniper,70,1202172,1000020072,8069,16303,-8234
356306,Destruidor C12 Clops,70,1202173,1000020072,8069,16303,-8234
356307,Junker Desenfreado,70,1202174,1000020072,8069,16303,-8234
356308,Pathfinder Desenfreado,70,1202175,1000020072,8069,16303,-8234
356401,Rastreador B02 Clops,65,1202176,1000020067,4569,16303,-11734
356402,B02 Sniper Clops,65,1202177,1000020067,4569,16303,-11734
356403,Destruidor B02 Clops,65,1202178,1000020067,4569,16303,-11734
356404,Junker Desenfreado,65,1202179,1000020067,4569,16303,-11734
356501,Destruidor Clops A04,60,1202180,1000020062,2169,16303,-14134
356502,A04 Explorador,60,1202181,1000020062,2169,16303,-14134
356503,Mula Armada A04,60,1202182,1000020062,2169,16303,-14134
356504,Bork de Assalto Desenfreado,60,1202183,1000020062,2169,16303,-14134
356601,Destruidor Clops A05,60,1202184,1000020062,2169,16303,-14134
356602,A05 Explorador,60,1202185,1000020062,2169,16303,-14134
356603,Mula Armada A05,60,1202186,1000020062,2169,16303,-14134
356604,Bork de Assalto Desenfreado,60,1202187,1000020062,2169,16303,-14134
356701,Rushers Soma Shockmancer,70,1202188,1000020072,8069,16303,-8234
356702,Guerreiro Pesado Soma Rushers,70,1202189,1000020072,8069,16303,-8234
356703,Rastreadores Clops Rushers,70,1202190,1000020072,8069,16303,-8234
356704,Pathfinder Desenfreado,70,1202191,1000020072,8069,16303,-8234
356801,Rastreador C03 Clops,65,1202192,1000020067,4569,16303,-11734
356802,Sniper C03 Clops,65,1202193,1000020067,4569,16303,-11734
356803,Destruidor C03 Clops,65,1202194,1000020067,4569,16303,-11734
356804,Mula Armada C03,65,1202195,1000020067,4569,16303,-11734
356805,Caminho C03,65,1202196,1000020067,4569,16303,-11734
356806,Bork de Assalto Desenfreado,65,1202197,1000020067,4569,16303,-11734
356807,Junker Desenfreado,65,1202198,1000020067,4569,16303,-11734
356808,Fantasma Enfurecido,65,1202199,1000020067,4569,16303,-11734
356901,C13 Guerreiro Pesado Soma,70,1202200,1000020072,8069,16303,-8234
356902,Sentinela Soma C13,70,1202201,1000020072,8069,16303,-8234
356903,C13 Soma Shockmancer,70,1202202,1000020072,8069,16303,-8234
356904,Rastreador C13 Clops,70,1202203,1000020072,8069,16303,-8234
356905,Sniper C13 Clops,70,1202204,1000020072,8069,16303,-8234
356906,Destruidor C13 Clops,70,1202205,1000020072,8069,16303,-8234
356907,Junker Desenfreado,70,1202206,1000020072,8069,16303,-8234
356908,Pathfinder Desenfreado,70,1202207,1000020072,8069,16303,-8234
357001,Rastreador B03 Clops,65,1202208,1000020067,4569,16303,-11734
357002,Sniper B03 Clops,65,1202209,1000020067,4569,16303,-11734
357003,B03 Explorador,65,1202210,1000020067,4569,16303,-11734
357004,Fantasma Enfurecido,65,1202211,1000020067,4569,16303,-11734
357101,Destruidor Clops A06,60,1202212,1000020062,2169,16303,-14134
357102,A06 Explorador,60,1202213,1000020062,2169,16303,-14134
357103,Mula Armada A06,60,1202214,1000020062,2169,16303,-14134
357104,Bork de Assalto Desenfreado,60,1202215,1000020062,2169,16303,-14134
357201,Fantasma da Torre de Guarda,70,1202216,1000020072,8069,16303,-8234
357202,Fantasma de Picada do Guardião da Torre,70,1202217,1000020072,8069,16303,-8234
357203,Fantasma Blindado de Towerguard,70,1202218,1000020072,8069,16303,-8234
357204,Fantasma Blindado Enfurecido,70,1202219,1000020072,8069,16303,-8234
357701,Sniper A00 Snatcher,75,1202220,1000020077,13469,16303,-2834
4554318,Sentinela Orbital,108,1202220,1000020077,13469,16303,-2834
4554328,Vespa Dançante,106,1202220,1000020077,13469,16303,-2834
4554338,Bombardeiro Louco,102,1202220,1000020077,13469,16303,-2834
4554348,Grande Caçador,104,1202220,1000020077,13469,16303,-2834
357702,A00 Saqueador Snatcher,75,1202221,1000020077,13469,16303,-2834
357703,A00 Cirurgião Lydian,75,1202222,1000020077,13469,16303,-2834
357790,Bork de Assalto Desenfreado,75,1202223,1000020077,13469,16303,-2834
357801,Sniper B00 Snatcher,75,1202224,1000020077,13469,16303,-2834
357802,Assaltante B00 Snatcher,75,1202225,1000020077,13469,16303,-2834
357803,B00 Cirurgião Lydian,75,1202226,1000020077,13469,16303,-2834
357890,Bork de Assalto Desenfreado,75,1202227,1000020077,13469,16303,-2834
357901,C00 Snatcher Sniper,75,1202228,1000020077,13469,16303,-2834
357902,C00 Saqueador Raider,75,1202229,1000020077,13469,16303,-2834
357903,C00 Cirurgião Lydian,75,1202230,1000020077,13469,16303,-2834
357990,Bork de Assalto Desenfreado,75,1202231,1000020077,13469,16303,-2834
358101,Sniper A01 Snatcher,75,1202232,1000020077,13469,16303,-2834
358102,A01 Saqueador Snatcher,75,1202233,1000020077,13469,16303,-2834
358103,A01 Cirurgião Lydian,75,1202234,1000020077,13469,16303,-2834
358190,Bork de Assalto Desenfreado,75,1202235,1000020077,13469,16303,-2834
358501,Sniper A02 Snatcher,75,1202236,1000020077,13469,16303,-2834
358502,Assaltante A02 Snatcher,75,1202237,1000020077,13469,16303,-2834
358503,Cirurgião Lydian A02,75,1202238,1000020077,13469,16303,-2834
358590,Bork de Assalto Desenfreado,75,1202239,1000020077,13469,16303,-2834
358701,Sniper A03 Snatcher,75,1202240,1000020077,13469,16303,-2834
358702,A03 Saqueador Snatcher,75,1202241,1000020077,13469,16303,-2834
358703,A03 Cirurgião Lydian,75,1202242,1000020077,13469,16303,-2834
358790,Bork de Assalto Enfurecido,75,1202243,1000020077,13469,16303,-2834
359101,Sniper A04 Snatcher,75,1202244,1000020077,13469,16303,-2834
359102,Assaltante A04 Snatcher,75,1202245,1000020077,13469,16303,-2834
359103,Cirurgião Lydian A04,75,1202246,1000020077,13469,16303,-2834
359190,Bork de Assalto Desenfreado,75,1202247,1000020077,13469,16303,-2834
359201,Sniper A05 Snatcher,75,1202248,1000020077,13469,16303,-2834
359202,A05 Saqueador Snatcher,75,1202249,1000020077,13469,16303,-2834
359203,A05 Cirurgião Lydian,75,1202250,1000020077,13469,16303,-2834
359290,Bork de Assalto Desenfreado,75,1202251,1000020077,13469,16303,-2834
359701,Sniper A06 Snatcher,75,1202252,1000020077,13469,16303,-2834
359702,A06 Saqueador Snatcher,75,1202253,1000020077,13469,16303,-2834
359703,A06 Cirurgião Lydian,75,1202254,1000020077,13469,16303,-2834
359790,Bork de Assalto Desenfreado,75,1202255,1000020077,13469,16303,-2834
358201,C01 Vafer Soldado Pesado,80,1202256,1000020082,20419,16303,4116
358202,C01 Soldado de Cerco Vafer,80,1202257,1000020082,20419,16303,4116
358203,C01 Bork Laser,80,1202258,1000020082,20419,16303,4116
358204,C01 Médico Lydian,80,1202259,1000020082,20419,16303,4116
358205,C01 Guerreiro Saura,80,1202260,1000020082,20419,16303,4116
358206,C01 Saura Shocktrooper,80,1202261,1000020082,20419,16303,4116
358207,C01 Saura Sniper,80,1202262,1000020082,20419,16303,4116
358290,Junker Desenfreado,80,1202263,1000020082,20419,16303,4116
358291,Junker Desenfreado,80,1202263,1000020082,20419,16303,4116
358801,C02 Vafer Soldado Pesado,80,1202265,1000020082,20419,16303,4116
358802,C02 Vafer Soldado de Cerco,80,1202266,1000020082,20419,16303,4116
358803,Bork Laser C02,80,1202267,1000020082,20419,16303,4116
358804,C02 Médico Lydian,80,1202268,1000020082,20419,16303,4116
358805,Guerreiro Saura C02,80,1202269,1000020082,20419,16303,4116
358806,C02 Saura Shocktrooper,80,1202270,1000020082,20419,16303,4116
358807,C02 Saura Sniper,80,1202271,1000020082,20419,16303,4116
358890,Junker Desenfreado,80,1202272,1000020082,20419,16303,4116
358891,Junker Desenfreado,80,1202272,1000020082,20419,16303,4116
359401,C03 Vafer Tropa Pesada,80,1202274,1000020082,20419,16303,4116
359402,C03 Vafer Soldado de Cerco,80,1202275,1000020082,20419,16303,4116
359403,Bork Laser C03,80,1202276,1000020082,20419,16303,4116
359404,C03 Médico Lydian,80,1202277,1000020082,20419,16303,4116
359405,Guerreiro Saura C03,80,1202278,1000020082,20419,16303,4116
359406,C03 Saura Shocktrooper,80,1202279,1000020082,20419,16303,4116
359407,C03 Saura Sniper,80,1202280,1000020082,20419,16303,4116
359490,Junker Desenfreado,80,1202281,1000020082,20419,16303,4116
359491,Junker Desenfreado,80,1202281,1000020082,20419,16303,4116
358001,Recon de Vanguarda,85,1202283,1000020087,28669,16303,12366
358002,Striker de Ponta,85,1202284,1000020087,28669,16303,12366
358003,Vanguarda de Ponta,85,1202285,1000020087,28669,16303,12366
358090,Pathfinder Desenfreado,85,1202286,1000020087,28669,16303,12366
358301,Recon C11,85,1202287,1000020087,28669,16303,12366
358302,Striker C11,85,1202288,1000020087,28669,16303,12366
358303,C11 Vanguarda,85,1202289,1000020087,28669,16303,12366
358304,Drone Peep C11,85,1202290,1000020087,28669,16303,12366
358390,Pathfinder Desenfreado,85,1202291,1000020087,28669,16303,12366
358401,B01 Recon,85,1202292,1000020087,28669,16303,12366
358402,Striker B01,85,1202293,1000020087,28669,16303,12366
358403,B01 Vanguarda,85,1202294,1000020087,28669,16303,12366
358490,Pathfinder Desenfreado,85,1202295,1000020087,28669,16303,12366
358601,Recon de Firewatch,85,1202296,1000020087,28669,16303,12366
358602,Striker de Vigilância de Incêndios,85,1202297,1000020087,28669,16303,12366
358603,Vanguarda de Firewatch,85,1202298,1000020087,28669,16303,12366
358690,Pathfinder Desenfreado,85,1202299,1000020087,28669,16303,12366
358901,Recon C12,85,1202300,1000020087,28669,16303,12366
358902,Striker C12,85,1202301,1000020087,28669,16303,12366
358903,C12 Vanguarda,85,1202302,1000020087,28669,16303,12366
358904,Drone Peep C12,85,1202303,1000020087,28669,16303,12366
358990,Pathfinder Desenfreado,85,1202304,1000020087,28669,16303,12366
359001,Recon B02,85,1202305,1000020087,28669,16303,12366
359002,Striker B02,85,1202306,1000020087,28669,16303,12366
359003,Vanguarda B02,85,1202307,1000020087,28669,16303,12366
359090,Pathfinder Desenfreado,85,1202308,1000020087,28669,16303,12366
359301,Defensor Recon,85,1202309,1000020087,28669,16303,12366
359302,Defensor Striker,85,1202310,1000020087,28669,16303,12366
359303,Defensor Vanguarda,85,1202311,1000020087,28669,16303,12366
359390,Pathfinder Desenfreado,85,1202312,1000020087,28669,16303,12366
359501,Recon C13,85,1202313,1000020087,28669,16303,12366
359502,Striker C13,85,1202314,1000020087,28669,16303,12366
359503,C13 Vanguarda,85,1202315,1000020087,28669,16303,12366
359504,Drone Peep C13,85,1202316,1000020087,28669,16303,12366
359590,Pathfinder Desenfreado,85,1202317,1000020087,28669,16303,12366
359601,B03 Recon,85,1202318,1000020087,28669,16303,12366
359602,Striker B03,85,1202319,1000020087,28669,16303,12366
359603,B03 Vanguarda,85,1202320,1000020087,28669,16303,12366
359690,Pathfinder Desenfreado,85,1202321,1000020087,28669,16303,12366
359801,Guerreiro Calliana,90,1202322,61000020092,38169,16303,21866
359802,Atirador Calliana,90,1202323,61000020092,38169,16303,21866
359803,Tanque Calliana,90,1202324,61000020092,38169,16303,21866
359804,Portuário Lydian,90,1202325,61000020092,38169,16303,21866
359890,Fantasma Enfurecido,90,1202326,61000020092,38169,16303,21866
4504011,Guerreiro Mecânico A01,94,1202327,1000020096,50719,16303,34416
4504012,Gunner Mecânico A01,94,1202328,1000020096,50719,16303,34416
4504019,Bork de Assalto Desenfreado,94,1202329,1000020096,50719,16303,34416
4504021,Guerreiro Mecânico A02,94,1202330,1000020096,50719,16303,34416
4504022,Gunner Mecânico A02,94,1202331,1000020096,50719,16303,34416
4504029,Bork de Assalto Desenfreado,94,1202332,1000020096,50719,16303,34416
4504031,Guerreiro Mecânico A03,94,1202333,1000020096,50719,16303,34416
4504032,Gunner de Mech A03,94,1202334,1000020096,50719,16303,34416
4504039,Bork de Assalto Desenfreado,94,1202335,1000020096,50719,16303,34416
4504041,Assaltante A04 Snatcher,99,1202336,1000020101,64469,16303,48166
4504042,Sniper A04 Snatcher,99,1202337,1000020101,64469,16303,48166
4504049,Pathfinder Desenfreado,99,1202338,1000020101,64469,16303,48166
4504051,A05 Saqueador Snatcher,99,1202339,1000020101,64469,16303,48166
4504052,Sniper A05 Snatcher,99,1202340,1000020101,64469,16303,48166
4504059,Pathfinder Desenfreado,99,1202341,1000020101,64469,16303,48166
4504061,A06 Saqueador Snatcher,99,1202342,1000020101,64469,16303,48166
4504062,Sniper A06 Snatcher,99,1202343,1000020101,64469,16303,48166
4504063,Tropa Pesada Vafer A06,99,1202344,1000020101,64469,16303,48166
4504064,Soldado de Cerco Vafer A06,99,1202345,1000020101,64469,16303,48166
4504069,Pathfinder Desenfreado,99,1202346,1000020101,64469,16303,48166
4504071,A07 Guerreiro Nether,104,1202347,1000020106,80719,16303,64416
4504072,Sentinela Nether A07,104,1202348,1000020106,80719,16303,64416
4504079,Fantasma Blindado Enfurecido,104,1202349,1000020106,80719,16303,64416
4504081,A08 Guerreiro Nether,104,1202350,1000020106,80719,16303,64416
4504082,Sentinela Nether A08,104,1202351,1000020106,80719,16303,64416
4504083,Aniquilador Nether A08,104,1202352,1000020106,80719,16303,64416
4504089,Fantasma Blindado Enfurecido,104,1202353,1000020106,80719,16303,64416
4504091,A09 Guerreiro Nether,104,1202354,1000020106,80719,16303,64416
4504092,A09 Sentinela Nether,104,1202355,1000020106,80719,16303,64416
4504093,Aniquilador Nether A09,104,1202356,1000020106,80719,16303,64416
4504099,Fantasma Blindado Enfurecido,104,1202357,1000020106,80719,16303,64416
4504111,Guerreiro Mech B01,94,1202358,1000020096,50719,16303,34416
4504112,Artilheiro Mecânico B01,94,1202359,1000020096,50719,16303,34416
4504119,Bork de Assalto Desenfreado,94,1202360,1000020096,50719,16303,34416
4504121,Guerreiro Mecânico B02,94,1202361,1000020096,50719,16303,34416
4504122,B02 Artilheiro Mecânico,94,1202362,1000020096,50719,16303,34416
4504129,Bork de Assalto Desenfreado,94,1202363,1000020096,50719,16303,34416
4504131,Guerreiro Mecânico B03,94,1202364,1000020096,50719,16303,34416
4504132,Gunner Mech B03,94,1202365,1000020096,50719,16303,34416
4504139,Bork de Assalto Desenfreado,94,1202366,1000020096,50719,16303,34416
4504141,B04 Saqueador Snatcher,99,1202367,1000020101,64469,16303,48166
4504142,Sniper B04 Snatcher,99,1202368,1000020101,64469,16303,48166
4504149,Pathfinder Desenfreado,99,1202369,1000020101,64469,16303,48166
4504151,B05 Saqueador Snatcher,99,1202370,1000020101,64469,16303,48166
4504152,Sniper B05 Snatcher,99,1202371,1000020101,64469,16303,48166
4504159,Pathfinder Desenfreado,99,1202372,1000020101,64469,16303,48166
4504161,B06 Saqueador Snatcher,99,1202373,1000020101,64469,16303,48166
4504162,Sniper B06 Snatcher,99,1202374,1000020101,64469,16303,48166
4504163,B06 Vafer Soldado Pesado,99,1202375,1000020101,64469,16303,48166
4504164,B06 Vafer Soldado de Cerco,99,1202376,1000020101,64469,16303,48166
4504169,Pathfinder Desenfreado,99,1202377,1000020101,64469,16303,48166
4504171,Guerreiro Nether B07,104,1202378,1000020106,80719,16303,64416
4504172,B07 Sentinela Nether,104,1202379,1000020106,80719,16303,64416
4504179,Fantasma Blindado Enfurecido,104,1202380,1000020106,80719,16303,64416
4504181,B08 Guerreiro Nether,104,1202381,1000020106,80719,16303,64416
4504182,B08 Sentinela Nether,104,1202382,1000020106,80719,16303,64416
4504183,B08 Aniquilador Nether,104,1202383,1000020106,80719,16303,64416
4504189,Fantasma Blindado Enfurecido,104,1202384,1000020106,80719,16303,64416
4504191,Guerreiro Nether B09,104,1202385,1000020106,80719,16303,64416
4504192,Sentinela Nether B09,104,1202386,1000020106,80719,16303,64416
4504193,B09 Aniquilador Nether,104,1202387,1000020106,80719,16303,64416
4504199,Fantasma Blindado Enfurecido,104,1202388,1000020106,80719,16303,64416
4504211,Guerreiro Mecânico C01,94,1202389,1000020096,50719,16303,34416
4504212,Artilheiro Mecânico C01,94,1202390,1000020096,50719,16303,34416
4504219,Bork de Assalto Desenfreado,94,1202391,1000020096,50719,16303,34416
4504221,Guerreiro Mecânico C02,94,1202392,1000020096,50719,16303,34416
4504222,Artilheiro Mecânico C02,94,1202393,1000020096,50719,16303,34416
4504229,Bork de Assalto Desenfreado,94,1202394,1000020096,50719,16303,34416
4504231,Guerreiro Mecânico C03,94,1202395,1000020096,50719,16303,34416
4504232,C03 Artilheiro Mecânico,94,1202396,1000020096,50719,16303,34416
4504239,Bork de Assalto Desenfreado,94,1202397,1000020096,50719,16303,34416
4504241,C04 Saqueador Snatcher,99,1202398,1000020101,64469,16303,48166
4504242,C04 Sniper Snatcher,99,1202399,1000020101,64469,16303,48166
4504249,Pathfinder Desenfreado,99,1202400,1000020101,64469,16303,48166
4504251,C05 Saqueador Snatcher,99,1202401,1000020101,64469,16303,48166
4504252,C05 Sniper Snatcher,99,1202402,1000020101,64469,16303,48166
4504259,Pathfinder Desenfreado,99,1202403,1000020101,64469,16303,48166
4504261,C06 Saqueador Snatcher,99,1202404,1000020101,64469,16303,48166
4504262,C06 Sniper Snatcher,99,1202405,1000020101,64469,16303,48166
4504263,C06 Vafer Soldado Pesado,99,1202406,1000020101,64469,16303,48166
4504264,C06 Vafer Soldado de Cerco,99,1202407,1000020101,64469,16303,48166
4504269,Pathfinder Desenfreado,99,1202408,1000020101,64469,16303,48166
4504271,C07 Guerreiro Nether,104,1202409,1000020106,80719,16303,64416
4504272,C07 Sentinela Nether,104,1202410,1000020106,80719,16303,64416
4504279,Fantasma Blindado Enfurecido,104,1202411,1000020106,80719,16303,64416
4504281,C08 Guerreiro Nether,104,1202412,1000020106,80719,16303,64416
4504282,C08 Sentinela Nether,104,1202413,1000020106,80719,16303,64416
4504283,Aniquilador Nether C08,104,1202414,1000020106,80719,16303,64416
4504289,Fantasma Blindado Enfurecido,104,1202415,1000020106,80719,16303,64416
4504291,C09 Guerreiro Nether,104,1202416,1000020106,80719,16303,64416
4504292,Sentinela Nether C09,104,1202417,1000020106,80719,16303,64416
4504293,Aniquilador Nether C09,104,1202418,1000020106,80719,16303,64416
4504299,Fantasma Blindado Enfurecido,104,1202419,1000020106,80719,16303,64416
4504311,Recon Nestkeeper,106,1202420,1000020110,95519,16303,79216
4504312,Striker Guardião do Ninho,106,1202421,1000020110,95519,16303,79216
4504313,Vanguarda Nestkeeper,106,1202422,1000020110,95519,16303,79216
4504319,Saqueador de Elite Enfurecido,106,1202423,1000020110,95519,16303,79216
4504321,Recon Hiveguard,106,1202424,1000020110,95519,16303,79216
4504322,Striker Hiveguard,106,1202425,1000020110,95519,16303,79216
4504323,Vanguarda Hiveguard,106,1202426,1000020110,95519,16303,79216
4504329,Invasor de Elite Desenfreado,106,1202427,1000020110,95519,16303,79216
4504331,Recon EOD,106,1202428,1000020110,95519,16303,79216
4504332,EOD Striker,106,1202429,1000020110,95519,16303,79216
4504333,Vanguarda EOD,106,1202430,1000020110,95519,16303,79216
4504339,Invasor de Elite Desenfreado,106,1202431,1000020110,95519,16303,79216
4504341,Recon de Guarda do Cemitério,106,1202432,1000020110,95519,16303,79216
4504342,Guarda do Cemitério Striker,106,1202433,1000020110,95519,16303,79216
4504343,Vanguarda de Guarda do Cemitério,106,1202434,1000020110,95519,16303,79216
4504349,Saqueador de Elite Enfurecido,106,1202435,1000020110,95519,16303,79216
4504901,Fantasma da Cidadela,102,1202436,3000020007,30459500,16303,30443197
375101,Dione Glatt,58,1205000,1000020059,1669,16303,-14634
375102,Dione Malpas Clutcher,58,1205001,1000020059,1669,16303,-14634
375112,Larva Selvagem,58,1205002,1000020059,1669,16303,-14634
375103,Dione Malpas Spitter,66,1205003,1000020067,4569,16303,-11734
375104,Dione Lambedor,66,1205004,1000020067,4569,16303,-11734
375113,Lagarto Selvagem,66,1205005,1000020067,4569,16303,-11734
375105,Guerreiro Pesado Dione Saura,74,1205006,1000020076,12169,16303,-4134
375106,Dione Saura Atirador,74,1205007,1000020076,12169,16303,-4134
375114,Pathfinder Desenfreado,74,1205008,1000020076,12169,16303,-4134
375107,Dione Guerreiro Nether,82,1205009,1000020084,23569,16303,7266
375108,Aniquilador Nether de Dione,82,1205010,1000020084,23569,16303,7266
375109,Sentinela Nether de Dione,82,1205011,1000020084,23569,16303,7266
375115,Fantasma Blindado Enfurecido,82,1205012,1000020084,23569,16303,7266
375116,Teia Glatt,58,1205013,1000020059,1669,16303,-14634
375117,Teia Malpas Clutcher,58,1205014,1000020059,1669,16303,-14634
375127,Larva Selvagem,58,1205015,1000020059,1669,16303,-14634
375118,Teia Malpas Spitter,66,1205016,1000020067,4569,16303,-11734
375119,Teia Licker,66,1205017,1000020067,4569,16303,-11734
375128,Lagarto Selvagem,66,1205018,1000020067,4569,16303,-11734
375120,Guerreiro Pesado Teia Saura,74,1205019,1000020076,12169,16303,-4134
375121,Sniper Teia Saura,74,1205020,1000020076,12169,16303,-4134
375129,Pathfinder Desenfreado,74,1205021,1000020076,12169,16303,-4134
375122,Teia Guerreiro Nether,82,1205022,1000020084,23569,16303,7266
375123,Teia Aniquilador Nether,82,1205023,1000020084,23569,16303,7266
375124,Teia Sentinela Nether,82,1205024,1000020084,23569,16303,7266
375130,Fantasma Blindado Enfurecido,82,1205025,1000020084,23569,16303,7266
375131,Leah Glatt,58,1205026,1000020059,1669,16303,-14634
375132,Leah Malpas Clutcher,58,1205027,1000020059,1669,16303,-14634
375142,Larva Selvagem,58,1205028,1000020059,1669,16303,-14634
375133,Leah Malpas Cuspidor,66,1205029,1000020067,4569,16303,-11734
375134,Leah Licker,66,1205030,1000020067,4569,16303,-11734
375143,Lagarto Selvagem,66,1205031,1000020067,4569,16303,-11734
375135,Leah Saura Guerreira Pesada,74,1205032,1000020076,12169,16303,-4134
375136,Leah Saura Atiradora de Elite,74,1205033,1000020076,12169,16303,-4134
375144,Pathfinder Desenfreado,74,1205034,1000020076,12169,16303,-4134
375137,Leah Guerreiro Nether,82,1205035,1000020084,23569,16303,7266
375138,Leah Aniquilador Nether,82,1205036,1000020084,23569,16303,7266
375139,Leah Sentinela Nether,82,1205037,1000020084,23569,16303,7266
375145,Fantasma Blindado Enfurecido,82,1205038,1000020084,23569,16303,7266
375146,Tetos Glatt,58,1205039,1000020059,1669,16303,-14634
375147,Clutcher de Tetos Malpas,58,1205040,1000020059,1669,16303,-14634
375157,Larva Selvagem,58,1205041,1000020059,1669,16303,-14634
375148,Cuspideira Tetos Malpas,66,1205042,1000020067,4569,16303,-11734
375149,Lambedor de Tetos,66,1205043,1000020067,4569,16303,-11734
375158,Lagarto Selvagem,66,1205044,1000020067,4569,16303,-11734
375150,Guerreiro Pesado Tetos Saura,74,1205045,1000020076,12169,16303,-4134
375151,Sniper Tetos Saura,74,1205046,1000020076,12169,16303,-4134
375159,Pathfinder Desenfreado,74,1205047,1000020076,12169,16303,-4134
375152,Tetos Guerreiro Nether,82,1205048,1000020084,23569,16303,7266
375153,Tetos Aniquilador Nether,82,1205049,1000020084,23569,16303,7266
375154,Tetos Sentinela Nether,82,1205050,1000020084,23569,16303,7266
375160,Fantasma Blindado Enfurecido,82,1205051,1000020084,23569,16303,7266
375161,Nix Glatt,58,1205052,1000020059,1669,16303,-14634
375162,Nix Malpas Clutcher,58,1205053,1000020059,1669,16303,-14634
375172,Larva Selvagem,58,1205054,1000020059,1669,16303,-14634
375163,Nix Malpas Spitter,66,1205055,1000020067,4569,16303,-11734
375164,Lambedor de Nix,66,1205056,1000020067,4569,16303,-11734
375173,Lagarto Selvagem,66,1205057,1000020067,4569,16303,-11734
375165,Guerreiro Pesado Nix Saura,74,1205058,1000020076,12169,16303,-4134
375166,Sniper Nix Saura,74,1205059,1000020076,12169,16303,-4134
375174,Pathfinder Desenfreado,74,1205060,1000020076,12169,16303,-4134
375167,Nix Guerreiro Nether,82,1205061,1000020084,23569,16303,7266
375168,Aniquilador Nether Nix,82,1205062,1000020084,23569,16303,7266
375169,Nix Sentinela Nether,82,1205063,1000020084,23569,16303,7266
375175,Fantasma Blindado Enfurecido,82,1205064,1000020084,23569,16303,7266
375176,Remos Glatt,58,1205065,1000020059,1669,16303,-14634
375177,Remos Malpas Clutcher,58,1205066,1000020059,1669,16303,-14634
375187,Larva Selvagem,58,1205067,1000020059,1669,16303,-14634
375178,Remos Malpas Spitter,66,1205068,1000020067,4569,16303,-11734
375179,Lambedor de Remos,66,1205069,1000020067,4569,16303,-11734
375188,Lagarto Selvagem,66,1205070,1000020067,4569,16303,-11734
375180,Remos Saura Guerreiro Pesado,74,1205071,1000020076,12169,16303,-4134
375181,Remos Saura Sniper,74,1205072,1000020076,12169,16303,-4134
375189,Pathfinder Desenfreado,74,1205073,1000020076,12169,16303,-4134
375182,Remos Guerreiro Nether,82,1205074,1000020084,23569,16303,7266
375183,Remos Aniquilador Nether,82,1205075,1000020084,23569,16303,7266
375184,Remos Sentinela Nether,82,1205076,1000020084,23569,16303,7266
375190,Fantasma Blindado Enfurecido,82,1205077,1000020084,23569,16303,7266
376001,Ianthe Saura Tropa de Choque,82,1205078,1000020084,23569,16303,7266
376008,Ianthe Lambedor,102,1205079,1000020104,73919,16303,57616
376009,Ianthe Malpas Spitter,82,1205080,1000020084,23569,16303,7266
376002,Ianthe Malpas Gancho,90,1205081,61000020092,38169,16303,21866
376004,Ianthe Turkan Soldado de Cerco,90,1205082,61000020092,38169,16303,21866
376005,Ianthe Guerreiro Nether,90,1205083,61000020092,38169,16303,21866
376012,Ianthe Sentinela Nether,90,1205084,61000020092,38169,16303,21866
376003,Ianthe Turkan Tropa Pesada,96,1205085,1000020098,55919,16303,39616
376010,Ianthe Saura Sniper,96,1205086,1000020098,55919,16303,39616
376011,Ianthe Turkan Raider,96,1205087,1000020098,55919,16303,39616
376007,Ianthe Turkan Sniper,102,1205088,1000020104,73919,16303,57616
376013,Ianthe Arremessador Carmesim,102,1205089,1000020104,73919,16303,57616
376006,Ianthe Cão Carmesim,106,1205090,1000020108,87919,16303,71616
376014,Ianthe Regenerador Carmesim,106,1205091,1000020108,87919,16303,71616
376101,Xanthe Saura Tropas de Choque,82,1205092,1000020084,23569,16303,7266
376108,Xanthe Licker,102,1205093,1000020104,73919,16303,57616
376109,Xanthe Malpas Cuspide,82,1205094,1000020084,23569,16303,7266
376102,Gancho Xanthe Malpas,90,1205095,61000020092,38169,16303,21866
376104,Soldado de Cerco Xanthe Turkan,90,1205096,61000020092,38169,16303,21866
376105,Xanthe Guerreiro Nether,90,1205097,61000020092,38169,16303,21866
376112,Sentinela Nether Xanthe,90,1205098,61000020092,38169,16303,21866
376103,Xanthe Turkan Soldado Pesado,96,1205099,1000020098,55919,16303,39616
376110,Xanthe Saura Atirador,96,1205100,1000020098,55919,16303,39616
376111,Xanthe Turkan Raider,96,1205101,1000020098,55919,16303,39616
376107,Xanthe Turkan Atirador de Elite,102,1205102,1000020104,73919,16303,57616
376113,Arremessador Carmesim Xanthe,102,1205103,1000020104,73919,16303,57616
376106,Cão Carmesim Xanthe,106,1205104,1000020108,87919,16303,71616
376114,Regenerador Carmesim Xanthe,106,1205105,1000020108,87919,16303,71616
376201,Phero Saura Shocktrooper,82,1205106,1000020084,23569,16303,7266
376208,Lambedor de Phero,102,1205107,1000020104,73919,16303,57616
376209,Cuspidor Phero Malpas,82,1205108,1000020084,23569,16303,7266
376202,Gancho Phero Malpas,90,1205109,61000020092,38169,16303,21866
376204,Tropa de Cerco Phero Turkan,90,1205110,61000020092,38169,16303,21866
376205,Phero Guerreiro Nether,90,1205111,61000020092,38169,16303,21866
376212,Sentinela Nether Phero,90,1205112,61000020092,38169,16303,21866
376203,Soldado Pesado Phero Turkan,96,1205113,1000020098,55919,16303,39616
376210,Phero Saura Sniper,96,1205114,1000020098,55919,16303,39616
376211,Phero Turkan Raider,96,1205115,1000020098,55919,16303,39616
376207,Sniper Phero Turkan,102,1205116,1000020104,73919,16303,57616
376213,Phero Arremessador Carmesim,102,1205117,1000020104,73919,16303,57616
376206,Phero Cão Carmesim,106,1205118,1000020108,87919,16303,71616
376214,Regenerador Carmesim Phero,106,1205119,1000020108,87919,16303,71616
376095,Larva Selvagem,82,1205120,1000020084,23569,16303,7266
376052,Malpas Spitter,90,1205121,61000020092,38169,16303,21866
376096,Junker Desenfreado,90,1205122,61000020092,38169,16303,21866
376053,Sentinela Nether,96,1205123,1000020098,55919,16303,39616
376097,Pathfinder Desenfreado,96,1205124,1000020098,55919,16303,39616
376054,Guerreiro Nether,102,1205125,1000020104,73919,16303,57616
376098,Estilhaçador Infectado Selvagem,102,1205126,1000020104,73919,16303,57616
376055,Aniquilador Nether,106,1205127,1000020108,87919,16303,71616
376099,Lagarto Infectado Selvagem,106,1205128,1000020108,87919,16303,71616
376300,Pulverizador do Nether,99,1205129,3000020012,16775700,16303,16759397
375201,Pallas Hound,86,1205130,1000020088,30469,16303,14166
375202,Regenerador Pallas Malpas,86,1205131,1000020088,30469,16303,14166
375203,Arremessador Pallas Malpas,91,1205132,61000020093,40219,16303,23916
375204,Lambedor de Pallas,91,1205133,61000020093,40219,16303,23916
375205,Guerreiro Pesado Pallas Vafer,96,1205134,1000020098,55919,16303,39616
375206,Soldado de Cerco Pallas Vafer,96,1205135,1000020098,55919,16303,39616
375207,Pallas Guerreiro Nether,101,1205136,1000020103,70669,16303,54366
375208,Aniquilador Nether de Pallas,101,1205137,1000020103,70669,16303,54366
375212,Larva Selvagem,86,1205138,1000020088,30469,16303,14166
375213,Lagarto Selvagem,91,1205139,61000020093,40219,16303,23916
375214,Pathfinder Desenfreado,96,1205140,1000020098,55919,16303,39616
375215,Fantasma Blindado Enfurecido,101,1205141,1000020103,70669,16303,54366
375216,Nike Hound,86,1205142,1000020088,30469,16303,14166
375217,Regenerador Nike Malpas,86,1205143,1000020088,30469,16303,14166
375218,Arremessador Nike Malpas,91,1205144,61000020093,40219,16303,23916
375219,Nike Licker,91,1205145,61000020093,40219,16303,23916
375220,Nike Vafer Guerreiro Pesado,96,1205146,1000020098,55919,16303,39616
375221,Nike Vafer Soldado de Cerco,96,1205147,1000020098,55919,16303,39616
375222,Nike Guerreiro Nether,101,1205148,1000020103,70669,16303,54366
375223,Nike Aniquilador Nether,101,1205149,1000020103,70669,16303,54366
375227,Larva Selvagem,86,1205150,1000020088,30469,16303,14166
375228,Lagarto Selvagem,91,1205151,61000020093,40219,16303,23916
375229,Pathfinder Desenfreado,96,1205152,1000020098,55919,16303,39616
375230,Fantasma Blindado Enfurecido,101,1205153,1000020103,70669,16303,54366
375231,Cão Phaenon,86,1205154,1000020088,30469,16303,14166
375232,Regenerador Phaenon Malpas,86,1205155,1000020088,30469,16303,14166
375233,Arremessador Phaenon Malpas,91,1205156,61000020093,40219,16303,23916
375234,Lambedor de Phaenon,91,1205157,61000020093,40219,16303,23916
375235,Guerreiro Pesado Phaenon Vafer,96,1205158,1000020098,55919,16303,39616
375236,Tropa de Cerco Phaenon Vafer,96,1205159,1000020098,55919,16303,39616
375237,Phaenon Guerreiro Nether,101,1205160,1000020103,70669,16303,54366
375238,Aniquilador Nether Phaenon,101,1205161,1000020103,70669,16303,54366
375242,Larva Selvagem,86,1205162,1000020088,30469,16303,14166
375243,Lagarto Selvagem,91,1205163,61000020093,40219,16303,23916
375244,Pathfinder Desenfreado,96,1205164,1000020098,55919,16303,39616
375245,Fantasma Blindado Enfurecido,101,1205165,1000020103,70669,16303,54366
375246,Cão Zelus,86,1205166,1000020088,30469,16303,14166
375247,Regenerador Zelus Malpas,86,1205167,1000020088,30469,16303,14166
375248,Arremessador Zelus Malpas,91,1205168,61000020093,40219,16303,23916
375249,Zelus Licker,91,1205169,61000020093,40219,16303,23916
375250,Guerreiro Pesado Zelus Vafer,96,1205170,1000020098,55919,16303,39616
375251,Soldado de Cerco Zelus Vafer,96,1205171,1000020098,55919,16303,39616
375252,Zelus Guerreiro Nether,101,1205172,1000020103,70669,16303,54366
375253,Aniquilador Nether de Zelus,101,1205173,1000020103,70669,16303,54366
375257,Larva Selvagem,86,1205174,1000020088,30469,16303,14166
375258,Lagarto Selvagem,91,1205175,61000020093,40219,16303,23916
375259,Pathfinder Desenfreado,96,1205176,1000020098,55919,16303,39616
375260,Fantasma Blindado Enfurecido,101,1205177,1000020103,70669,16303,54366
375261,Maia Cão,86,1205178,1000020088,30469,16303,14166
375262,Regenerador Maia Malpas,86,1205179,1000020088,30469,16303,14166
375263,Arremessador Maia Malpas,91,1205180,61000020093,40219,16303,23916
375264,Maia Lambedor,91,1205181,61000020093,40219,16303,23916
375265,Maia Vafer Guerreiro Pesado,96,1205182,1000020098,55919,16303,39616
375266,Maia Vafer Soldado de Cerco,96,1205183,1000020098,55919,16303,39616
375267,Maia Guerreiro Nether,101,1205184,1000020103,70669,16303,54366
375268,Maia Aniquilador Nether,101,1205185,1000020103,70669,16303,54366
375272,Larva Selvagem,86,1205186,1000020088,30469,16303,14166
375273,Lagarto Selvagem,91,1205187,61000020093,40219,16303,23916
375274,Pathfinder Desenfreado,96,1205188,1000020098,55919,16303,39616
375275,Fantasma Blindado Enfurecido,101,1205189,1000020103,70669,16303,54366
375276,Notos Hound,86,1205190,1000020088,30469,16303,14166
375277,Regenerador Notos Malpas,86,1205191,1000020088,30469,16303,14166
375278,Arremessador Notos Malpas,91,1205192,61000020093,40219,16303,23916
375279,Notos Licker,91,1205193,61000020093,40219,16303,23916
375280,Guerreiro Pesado Notos Vafer,96,1205194,1000020098,55919,16303,39616
375281,Tropa de Cerco Notos Vafer,96,1205195,1000020098,55919,16303,39616
375282,Guerreiro Nether Notos,101,1205196,1000020103,70669,16303,54366
375283,Aniquilador Nether Notos,101,1205197,1000020103,70669,16303,54366
375287,Larva Selvagem,86,1205198,1000020088,30469,16303,14166
375288,Lagarto Selvagem,91,1205199,61000020093,40219,16303,23916
375289,Pathfinder Desenfreado,96,1205200,1000020098,55919,16303,39616
375290,Fantasma Blindado Enfurecido,101,1205201,1000020103,70669,16303,54366
6511101,Darv Thanat,108,1205202,61000020110,116669,16303,100366
6511102,Variante Darv Malpas,108,1205203,61000020110,116669,16303,100366
6511103,Darv Malpas,92,1205204,1000020094,45919,16303,29616
6511104,Darv Licker,92,1205205,1000020094,45919,16303,29616
6511105,Variante Darv Thanat,84,1205206,1000020086,26919,16303,10616
6511106,Variante de Larva Infernal Darv,84,1205207,1000020086,26919,16303,10616
6511107,Darv Cão Carmesim,100,1205208,61000020102,73519,16303,57216
6511108,Regenerador Carmesim Darv,100,1205209,61000020102,73519,16303,57216
6511109,Darv Arremessador Carmesim,100,1205210,61000020102,73519,16303,57216
6511110,Lagarto Infectado Selvagem,108,1205211,61000020110,116669,16303,100366
6511111,Lambedor Infectado Selvagem,92,1205212,1000020094,45919,16303,29616
6511112,Estilhaçador Infectado Selvagem,84,1205213,1000020086,26919,16303,10616
6511113,Cão Carmesim Selvagem,100,1205214,61000020102,73519,16303,57216
6511201,Dixif Thanat,108,1205215,61000020110,116669,16303,100366
6511202,Variante Dixif Malpas,108,1205216,61000020110,116669,16303,100366
6511203,Dixif Malpas,92,1205217,1000020094,45919,16303,29616
6511204,Lambedor Dixif,92,1205218,1000020094,45919,16303,29616
6511205,Variante Dixif Thanat,84,1205219,1000020086,26919,16303,10616
6511206,Variante de Larva Infernal Dixif,84,1205220,1000020086,26919,16303,10616
6511207,Dixif Cão Carmesim,100,1205221,61000020102,73519,16303,57216
6511208,Dixif Regenerador Carmesim,100,1205222,61000020102,73519,16303,57216
6511209,Dixif Arremessador Carmesim,100,1205223,61000020102,73519,16303,57216
6511210,Lagarto Infectado Selvagem,108,1205224,61000020110,116669,16303,100366
6511211,Lambedor Infectado Selvagem,92,1205225,1000020094,45919,16303,29616
6511212,Estilhaçador Infectado Selvagem,84,1205226,1000020086,26919,16303,10616
6511213,Cão Carmesim Selvagem,100,1205227,61000020102,73519,16303,57216
6511301,Ishav Thanat,108,1205228,61000020110,116669,16303,100366
6511302,Variante Ishav Malpas,108,1205229,61000020110,116669,16303,100366
6511303,Ishav Malpas,92,1205230,1000020094,45919,16303,29616
6511304,Ishav Licker,92,1205231,1000020094,45919,16303,29616
6511305,Variante Ishav Thanat,84,1205232,1000020086,26919,16303,10616
6511306,Variante de Larva Infernal Ishav,84,1205233,1000020086,26919,16303,10616
6511307,Ishav Cão Carmesim,100,1205234,61000020102,73519,16303,57216
6511308,Regenerador Carmesim Ishav,100,1205235,61000020102,73519,16303,57216
6511309,Ishav Arremessador Carmesim,100,1205236,61000020102,73519,16303,57216
6511310,Lagarto Infectado Selvagem,108,1205237,61000020110,116669,16303,100366
6511311,Lambe-Infectado Selvagem,92,1205238,1000020094,45919,16303,29616
6511312,Estilhaçador Infectado Selvagem,84,1205239,1000020086,26919,16303,10616
6511313,Cão Carmesim Selvagem,100,1205240,61000020102,73519,16303,57216
6511401,Uterv Thanat,108,1205241,61000020110,116669,16303,100366
6511402,Variante Uterv Malpas,108,1205242,61000020110,116669,16303,100366
6511403,Uterv Malpas,92,1205243,1000020094,45919,16303,29616
6511404,Lambedor Uterv,92,1205244,1000020094,45919,16303,29616
6511405,Variante Uterv Thanat,84,1205245,1000020086,26919,16303,10616
6511406,Variante de Larva Infernal Uterv,84,1205246,1000020086,26919,16303,10616
6511407,Uterv Cão Carmesim,100,1205247,61000020102,73519,16303,57216
6511408,Uterv Regenerador Carmesim,100,1205248,61000020102,73519,16303,57216
6511409,Uterv Arremessador Carmesim,100,1205249,61000020102,73519,16303,57216
6511410,Lagarto Infectado Selvagem,108,1205250,61000020110,116669,16303,100366
6511411,Lambe-Infectado Selvagem,92,1205251,1000020094,45919,16303,29616
6511412,Estilhaçador Infectado Selvagem,84,1205252,1000020086,26919,16303,10616
6511413,Cão Carmesim Selvagem,100,1205253,61000020102,73519,16303,57216
6511501,Naruuv Thanat,108,1205254,61000020110,116669,16303,100366
6511502,Variante Naruuv Malpas,108,1205255,61000020110,116669,16303,100366
6511503,Naruuv Malpas,92,1205256,1000020094,45919,16303,29616
6511504,Lambedor Naruuv,92,1205257,1000020094,45919,16303,29616
6511505,Variante Naruuv Thanat,84,1205258,1000020086,26919,16303,10616
6511506,Variante de Larva Infernal Naruuv,84,1205259,1000020086,26919,16303,10616
6511507,Naruuv Cão Carmesim,100,1205260,61000020102,73519,16303,57216
6511508,Regenerador Carmesim Naruuv,100,1205261,61000020102,73519,16303,57216
6511509,Naruuv Arremessador Carmesim,100,1205262,61000020102,73519,16303,57216
6511510,Lagarto Infectado Selvagem,108,1205263,61000020110,116669,16303,100366
6511511,Lambe-Infectado Selvagem,92,1205264,1000020094,45919,16303,29616
6511512,Estilhaçador Infectado Selvagem,84,1205265,1000020086,26919,16303,10616
6511513,Cão Carmesim Selvagem,100,1205266,61000020102,73519,16303,57216
6511601,Bayav Thanat,108,1205267,61000020110,116669,16303,100366
6511602,Variante Bayav Malpas,108,1205268,61000020110,116669,16303,100366
6511603,Bayav Malpas,92,1205269,1000020094,45919,16303,29616
6511604,Bayav Licker,92,1205270,1000020094,45919,16303,29616
6511605,Variante Bayav Thanat,84,1205271,1000020086,26919,16303,10616
6511606,Variante de Larva Infernal Bayav,84,1205272,1000020086,26919,16303,10616
6511607,Cão Carmesim Bayav,100,1205273,61000020102,73519,16303,57216
6511608,Regenerador Carmesim Bayav,100,1205274,61000020102,73519,16303,57216
6511609,Arremessador Carmesim Bayav,100,1205275,61000020102,73519,16303,57216
6511610,Lagarto Infectado Selvagem,108,1205276,61000020110,116669,16303,100366
6511611,Lambe-Infectado Selvagem,92,1205277,1000020094,45919,16303,29616
6511612,Estilhaçador Infectado Selvagem,84,1205278,1000020086,26919,16303,10616
6511613,Cão Carmesim Selvagem,100,1205279,61000020102,73519,16303,57216
375301,Magni Infectado,104,1205280,61000020106,90169,16303,73866
375302,Regenerador Magni,104,1205281,61000020106,90169,16303,73866
375303,Magni Thanat,108,1205282,61000020110,116669,16303,100366
375304,Magni Malpas,108,1205283,61000020110,116669,16303,100366
375305,Sniper Magni Snatcher,112,1205284,61000020114,147169,16303,130866
375306,Assaltante Magni Snatcher,112,1205285,61000020114,147169,16303,130866
375307,Magni Guerreiro Nether,116,1205286,61000020118,181669,16303,165366
375308,Sentinela Nether Magni,116,1205287,61000020118,181669,16303,165366
375309,Aniquilador Nether Magni,116,1205288,61000020118,181669,16303,165366
375312,Larva Selvagem,104,1205289,61000020106,90169,16303,73866
375313,Lagarto Selvagem,108,1205290,61000020110,116669,16303,100366
375314,Pathfinder Desenfreado,112,1205291,61000020114,147169,16303,130866
375315,Fantasma Blindado Enfurecido,116,1205292,61000020118,181669,16303,165366
375316,Hnos Infectados,104,1205293,61000020106,90169,16303,73866
375317,Regenerador Hnos,104,1205294,61000020106,90169,16303,73866
375318,Hnos Thanat,108,1205295,61000020110,116669,16303,100366
375319,Hnos Malpas,108,1205296,61000020110,116669,16303,100366
375320,Hnos Snatcher Sniper,112,1205297,61000020114,147169,16303,130866
375321,Hnos Snatcher Raider,112,1205298,61000020114,147169,16303,130866
375322,Hnos Guerreiro Nether,116,1205299,61000020118,181669,16303,165366
375323,Hnos Sentinela Nether,116,1205300,61000020118,181669,16303,165366
375324,Hnos Aniquilador Nether,116,1205301,61000020118,181669,16303,165366
375327,Larva Selvagem,104,1205302,61000020106,90169,16303,73866
375328,Lagarto Selvagem,108,1205303,61000020110,116669,16303,100366
375329,Pathfinder Desenfreado,112,1205304,61000020114,147169,16303,130866
375330,Fantasma Blindado Enfurecido,116,1205305,61000020118,181669,16303,165366
375331,Veig Infectado,104,1205306,61000020106,90169,16303,73866
375332,Regenerador Veig,104,1205307,61000020106,90169,16303,73866
375333,Veig Thanat,108,1205308,61000020110,116669,16303,100366
375334,Veig Malpas,108,1205309,61000020110,116669,16303,100366
375335,Sniper Veig Snatcher,112,1205310,61000020114,147169,16303,130866
375336,Veig Saqueador Raider,112,1205311,61000020114,147169,16303,130866
375337,Veig Guerreiro Nether,116,1205312,61000020118,181669,16303,165366
375338,Veig Sentinela Nether,116,1205313,61000020118,181669,16303,165366
375339,Veig Aniquilador Nether,116,1205314,61000020118,181669,16303,165366
375342,Larva Selvagem,104,1205315,61000020106,90169,16303,73866
375343,Lagarto Selvagem,108,1205316,61000020110,116669,16303,100366
375344,Pathfinder Desenfreado,112,1205317,61000020114,147169,16303,130866
375345,Fantasma Blindado Enfurecido,116,1205318,61000020118,181669,16303,165366
375346,Basiir Infectado,104,1205319,61000020106,90169,16303,73866
375347,Regenerador Basiir,104,1205320,61000020106,90169,16303,73866
375348,Basiir Thanat,108,1205321,61000020110,116669,16303,100366
375349,Basiir Malpas,108,1205322,61000020110,116669,16303,100366
375350,Sniper Ladrão Basiir,112,1205323,61000020114,147169,16303,130866
375351,Invasor Saqueador Basiir,112,1205324,61000020114,147169,16303,130866
375352,Basiir Guerreiro Nether,116,1205325,61000020118,181669,16303,165366
375353,Basiir Sentinela Nether,116,1205326,61000020118,181669,16303,165366
375354,Basiir Aniquilador Nether,116,1205327,61000020118,181669,16303,165366
375357,Larva Selvagem,104,1205328,61000020106,90169,16303,73866
375358,Lagarto Selvagem,108,1205329,61000020110,116669,16303,100366
375359,Pathfinder Desenfreado,112,1205330,61000020114,147169,16303,130866
375360,Fantasma Blindado Enfurecido,116,1205331,61000020118,181669,16303,165366
375361,Vidar Infectado,104,1205332,61000020106,90169,16303,73866
375362,Regenerador Vidar,104,1205333,61000020106,90169,16303,73866
375363,Vidar Thanat,108,1205334,61000020110,116669,16303,100366
375364,Vidar Malpas,108,1205335,61000020110,116669,16303,100366
375365,Sniper Vidar Snatcher,112,1205336,61000020114,147169,16303,130866
375366,Assaltante Vidar Snatcher,112,1205337,61000020114,147169,16303,130866
375367,Vidar Guerreiro Nether,116,1205338,61000020118,181669,16303,165366
375368,Sentinela Nether Vidar,116,1205339,61000020118,181669,16303,165366
375369,Aniquilador Nether Vidar,116,1205340,61000020118,181669,16303,165366
375372,Larva Selvagem,104,1205341,61000020106,90169,16303,73866
375373,Lagarto Selvagem,108,1205342,61000020110,116669,16303,100366
375374,Pathfinder Desenfreado,112,1205343,61000020114,147169,16303,130866
375375,Fantasma Blindado Enfurecido,116,1205344,61000020118,181669,16303,165366
375376,Rimaud Infectado,104,1205345,61000020106,90169,16303,73866
375377,Regenerador Rimaud,104,1205346,61000020106,90169,16303,73866
375378,Rimaud Thanat,108,1205347,61000020110,116669,16303,100366
375379,Rimaud Malpas,108,1205348,61000020110,116669,16303,100366
375380,Sniper Rimaud Snatcher,112,1205349,61000020114,147169,16303,130866
375381,Rimaud Saqueador Raider,112,1205350,61000020114,147169,16303,130866
375382,Rimaud Guerreiro Nether,116,1205351,61000020118,181669,16303,165366
375383,Rimaud Sentinela Nether,116,1205352,61000020118,181669,16303,165366
375384,Aniquilador Nether Rimaud,116,1205353,61000020118,181669,16303,165366
375387,Larva Selvagem,104,1205354,61000020106,90169,16303,73866
375388,Lagarto Selvagem,108,1205355,61000020110,116669,16303,100366
375389,Pathfinder Desenfreado,112,1205356,61000020114,147169,16303,130866
375390,Fantasma Blindado Enfurecido,116,1205357,61000020118,181669,16303,165366
3435101,Gigas,86,1213000,3000020003,1345950,16303,1329647
3435102,Morposi,86,1213001,3000020003,1345950,16303,1329647
3435201,Gigas,90,1213002,3000020004,1710950,16303,1694647
3435202,Morposi,90,1213003,3000020004,1710950,16303,1694647
3435301,Gigas,94,1213004,3000020005,2115950,16303,2099647
3435302,Morposi,94,1213005,3000020005,2115950,16303,2099647
3435401,Gigas,98,1213006,3000020006,2560950,16303,2544647
3435402,Morposi,98,1213007,3000020006,2560950,16303,2544647
3435118,Cão Carmesim,86,1214000,3000020008,87486,16303,71183
3435119,Larva Infernal Carmesim,86,1214001,3000020008,87486,16303,71183
3435120,Arremessador Carmesim,86,1214002,3000020008,87486,16303,71183
3435218,Cão Carmesim,90,1214003,3000020009,111211,16303,94908
3435219,Larva Infernal Carmesim,90,1214004,3000020009,111211,16303,94908
3435220,Arremessador Carmesim,90,1214005,3000020009,111211,16303,94908
3435318,Cão Carmesim,94,1214006,3000020010,154888,16303,138585
3435319,Larva Infernal Carmesim,94,1214007,3000020010,154888,16303,138585
3435320,Arremessador Carmesim,94,1214008,3000020010,154888,16303,138585
3435418,Cão Carmesim,98,1214009,3000020011,204876,16303,188573
3435419,Larva Infernal Carmesim,98,1214010,3000020011,204876,16303,188573
3435420,Arremessador Carmesim,98,1214011,3000020011,204876,16303,188573
395101,,40,1300000,27000020002,477,16303,-15826
395102,,40,1300001,27000020002,477,16303,-15826
395103,,40,1300002,27000020002,477,16303,-15826
395104,,40,1300003,27000020002,477,16303,-15826
395105,,40,1300004,27000020002,477,16303,-15826
395106,,40,1300005,27000020002,477,16303,-15826
395107,,40,1300006,27000020002,477,16303,-15826
395108,,40,1300007,27000020002,477,16303,-15826
395109,,40,1300008,27000020002,477,16303,-15826
395201,,45,1300009,27000020003,1077,16303,-15226
395202,,45,1300010,27000020003,1077,16303,-15226
395203,,45,1300011,27000020003,1077,16303,-15226
395204,,45,1300012,27000020003,1077,16303,-15226
395205,,45,1300013,27000020003,1077,16303,-15226
395206,,45,1300014,27000020003,1077,16303,-15226
395207,,45,1300015,27000020003,1077,16303,-15226
395208,,45,1300016,27000020003,1077,16303,-15226
395209,,45,1300017,27000020003,1077,16303,-15226
395301,,50,1300018,27000020004,2337,16303,-13966
395302,,50,1300019,27000020004,2337,16303,-13966
395303,,50,1300020,27000020004,2337,16303,-13966
395304,,50,1300021,27000020004,2337,16303,-13966
395305,,50,1300022,27000020004,2337,16303,-13966
395306,,50,1300023,27000020004,2337,16303,-13966
395307,,50,1300024,27000020004,2337,16303,-13966
395308,,50,1300025,27000020004,2337,16303,-13966
395309,,50,1300026,27000020004,2337,16303,-13966
395401,,55,1300027,27000020005,3807,16303,-12496
395402,,55,1300028,27000020005,3807,16303,-12496
395403,,55,1300029,27000020005,3807,16303,-12496
395404,,55,1300030,27000020005,3807,16303,-12496
395405,,55,1300031,27000020005,3807,16303,-12496
395406,,55,1300032,27000020005,3807,16303,-12496
395407,,55,1300033,27000020005,3807,16303,-12496
395408,,55,1300034,27000020005,3807,16303,-12496
395409,,55,1300035,27000020005,3807,16303,-12496
395501,,60,1300036,27000020006,5307,16303,-10996
395502,,60,1300037,27000020006,5307,16303,-10996
395503,,60,1300038,27000020006,5307,16303,-10996
395504,,60,1300039,27000020006,5307,16303,-10996
395505,,60,1300040,27000020006,5307,16303,-10996
395506,,60,1300041,27000020006,5307,16303,-10996
395507,,60,1300042,27000020006,5307,16303,-10996
395508,,60,1300043,27000020006,5307,16303,-10996
395509,,60,1300044,27000020006,5307,16303,-10996
395601,,65,1300045,27000020007,10107,16303,-6196
395602,,65,1300046,27000020007,10107,16303,-6196
395603,,65,1300047,27000020007,10107,16303,-6196
395604,,65,1300048,27000020007,10107,16303,-6196
395605,,65,1300049,27000020007,10107,16303,-6196
395606,,65,1300050,27000020007,10107,16303,-6196
395607,,65,1300051,27000020007,10107,16303,-6196
395608,,65,1300052,27000020007,10107,16303,-6196
395609,,65,1300053,27000020007,10107,16303,-6196
395701,,70,1300054,27000020008,19707,16303,3404
395702,,70,1300055,27000020008,19707,16303,3404
395703,,70,1300056,27000020008,19707,16303,3404
395704,,70,1300057,27000020008,19707,16303,3404
395705,,70,1300058,27000020008,19707,16303,3404
395706,,70,1300059,27000020008,19707,16303,3404
395707,,70,1300060,27000020008,19707,16303,3404
395708,,70,1300061,27000020008,19707,16303,3404
395709,,70,1300062,27000020008,19707,16303,3404
395801,,75,1300063,27000020009,32607,16303,16304
395802,,75,1300064,27000020009,32607,16303,16304
395803,,75,1300065,27000020009,32607,16303,16304
395804,,75,1300066,27000020009,32607,16303,16304
395805,,75,1300067,27000020009,32607,16303,16304
395806,,75,1300068,27000020009,32607,16303,16304
395807,,75,1300069,27000020009,32607,16303,16304
395808,,75,1300070,27000020009,32607,16303,16304
395809,,75,1300071,27000020009,32607,16303,16304
395901,,80,1300072,27000020010,52407,16303,36104
395902,,80,1300073,27000020010,52407,16303,36104
395903,,80,1300074,27000020010,52407,16303,36104
395904,,80,1300075,27000020010,52407,16303,36104
395905,,80,1300076,27000020010,52407,16303,36104
395906,,80,1300077,27000020010,52407,16303,36104
395907,,80,1300078,27000020010,52407,16303,36104
395908,,80,1300079,27000020010,52407,16303,36104
395909,,80,1300080,27000020010,52407,16303,36104
3910101,Caçador de Presentes,40,1300081,27000020002,477,16303,-15826
3910102,Caçador Delinquente,40,1300082,27000020002,477,16303,-15826
3910103,Arremessador de Bola de Neve,40,1300083,27000020002,477,16303,-15826
3910104,Ladrão de Doces,40,1300084,27000020002,477,16303,-15826
3910105,Árvore Excessivamente Próspera,40,1300085,27000020002,477,16303,-15826
3910106,Caixa de Presente Fugitiva,40,1300086,27000020002,477,16303,-15826
3910107,Renas em Greve,40,1300087,27000020002,477,16303,-15826
3910108,Decoração de Árvore Brilhante,40,1300088,27000020002,477,16303,-15826
3910109,Boneco de Neve de Terror de Três Camadas,40,1300089,27000020002,477,16303,-15826
3910110,Decoração de Árvore Furiosa,40,1300090,27000020002,477,16303,-15826
3910111,Espectador Flem,40,1300091,27000020002,477,16303,-15826
3910112,Decoração de Árvore Furiosa,40,1300092,27000020002,477,16303,-15826
3910113,Boneco de Neve de Dois Níveis Furioso,40,1300093,27000020002,477,16303,-15826
3910114,Decoração de Árvore Ardente,40,1300094,27000020002,477,16303,-15826
3910115,Vítima Chuti,40,1300095,27000020002,477,16303,-15826
3910116,Rena Fugitiva,40,1300096,27000020002,477,16303,-15826
3910201,Caçador de Presentes,45,1300097,27000020003,1077,16303,-15226
3910202,Caçador Delinquente,45,1300098,27000020003,1077,16303,-15226
3910203,Arremessador de Bola de Neve,45,1300099,27000020003,1077,16303,-15226
3910204,Ladrão de Doces,45,1300100,27000020003,1077,16303,-15226
3910205,Árvore Excessivamente Próspera,45,1300101,27000020003,1077,16303,-15226
3910206,Caixa de Presente Fugitiva,45,1300102,27000020003,1077,16303,-15226
3910207,Renas em Greve,45,1300103,27000020003,1077,16303,-15226
3910208,Decoração de Árvore Brilhante,45,1300104,27000020003,1077,16303,-15226
3910209,Boneco de Neve de Terror de Três Camadas,45,1300105,27000020003,1077,16303,-15226
3910210,Decoração de Árvore Furiosa,45,1300106,27000020003,1077,16303,-15226
3910211,Espectador Flem,45,1300107,27000020003,1077,16303,-15226
3910212,Decoração de Árvore Furiosa,45,1300108,27000020003,1077,16303,-15226
3910213,Boneco de Neve de Dois Níveis Furioso,45,1300109,27000020003,1077,16303,-15226
3910214,Decoração de Árvore Ardente,45,1300110,27000020003,1077,16303,-15226
3910215,Vítima Chuti,45,1300111,27000020003,1077,16303,-15226
3910216,Rena Fugitiva,45,1300112,27000020003,1077,16303,-15226
3910301,Caçador de Presentes,50,1300113,27000020004,2337,16303,-13966
3910302,Caçador Delinquente,50,1300114,27000020004,2337,16303,-13966
3910303,Arremessador de Bola de Neve,50,1300115,27000020004,2337,16303,-13966
3910304,Ladrão de Doces,50,1300116,27000020004,2337,16303,-13966
3910305,Árvore Excessivamente Próspera,50,1300117,27000020004,2337,16303,-13966
3910306,Caixa de Presente Fugitiva,50,1300118,27000020004,2337,16303,-13966
3910307,Renas em Greve,50,1300119,27000020004,2337,16303,-13966
3910308,Decoração de Árvore Brilhante,50,1300120,27000020004,2337,16303,-13966
3910309,Boneco de Neve de Terror de Três Camadas,50,1300121,27000020004,2337,16303,-13966
3910310,Decoração de Árvore Furiosa,50,1300122,27000020004,2337,16303,-13966
3910311,Espectador Flem,50,1300123,27000020004,2337,16303,-13966
3910312,Decoração de Árvore Furiosa,50,1300124,27000020004,2337,16303,-13966
3910313,Boneco de Neve de Dois Níveis Furioso,50,1300125,27000020004,2337,16303,-13966
3910314,Decoração de Árvore Ardente,50,1300126,27000020004,2337,16303,-13966
3910315,Vítima Chuti,50,1300127,27000020004,2337,16303,-13966
3910316,Rena Fugitiva,50,1300128,27000020004,2337,16303,-13966
3910401,Caçador de Presentes,55,1300129,27000020005,3807,16303,-12496
3910402,Caçador Delinquente,55,1300130,27000020005,3807,16303,-12496
3910403,Arremessador de Bola de Neve,55,1300131,27000020005,3807,16303,-12496
3910404,Ladrão de Doces,55,1300132,27000020005,3807,16303,-12496
3910405,Árvore Excessivamente Próspera,55,1300133,27000020005,3807,16303,-12496
3910406,Caixa de Presente Fugitiva,55,1300134,27000020005,3807,16303,-12496
3910407,Renas em Greve,55,1300135,27000020005,3807,16303,-12496
3910408,Decoração de Árvore Brilhante,55,1300136,27000020005,3807,16303,-12496
3910409,Boneco de Neve de Terror de Três Camadas,55,1300137,27000020005,3807,16303,-12496
3910410,Decoração de Árvore Furiosa,55,1300138,27000020005,3807,16303,-12496
3910411,Espectador Flem,55,1300139,27000020005,3807,16303,-12496
3910412,Decoração de Árvore Furiosa,55,1300140,27000020005,3807,16303,-12496
3910413,Boneco de Neve de Dois Níveis Furioso,55,1300141,27000020005,3807,16303,-12496
3910414,Decoração de Árvore Ardente,55,1300142,27000020005,3807,16303,-12496
3910415,Vítima Chuti,55,1300143,27000020005,3807,16303,-12496
3910416,Rena Fugitiva,55,1300144,27000020005,3807,16303,-12496
3910501,Caçador de Presentes,60,1300145,27000020006,5307,16303,-10996
3910502,Caçador Delinquente,60,1300146,27000020006,5307,16303,-10996
3910503,Arremessador de Bola de Neve,60,1300147,27000020006,5307,16303,-10996
3910504,Ladrão de Doces,60,1300148,27000020006,5307,16303,-10996
3910505,Árvore Excessivamente Próspera,60,1300149,27000020006,5307,16303,-10996
3910506,Caixa de Presente Fugitiva,60,1300150,27000020006,5307,16303,-10996
3910507,Renas em Greve,60,1300151,27000020006,5307,16303,-10996
3910508,Decoração de Árvore Brilhante,60,1300152,27000020006,5307,16303,-10996
3910509,Boneco de Neve de Terror de Três Camadas,60,1300153,27000020006,5307,16303,-10996
3910510,Decoração de Árvore Furiosa,60,1300154,27000020006,5307,16303,-10996
3910511,Espectador Flem,60,1300155,27000020006,5307,16303,-10996
3910512,Decoração de Árvore Furiosa,60,1300156,27000020006,5307,16303,-10996
3910513,Boneco de Neve de Dois Níveis Furioso,60,1300157,27000020006,5307,16303,-10996
3910514,Decoração de Árvore Ardente,60,1300158,27000020006,5307,16303,-10996
3910515,Vítima Chuti,60,1300159,27000020006,5307,16303,-10996
3910516,Rena Fugitiva,60,1300160,27000020006,5307,16303,-10996
3910601,Caçador de Presentes,65,1300161,27000020007,10107,16303,-6196
3910602,Caçador Delinquente,65,1300162,27000020007,10107,16303,-6196
3910603,Arremessador de Bola de Neve,65,1300163,27000020007,10107,16303,-6196
3910604,Ladrão de Doces,65,1300164,27000020007,10107,16303,-6196
3910605,Árvore Excessivamente Próspera,65,1300165,27000020007,10107,16303,-6196
3910606,Caixa de Presente Fugitiva,65,1300166,27000020007,10107,16303,-6196
3910607,Renas em Greve,65,1300167,27000020007,10107,16303,-6196
3910608,Decoração de Árvore Brilhante,65,1300168,27000020007,10107,16303,-6196
3910609,Boneco de Neve de Terror de Três Camadas,65,1300169,27000020007,10107,16303,-6196
3910610,Decoração de Árvore Furiosa,65,1300170,27000020007,10107,16303,-6196
3910611,Espectador Flem,65,1300171,27000020007,10107,16303,-6196
3910612,Decoração de Árvore Furiosa,65,1300172,27000020007,10107,16303,-6196
3910613,Boneco de Neve de Dois Níveis Furioso,65,1300173,27000020007,10107,16303,-6196
3910614,Decoração de Árvore Ardente,65,1300174,27000020007,10107,16303,-6196
3910615,Vítima Chuti,65,1300175,27000020007,10107,16303,-6196
3910616,Rena Fugitiva,65,1300176,27000020007,10107,16303,-6196
3910701,Caçador de Presentes,70,1300177,27000020008,19707,16303,3404
3910702,Caçador Delinquente,70,1300178,27000020008,19707,16303,3404
3910703,Arremessador de Bola de Neve,70,1300179,27000020008,19707,16303,3404
3910704,Ladrão de Doces,70,1300180,27000020008,19707,16303,3404
3910705,Árvore Excessivamente Próspera,70,1300181,27000020008,19707,16303,3404
3910706,Caixa de Presente Fugitiva,70,1300182,27000020008,19707,16303,3404
3910707,Renas em Greve,70,1300183,27000020008,19707,16303,3404
3910708,Decoração de Árvore Brilhante,70,1300184,27000020008,19707,16303,3404
3910709,Boneco de Neve de Terror de Três Camadas,70,1300185,27000020008,19707,16303,3404
3910710,Decoração de Árvore Furiosa,70,1300186,27000020008,19707,16303,3404
3910711,Espectador Flem,70,1300187,27000020008,19707,16303,3404
3910712,Decoração de Árvore Furiosa,70,1300188,27000020008,19707,16303,3404
3910713,Boneco de Neve de Dois Níveis Furioso,70,1300189,27000020008,19707,16303,3404
3910714,Decoração de Árvore Ardente,70,1300190,27000020008,19707,16303,3404
3910715,Vítima Chuti,70,1300191,27000020008,19707,16303,3404
3910716,Rena Fugitiva,70,1300192,27000020008,19707,16303,3404
3910801,Caçador de Presentes,75,1300193,27000020009,32607,16303,16304
3910802,Caçador Delinquente,75,1300194,27000020009,32607,16303,16304
3910803,Arremessador de Bola de Neve,75,1300195,27000020009,32607,16303,16304
3910804,Ladrão de Doces,75,1300196,27000020009,32607,16303,16304
3910805,Árvore Excessivamente Próspera,75,1300197,27000020009,32607,16303,16304
3910806,Caixa de Presente Fugitiva,75,1300198,27000020009,32607,16303,16304
3910807,Renas em Greve,75,1300199,27000020009,32607,16303,16304
3910808,Decoração de Árvore Brilhante,75,1300200,27000020009,32607,16303,16304
3910809,Boneco de Neve de Terror de Três Camadas,75,1300201,27000020009,32607,16303,16304
3910810,Decoração de Árvore Furiosa,75,1300202,27000020009,32607,16303,16304
3910811,Espectador Flem,75,1300203,27000020009,32607,16303,16304
3910812,Decoração de Árvore Furiosa,75,1300204,27000020009,32607,16303,16304
3910813,Boneco de Neve de Dois Níveis Furioso,75,1300205,27000020009,32607,16303,16304
3910814,Decoração de Árvore Ardente,75,1300206,27000020009,32607,16303,16304
3910815,Vítima Chuti,75,1300207,27000020009,32607,16303,16304
3910816,Rena Fugitiva,75,1300208,27000020009,32607,16303,16304
3910901,Caçador de Presentes,80,1300209,27000020010,52407,16303,36104
3910902,Caçador Delinquente,80,1300210,27000020010,52407,16303,36104
3910903,Arremessador de Bola de Neve,80,1300211,27000020010,52407,16303,36104
3910904,Ladrão de Doces,80,1300212,27000020010,52407,16303,36104
3910905,Árvore Excessivamente Próspera,80,1300213,27000020010,52407,16303,36104
3910906,Caixa de Presente Fugitiva,80,1300214,27000020010,52407,16303,36104
3910907,Renas em Greve,80,1300215,27000020010,52407,16303,36104
3910908,Decoração de Árvore Brilhante,80,1300216,27000020010,52407,16303,36104
3910909,Boneco de Neve de Terror de Três Camadas,80,1300217,27000020010,52407,16303,36104
3910910,Decoração de Árvore Furiosa,80,1300218,27000020010,52407,16303,36104
3910911,Espectador Flem,80,1300219,27000020010,52407,16303,36104
3910912,Decoração de Árvore Furiosa,80,1300220,27000020010,52407,16303,36104
3910913,Boneco de Neve de Dois Níveis Furioso,80,1300221,27000020010,52407,16303,36104
3910914,Decoração de Árvore Ardente,80,1300222,27000020010,52407,16303,36104
3910915,Vítima Chuti,80,1300223,27000020010,52407,16303,36104
3910916,Rena Fugitiva,80,1300224,27000020010,52407,16303,36104
3911001,Caçador de Presentes,85,1300225,27000020011,75657,16303,59354
3911002,Caçador Delinquente,85,1300226,27000020011,75657,16303,59354
3911003,Arremessador de Bola de Neve,85,1300227,27000020011,75657,16303,59354
3911004,Ladrão de Doces,85,1300228,27000020011,75657,16303,59354
3911005,Árvore Excessivamente Próspera,85,1300229,27000020011,75657,16303,59354
3911006,Caixa de Presente Fugitiva,85,1300230,27000020011,75657,16303,59354
3911007,Renas em Greve,85,1300231,27000020011,75657,16303,59354
3911008,Decoração de Árvore Brilhante,85,1300232,27000020011,75657,16303,59354
3911009,Boneco de Neve de Terror de Três Camadas,85,1300233,27000020011,75657,16303,59354
3911010,Decoração de Árvore Furiosa,85,1300234,27000020011,75657,16303,59354
3911011,Espectador Flem,85,1300235,27000020011,75657,16303,59354
3911012,Decoração de Árvore Furiosa,85,1300236,27000020011,75657,16303,59354
3911013,Boneco de Neve de Dois Níveis Furioso,85,1300237,27000020011,75657,16303,59354
3911014,Decoração de Árvore Ardente,85,1300238,27000020011,75657,16303,59354
3911015,Vítima Chuti,85,1300239,27000020011,75657,16303,59354
3911016,Rena Fugitiva,85,1300240,27000020011,75657,16303,59354
3911101,Caçador de Presentes,90,1300241,27000020012,102657,16303,86354
3911102,Caçador Delinquente,90,1300242,27000020012,102657,16303,86354
3911103,Arremessador de Bola de Neve,90,1300243,27000020012,102657,16303,86354
3911104,Ladrão de Doces,90,1300244,27000020012,102657,16303,86354
3911105,Árvore Excessivamente Próspera,90,1300245,27000020012,102657,16303,86354
3911106,Caixa de Presente Fugitiva,90,1300246,27000020012,102657,16303,86354
3911107,Renas em Greve,90,1300247,27000020012,102657,16303,86354
3911108,Decoração de Árvore Brilhante,90,1300248,27000020012,102657,16303,86354
3911109,Boneco de Neve de Terror de Três Camadas,90,1300249,27000020012,102657,16303,86354
3911110,Decoração de Árvore Furiosa,90,1300250,27000020012,102657,16303,86354
3911111,Espectador Flem,90,1300251,27000020012,102657,16303,86354
3911112,Decoração de Árvore Furiosa,90,1300252,27000020012,102657,16303,86354
3911113,Boneco de Neve de Dois Níveis Furioso,90,1300253,27000020012,102657,16303,86354
3911114,Decoração de Árvore Ardente,90,1300254,27000020012,102657,16303,86354
3911115,Vítima Chuti,90,1300255,27000020012,102657,16303,86354
3911116,Rena Fugitiva,90,1300256,27000020012,102657,16303,86354
3940101,Fantasma de Artilharia Roxa,45,1300257,58000020004,2907,16303,-13396
3940102,Fantasma Roxo,45,1300258,58000020004,2907,16303,-13396
3940103,Fantasma Armadurado Roxo,45,1300259,58000020004,2907,16303,-13396
3940104,Nezad Perfumado com Aroma de Flor de Cerejeira,45,1300260,58000020004,2907,16303,-13396
3940105,Sniper Nostálgico Karon,45,1300261,58000020004,2907,16303,-13396
3940106,Assassino Nostálgico Karon,45,1300262,58000020004,2907,16303,-13396
3940107,Choque Nostálgico de Karon,45,1300263,58000020004,2907,16303,-13396
3940108,Executor Nostálgico Karon,45,1300264,58000020004,2907,16303,-13396
3940109,Tático Nostálgico Karon,45,1300265,58000020004,2907,16303,-13396
3940110,Muda Arruinada,45,1300266,58000020004,2907,16303,-13396
3940111,Meevlan com Aroma de Flor de Cerejeira,45,1300267,58000020004,2907,16303,-13396
3940112,Malpas Roxo,45,1300268,58000020004,2907,16303,-13396
3940201,Fantasma de Artilharia Roxa,55,1300269,58000020006,6507,16303,-9796
3940202,Fantasma Roxo,55,1300270,58000020006,6507,16303,-9796
3940203,Fantasma Armadurado Roxo,55,1300271,58000020006,6507,16303,-9796
3940204,Nezad Perfumado com Aroma de Flor de Cerejeira,55,1300272,58000020006,6507,16303,-9796
3940205,Sniper Karon Nostálgico,55,1300273,58000020006,6507,16303,-9796
3940206,Assassino Karon Nostálgico,55,1300274,58000020006,6507,16303,-9796
3940207,Karon Nostálgico Shocktrooper,55,1300275,58000020006,6507,16303,-9796
3940208,Executor Nostálgico Karon,55,1300276,58000020006,6507,16303,-9796
3940209,Tático Nostálgico Karon,55,1300277,58000020006,6507,16303,-9796
3940210,Muda Arruinada,55,1300278,58000020006,6507,16303,-9796
3940211,Meevlan Perfumado com Aroma de Flor de Cerejeira,55,1300279,58000020006,6507,16303,-9796
3940212,Malpas Roxo,55,1300280,58000020006,6507,16303,-9796
3940301,Fantasma de Artilharia Roxa,65,1300281,58000020008,24207,16303,7904
3940302,Fantasma Roxo,65,1300282,58000020008,24207,16303,7904
3940303,Fantasma Armadurado Roxo,65,1300283,58000020008,24207,16303,7904
3940304,Nezad Perfumado com Aroma de Flor de Cerejeira,65,1300284,58000020008,24207,16303,7904
3940305,Sniper Karon Nostálgico,65,1300285,58000020008,24207,16303,7904
3940306,Assassino Karon Nostálgico,65,1300286,58000020008,24207,16303,7904
3940307,Karon Nostálgico Shocktrooper,65,1300287,58000020008,24207,16303,7904
3940308,Executor Nostálgico Karon,65,1300288,58000020008,24207,16303,7904
3940309,Tático Nostálgico Karon,65,1300289,58000020008,24207,16303,7904
3940310,Muda Arruinada,65,1300290,58000020008,24207,16303,7904
3940311,Meevlan Perfumado com Aroma de Flor de Cerejeira,65,1300291,58000020008,24207,16303,7904
3940312,Malpas Roxo,65,1300292,58000020008,24207,16303,7904
3940401,Fantasma de Artilharia Roxa,75,1300293,58000020010,61257,16303,44954
3940402,Fantasma Roxo,75,1300294,58000020010,61257,16303,44954
3940403,Fantasma Armadurado Roxo,75,1300295,58000020010,61257,16303,44954
3940404,Nezad Perfumado com Aroma de Flor de Cerejeira,75,1300296,58000020010,61257,16303,44954
3940405,Sniper Nostálgico Karon,75,1300297,58000020010,61257,16303,44954
3940406,Assassino Karon Nostálgico,75,1300298,58000020010,61257,16303,44954
3940407,Soldado de Choque Karon Nostálgico,75,1300299,58000020010,61257,16303,44954
3940408,Executor Nostálgico Karon,75,1300300,58000020010,61257,16303,44954
3940409,Tático Nostálgico Karon,75,1300301,58000020010,61257,16303,44954
3940410,Muda Arruinada,75,1300302,58000020010,61257,16303,44954
3940411,Meevlan com Aroma de Flor de Cerejeira,75,1300303,58000020010,61257,16303,44954
3940412,Malpas Roxo,75,1300304,58000020010,61257,16303,44954
3940501,Fantasma de Artilharia Roxa,85,1300305,58000020012,120507,16303,104204
3940502,Fantasma Roxo,85,1300306,58000020012,120507,16303,104204
3940503,Fantasma Armadurado Roxo,85,1300307,58000020012,120507,16303,104204
3940504,Nezad Perfumado com Aroma de Flor de Cerejeira,85,1300308,58000020012,120507,16303,104204
3940505,Sniper Karon Nostálgico,85,1300309,58000020012,120507,16303,104204
3940506,Assassino Karon Nostálgico,85,1300310,58000020012,120507,16303,104204
3940507,Choque Nostálgico de Karon,85,1300311,58000020012,120507,16303,104204
3940508,Executor Nostálgico Karon,85,1300312,58000020012,120507,16303,104204
3940509,Tático Nostálgico Karon,85,1300313,58000020012,120507,16303,104204
3940510,Muda Arruinada,85,1300314,58000020012,120507,16303,104204
3940511,Meevlan Perfumado com Aroma de Flor de Cerejeira,85,1300315,58000020012,120507,16303,104204
3940512,Malpas Roxo,85,1300316,58000020012,120507,16303,104204
3940601,Fantasma de Artilharia Roxa,90,1300317,58000020013,159807,16303,143504
3940602,Fantasma Roxo,90,1300318,58000020013,159807,16303,143504
3940603,Fantasma Armadurado Roxo,90,1300319,58000020013,159807,16303,143504
3940604,Nezad Perfumado com Aroma de Flor de Cerejeira,90,1300320,58000020013,159807,16303,143504
3940605,Sniper Karon Nostálgico,90,1300321,58000020013,159807,16303,143504
3940606,Assassino Karon Nostálgico,90,1300322,58000020013,159807,16303,143504
3940607,Karon Nostálgico Shocktrooper,90,1300323,58000020013,159807,16303,143504
3940608,Executor Nostálgico Karon,90,1300324,58000020013,159807,16303,143504
3940609,Tático Nostálgico Karon,90,1300325,58000020013,159807,16303,143504
3940610,Muda Arruinada,90,1300326,58000020013,159807,16303,143504
3940611,Meevlan Perfumado com Aroma de Flor de Cerejeira,90,1300327,58000020013,159807,16303,143504
3940612,Malpas Roxo,90,1300328,58000020013,159807,16303,143504
3920101,Erodido Temizl,35,1300329,58000020101,941,16303,-15362
3920102,Estilhaçador Erodido,35,1300330,58000020101,941,16303,-15362
3920103,Gafftail Erodido,35,1300331,58000020101,941,16303,-15362
3920104,Larva Óptica Erodida,35,1300332,58000020101,941,16303,-15362
3920201,Erodido Temizl,45,1300333,58000020102,4361,16303,-11942
3920202,Estilhaçador Erodido,45,1300334,58000020102,4361,16303,-11942
3920203,Gafftail Erodido,45,1300335,58000020102,4361,16303,-11942
3920204,Larva Óptica Erodida,45,1300336,58000020102,4361,16303,-11942
3920301,Erodido Temizl,55,1300337,58000020103,10411,16303,-5892
3920302,Estilhaçador Erodido,55,1300338,58000020103,10411,16303,-5892
3920303,Gafftail Erodido,55,1300339,58000020103,10411,16303,-5892
3920304,Larva Óptica Erodida,55,1300340,58000020103,10411,16303,-5892
3920401,Erodido Temizl,65,1300341,58000020104,41152,16303,24849
3920402,Estilhaçador Erodido,65,1300342,58000020104,41152,16303,24849
3920403,Gafftail Erodido,65,1300343,58000020104,41152,16303,24849
3920404,Larva Óptica Erodida,65,1300344,58000020104,41152,16303,24849
3920501,Erodido Temizl,75,1300345,58000020105,110263,16303,93960
3920502,Estilhaçador Erodido,75,1300346,58000020105,110263,16303,93960
3920503,Gafftail Erodido,75,1300347,58000020105,110263,16303,93960
3920504,Larva Óptica Erodida,75,1300348,58000020105,110263,16303,93960
3920601,Erodido Temizl,85,1300349,58000020106,228963,16303,212660
3920602,Estilhaçador Erodido,85,1300350,58000020106,228963,16303,212660
3920603,Gafftail Erodido,85,1300351,58000020106,228963,16303,212660
3920604,Larva Óptica Erodida,85,1300352,58000020106,228963,16303,212660
3920701,Erodido Temizl,90,1300353,58000020107,319614,16303,303311
3920702,Estilhaçador Erodido,90,1300354,58000020107,319614,16303,303311
3920703,Gafftail Erodido,90,1300355,58000020107,319614,16303,303311
3920704,Larva Óptica Erodida,90,1300356,58000020107,319614,16303,303311
3930101,Caçador de Tesouros,35,1300359,58000020002,627,16303,-15676
3930102,Fora da Lei do Litoral,35,1300360,58000020002,627,16303,-15676
3930103,Sucateador de Navios,35,1300361,58000020002,627,16303,-15676
3930104,Novs de Água-viva,35,1300362,58000020002,627,16303,-15676
3930105,Pinça Verde,35,1300363,58000020002,627,16303,-15676
3930106,Lagarto das Profundezas do Mar,35,1300364,58000020002,627,16303,-15676
3930107,Parasol Bork,35,1300365,58000020002,627,16303,-15676
3930108,Octolator,35,1300366,58000020002,627,16303,-15676
3930109,Mula Armada Waterplay,35,1300367,58000020002,627,16303,-15676
3930201,Caçador de Tesouros,45,1300368,58000020004,2907,16303,-13396
3930202,Fora da Lei do Litoral,45,1300369,58000020004,2907,16303,-13396
3930203,Sucateador de Navios,45,1300370,58000020004,2907,16303,-13396
3930204,Novs de Água-viva,45,1300371,58000020004,2907,16303,-13396
3930205,Pinça Verde,45,1300372,58000020004,2907,16303,-13396
3930206,Lagarto das Profundezas do Mar,45,1300373,58000020004,2907,16303,-13396
3930207,Parasol Bork,45,1300374,58000020004,2907,16303,-13396
3930208,Octolator,45,1300375,58000020004,2907,16303,-13396
3930209,Mula Armada Waterplay,45,1300376,58000020004,2907,16303,-13396
3930301,Caçador de Tesouros,55,1300377,58000020006,6507,16303,-9796
3930302,Fora da Lei do Litoral,55,1300378,58000020006,6507,16303,-9796
3930303,Sucateador de Navios,55,1300379,58000020006,6507,16303,-9796
3930304,Novs de Água-viva,55,1300380,58000020006,6507,16303,-9796
3930305,Pinça Verde,55,1300381,58000020006,6507,16303,-9796
3930306,Lagarto das Profundezas do Mar,55,1300382,58000020006,6507,16303,-9796
3930307,Parasol Bork,55,1300383,58000020006,6507,16303,-9796
3930308,Octolator,55,1300384,58000020006,6507,16303,-9796
3930309,Mula Armada Waterplay,55,1300385,58000020006,6507,16303,-9796
3930401,Caçador de Tesouros,65,1300386,58000020008,24207,16303,7904
3930402,Fora da Lei do Litoral,65,1300387,58000020008,24207,16303,7904
3930403,Sucateador de Navios,65,1300388,58000020008,24207,16303,7904
3930404,Novs de Água-viva,65,1300389,58000020008,24207,16303,7904
3930405,Pinça Verde,65,1300390,58000020008,24207,16303,7904
3930406,Lagarto das Profundezas do Mar,65,1300391,58000020008,24207,16303,7904
3930407,Parasol Bork,65,1300392,58000020008,24207,16303,7904
3930408,Octolator,65,1300393,58000020008,24207,16303,7904
3930409,Mula Armada Waterplay,65,1300394,58000020008,24207,16303,7904
3930501,Caçador de Tesouros,75,1300395,58000020010,61257,16303,44954
3930502,Fora da Lei do Litoral,75,1300396,58000020010,61257,16303,44954
3930503,Sucateador de Navios,75,1300397,58000020010,61257,16303,44954
3930504,Novs de Água-viva,75,1300398,58000020010,61257,16303,44954
3930505,Pinça Verde,75,1300399,58000020010,61257,16303,44954
3930506,Lagarto das Profundezas do Mar,75,1300400,58000020010,61257,16303,44954
3930507,Parasol Bork,75,1300401,58000020010,61257,16303,44954
3930508,Octolator,75,1300402,58000020010,61257,16303,44954
3930509,Mula Armada Waterplay,75,1300403,58000020010,61257,16303,44954
3930601,Caçador de Tesouros,85,1300404,58000020012,120507,16303,104204
3930602,Fora da Lei do Litoral,85,1300405,58000020012,120507,16303,104204
3930603,Sucateador de Navios,85,1300406,58000020012,120507,16303,104204
3930604,Novs de Água-viva,85,1300407,58000020012,120507,16303,104204
3930605,Pinça Verde,85,1300408,58000020012,120507,16303,104204
3930606,Lagarto das Profundezas do Mar,85,1300409,58000020012,120507,16303,104204
3930607,Parasol Bork,85,1300410,58000020012,120507,16303,104204
3930608,Octolator,85,1300411,58000020012,120507,16303,104204
3930609,Mula Armada Waterplay,85,1300412,58000020012,120507,16303,104204
3930701,Caçador de Tesouros,90,1300413,58000020013,159807,16303,143504
3930702,Fora da Lei do Litoral,90,1300414,58000020013,159807,16303,143504
3930703,Sucateador de Navios,90,1300415,58000020013,159807,16303,143504
3930704,Novs de Água-viva,90,1300416,58000020013,159807,16303,143504
3930705,Pinça Verde,90,1300417,58000020013,159807,16303,143504
3930706,Lagarto das Profundezas do Mar,90,1300418,58000020013,159807,16303,143504
3930707,Parasol Bork,90,1300419,58000020013,159807,16303,143504
3930708,Octolator,90,1300420,58000020013,159807,16303,143504
3930709,Mula Armada Waterplay,90,1300421,58000020013,159807,16303,143504
3930801,Caçador de Tesouros,95,1300422,58000020014,220557,16303,204254
3930802,Fora da Lei do Litoral,95,1300423,58000020014,220557,16303,204254
3930803,Sucateador de Navios,95,1300424,58000020014,220557,16303,204254
3930804,Novs de Água-viva,95,1300425,58000020014,220557,16303,204254
3930805,Pinça Verde,95,1300426,58000020014,220557,16303,204254
3930806,Lagarto das Profundezas do Mar,95,1300427,58000020014,220557,16303,204254
3930807,Parasol Bork,95,1300428,58000020014,220557,16303,204254
3930808,Octolator,95,1300429,58000020014,220557,16303,204254
3930809,Mula Armada Waterplay,95,1300430,58000020014,220557,16303,204254
